prom_category_id;prom_category_name;Приналежність*:6;Група*:13;Вид*:21;royalty_percent;price_from;price_to;threshold;coef_uncategorized;coef_no_base;coef_viatec;coef_secur;coef_lp;coef
;;;;;;;;;1.4;1.2;;;;
513;Комплектующие для освещения и электрики > Электрические удлинители;дім;техніка;подовжувач;15;0;18000;1.33;;;0.9;0.9;1;
513;Комплектующие для освещения и электрики > Электрические удлинители;дім;техніка;подовжувач;10;18000;9999999999999.99;1.25;;;0.9;0.9;1;
518;Аудиотехника и аксессуары > Акустические системы;акустика і навушники;акустичні системи;акустична система;15;0;5000;1.33;;;0.9;0.9;1;
518;Аудиотехника и аксессуары > Акустические системы;акустика і навушники;акустичні системи;акустична система;12;5000;12000;1.28;;;0.9;0.9;1;
518;Аудиотехника и аксессуары > Акустические системы;акустика і навушники;акустичні системи;акустична система;10;12000;9999999999999.99;1.25;;;0.9;0.9;1;
602;Крупная бытовая техника для кухни > Холодильники;побутова техніка;велика побутова техніка;холодильник;7;0;25000;1.21;;;0.9;0.9;1;
602;Крупная бытовая техника для кухни > Холодильники;побутова техніка;велика побутова техніка;холодильник;4;25000;9999999999999.99;1.17;;;0.9;0.9;1;
608;Бытовая техника для дома > Пылесосы;побутова техніка;дрібна побутова техніка;пилосос;15;0;18000;1.33;;;0.9;0.9;1;
608;Бытовая техника для дома > Пылесосы;побутова техніка;дрібна побутова техніка;пилосос;10;18000;9999999999999.99;1.25;;;0.9;0.9;1;
623;Аксессуары для телевизоров и проекторов > ДУ пульты;дім;техніка;пульт дистанційного керування;15;0;18000;1.33;;;0.9;0.9;1;
623;Аксессуары для телевизоров и проекторов > ДУ пульты;дім;техніка;пульт дистанційного керування;10;18000;9999999999999.99;1.25;;;0.9;0.9;1;
625;Климатическая техника > Увлажнители и очистители воздуха;побутова техніка;кліматична техніка;зволожувач повітря;12;0;8000;1.28;;;0.9;0.9;1;
625;Климатическая техника > Увлажнители и очистители воздуха;побутова техніка;кліматична техніка;зволожувач повітря;10;8000;9999999999999.99;1.25;;;0.9;0.9;1;
706;Компьютерная техника и ПО > Мониторы;ноутбуки, комп'ютери і планшети;монітори;монітор;10;0;20000;1.25;;;0.9;0.9;1;
706;Компьютерная техника и ПО > Мониторы;ноутбуки, комп'ютери і планшети;монітори;монітор;7;20000;50000;1.21;;;0.9;0.9;1;
706;Компьютерная техника и ПО > Мониторы;ноутбуки, комп'ютери і планшети;монітори;монітор;5;50000;9999999999999.99;1.18;;;0.9;0.9;1;
1336;Аксессуары и фурнитура для окон и дверей > Дверные звонки;дім;безпечний дім;дзвінок;15;0;10000;1.33;;;0.9;0.9;1;
1336;Аксессуары и фурнитура для окон и дверей > Дверные звонки;дім;безпечний дім;дзвінок;12;10000;30000;1.28;;;0.9;0.9;1;
1336;Аксессуары и фурнитура для окон и дверей > Дверные звонки;дім;безпечний дім;дзвінок;10;30000;9999999999999.99;1.25;;;0.9;0.9;1;
1354;Леса и другие конструкции для ремонтно-строительных работ > Комплектующие для лестниц и строительных лесов;дім;ремонт і будівельні матеріали;сходи;18;0;4000;1.38;;;0.9;0.9;1;
1354;Леса и другие конструкции для ремонтно-строительных работ > Комплектующие для лестниц и строительных лесов;дім;ремонт і будівельні матеріали;сходи;15;4000;7000;1.33;;;0.9;0.9;1;
1354;Леса и другие конструкции для ремонтно-строительных работ > Комплектующие для лестниц и строительных лесов;дім;ремонт і будівельні матеріали;сходи;12;7000;10000;1.28;;;0.9;0.9;1;
1354;Леса и другие конструкции для ремонтно-строительных работ > Комплектующие для лестниц и строительных лесов;дім;ремонт і будівельні матеріали;сходи;10;10000;20000;1.25;;;0.9;0.9;1;
1354;Леса и другие конструкции для ремонтно-строительных работ > Комплектующие для лестниц и строительных лесов;дім;ремонт і будівельні матеріали;сходи;7;20000;100000;1.21;;;0.9;0.9;1;
1354;Леса и другие конструкции для ремонтно-строительных работ > Комплектующие для лестниц и строительных лесов;дім;ремонт і будівельні матеріали;сходи;3;100000;9999999999999.99;1.16;;;0.9;0.9;1;
1507;Аудиотехника и аксессуары > Батарейки;дім;техніка;батарейки;15;0;18000;1.33;;;0.9;0.9;1;
1507;Аудиотехника и аксессуары > Батарейки;дім;техніка;батарейки;10;18000;9999999999999.99;1.25;;;0.9;0.9;1;
1902;Видеотехника > Видеокамеры, экшн-камеры;телевізори, фото і відео техніка;фото і відео техніка;екшн камера;12;0;2000;1.28;;;0.9;0.9;1;
1902;Видеотехника > Видеокамеры, экшн-камеры;телевізори, фото і відео техніка;фото і відео техніка;екшн камера;10;2000;4000;1.25;;;0.9;0.9;1;
1902;Видеотехника > Видеокамеры, экшн-камеры;телевізори, фото і відео техніка;фото і відео техніка;екшн камера;7;4000;9999999999999.99;1.21;;;0.9;0.9;1;
2657;Фото-, видеокамеры и аксессуары > Квадрокоптеры;спорт і активний відпочинок;радіокеровані пристрої;дрон;18;0;10000;1.38;;;0.9;0.9;1;
2657;Фото-, видеокамеры и аксессуары > Квадрокоптеры;спорт і активний відпочинок;радіокеровані пристрої;дрон;12;10000;50000;1.28;;;0.9;0.9;1;
2657;Фото-, видеокамеры и аксессуары > Квадрокоптеры;спорт і активний відпочинок;радіокеровані пристрої;дрон;7;50000;70000;1.21;;;0.9;0.9;1;
2657;Фото-, видеокамеры и аксессуары > Квадрокоптеры;спорт і активний відпочинок;радіокеровані пристрої;дрон;5;70000;100000;1.18;;;0.9;0.9;1;
2657;Фото-, видеокамеры и аксессуары > Квадрокоптеры;спорт і активний відпочинок;радіокеровані пристрої;дрон;3;100000;9999999999999.99;1.16;;;0.9;0.9;1;
2703;Товары для ухода за домашними животными > Средства для гигиены животных;зоотовари;утримання тварин;грумінг-сушарка для тварин;15;0;5000;1.33;;;0.9;0.9;1;
2703;Товары для ухода за домашними животными > Средства для гигиены животных;зоотовари;утримання тварин;грумінг-сушарка для тварин;12;5000;10000;1.28;;;0.9;0.9;1;
2703;Товары для ухода за домашними животными > Средства для гигиены животных;зоотовари;утримання тварин;грумінг-сушарка для тварин;10;10000;20000;1.25;;;0.9;0.9;1;
2703;Товары для ухода за домашними животными > Средства для гигиены животных;зоотовари;утримання тварин;грумінг-сушарка для тварин;7;20000;9999999999999.99;1.21;;;0.9;0.9;1;
3029;Система умный дом > Домофоны;дім;безпечний дім;домофон;15;0;10000;1.33;;;0.9;0.9;1;
3029;Система умный дом > Домофоны;дім;безпечний дім;домофон;12;10000;30000;1.28;;;0.9;0.9;1;
3029;Система умный дом > Домофоны;дім;безпечний дім;домофон;10;30000;9999999999999.99;1.25;;;0.9;0.9;1;
3030;Средства и системы СКУД > Системы СКУД;дім;товари для бізнесу;контролери та зчитувачі;18;0;5000;1.38;;;0.9;0.9;1;
3030;Средства и системы СКУД > Системы СКУД;дім;товари для бізнесу;контролери та зчитувачі;12;5000;10000;1.28;;;0.9;0.9;1;
3030;Средства и системы СКУД > Системы СКУД;дім;товари для бізнесу;контролери та зчитувачі;10;10000;20000;1.25;;;0.9;0.9;1;
3030;Средства и системы СКУД > Системы СКУД;дім;товари для бізнесу;контролери та зчитувачі;7;20000;9999999999999.99;1.21;;;0.9;0.9;1;
30813;Спецодежда и обувь > Защитная спецодежда;дім;інструменти;маски та респіратори;18;0;4000;1.38;;;0.9;0.9;1;
30813;Спецодежда и обувь > Защитная спецодежда;дім;інструменти;маски та респіратори;15;4000;7000;1.33;;;0.9;0.9;1;
30813;Спецодежда и обувь > Защитная спецодежда;дім;інструменти;маски та респіратори;12;7000;10000;1.28;;;0.9;0.9;1;
30813;Спецодежда и обувь > Защитная спецодежда;дім;інструменти;маски та респіратори;10;10000;20000;1.25;;;0.9;0.9;1;
30813;Спецодежда и обувь > Защитная спецодежда;дім;інструменти;маски та респіратори;7;20000;100000;1.21;;;0.9;0.9;1;
30813;Спецодежда и обувь > Защитная спецодежда;дім;інструменти;маски та респіратори;3;100000;9999999999999.99;1.16;;;0.9;0.9;1;
33915;Аксессуары > Дождевики;воєнторг;тактичне спорядження;тактичний дощовик;9;0;2000;1.24;;;0.9;0.9;1;
33915;Аксессуары > Дождевики;воєнторг;тактичне спорядження;тактичний дощовик;8;2000;15000;1.22;;;0.9;0.9;1;
33915;Аксессуары > Дождевики;воєнторг;тактичне спорядження;тактичний дощовик;7;15000;50000;1.21;;;0.9;0.9;1;
33915;Аксессуары > Дождевики;воєнторг;тактичне спорядження;тактичний дощовик;5;50000;100000;1.18;;;0.9;0.9;1;
33915;Аксессуары > Дождевики;воєнторг;тактичне спорядження;тактичний дощовик;3;100000;9999999999999.99;1.16;;;0.9;0.9;1;
50505;Радиоизмерительные приборы > Металлоискатели, металлодетекторы;дім;інструменти;металошукач;18;0;4000;1.38;;;0.9;0.9;1;
50505;Радиоизмерительные приборы > Металлоискатели, металлодетекторы;дім;інструменти;металошукач;15;4000;7000;1.33;;;0.9;0.9;1;
50505;Радиоизмерительные приборы > Металлоискатели, металлодетекторы;дім;інструменти;металошукач;12;7000;10000;1.28;;;0.9;0.9;1;
50505;Радиоизмерительные приборы > Металлоискатели, металлодетекторы;дім;інструменти;металошукач;10;10000;20000;1.25;;;0.9;0.9;1;
50505;Радиоизмерительные приборы > Металлоискатели, металлодетекторы;дім;інструменти;металошукач;7;20000;100000;1.21;;;0.9;0.9;1;
50505;Радиоизмерительные приборы > Металлоискатели, металлодетекторы;дім;інструменти;металошукач;3;100000;9999999999999.99;1.16;;;0.9;0.9;1;
50904;Оборудование для электроснабжения > Щитовое оборудование;дім;інструменти;аксесуари для щитів і нво;18;0;4000;1.38;;;0.9;0.9;1;
50904;Оборудование для электроснабжения > Щитовое оборудование;дім;інструменти;аксесуари для щитів і нво;15;4000;7000;1.33;;;0.9;0.9;1;
50904;Оборудование для электроснабжения > Щитовое оборудование;дім;інструменти;аксесуари для щитів і нво;12;7000;10000;1.28;;;0.9;0.9;1;
50904;Оборудование для электроснабжения > Щитовое оборудование;дім;інструменти;аксесуари для щитів і нво;10;10000;20000;1.25;;;0.9;0.9;1;
50904;Оборудование для электроснабжения > Щитовое оборудование;дім;інструменти;аксесуари для щитів і нво;7;20000;100000;1.21;;;0.9;0.9;1;
50904;Оборудование для электроснабжения > Щитовое оборудование;дім;інструменти;аксесуари для щитів і нво;3;100000;9999999999999.99;1.16;;;0.9;0.9;1;
50906;Средства связи и позиционирования > Переговорные устройства;воєнторг;тактичне спорядження;рація;9;0;2000;1.24;;;0.9;0.9;1;
50906;Средства связи и позиционирования > Переговорные устройства;воєнторг;тактичне спорядження;рація;8;2000;15000;1.22;;;0.9;0.9;1;
50906;Средства связи и позиционирования > Переговорные устройства;воєнторг;тактичне спорядження;рація;7;15000;50000;1.21;;;0.9;0.9;1;
50906;Средства связи и позиционирования > Переговорные устройства;воєнторг;тактичне спорядження;рація;5;50000;100000;1.18;;;0.9;0.9;1;
50906;Средства связи и позиционирования > Переговорные устройства;воєнторг;тактичне спорядження;рація;3;100000;9999999999999.99;1.16;;;0.9;0.9;1;
50918;Инструмент для сетевых работ > Кабельные тестеры, wi-fi тестеры;дім;інструменти;тестер;18;0;4000;1.38;;;0.9;0.9;1;
50918;Инструмент для сетевых работ > Кабельные тестеры, wi-fi тестеры;дім;інструменти;тестер;15;4000;7000;1.33;;;0.9;0.9;1;
50918;Инструмент для сетевых работ > Кабельные тестеры, wi-fi тестеры;дім;інструменти;тестер;12;7000;10000;1.28;;;0.9;0.9;1;
50918;Инструмент для сетевых работ > Кабельные тестеры, wi-fi тестеры;дім;інструменти;тестер;10;10000;20000;1.25;;;0.9;0.9;1;
50918;Инструмент для сетевых работ > Кабельные тестеры, wi-fi тестеры;дім;інструменти;тестер;7;20000;100000;1.21;;;0.9;0.9;1;
50918;Инструмент для сетевых работ > Кабельные тестеры, wi-fi тестеры;дім;інструменти;тестер;3;100000;9999999999999.99;1.16;;;0.9;0.9;1;
50928;Активное сетевое оборудование > Оборудование для питания по ethernet;ноутбуки, комп'ютери і планшети;мережеве обладнання;мережевий адаптер;12;0;1000;1.28;;;0.9;0.9;1;
50928;Активное сетевое оборудование > Оборудование для питания по ethernet;ноутбуки, комп'ютери і планшети;мережеве обладнання;мережевий адаптер;10;1000;9000;1.25;;;0.9;0.9;1;
50928;Активное сетевое оборудование > Оборудование для питания по ethernet;ноутбуки, комп'ютери і планшети;мережеве обладнання;мережевий адаптер;7;9000;9999999999999.99;1.21;;;0.9;0.9;1;
52806;Системы использующие солнечную энергию > Солнечные панели;дім;техніка;комплект сонячної електростанції;15;0;18000;1.33;;;0.9;0.9;1;
52806;Системы использующие солнечную энергию > Солнечные панели;дім;техніка;комплект сонячної електростанції;10;18000;9999999999999.99;1.25;;;0.9;0.9;1;
53004;Электрика > Электрические розетки;дім;інструменти;розетка;18;0;4000;1.38;;;0.9;0.9;1;
53004;Электрика > Электрические розетки;дім;інструменти;розетка;15;4000;7000;1.33;;;0.9;0.9;1;
53004;Электрика > Электрические розетки;дім;інструменти;розетка;12;7000;10000;1.28;;;0.9;0.9;1;
53004;Электрика > Электрические розетки;дім;інструменти;розетка;10;10000;20000;1.25;;;0.9;0.9;1;
53004;Электрика > Электрические розетки;дім;інструменти;розетка;7;20000;100000;1.21;;;0.9;0.9;1;
53004;Электрика > Электрические розетки;дім;інструменти;розетка;3;100000;9999999999999.99;1.16;;;0.9;0.9;1;
53005;Комплектующие для освещения и электрики > Вилки электрические;дім;інструменти;вилка кабельна;18;0;4000;1.38;;;0.9;0.9;1;
53005;Комплектующие для освещения и электрики > Вилки электрические;дім;інструменти;вилка кабельна;15;4000;7000;1.33;;;0.9;0.9;1;
53005;Комплектующие для освещения и электрики > Вилки электрические;дім;інструменти;вилка кабельна;12;7000;10000;1.28;;;0.9;0.9;1;
53005;Комплектующие для освещения и электрики > Вилки электрические;дім;інструменти;вилка кабельна;10;10000;20000;1.25;;;0.9;0.9;1;
53005;Комплектующие для освещения и электрики > Вилки электрические;дім;інструменти;вилка кабельна;7;20000;100000;1.21;;;0.9;0.9;1;
53005;Комплектующие для освещения и электрики > Вилки электрические;дім;інструменти;вилка кабельна;3;100000;9999999999999.99;1.16;;;0.9;0.9;1;
63022;Бытовая техника для дома > Пароочистители;побутова техніка;дрібна побутова техніка;пароочищувач;15;0;18000;1.33;;;0.9;0.9;1;
63022;Бытовая техника для дома > Пароочистители;побутова техніка;дрібна побутова техніка;пароочищувач;10;18000;9999999999999.99;1.25;;;0.9;0.9;1;
63701;Аудиотехника и аксессуары > Усилители звука;акустика і навушники;акустичні системи;стереопідсилювач;15;0;5000;1.33;;;0.9;0.9;1;
63701;Аудиотехника и аксессуары > Усилители звука;акустика і навушники;акустичні системи;стереопідсилювач;12;5000;12000;1.28;;;0.9;0.9;1;
63701;Аудиотехника и аксессуары > Усилители звука;акустика і навушники;акустичні системи;стереопідсилювач;10;12000;9999999999999.99;1.25;;;0.9;0.9;1;
63705;Носители информации > Карты памяти;смартфони, телефони і аксесуари;аксесуари для мобільних телефонів і смартфонів;карта пам'яті;18;0;9999999999999.99;1.38;;;0.9;0.9;1;
63708;Аксессуары для телевизоров и проекторов > Крепления и лифты для бытовой, цифровой техники;телевізори, фото і відео техніка;телевізори;кріплення для телевізора;18;0;6000;1.38;;;0.9;0.9;1;
63708;Аксессуары для телевизоров и проекторов > Крепления и лифты для бытовой, цифровой техники;телевізори, фото і відео техніка;телевізори;кріплення для телевізора;15;6000;12000;1.33;;;0.9;0.9;1;
63708;Аксессуары для телевизоров и проекторов > Крепления и лифты для бытовой, цифровой техники;телевізори, фото і відео техніка;телевізори;кріплення для телевізора;12;12000;9999999999999.99;1.28;;;0.9;0.9;1;
63719;Аксессуары для телевизоров и проекторов > Кабели для электроники;телевізори, фото і відео техніка;телевізори;перехідник;18;0;9999999999999.99;1.38;;;0.9;0.9;1;
64404;Запчасти и аксессуары для бытовой техники > Запчасти для пылесосов, пароочистителей;побутова техніка;дрібна побутова техніка;комплект для пилососа;15;0;18000;1.33;;;0.9;0.9;1;
64404;Запчасти и аксессуары для бытовой техники > Запчасти для пылесосов, пароочистителей;побутова техніка;дрібна побутова техніка;комплект для пилососа;10;18000;9999999999999.99;1.25;;;0.9;0.9;1;
64430;Запчастини для зволожувачів, очищувачів повітря;побутова техніка;кліматична техніка;фільтр кліматичний;12;0;19000;1.28;;;0.9;0.9;1;
64430;Запчастини для зволожувачів, очищувачів повітря;побутова техніка;кліматична техніка;фільтр кліматичний;10;19000;9999999999999.99;1.25;;;0.9;0.9;1;
70105;Компьютерная техника и ПО > Планшеты;ноутбуки, комп'ютери і планшети;планшети та аксесуари;графічний планшет;10;0;9999999999999.99;1.25;;;0.9;0.9;1;
70306;Монтажное оборудование > Монтажные шкафы;ноутбуки, комп'ютери і планшети;мережеве обладнання;серверна шафа;15;0;9999999999999.99;1.33;;;0.9;0.9;1;
70308;Серверное оборудование > Аксессуары и комплектующие для серверного оборудования;ноутбуки, комп'ютери і планшети;мережеве обладнання;перехідник;12;0;1000;1.28;;;0.9;0.9;1;
70308;Серверное оборудование > Аксессуары и комплектующие для серверного оборудования;ноутбуки, комп'ютери і планшети;мережеве обладнання;перехідник;10;1000;9000;1.25;;;0.9;0.9;1;
70308;Серверное оборудование > Аксессуары и комплектующие для серверного оборудования;ноутбуки, комп'ютери і планшети;мережеве обладнання;перехідник;7;9000;9999999999999.99;1.21;;;0.9;0.9;1;
70501;Носители информации > USB накопители;ноутбуки, комп'ютери і планшети;аксесуари;флеш пам'ять usb;15;0;9999999999999.99;1.33;;;0.9;0.9;1;
70704;Комплектующие для компьютерной техники > Внутренние и внешние жесткие диски, HDD, SSD;ноутбуки, комп'ютери і планшети;аксесуари;внутрішній жорсткий диск;15;0;9999999999999.99;1.33;;;0.9;0.9;1;
70807;Серверное оборудование > Сетевые накопители;ноутбуки, комп'ютери і планшети;мережеве обладнання;мережеве сховище;12;0;1000;1.28;;;0.9;0.9;1;
70807;Серверное оборудование > Сетевые накопители;ноутбуки, комп'ютери і планшети;мережеве обладнання;мережеве сховище;10;1000;9000;1.25;;;0.9;0.9;1;
70807;Серверное оборудование > Сетевые накопители;ноутбуки, комп'ютери і планшети;мережеве обладнання;мережеве сховище;7;9000;9999999999999.99;1.21;;;0.9;0.9;1;
71109;Повербанки и зарядные станции > Повербанки;смартфони, телефони і аксесуари;аксесуари для мобільних телефонів і смартфонів;повербанк;18;0;9999999999999.99;1.38;;;0.9;0.9;1;
71113;Компьютерные аксессуары > Компьютерные клавиатуры;ноутбуки, комп'ютери і планшети;аксесуари;клавіатура;18;0;9999999999999.99;1.38;;;0.9;0.9;1;
71902;Беспроводная связь > Роутеры;ноутбуки, комп'ютери і планшети;мережеве обладнання;маршрутизатор;12;0;1000;1.28;;;0.9;0.9;1;
71902;Беспроводная связь > Роутеры;ноутбуки, комп'ютери і планшети;мережеве обладнання;маршрутизатор;10;1000;9000;1.25;;;0.9;0.9;1;
71902;Беспроводная связь > Роутеры;ноутбуки, комп'ютери і планшети;мережеве обладнання;маршрутизатор;7;9000;9999999999999.99;1.21;;;0.9;0.9;1;
71903;Активное сетевое оборудование > Коммутаторы;ноутбуки, комп'ютери і планшети;мережеве обладнання;комутатор;12;0;1000;1.28;;;0.9;0.9;1;
71903;Активное сетевое оборудование > Коммутаторы;ноутбуки, комп'ютери і планшети;мережеве обладнання;комутатор;10;1000;9000;1.25;;;0.9;0.9;1;
71903;Активное сетевое оборудование > Коммутаторы;ноутбуки, комп'ютери і планшети;мережеве обладнання;комутатор;7;9000;9999999999999.99;1.21;;;0.9;0.9;1;
100703;Системы использующие солнечную энергию > Солнечные контроллеры;дім;техніка;контролер заряду сонячних батарей;12;0;9999999999999.99;1.28;;;0.9;0.9;1;
101003;Альтернативные источники энергии > Комплектующие для альтернативных источников энергии;дім;техніка;комплект сонячної електростанції;15;0;18000;1.33;;;0.9;0.9;1;
101003;Альтернативные источники энергии > Комплектующие для альтернативных источников энергии;дім;техніка;комплект сонячної електростанції;10;18000;9999999999999.99;1.25;;;0.9;0.9;1;
121105;Оборудование для автомоек > Аппараты высокого давления;автотовари, інструменти;авто і мото;автомийка;13;0;3000;1.29;;;0.9;0.9;1;
121105;Оборудование для автомоек > Аппараты высокого давления;автотовари, інструменти;авто і мото;автомийка;7;3000;10000;1.21;;;0.9;0.9;1;
121105;Оборудование для автомоек > Аппараты высокого давления;автотовари, інструменти;авто і мото;автомийка;5;10000;20000;1.18;;;0.9;0.9;1;
121105;Оборудование для автомоек > Аппараты высокого давления;автотовари, інструменти;авто і мото;автомийка;3;20000;9999999999999.99;1.16;;;0.9;0.9;1;
121246;Средства аварийной безопасности > Наборы и аксессуары для автомобилиста;автотовари, інструменти;інструменти і обладнання;набір ключів;18;0;4000;1.38;;;0.9;0.9;1;
121246;Средства аварийной безопасности > Наборы и аксессуары для автомобилиста;автотовари, інструменти;інструменти і обладнання;набір ключів;15;4000;7000;1.33;;;0.9;0.9;1;
121246;Средства аварийной безопасности > Наборы и аксессуары для автомобилиста;автотовари, інструменти;інструменти і обладнання;набір ключів;12;7000;10000;1.28;;;0.9;0.9;1;
121246;Средства аварийной безопасности > Наборы и аксессуары для автомобилиста;автотовари, інструменти;інструменти і обладнання;набір ключів;10;10000;20000;1.25;;;0.9;0.9;1;
121246;Средства аварийной безопасности > Наборы и аксессуары для автомобилиста;автотовари, інструменти;інструменти і обладнання;набір ключів;7;20000;100000;1.21;;;0.9;0.9;1;
121246;Средства аварийной безопасности > Наборы и аксессуары для автомобилиста;автотовари, інструменти;інструменти і обладнання;набір ключів;3;100000;9999999999999.99;1.16;;;0.9;0.9;1;
135605;Ворота, ограждения, шлагбаумы и комплектующие > Шлагбаумы;дім;товари для бізнесу;шлагбаум;18;0;5000;1.38;;;0.9;0.9;1;
135605;Ворота, ограждения, шлагбаумы и комплектующие > Шлагбаумы;дім;товари для бізнесу;шлагбаум;12;5000;10000;1.28;;;0.9;0.9;1;
135605;Ворота, ограждения, шлагбаумы и комплектующие > Шлагбаумы;дім;товари для бізнесу;шлагбаум;10;10000;20000;1.25;;;0.9;0.9;1;
135605;Ворота, ограждения, шлагбаумы и комплектующие > Шлагбаумы;дім;товари для бізнесу;шлагбаум;7;20000;9999999999999.99;1.21;;;0.9;0.9;1;
141002;Компрессоры > Компрессоры поршневые;дім;інструменти;компресор;18;0;4000;1.38;;;0.9;0.9;1;
141002;Компрессоры > Компрессоры поршневые;дім;інструменти;компресор;15;4000;7000;1.33;;;0.9;0.9;1;
141002;Компрессоры > Компрессоры поршневые;дім;інструменти;компресор;12;7000;10000;1.28;;;0.9;0.9;1;
141002;Компрессоры > Компрессоры поршневые;дім;інструменти;компресор;10;10000;20000;1.25;;;0.9;0.9;1;
141002;Компрессоры > Компрессоры поршневые;дім;інструменти;компресор;7;20000;100000;1.21;;;0.9;0.9;1;
141002;Компрессоры > Компрессоры поршневые;дім;інструменти;компресор;3;100000;9999999999999.99;1.16;;;0.9;0.9;1;
141702;Оснастка для инструмента > Отверточные биты;дім;інструменти;біта;18;0;4000;1.38;;;0.9;0.9;1;
141702;Оснастка для инструмента > Отверточные биты;дім;інструменти;біта;15;4000;7000;1.33;;;0.9;0.9;1;
141702;Оснастка для инструмента > Отверточные биты;дім;інструменти;біта;12;7000;10000;1.28;;;0.9;0.9;1;
141702;Оснастка для инструмента > Отверточные биты;дім;інструменти;біта;10;10000;20000;1.25;;;0.9;0.9;1;
141702;Оснастка для инструмента > Отверточные биты;дім;інструменти;біта;7;20000;100000;1.21;;;0.9;0.9;1;
141702;Оснастка для инструмента > Отверточные биты;дім;інструменти;біта;3;100000;9999999999999.99;1.16;;;0.9;0.9;1;
141703;Электроинструмент > Фрезерные машины;дім;інструменти;фрезер;18;0;4000;1.38;;;0.9;0.9;1;
141703;Электроинструмент > Фрезерные машины;дім;інструменти;фрезер;15;4000;7000;1.33;;;0.9;0.9;1;
141703;Электроинструмент > Фрезерные машины;дім;інструменти;фрезер;12;7000;10000;1.28;;;0.9;0.9;1;
141703;Электроинструмент > Фрезерные машины;дім;інструменти;фрезер;10;10000;20000;1.25;;;0.9;0.9;1;
141703;Электроинструмент > Фрезерные машины;дім;інструменти;фрезер;7;20000;100000;1.21;;;0.9;0.9;1;
141703;Электроинструмент > Фрезерные машины;дім;інструменти;фрезер;3;100000;9999999999999.99;1.16;;;0.9;0.9;1;
141706;Электроинструмент > Строительные фены;дім;інструменти;фен будівельний;18;0;4000;1.38;;;0.9;0.9;1;
141706;Электроинструмент > Строительные фены;дім;інструменти;фен будівельний;15;4000;7000;1.33;;;0.9;0.9;1;
141706;Электроинструмент > Строительные фены;дім;інструменти;фен будівельний;12;7000;10000;1.28;;;0.9;0.9;1;
141706;Электроинструмент > Строительные фены;дім;інструменти;фен будівельний;10;10000;20000;1.25;;;0.9;0.9;1;
141706;Электроинструмент > Строительные фены;дім;інструменти;фен будівельний;7;20000;100000;1.21;;;0.9;0.9;1;
141706;Электроинструмент > Строительные фены;дім;інструменти;фен будівельний;3;100000;9999999999999.99;1.16;;;0.9;0.9;1;
141711;Электроинструмент > Дрели, шуруповерты;дім;інструменти;дриль;18;0;4000;1.38;;;0.9;0.9;1;
141711;Электроинструмент > Дрели, шуруповерты;дім;інструменти;дриль;15;4000;7000;1.33;;;0.9;0.9;1;
141711;Электроинструмент > Дрели, шуруповерты;дім;інструменти;дриль;12;7000;10000;1.28;;;0.9;0.9;1;
141711;Электроинструмент > Дрели, шуруповерты;дім;інструменти;дриль;10;10000;20000;1.25;;;0.9;0.9;1;
141711;Электроинструмент > Дрели, шуруповерты;дім;інструменти;дриль;7;20000;100000;1.21;;;0.9;0.9;1;
141711;Электроинструмент > Дрели, шуруповерты;дім;інструменти;дриль;3;100000;9999999999999.99;1.16;;;0.9;0.9;1;
141714;Электроинструмент > Электрические гайковерты;дім;інструменти;гайкокрут;18;0;4000;1.38;;;0.9;0.9;1;
141714;Электроинструмент > Электрические гайковерты;дім;інструменти;гайкокрут;15;4000;7000;1.33;;;0.9;0.9;1;
141714;Электроинструмент > Электрические гайковерты;дім;інструменти;гайкокрут;12;7000;10000;1.28;;;0.9;0.9;1;
141714;Электроинструмент > Электрические гайковерты;дім;інструменти;гайкокрут;10;10000;20000;1.25;;;0.9;0.9;1;
141714;Электроинструмент > Электрические гайковерты;дім;інструменти;гайкокрут;7;20000;100000;1.21;;;0.9;0.9;1;
141714;Электроинструмент > Электрические гайковерты;дім;інструменти;гайкокрут;3;100000;9999999999999.99;1.16;;;0.9;0.9;1;
141717;Электроинструмент > Шлифовальные машины;дім;інструменти;шліфувальна машина;18;0;4000;1.38;;;0.9;0.9;1;
141717;Электроинструмент > Шлифовальные машины;дім;інструменти;шліфувальна машина;15;4000;7000;1.33;;;0.9;0.9;1;
141717;Электроинструмент > Шлифовальные машины;дім;інструменти;шліфувальна машина;12;7000;10000;1.28;;;0.9;0.9;1;
141717;Электроинструмент > Шлифовальные машины;дім;інструменти;шліфувальна машина;10;10000;20000;1.25;;;0.9;0.9;1;
141717;Электроинструмент > Шлифовальные машины;дім;інструменти;шліфувальна машина;7;20000;100000;1.21;;;0.9;0.9;1;
141717;Электроинструмент > Шлифовальные машины;дім;інструменти;шліфувальна машина;3;100000;9999999999999.99;1.16;;;0.9;0.9;1;
141718;Электроинструмент > Штроборезы;дім;інструменти;штроборіз;18;0;4000;1.38;;;0.9;0.9;1;
141718;Электроинструмент > Штроборезы;дім;інструменти;штроборіз;15;4000;7000;1.33;;;0.9;0.9;1;
141718;Электроинструмент > Штроборезы;дім;інструменти;штроборіз;12;7000;10000;1.28;;;0.9;0.9;1;
141718;Электроинструмент > Штроборезы;дім;інструменти;штроборіз;10;10000;20000;1.25;;;0.9;0.9;1;
141718;Электроинструмент > Штроборезы;дім;інструменти;штроборіз;7;20000;100000;1.21;;;0.9;0.9;1;
141718;Электроинструмент > Штроборезы;дім;інструменти;штроборіз;3;100000;9999999999999.99;1.16;;;0.9;0.9;1;
141720;Электрические пилы > Электроножовки;дім;інструменти;ножівка;18;0;4000;1.38;;;0.9;0.9;1;
141720;Электрические пилы > Электроножовки;дім;інструменти;ножівка;15;4000;7000;1.33;;;0.9;0.9;1;
141720;Электрические пилы > Электроножовки;дім;інструменти;ножівка;12;7000;10000;1.28;;;0.9;0.9;1;
141720;Электрические пилы > Электроножовки;дім;інструменти;ножівка;10;10000;20000;1.25;;;0.9;0.9;1;
141720;Электрические пилы > Электроножовки;дім;інструменти;ножівка;7;20000;100000;1.21;;;0.9;0.9;1;
141720;Электрические пилы > Электроножовки;дім;інструменти;ножівка;3;100000;9999999999999.99;1.16;;;0.9;0.9;1;
141725;Электроинструмент > Перфораторы;дім;інструменти;перфоратор;18;0;4000;1.38;;;0.9;0.9;1;
141725;Электроинструмент > Перфораторы;дім;інструменти;перфоратор;15;4000;7000;1.33;;;0.9;0.9;1;
141725;Электроинструмент > Перфораторы;дім;інструменти;перфоратор;12;7000;10000;1.28;;;0.9;0.9;1;
141725;Электроинструмент > Перфораторы;дім;інструменти;перфоратор;10;10000;20000;1.25;;;0.9;0.9;1;
141725;Электроинструмент > Перфораторы;дім;інструменти;перфоратор;7;20000;100000;1.21;;;0.9;0.9;1;
141725;Электроинструмент > Перфораторы;дім;інструменти;перфоратор;3;100000;9999999999999.99;1.16;;;0.9;0.9;1;
141726;Электроинструмент > Клеевые электрические пистолеты;дім;інструменти;пістолет для склеювання;18;0;4000;1.38;;;0.9;0.9;1;
141726;Электроинструмент > Клеевые электрические пистолеты;дім;інструменти;пістолет для склеювання;15;4000;7000;1.33;;;0.9;0.9;1;
141726;Электроинструмент > Клеевые электрические пистолеты;дім;інструменти;пістолет для склеювання;12;7000;10000;1.28;;;0.9;0.9;1;
141726;Электроинструмент > Клеевые электрические пистолеты;дім;інструменти;пістолет для склеювання;10;10000;20000;1.25;;;0.9;0.9;1;
141726;Электроинструмент > Клеевые электрические пистолеты;дім;інструменти;пістолет для склеювання;7;20000;100000;1.21;;;0.9;0.9;1;
141726;Электроинструмент > Клеевые электрические пистолеты;дім;інструменти;пістолет для склеювання;3;100000;9999999999999.99;1.16;;;0.9;0.9;1;
141735;Электроинструмент > Многофункциональные инструменты;дім;інструменти;набір електроінструментів;18;0;4000;1.38;;;0.9;0.9;1;
141735;Электроинструмент > Многофункциональные инструменты;дім;інструменти;набір електроінструментів;15;4000;7000;1.33;;;0.9;0.9;1;
141735;Электроинструмент > Многофункциональные инструменты;дім;інструменти;набір електроінструментів;12;7000;10000;1.28;;;0.9;0.9;1;
141735;Электроинструмент > Многофункциональные инструменты;дім;інструменти;набір електроінструментів;10;10000;20000;1.25;;;0.9;0.9;1;
141735;Электроинструмент > Многофункциональные инструменты;дім;інструменти;набір електроінструментів;7;20000;100000;1.21;;;0.9;0.9;1;
141735;Электроинструмент > Многофункциональные инструменты;дім;інструменти;набір електроінструментів;3;100000;9999999999999.99;1.16;;;0.9;0.9;1;
142001;Инструмент > Комплектующие и запчасти для инструмента;дім;інструменти;насадка на шуруповерт;18;0;4000;1.38;;;0.9;0.9;1;
142001;Инструмент > Комплектующие и запчасти для инструмента;дім;інструменти;насадка на шуруповерт;15;4000;7000;1.33;;;0.9;0.9;1;
142001;Инструмент > Комплектующие и запчасти для инструмента;дім;інструменти;насадка на шуруповерт;12;7000;10000;1.28;;;0.9;0.9;1;
142001;Инструмент > Комплектующие и запчасти для инструмента;дім;інструменти;насадка на шуруповерт;10;10000;20000;1.25;;;0.9;0.9;1;
142001;Инструмент > Комплектующие и запчасти для инструмента;дім;інструменти;насадка на шуруповерт;7;20000;100000;1.21;;;0.9;0.9;1;
142001;Инструмент > Комплектующие и запчасти для инструмента;дім;інструменти;насадка на шуруповерт;3;100000;9999999999999.99;1.16;;;0.9;0.9;1;
142004;Инструмент > Наборы инструментов;дім;інструменти;набір інструментів;18;0;4000;1.38;;;0.9;0.9;1;
142004;Инструмент > Наборы инструментов;дім;інструменти;набір інструментів;15;4000;7000;1.33;;;0.9;0.9;1;
142004;Инструмент > Наборы инструментов;дім;інструменти;набір інструментів;12;7000;10000;1.28;;;0.9;0.9;1;
142004;Инструмент > Наборы инструментов;дім;інструменти;набір інструментів;10;10000;20000;1.25;;;0.9;0.9;1;
142004;Инструмент > Наборы инструментов;дім;інструменти;набір інструментів;7;20000;100000;1.21;;;0.9;0.9;1;
142004;Инструмент > Наборы инструментов;дім;інструменти;набір інструментів;3;100000;9999999999999.99;1.16;;;0.9;0.9;1;
142007;Инструмент > Ящики, сумки для инструментов;дім;інструменти;сумка для інструментів;18;0;4000;1.38;;;0.9;0.9;1;
142007;Инструмент > Ящики, сумки для инструментов;дім;інструменти;сумка для інструментів;15;4000;7000;1.33;;;0.9;0.9;1;
142007;Инструмент > Ящики, сумки для инструментов;дім;інструменти;сумка для інструментів;12;7000;10000;1.28;;;0.9;0.9;1;
142007;Инструмент > Ящики, сумки для инструментов;дім;інструменти;сумка для інструментів;10;10000;20000;1.25;;;0.9;0.9;1;
142007;Инструмент > Ящики, сумки для инструментов;дім;інструменти;сумка для інструментів;7;20000;100000;1.21;;;0.9;0.9;1;
142007;Инструмент > Ящики, сумки для инструментов;дім;інструменти;сумка для інструментів;3;100000;9999999999999.99;1.16;;;0.9;0.9;1;
142614;Вспомогательное оборудование > Станины, верстаки, рабочие столы;дім;інструменти;верстак;18;0;4000;1.38;;;0.9;0.9;1;
142614;Вспомогательное оборудование > Станины, верстаки, рабочие столы;дім;інструменти;верстак;15;4000;7000;1.33;;;0.9;0.9;1;
142614;Вспомогательное оборудование > Станины, верстаки, рабочие столы;дім;інструменти;верстак;12;7000;10000;1.28;;;0.9;0.9;1;
142614;Вспомогательное оборудование > Станины, верстаки, рабочие столы;дім;інструменти;верстак;10;10000;20000;1.25;;;0.9;0.9;1;
142614;Вспомогательное оборудование > Станины, верстаки, рабочие столы;дім;інструменти;верстак;7;20000;100000;1.21;;;0.9;0.9;1;
142614;Вспомогательное оборудование > Станины, верстаки, рабочие столы;дім;інструменти;верстак;3;100000;9999999999999.99;1.16;;;0.9;0.9;1;
143109;Металлообрабатывающие станки > Точильные станки;дім;інструменти;точильний верстат;18;0;4000;1.38;;;0.9;0.9;1;
143109;Металлообрабатывающие станки > Точильные станки;дім;інструменти;точильний верстат;15;4000;7000;1.33;;;0.9;0.9;1;
143109;Металлообрабатывающие станки > Точильные станки;дім;інструменти;точильний верстат;12;7000;10000;1.28;;;0.9;0.9;1;
143109;Металлообрабатывающие станки > Точильные станки;дім;інструменти;точильний верстат;10;10000;20000;1.25;;;0.9;0.9;1;
143109;Металлообрабатывающие станки > Точильные станки;дім;інструменти;точильний верстат;7;20000;100000;1.21;;;0.9;0.9;1;
143109;Металлообрабатывающие станки > Точильные станки;дім;інструменти;точильний верстат;3;100000;9999999999999.99;1.16;;;0.9;0.9;1;
147002;Промышленное уборочное и очистительное оборудование > Промышленные пылесосы;автотовари, інструменти;інструменти і обладнання;промисловий пилосос;18;0;4000;1.38;;;0.9;0.9;1;
147002;Промышленное уборочное и очистительное оборудование > Промышленные пылесосы;автотовари, інструменти;інструменти і обладнання;промисловий пилосос;15;4000;7000;1.33;;;0.9;0.9;1;
147002;Промышленное уборочное и очистительное оборудование > Промышленные пылесосы;автотовари, інструменти;інструменти і обладнання;промисловий пилосос;12;7000;10000;1.28;;;0.9;0.9;1;
147002;Промышленное уборочное и очистительное оборудование > Промышленные пылесосы;автотовари, інструменти;інструменти і обладнання;промисловий пилосос;10;10000;20000;1.25;;;0.9;0.9;1;
147002;Промышленное уборочное и очистительное оборудование > Промышленные пылесосы;автотовари, інструменти;інструменти і обладнання;промисловий пилосос;7;20000;100000;1.21;;;0.9;0.9;1;
147002;Промышленное уборочное и очистительное оборудование > Промышленные пылесосы;автотовари, інструменти;інструменти і обладнання;промисловий пилосос;3;100000;9999999999999.99;1.16;;;0.9;0.9;1;
150111;Гигиена и уход за детьми > Аксессуары для безопасности детей;дітям;гігієна і догляд;заглушка;18;0;5000;1.38;;;0.9;0.9;1;
150111;Гигиена и уход за детьми > Аксессуары для безопасности детей;дітям;гігієна і догляд;заглушка;15;5000;10000;1.33;;;0.9;0.9;1;
150111;Гигиена и уход за детьми > Аксессуары для безопасности детей;дітям;гігієна і догляд;заглушка;10;10000;20000;1.25;;;0.9;0.9;1;
150111;Гигиена и уход за детьми > Аксессуары для безопасности детей;дітям;гігієна і догляд;заглушка;7;20000;50000;1.21;;;0.9;0.9;1;
150111;Гигиена и уход за детьми > Аксессуары для безопасности детей;дітям;гігієна і догляд;заглушка;5;50000;100000;1.18;;;0.9;0.9;1;
150111;Гигиена и уход за детьми > Аксессуары для безопасности детей;дітям;гігієна і догляд;заглушка;3;100000;9999999999999.99;1.16;;;0.9;0.9;1;
150401;Освещение, электрика > Уличное освещение;дім;сад, город;вуличний прожектор;18;0;5000;1.38;;;0.9;0.9;1;
150401;Освещение, электрика > Уличное освещение;дім;сад, город;вуличний прожектор;12;5000;10000;1.28;;;0.9;0.9;1;
150401;Освещение, электрика > Уличное освещение;дім;сад, город;вуличний прожектор;10;10000;20000;1.25;;;0.9;0.9;1;
150401;Освещение, электрика > Уличное освещение;дім;сад, город;вуличний прожектор;7;20000;9999999999999.99;1.21;;;0.9;0.9;1;
150402;Светильники > Лампочки;дім;декор;лампочка;18;0;5000;1.38;;;0.9;0.9;1;
150402;Светильники > Лампочки;дім;декор;лампочка;12;5000;10000;1.28;;;0.9;0.9;1;
150402;Светильники > Лампочки;дім;декор;лампочка;10;10000;20000;1.25;;;0.9;0.9;1;
150402;Светильники > Лампочки;дім;декор;лампочка;7;20000;9999999999999.99;1.21;;;0.9;0.9;1;
150410;Туристические инструменты > Ручные и налобные фонари;спорт і активний відпочинок;ліхтарі і аксесуари;ліхтарик;18;0;10000;1.38;;;0.9;0.9;1;
150410;Туристические инструменты > Ручные и налобные фонари;спорт і активний відпочинок;ліхтарі і аксесуари;ліхтарик;12;10000;50000;1.28;;;0.9;0.9;1;
150410;Туристические инструменты > Ручные и налобные фонари;спорт і активний відпочинок;ліхтарі і аксесуари;ліхтарик;7;50000;70000;1.21;;;0.9;0.9;1;
150410;Туристические инструменты > Ручные и налобные фонари;спорт і активний відпочинок;ліхтарі і аксесуари;ліхтарик;5;70000;100000;1.18;;;0.9;0.9;1;
150410;Туристические инструменты > Ручные и налобные фонари;спорт і активний відпочинок;ліхтарі і аксесуари;ліхтарик;3;100000;9999999999999.99;1.16;;;0.9;0.9;1;
151406;Уборка > Хозяйственные перчатки;дім;господарські товари;рукавички господарські;18;0;5000;1.38;;;0.9;0.9;1;
151406;Уборка > Хозяйственные перчатки;дім;господарські товари;рукавички господарські;12;5000;10000;1.28;;;0.9;0.9;1;
151406;Уборка > Хозяйственные перчатки;дім;господарські товари;рукавички господарські;10;10000;20000;1.25;;;0.9;0.9;1;
151406;Уборка > Хозяйственные перчатки;дім;господарські товари;рукавички господарські;7;20000;9999999999999.99;1.21;;;0.9;0.9;1;
153502;Система умный дом > Аксессуары для домофонного оборудования;дім;безпечний дім;домофон;15;0;10000;1.33;;;0.9;0.9;1;
153502;Система умный дом > Аксессуары для домофонного оборудования;дім;безпечний дім;домофон;12;10000;30000;1.28;;;0.9;0.9;1;
153502;Система умный дом > Аксессуары для домофонного оборудования;дім;безпечний дім;домофон;10;30000;9999999999999.99;1.25;;;0.9;0.9;1;
153504;Система умный дом > Датчики для умного дома;дім;безпечний дім;датчик;15;0;10000;1.33;;;0.9;0.9;1;
153504;Система умный дом > Датчики для умного дома;дім;безпечний дім;датчик;12;10000;30000;1.28;;;0.9;0.9;1;
153504;Система умный дом > Датчики для умного дома;дім;безпечний дім;датчик;10;30000;9999999999999.99;1.25;;;0.9;0.9;1;
153709;Приборы измерения, регулирования температуры > Термометры, пирометры, тепловизоры;дім;інструменти;пірометр;18;0;4000;1.38;;;0.9;0.9;1;
153709;Приборы измерения, регулирования температуры > Термометры, пирометры, тепловизоры;дім;інструменти;пірометр;15;4000;7000;1.33;;;0.9;0.9;1;
153709;Приборы измерения, регулирования температуры > Термометры, пирометры, тепловизоры;дім;інструменти;пірометр;12;7000;10000;1.28;;;0.9;0.9;1;
153709;Приборы измерения, регулирования температуры > Термометры, пирометры, тепловизоры;дім;інструменти;пірометр;10;10000;20000;1.25;;;0.9;0.9;1;
153709;Приборы измерения, регулирования температуры > Термометры, пирометры, тепловизоры;дім;інструменти;пірометр;7;20000;100000;1.21;;;0.9;0.9;1;
153709;Приборы измерения, регулирования температуры > Термометры, пирометры, тепловизоры;дім;інструменти;пірометр;3;100000;9999999999999.99;1.16;;;0.9;0.9;1;
153719;Датчики > Датчики качества воздуха;побутова техніка;кліматична техніка;аналізатор повітря;12;0;19000;1.28;;;0.9;0.9;1;
153719;Датчики > Датчики качества воздуха;побутова техніка;кліматична техніка;аналізатор повітря;10;19000;9999999999999.99;1.25;;;0.9;0.9;1;
153729;Оптические приборы и системы > Тактические тепловизоры;воєнторг;збройна оптика;тепловізори;9;0;2000;1.24;;;0.9;0.9;1;
153729;Оптические приборы и системы > Тактические тепловизоры;воєнторг;збройна оптика;тепловізори;8;2000;15000;1.22;;;0.9;0.9;1;
153729;Оптические приборы и системы > Тактические тепловизоры;воєнторг;збройна оптика;тепловізори;7;15000;50000;1.21;;;0.9;0.9;1;
153729;Оптические приборы и системы > Тактические тепловизоры;воєнторг;збройна оптика;тепловізори;5;50000;100000;1.18;;;0.9;0.9;1;
153729;Оптические приборы и системы > Тактические тепловизоры;воєнторг;збройна оптика;тепловізори;3;100000;9999999999999.99;1.16;;;0.9;0.9;1;
180312;Товары для охоты > Фотоловушки, камеры для охоты;воєнторг;тактичне спорядження;фотопастка;9;0;2000;1.24;;;0.9;0.9;1;
180312;Товары для охоты > Фотоловушки, камеры для охоты;воєнторг;тактичне спорядження;фотопастка;8;2000;15000;1.22;;;0.9;0.9;1;
180312;Товары для охоты > Фотоловушки, камеры для охоты;воєнторг;тактичне спорядження;фотопастка;7;15000;50000;1.21;;;0.9;0.9;1;
180312;Товары для охоты > Фотоловушки, камеры для охоты;воєнторг;тактичне спорядження;фотопастка;5;50000;100000;1.18;;;0.9;0.9;1;
180312;Товары для охоты > Фотоловушки, камеры для охоты;воєнторг;тактичне спорядження;фотопастка;3;100000;9999999999999.99;1.16;;;0.9;0.9;1;
181010;Туристические инструменты > Ножи для охоты, рыбалки и туризма;дім;посуд і кухонні аксесуари;ніж;18;0;5000;1.38;;;0.9;0.9;1;
181010;Туристические инструменты > Ножи для охоты, рыбалки и туризма;дім;посуд і кухонні аксесуари;ніж;12;5000;10000;1.28;;;0.9;0.9;1;
181010;Туристические инструменты > Ножи для охоты, рыбалки и туризма;дім;посуд і кухонні аксесуари;ніж;10;10000;20000;1.25;;;0.9;0.9;1;
181010;Туристические инструменты > Ножи для охоты, рыбалки и туризма;дім;посуд і кухонні аксесуари;ніж;7;20000;9999999999999.99;1.21;;;0.9;0.9;1;
181613;Оптические приборы и системы > Прицелы и мушки;воєнторг;збройна оптика;приціл;9;0;2000;1.24;;;0.9;0.9;1;
181613;Оптические приборы и системы > Прицелы и мушки;воєнторг;збройна оптика;приціл;8;2000;15000;1.22;;;0.9;0.9;1;
181613;Оптические приборы и системы > Прицелы и мушки;воєнторг;збройна оптика;приціл;7;15000;50000;1.21;;;0.9;0.9;1;
181613;Оптические приборы и системы > Прицелы и мушки;воєнторг;збройна оптика;приціл;5;50000;100000;1.18;;;0.9;0.9;1;
181613;Оптические приборы и системы > Прицелы и мушки;воєнторг;збройна оптика;приціл;3;100000;9999999999999.99;1.16;;;0.9;0.9;1;
190403;Оптические приборы и системы > Лазерные дальномеры;дім;інструменти;лазерний далекомір;18;0;4000;1.38;;;0.9;0.9;1;
190403;Оптические приборы и системы > Лазерные дальномеры;дім;інструменти;лазерний далекомір;15;4000;7000;1.33;;;0.9;0.9;1;
190403;Оптические приборы и системы > Лазерные дальномеры;дім;інструменти;лазерний далекомір;12;7000;10000;1.28;;;0.9;0.9;1;
190403;Оптические приборы и системы > Лазерные дальномеры;дім;інструменти;лазерний далекомір;10;10000;20000;1.25;;;0.9;0.9;1;
190403;Оптические приборы и системы > Лазерные дальномеры;дім;інструменти;лазерний далекомір;7;20000;100000;1.21;;;0.9;0.9;1;
190403;Оптические приборы и системы > Лазерные дальномеры;дім;інструменти;лазерний далекомір;3;100000;9999999999999.99;1.16;;;0.9;0.9;1;
190407;Оптичні прилади і системи > Комплектуючі для оптичних приладів;воєнторг;збройна оптика;кріплення для оптики;9;0;2000;1.24;;;0.9;0.9;1;
190407;Оптичні прилади і системи > Комплектуючі для оптичних приладів;воєнторг;збройна оптика;кріплення для оптики;8;2000;15000;1.22;;;0.9;0.9;1;
190407;Оптичні прилади і системи > Комплектуючі для оптичних приладів;воєнторг;збройна оптика;кріплення для оптики;7;15000;50000;1.21;;;0.9;0.9;1;
190407;Оптичні прилади і системи > Комплектуючі для оптичних приладів;воєнторг;збройна оптика;кріплення для оптики;5;50000;100000;1.18;;;0.9;0.9;1;
190407;Оптичні прилади і системи > Комплектуючі для оптичних приладів;воєнторг;збройна оптика;кріплення для оптики;3;100000;9999999999999.99;1.16;;;0.9;0.9;1;
240457;Туристическая посуда > Туристические фляги;спорт і активний відпочинок;спортивні товари;пляшка;18;0;15000;1.38;;;0.9;0.9;1;
240457;Туристическая посуда > Туристические фляги;спорт і активний відпочинок;спортивні товари;пляшка;12;15000;50000;1.28;;;0.9;0.9;1;
240457;Туристическая посуда > Туристические фляги;спорт і активний відпочинок;спортивні товари;пляшка;7;50000;9999999999999.99;1.21;;;0.9;0.9;1;
270204;Кормление домашних животных и птиц > Кормушки, поилки и миски для домашних животных и птиц;зоотовари;утримання тварин;годівниця;15;0;5000;1.33;;;0.9;0.9;1;
270204;Кормление домашних животных и птиц > Кормушки, поилки и миски для домашних животных и птиц;зоотовари;утримання тварин;годівниця;12;5000;10000;1.28;;;0.9;0.9;1;
270204;Кормление домашних животных и птиц > Кормушки, поилки и миски для домашних животных и птиц;зоотовари;утримання тварин;годівниця;10;10000;20000;1.25;;;0.9;0.9;1;
270204;Кормление домашних животных и птиц > Кормушки, поилки и миски для домашних животных и птиц;зоотовари;утримання тварин;годівниця;7;20000;9999999999999.99;1.21;;;0.9;0.9;1;
300402;Средства аварийной безопасности > Проблесковые маячки, спецсигналы и сирены;дім;безпечний дім;сирена;15;0;10000;1.33;;;0.9;0.9;1;
300402;Средства аварийной безопасности > Проблесковые маячки, спецсигналы и сирены;дім;безпечний дім;сирена;12;10000;30000;1.28;;;0.9;0.9;1;
300402;Средства аварийной безопасности > Проблесковые маячки, спецсигналы и сирены;дім;безпечний дім;сирена;10;30000;9999999999999.99;1.25;;;0.9;0.9;1;
300418;Оборудование электронное, приборы защиты и безопасности > Системы защиты от потопа;сантехніка та ремонт;сантехніка;системи захисту від протікання води;18;0;4000;1.38;;;0.9;0.9;1;
300418;Оборудование электронное, приборы защиты и безопасности > Системы защиты от потопа;сантехніка та ремонт;сантехніка;системи захисту від протікання води;15;4000;7000;1.33;;;0.9;0.9;1;
300418;Оборудование электронное, приборы защиты и безопасности > Системы защиты от потопа;сантехніка та ремонт;сантехніка;системи захисту від протікання води;12;7000;10000;1.28;;;0.9;0.9;1;
300418;Оборудование электронное, приборы защиты и безопасности > Системы защиты от потопа;сантехніка та ремонт;сантехніка;системи захисту від протікання води;10;10000;20000;1.25;;;0.9;0.9;1;
300418;Оборудование электронное, приборы защиты и безопасности > Системы защиты от потопа;сантехніка та ремонт;сантехніка;системи захисту від протікання води;7;20000;100000;1.21;;;0.9;0.9;1;
300418;Оборудование электронное, приборы защиты и безопасности > Системы защиты от потопа;сантехніка та ремонт;сантехніка;системи захисту від протікання води;3;100000;9999999999999.99;1.16;;;0.9;0.9;1;
300921;Пожарная автоматика > Пожарные извещатели;дім;безпечний дім;детектор диму;15;0;10000;1.33;;;0.9;0.9;1;
300921;Пожарная автоматика > Пожарные извещатели;дім;безпечний дім;детектор диму;12;10000;30000;1.28;;;0.9;0.9;1;
300921;Пожарная автоматика > Пожарные извещатели;дім;безпечний дім;детектор диму;10;30000;9999999999999.99;1.25;;;0.9;0.9;1;
300934;Пожарная автоматика > Модули контроля и управления;дім;безпечний дім;обладнання пожежної сигналізації;15;0;10000;1.33;;;0.9;0.9;1;
300934;Пожарная автоматика > Модули контроля и управления;дім;безпечний дім;обладнання пожежної сигналізації;12;10000;30000;1.28;;;0.9;0.9;1;
300934;Пожарная автоматика > Модули контроля и управления;дім;безпечний дім;обладнання пожежної сигналізації;10;30000;9999999999999.99;1.25;;;0.9;0.9;1;
301010;Замки и защелки > Замки;дім;товари для бізнесу;електромеханічний замок;18;0;5000;1.38;;;0.9;0.9;1;
301010;Замки и защелки > Замки;дім;товари для бізнесу;електромеханічний замок;12;5000;10000;1.28;;;0.9;0.9;1;
301010;Замки и защелки > Замки;дім;товари для бізнесу;електромеханічний замок;10;10000;20000;1.25;;;0.9;0.9;1;
301010;Замки и защелки > Замки;дім;товари для бізнесу;електромеханічний замок;7;20000;9999999999999.99;1.21;;;0.9;0.9;1;
301101;Система умный дом > Стационарные видеорегистраторы;дім;безпечний дім;відеореєстратор;15;0;10000;1.33;;;0.9;0.9;1;
301101;Система умный дом > Стационарные видеорегистраторы;дім;безпечний дім;відеореєстратор;12;10000;30000;1.28;;;0.9;0.9;1;
301101;Система умный дом > Стационарные видеорегистраторы;дім;безпечний дім;відеореєстратор;10;30000;9999999999999.99;1.25;;;0.9;0.9;1;
301105;Технические средства видеонаблюдения > Камеры видеонаблюдения;дім;безпечний дім;камера відеоспостереження;15;0;10000;1.33;;;0.9;0.9;1;
301105;Технические средства видеонаблюдения > Камеры видеонаблюдения;дім;безпечний дім;камера відеоспостереження;12;10000;30000;1.28;;;0.9;0.9;1;
301105;Технические средства видеонаблюдения > Камеры видеонаблюдения;дім;безпечний дім;камера відеоспостереження;10;30000;9999999999999.99;1.25;;;0.9;0.9;1;
301106;Технические средства видеонаблюдения > Объективы для камер видеонаблюдения;телевізори, фото і відео техніка;фото і відео техніка;об'єктив;10;0;7000;1.25;;;0.9;0.9;1;
301106;Технические средства видеонаблюдения > Объективы для камер видеонаблюдения;телевізори, фото і відео техніка;фото і відео техніка;об'єктив;8;7000;18000;1.22;;;0.9;0.9;1;
301106;Технические средства видеонаблюдения > Объективы для камер видеонаблюдения;телевізори, фото і відео техніка;фото і відео техніка;об'єктив;5;18000;50000;1.18;;;0.9;0.9;1;
301106;Технические средства видеонаблюдения > Объективы для камер видеонаблюдения;телевізори, фото і відео техніка;фото і відео техніка;об'єктив;3;50000;9999999999999.99;1.16;;;0.9;0.9;1;
301110;Комплектующие для систем видеонаблюдения > Пульты для систем видеонаблюдения;дім;безпечний дім;аксесуари для відеоспостереження;15;0;10000;1.33;;;0.9;0.9;1;
301110;Комплектующие для систем видеонаблюдения > Пульты для систем видеонаблюдения;дім;безпечний дім;аксесуари для відеоспостереження;12;10000;30000;1.28;;;0.9;0.9;1;
301110;Комплектующие для систем видеонаблюдения > Пульты для систем видеонаблюдения;дім;безпечний дім;аксесуари для відеоспостереження;10;30000;9999999999999.99;1.25;;;0.9;0.9;1;
301112;Комплектующие для систем видеонаблюдения > Кожухи и кронштейны;дім;безпечний дім;аксесуари для відеоспостереження;15;0;10000;1.33;;;0.9;0.9;1;
301112;Комплектующие для систем видеонаблюдения > Кожухи и кронштейны;дім;безпечний дім;аксесуари для відеоспостереження;12;10000;30000;1.28;;;0.9;0.9;1;
301112;Комплектующие для систем видеонаблюдения > Кожухи и кронштейны;дім;безпечний дім;аксесуари для відеоспостереження;10;30000;9999999999999.99;1.25;;;0.9;0.9;1;
301301;Средства и системы СКУД > Турникеты;дім;товари для бізнесу;турнікет;18;0;5000;1.38;;;0.9;0.9;1;
301301;Средства и системы СКУД > Турникеты;дім;товари для бізнесу;турнікет;12;5000;10000;1.28;;;0.9;0.9;1;
301301;Средства и системы СКУД > Турникеты;дім;товари для бізнесу;турнікет;10;10000;20000;1.25;;;0.9;0.9;1;
301301;Средства и системы СКУД > Турникеты;дім;товари для бізнесу;турнікет;7;20000;9999999999999.99;1.21;;;0.9;0.9;1;
301305;Система умный дом > Кодонаборные клавиатуры;дім;товари для бізнесу;контролери та зчитувачі;18;0;5000;1.38;;;0.9;0.9;1;
301305;Система умный дом > Кодонаборные клавиатуры;дім;товари для бізнесу;контролери та зчитувачі;12;5000;10000;1.28;;;0.9;0.9;1;
301305;Система умный дом > Кодонаборные клавиатуры;дім;товари для бізнесу;контролери та зчитувачі;10;10000;20000;1.25;;;0.9;0.9;1;
301305;Система умный дом > Кодонаборные клавиатуры;дім;товари для бізнесу;контролери та зчитувачі;7;20000;9999999999999.99;1.21;;;0.9;0.9;1;
301310;Средства и системы СКУД > Идентификаторы;дім;товари для бізнесу;магнітний ключ;18;0;5000;1.38;;;0.9;0.9;1;
301310;Средства и системы СКУД > Идентификаторы;дім;товари для бізнесу;магнітний ключ;12;5000;10000;1.28;;;0.9;0.9;1;
301310;Средства и системы СКУД > Идентификаторы;дім;товари для бізнесу;магнітний ключ;10;10000;20000;1.25;;;0.9;0.9;1;
301310;Средства и системы СКУД > Идентификаторы;дім;товари для бізнесу;магнітний ключ;7;20000;9999999999999.99;1.21;;;0.9;0.9;1;
301311;Средства и системы СКУД > Считыватели;дім;товари для бізнесу;контролери та зчитувачі;18;0;5000;1.38;;;0.9;0.9;1;
301311;Средства и системы СКУД > Считыватели;дім;товари для бізнесу;контролери та зчитувачі;12;5000;10000;1.28;;;0.9;0.9;1;
301311;Средства и системы СКУД > Считыватели;дім;товари для бізнесу;контролери та зчитувачі;10;10000;20000;1.25;;;0.9;0.9;1;
301311;Средства и системы СКУД > Считыватели;дім;товари для бізнесу;контролери та зчитувачі;7;20000;9999999999999.99;1.21;;;0.9;0.9;1;
301312;Средства и системы СКУД > Контроллеры СКУД;дім;товари для бізнесу;контролери та зчитувачі;18;0;5000;1.38;;;0.9;0.9;1;
301312;Средства и системы СКУД > Контроллеры СКУД;дім;товари для бізнесу;контролери та зчитувачі;12;5000;10000;1.28;;;0.9;0.9;1;
301312;Средства и системы СКУД > Контроллеры СКУД;дім;товари для бізнесу;контролери та зчитувачі;10;10000;20000;1.25;;;0.9;0.9;1;
301312;Средства и системы СКУД > Контроллеры СКУД;дім;товари для бізнесу;контролери та зчитувачі;7;20000;9999999999999.99;1.21;;;0.9;0.9;1;
301501;Средства организации дорожного движения > Временные дорожные ограждения;автотовари, інструменти;авто і мото;парктронік;13;0;3000;1.29;;;0.9;0.9;1;
301501;Средства организации дорожного движения > Временные дорожные ограждения;автотовари, інструменти;авто і мото;парктронік;7;3000;10000;1.21;;;0.9;0.9;1;
301501;Средства организации дорожного движения > Временные дорожные ограждения;автотовари, інструменти;авто і мото;парктронік;5;10000;20000;1.18;;;0.9;0.9;1;
301501;Средства организации дорожного движения > Временные дорожные ограждения;автотовари, інструменти;авто і мото;парктронік;3;20000;9999999999999.99;1.16;;;0.9;0.9;1;
301901;Средства защиты > Средства защиты органов дыхания;дім;інструменти;маски та респіратори;18;0;4000;1.38;;;0.9;0.9;1;
301901;Средства защиты > Средства защиты органов дыхания;дім;інструменти;маски та респіратори;15;4000;7000;1.33;;;0.9;0.9;1;
301901;Средства защиты > Средства защиты органов дыхания;дім;інструменти;маски та респіратори;12;7000;10000;1.28;;;0.9;0.9;1;
301901;Средства защиты > Средства защиты органов дыхания;дім;інструменти;маски та респіратори;10;10000;20000;1.25;;;0.9;0.9;1;
301901;Средства защиты > Средства защиты органов дыхания;дім;інструменти;маски та респіратори;7;20000;100000;1.21;;;0.9;0.9;1;
301901;Средства защиты > Средства защиты органов дыхания;дім;інструменти;маски та респіратори;3;100000;9999999999999.99;1.16;;;0.9;0.9;1;
301908;Средства безопасности труда > Средства защиты глаз;дім;інструменти;окуляри захисні;18;0;4000;1.38;;;0.9;0.9;1;
301908;Средства безопасности труда > Средства защиты глаз;дім;інструменти;окуляри захисні;15;4000;7000;1.33;;;0.9;0.9;1;
301908;Средства безопасности труда > Средства защиты глаз;дім;інструменти;окуляри захисні;12;7000;10000;1.28;;;0.9;0.9;1;
301908;Средства безопасности труда > Средства защиты глаз;дім;інструменти;окуляри захисні;10;10000;20000;1.25;;;0.9;0.9;1;
301908;Средства безопасности труда > Средства защиты глаз;дім;інструменти;окуляри захисні;7;20000;100000;1.21;;;0.9;0.9;1;
301908;Средства безопасности труда > Средства защиты глаз;дім;інструменти;окуляри захисні;3;100000;9999999999999.99;1.16;;;0.9;0.9;1;
301911;Средства защиты > Строительные каски;дім;інструменти;каска захисна;18;0;4000;1.38;;;0.9;0.9;1;
301911;Средства защиты > Строительные каски;дім;інструменти;каска захисна;15;4000;7000;1.33;;;0.9;0.9;1;
301911;Средства защиты > Строительные каски;дім;інструменти;каска захисна;12;7000;10000;1.28;;;0.9;0.9;1;
301911;Средства защиты > Строительные каски;дім;інструменти;каска захисна;10;10000;20000;1.25;;;0.9;0.9;1;
301911;Средства защиты > Строительные каски;дім;інструменти;каска захисна;7;20000;100000;1.21;;;0.9;0.9;1;
301911;Средства защиты > Строительные каски;дім;інструменти;каска захисна;3;100000;9999999999999.99;1.16;;;0.9;0.9;1;
302302;Системы охраны и оповещения > Охранные извещатели;дім;безпечний дім;датчик;15;0;10000;1.33;;;0.9;0.9;1;
302302;Системы охраны и оповещения > Охранные извещатели;дім;безпечний дім;датчик;12;10000;30000;1.28;;;0.9;0.9;1;
302302;Системы охраны и оповещения > Охранные извещатели;дім;безпечний дім;датчик;10;30000;9999999999999.99;1.25;;;0.9;0.9;1;
302303;Системы охраны и оповещения > Приемно-контрольные приборы и приборы управления;дім;безпечний дім;централь;15;0;10000;1.33;;;0.9;0.9;1;
302303;Системы охраны и оповещения > Приемно-контрольные приборы и приборы управления;дім;безпечний дім;централь;12;10000;30000;1.28;;;0.9;0.9;1;
302303;Системы охраны и оповещения > Приемно-контрольные приборы и приборы управления;дім;безпечний дім;централь;10;30000;9999999999999.99;1.25;;;0.9;0.9;1;
302306;Система умный дом > Охранные системы и сигнализации;дім;безпечний дім;сигналізація;15;0;10000;1.33;;;0.9;0.9;1;
302306;Система умный дом > Охранные системы и сигнализации;дім;безпечний дім;сигналізація;12;10000;30000;1.28;;;0.9;0.9;1;
302306;Система умный дом > Охранные системы и сигнализации;дім;безпечний дім;сигналізація;10;30000;9999999999999.99;1.25;;;0.9;0.9;1;
302307;Системы охраны и оповещения > Брелки, пульты для охранных систем;дім;безпечний дім;пристрій керування сигналізацією;15;0;10000;1.33;;;0.9;0.9;1;
302307;Системы охраны и оповещения > Брелки, пульты для охранных систем;дім;безпечний дім;пристрій керування сигналізацією;12;10000;30000;1.28;;;0.9;0.9;1;
302307;Системы охраны и оповещения > Брелки, пульты для охранных систем;дім;безпечний дім;пристрій керування сигналізацією;10;30000;9999999999999.99;1.25;;;0.9;0.9;1;
302308;Системы охраны и оповещения > Тревожные кнопки и кнопки выхода;дім;товари для бізнесу;кнопка виходу;18;0;5000;1.38;;;0.9;0.9;1;
302308;Системы охраны и оповещения > Тревожные кнопки и кнопки выхода;дім;товари для бізнесу;кнопка виходу;12;5000;10000;1.28;;;0.9;0.9;1;
302308;Системы охраны и оповещения > Тревожные кнопки и кнопки выхода;дім;товари для бізнесу;кнопка виходу;10;10000;20000;1.25;;;0.9;0.9;1;
302308;Системы охраны и оповещения > Тревожные кнопки и кнопки выхода;дім;товари для бізнесу;кнопка виходу;7;20000;9999999999999.99;1.21;;;0.9;0.9;1;
302309;Системы охраны и оповещения > Коробы и корпуса для охранных систем;дім;безпечний дім;сигналізація;15;0;10000;1.33;;;0.9;0.9;1;
302309;Системы охраны и оповещения > Коробы и корпуса для охранных систем;дім;безпечний дім;сигналізація;12;10000;30000;1.28;;;0.9;0.9;1;
302309;Системы охраны и оповещения > Коробы и корпуса для охранных систем;дім;безпечний дім;сигналізація;10;30000;9999999999999.99;1.25;;;0.9;0.9;1;
340416;Автомобильная электроника > Автомобильные видеорегистраторы;автотовари, інструменти;авто і мото;відеореєстратор для авто;13;0;3000;1.29;;;0.9;0.9;1;
340416;Автомобильная электроника > Автомобильные видеорегистраторы;автотовари, інструменти;авто і мото;відеореєстратор для авто;7;3000;10000;1.21;;;0.9;0.9;1;
340416;Автомобильная электроника > Автомобильные видеорегистраторы;автотовари, інструменти;авто і мото;відеореєстратор для авто;5;10000;20000;1.18;;;0.9;0.9;1;
340416;Автомобильная электроника > Автомобильные видеорегистраторы;автотовари, інструменти;авто і мото;відеореєстратор для авто;3;20000;9999999999999.99;1.16;;;0.9;0.9;1;
380650;Спортивные сумки и рюкзаки > Поясные сумки;дім;інструменти;пояс для інструментів;18;0;4000;1.38;;;0.9;0.9;1;
380650;Спортивные сумки и рюкзаки > Поясные сумки;дім;інструменти;пояс для інструментів;15;4000;7000;1.33;;;0.9;0.9;1;
380650;Спортивные сумки и рюкзаки > Поясные сумки;дім;інструменти;пояс для інструментів;12;7000;10000;1.28;;;0.9;0.9;1;
380650;Спортивные сумки и рюкзаки > Поясные сумки;дім;інструменти;пояс для інструментів;10;10000;20000;1.25;;;0.9;0.9;1;
380650;Спортивные сумки и рюкзаки > Поясные сумки;дім;інструменти;пояс для інструментів;7;20000;100000;1.21;;;0.9;0.9;1;
380650;Спортивные сумки и рюкзаки > Поясные сумки;дім;інструменти;пояс для інструментів;3;100000;9999999999999.99;1.16;;;0.9;0.9;1;
410201;Батареи и аккумуляторы > Зарядные устройства для аккумуляторов;смартфони, телефони і аксесуари;аксесуари для мобільних телефонів і смартфонів;зарядний пристрій;18;0;9999999999999.99;1.38;;;0.9;0.9;1;
410402;Генераторы и электростанции > Электрогенераторы;дім;техніка;генератор;15;0;18000;1.33;;;0.9;0.9;1;
410402;Генераторы и электростанции > Электрогенераторы;дім;техніка;генератор;10;18000;9999999999999.99;1.25;;;0.9;0.9;1;
410612;Электрика > Настенные выключатели;дім;інструменти;вимикач;18;0;4000;1.38;;;0.9;0.9;1;
410612;Электрика > Настенные выключатели;дім;інструменти;вимикач;15;4000;7000;1.33;;;0.9;0.9;1;
410612;Электрика > Настенные выключатели;дім;інструменти;вимикач;12;7000;10000;1.28;;;0.9;0.9;1;
410612;Электрика > Настенные выключатели;дім;інструменти;вимикач;10;10000;20000;1.25;;;0.9;0.9;1;
410612;Электрика > Настенные выключатели;дім;інструменти;вимикач;7;20000;100000;1.21;;;0.9;0.9;1;
410612;Электрика > Настенные выключатели;дім;інструменти;вимикач;3;100000;9999999999999.99;1.16;;;0.9;0.9;1;
420504;Метрический крепеж > Гайки;дім;інструменти;гайка;18;0;4000;1.38;;;0.9;0.9;1;
420504;Метрический крепеж > Гайки;дім;інструменти;гайка;15;4000;7000;1.33;;;0.9;0.9;1;
420504;Метрический крепеж > Гайки;дім;інструменти;гайка;12;7000;10000;1.28;;;0.9;0.9;1;
420504;Метрический крепеж > Гайки;дім;інструменти;гайка;10;10000;20000;1.25;;;0.9;0.9;1;
420504;Метрический крепеж > Гайки;дім;інструменти;гайка;7;20000;100000;1.21;;;0.9;0.9;1;
420504;Метрический крепеж > Гайки;дім;інструменти;гайка;3;100000;9999999999999.99;1.16;;;0.9;0.9;1;
500415;Фото-, видеокамеры и аксессуары > Запчасти и комплектующие для квадрокоптеров;спорт і активний відпочинок;радіокеровані пристрої;акумулятори для дронів і літаків;18;0;10000;1.38;;;0.9;0.9;1;
500415;Фото-, видеокамеры и аксессуары > Запчасти и комплектующие для квадрокоптеров;спорт і активний відпочинок;радіокеровані пристрої;акумулятори для дронів і літаків;12;10000;50000;1.28;;;0.9;0.9;1;
500415;Фото-, видеокамеры и аксессуары > Запчасти и комплектующие для квадрокоптеров;спорт і активний відпочинок;радіокеровані пристрої;акумулятори для дронів і літаків;7;50000;70000;1.21;;;0.9;0.9;1;
500415;Фото-, видеокамеры и аксессуары > Запчасти и комплектующие для квадрокоптеров;спорт і активний відпочинок;радіокеровані пристрої;акумулятори для дронів і літаків;5;70000;100000;1.18;;;0.9;0.9;1;
500415;Фото-, видеокамеры и аксессуары > Запчасти и комплектующие для квадрокоптеров;спорт і активний відпочинок;радіокеровані пристрої;акумулятори для дронів і літаків;3;100000;9999999999999.99;1.16;;;0.9;0.9;1;
500901;Повербанки и зарядные станции > Зарядные станции;дім;техніка;зарядна станція;12;0;7000;1.28;;;0.9;0.9;1;
500901;Повербанки и зарядные станции > Зарядные станции;дім;техніка;зарядна станція;10;7000;18000;1.25;;;0.9;0.9;1;
500901;Повербанки и зарядные станции > Зарядные станции;дім;техніка;зарядна станція;8;18000;40000;1.22;;;0.9;0.9;1;
500901;Повербанки и зарядные станции > Зарядные станции;дім;техніка;зарядна станція;5;40000;60000;1.18;;;0.9;0.9;1;
500901;Повербанки и зарядные станции > Зарядные станции;дім;техніка;зарядна станція;3;60000;9999999999999.99;1.16;;;0.9;0.9;1;
1250303;Инструменты для обработки почвы > Вилы;дім;сад, город;вила;18;0;5000;1.38;;;0.9;0.9;1;
1250303;Инструменты для обработки почвы > Вилы;дім;сад, город;вила;12;5000;10000;1.28;;;0.9;0.9;1;
1250303;Инструменты для обработки почвы > Вилы;дім;сад, город;вила;10;10000;20000;1.25;;;0.9;0.9;1;
1250303;Инструменты для обработки почвы > Вилы;дім;сад, город;вила;7;20000;9999999999999.99;1.21;;;0.9;0.9;1;
1250305;Инструменты для обработки почвы > Посадочные совки, вилки;дім;сад, город;садовий совок;18;0;5000;1.38;;;0.9;0.9;1;
1250305;Инструменты для обработки почвы > Посадочные совки, вилки;дім;сад, город;садовий совок;12;5000;10000;1.28;;;0.9;0.9;1;
1250305;Инструменты для обработки почвы > Посадочные совки, вилки;дім;сад, город;садовий совок;10;10000;20000;1.25;;;0.9;0.9;1;
1250305;Инструменты для обработки почвы > Посадочные совки, вилки;дім;сад, город;садовий совок;7;20000;9999999999999.99;1.21;;;0.9;0.9;1;
1250307;Инструменты для обработки почвы > Мотыги, тяпки, сапки;дім;сад, город;тяпка;18;0;5000;1.38;;;0.9;0.9;1;
1250307;Инструменты для обработки почвы > Мотыги, тяпки, сапки;дім;сад, город;тяпка;12;5000;10000;1.28;;;0.9;0.9;1;
1250307;Инструменты для обработки почвы > Мотыги, тяпки, сапки;дім;сад, город;тяпка;10;10000;20000;1.25;;;0.9;0.9;1;
1250307;Инструменты для обработки почвы > Мотыги, тяпки, сапки;дім;сад, город;тяпка;7;20000;9999999999999.99;1.21;;;0.9;0.9;1;
1250309;Садовый инвентарь и освещение > Садовые пылесосы, воздуходувки;побутова техніка;дрібна побутова техніка;ручний пилосос;15;0;18000;1.33;;;0.9;0.9;1;
1250309;Садовый инвентарь и освещение > Садовые пылесосы, воздуходувки;побутова техніка;дрібна побутова техніка;ручний пилосос;10;18000;9999999999999.99;1.25;;;0.9;0.9;1;
1250311;Инструменты для обрезки > Пилы для обрезки ветвей;дім;інструменти;шабельна пилка;18;0;4000;1.38;;;0.9;0.9;1;
1250311;Инструменты для обрезки > Пилы для обрезки ветвей;дім;інструменти;шабельна пилка;15;4000;7000;1.33;;;0.9;0.9;1;
1250311;Инструменты для обрезки > Пилы для обрезки ветвей;дім;інструменти;шабельна пилка;12;7000;10000;1.28;;;0.9;0.9;1;
1250311;Инструменты для обрезки > Пилы для обрезки ветвей;дім;інструменти;шабельна пилка;10;10000;20000;1.25;;;0.9;0.9;1;
1250311;Инструменты для обрезки > Пилы для обрезки ветвей;дім;інструменти;шабельна пилка;7;20000;100000;1.21;;;0.9;0.9;1;
1250311;Инструменты для обрезки > Пилы для обрезки ветвей;дім;інструменти;шабельна пилка;3;100000;9999999999999.99;1.16;;;0.9;0.9;1;
1250312;Инструменты для обрезки > Садовые ножницы, секаторы, ножи;дім;сад, город;ножівка садова;18;0;5000;1.38;;;0.9;0.9;1;
1250312;Инструменты для обрезки > Садовые ножницы, секаторы, ножи;дім;сад, город;ножівка садова;12;5000;10000;1.28;;;0.9;0.9;1;
1250312;Инструменты для обрезки > Садовые ножницы, секаторы, ножи;дім;сад, город;ножівка садова;10;10000;20000;1.25;;;0.9;0.9;1;
1250312;Инструменты для обрезки > Садовые ножницы, секаторы, ножи;дім;сад, город;ножівка садова;7;20000;9999999999999.99;1.21;;;0.9;0.9;1;
1250313;Инструменты для обработки почвы > Грабли;дім;сад, город;граблі;18;0;5000;1.38;;;0.9;0.9;1;
1250313;Инструменты для обработки почвы > Грабли;дім;сад, город;граблі;12;5000;10000;1.28;;;0.9;0.9;1;
1250313;Инструменты для обработки почвы > Грабли;дім;сад, город;граблі;10;10000;20000;1.25;;;0.9;0.9;1;
1250313;Инструменты для обработки почвы > Грабли;дім;сад, город;граблі;7;20000;9999999999999.99;1.21;;;0.9;0.9;1;
3080804;Одежда рабочая > Комбинезоны и полукомбинезоны рабочие;унісекс;одяг;комбінезон захисний;22;0;2000;1.45;;;0.9;0.9;1;
3080804;Одежда рабочая > Комбинезоны и полукомбинезоны рабочие;унісекс;одяг;комбінезон захисний;15;2000;4000;1.33;;;0.9;0.9;1;
3080804;Одежда рабочая > Комбинезоны и полукомбинезоны рабочие;унісекс;одяг;комбінезон захисний;10;4000;10000;1.25;;;0.9;0.9;1;
3080804;Одежда рабочая > Комбинезоны и полукомбинезоны рабочие;унісекс;одяг;комбінезон захисний;5;10000;9999999999999.99;1.18;;;0.9;0.9;1;
3082002;Тактическая защита и экипировка > Разгрузочные жилеты и плитоноски без плит;воєнторг;тактичне спорядження;розвантажувальний жилет;9;0;2000;1.24;;;0.9;0.9;1;
3082002;Тактическая защита и экипировка > Разгрузочные жилеты и плитоноски без плит;воєнторг;тактичне спорядження;розвантажувальний жилет;8;2000;15000;1.22;;;0.9;0.9;1;
3082002;Тактическая защита и экипировка > Разгрузочные жилеты и плитоноски без плит;воєнторг;тактичне спорядження;розвантажувальний жилет;7;15000;50000;1.21;;;0.9;0.9;1;
3082002;Тактическая защита и экипировка > Разгрузочные жилеты и плитоноски без плит;воєнторг;тактичне спорядження;розвантажувальний жилет;5;50000;100000;1.18;;;0.9;0.9;1;
3082002;Тактическая защита и экипировка > Разгрузочные жилеты и плитоноски без плит;воєнторг;тактичне спорядження;розвантажувальний жилет;3;100000;9999999999999.99;1.16;;;0.9;0.9;1;
5090201;Телефоны и аксессуары > Стационарные телефоны;смартфони, телефони і аксесуари;телефонія;стаціонарний телефон;10;0;9999999999999.99;1.25;;;0.9;0.9;1;
5090319;Аксессуары для мобильных телефонов > Зарядные устройства для смартфонов и планшетов;смартфони, телефони і аксесуари;аксесуари для мобільних телефонів і смартфонів;зарядний пристрій;18;0;9999999999999.99;1.38;;;0.9;0.9;1;
5090503;Беспроводная связь > Усилители антенные;ноутбуки, комп'ютери і планшети;мережеве обладнання;антена;12;0;1000;1.28;;;0.9;0.9;1;
5090503;Беспроводная связь > Усилители антенные;ноутбуки, комп'ютери і планшети;мережеве обладнання;антена;10;1000;9000;1.25;;;0.9;0.9;1;
5090503;Беспроводная связь > Усилители антенные;ноутбуки, комп'ютери і планшети;мережеве обладнання;антена;7;9000;9999999999999.99;1.21;;;0.9;0.9;1;
5090506;Беспроводная связь > Мосты, шлюзы беспроводных сетей;ноутбуки, комп'ютери і планшети;мережеве обладнання;бездротова точка доступу;15;0;9999999999999.99;1.33;;;0.9;0.9;1;
5090509;Беспроводная связь > Wi-fi адаптеры;ноутбуки, комп'ютери і планшети;мережеве обладнання;мережевий адаптер;12;0;1000;1.28;;;0.9;0.9;1;
5090509;Беспроводная связь > Wi-fi адаптеры;ноутбуки, комп'ютери і планшети;мережеве обладнання;мережевий адаптер;10;1000;9000;1.25;;;0.9;0.9;1;
5090509;Беспроводная связь > Wi-fi адаптеры;ноутбуки, комп'ютери і планшети;мережеве обладнання;мережевий адаптер;7;9000;9999999999999.99;1.21;;;0.9;0.9;1;
5090510;Аксессуары для телевизоров и проекторов > Телевизионные антенны;телевізори, фото і відео техніка;телевізори;тв-антена;18;0;9999999999999.99;1.38;;;0.9;0.9;1;
5092006;Оптоволоконное оборудование > Оптические конвертеры;ноутбуки, комп'ютери і планшети;мережеве обладнання;sfp модулі;15;0;9999999999999.99;1.33;;;0.9;0.9;1;
5092007;Оптоволоконное оборудование > Модули GBIC и SFP;ноутбуки, комп'ютери і планшети;мережеве обладнання;sfp модулі;15;0;9999999999999.99;1.33;;;0.9;0.9;1;
5092902;Пассивное сетевое оборудование > Патч-панели;ноутбуки, комп'ютери і планшети;мережеве обладнання;оптичні патч панелі;12;0;1000;1.28;;;0.9;0.9;1;
5092902;Пассивное сетевое оборудование > Патч-панели;ноутбуки, комп'ютери і планшети;мережеве обладнання;оптичні патч панелі;10;1000;9000;1.25;;;0.9;0.9;1;
5092902;Пассивное сетевое оборудование > Патч-панели;ноутбуки, комп'ютери і планшети;мережеве обладнання;оптичні патч панелі;7;9000;9999999999999.99;1.21;;;0.9;0.9;1;
5092904;Пассивное сетевое оборудование > Коммуникационные розетки;дім;інструменти;розетка;18;0;4000;1.38;;;0.9;0.9;1;
5092904;Пассивное сетевое оборудование > Коммуникационные розетки;дім;інструменти;розетка;15;4000;7000;1.33;;;0.9;0.9;1;
5092904;Пассивное сетевое оборудование > Коммуникационные розетки;дім;інструменти;розетка;12;7000;10000;1.28;;;0.9;0.9;1;
5092904;Пассивное сетевое оборудование > Коммуникационные розетки;дім;інструменти;розетка;10;10000;20000;1.25;;;0.9;0.9;1;
5092904;Пассивное сетевое оборудование > Коммуникационные розетки;дім;інструменти;розетка;7;20000;100000;1.21;;;0.9;0.9;1;
5092904;Пассивное сетевое оборудование > Коммуникационные розетки;дім;інструменти;розетка;3;100000;9999999999999.99;1.16;;;0.9;0.9;1;
5092913;Монтажное оборудование > Кабеленесущие системы;дім;безпечний дім;аксесуари для відеоспостереження;15;0;10000;1.33;;;0.9;0.9;1;
5092913;Монтажное оборудование > Кабеленесущие системы;дім;безпечний дім;аксесуари для відеоспостереження;12;10000;30000;1.28;;;0.9;0.9;1;
5092913;Монтажное оборудование > Кабеленесущие системы;дім;безпечний дім;аксесуари для відеоспостереження;10;30000;9999999999999.99;1.25;;;0.9;0.9;1;
5093501;Инструмент для сетевых работ > Инструмент для заделки кабеля;дім;інструменти;кабелеріз;18;0;4000;1.38;;;0.9;0.9;1;
5093501;Инструмент для сетевых работ > Инструмент для заделки кабеля;дім;інструменти;кабелеріз;15;4000;7000;1.33;;;0.9;0.9;1;
5093501;Инструмент для сетевых работ > Инструмент для заделки кабеля;дім;інструменти;кабелеріз;12;7000;10000;1.28;;;0.9;0.9;1;
5093501;Инструмент для сетевых работ > Инструмент для заделки кабеля;дім;інструменти;кабелеріз;10;10000;20000;1.25;;;0.9;0.9;1;
5093501;Инструмент для сетевых работ > Инструмент для заделки кабеля;дім;інструменти;кабелеріз;7;20000;100000;1.21;;;0.9;0.9;1;
5093501;Инструмент для сетевых работ > Инструмент для заделки кабеля;дім;інструменти;кабелеріз;3;100000;9999999999999.99;1.16;;;0.9;0.9;1;
5140401;Преобразователи > Инверторы;дім;техніка;інвертор для сонячних батарей;15;0;18000;1.33;;;0.9;0.9;1;
5140401;Преобразователи > Инверторы;дім;техніка;інвертор для сонячних батарей;10;18000;9999999999999.99;1.25;;;0.9;0.9;1;
5280501;Батареи и аккумуляторы > Аккумуляторы общего назначения;дім;техніка;акумулятор;15;0;18000;1.33;;;0.9;0.9;1;
5280501;Батареи и аккумуляторы > Аккумуляторы общего назначения;дім;техніка;акумулятор;10;18000;9999999999999.99;1.25;;;0.9;0.9;1;
6370603;Спутниковое, кабельное телевидение > Ресиверы цифрового телевидения;телевізори, фото і відео техніка;телевізори;тв-тюнер;15;0;5000;1.33;;;0.9;0.9;1;
6370603;Спутниковое, кабельное телевидение > Ресиверы цифрового телевидения;телевізори, фото і відео техніка;телевізори;тв-тюнер;10;5000;10000;1.25;;;0.9;0.9;1;
6370603;Спутниковое, кабельное телевидение > Ресиверы цифрового телевидения;телевізори, фото і відео техніка;телевізори;тв-тюнер;7;10000;9999999999999.99;1.21;;;0.9;0.9;1;
6370714;TV и видеотехника > Телевизоры;телевізори, фото і відео техніка;телевізори;телевізор;12;0;7000;1.28;;;0.9;0.9;1;
6370714;TV и видеотехника > Телевизоры;телевізори, фото і відео техніка;телевізори;телевізор;7;7000;18000;1.21;;;0.9;0.9;1;
6370714;TV и видеотехника > Телевизоры;телевізори, фото і відео техніка;телевізори;телевізор;5;18000;50000;1.18;;;0.9;0.9;1;
6370714;TV и видеотехника > Телевизоры;телевізори, фото і відео техніка;телевізори;телевізор;3;50000;9999999999999.99;1.16;;;0.9;0.9;1;
6370902;TV и видеотехника > Медиаплееры;телевізори, фото і відео техніка;телевізори;smart приставка (медіаплеєр);12;0;1000;1.28;;;0.9;0.9;1;
6370902;TV и видеотехника > Медиаплееры;телевізори, фото і відео техніка;телевізори;smart приставка (медіаплеєр);10;1000;3000;1.25;;;0.9;0.9;1;
6370902;TV и видеотехника > Медиаплееры;телевізори, фото і відео техніка;телевізори;smart приставка (медіаплеєр);8;3000;9999999999999.99;1.22;;;0.9;0.9;1;
6371204;Аудиотехника и аксессуары > Микрофоны;акустика і навушники;портативне аудіо;мікрофон;18;0;3000;1.38;;;0.9;0.9;1;
6371204;Аудиотехника и аксессуары > Микрофоны;акустика і навушники;портативне аудіо;мікрофон;12;3000;7000;1.28;;;0.9;0.9;1;
6371204;Аудиотехника и аксессуары > Микрофоны;акустика і навушники;портативне аудіо;мікрофон;10;7000;10000;1.25;;;0.9;0.9;1;
6371204;Аудиотехника и аксессуары > Микрофоны;акустика і навушники;портативне аудіо;мікрофон;7;10000;21000;1.21;;;0.9;0.9;1;
6371204;Аудиотехника и аксессуары > Микрофоны;акустика і навушники;портативне аудіо;мікрофон;5;21000;9999999999999.99;1.18;;;0.9;0.9;1;
6371702;Спутниковое, кабельное телевидение > Спутниковые конвертеры;телевізори, фото і відео техніка;телевізори;тв-антена;18;0;9999999999999.99;1.38;;;0.9;0.9;1;
6371703;Спутниковое, кабельное телевидение > Дайсеки, усилители, телевизионные разветвители;телевізори, фото і відео техніка;телевізори;тв-антена;18;0;9999999999999.99;1.38;;;0.9;0.9;1;
6371704;Спутниковое, кабельное телевидение > Спутниковые антенны;телевізори, фото і відео техніка;телевізори;тв-антена;18;0;9999999999999.99;1.38;;;0.9;0.9;1;
6371808;Профессиональное аудио-, видео-, фото оборудование > Коммутаторы сигнала;телевізори, фото і відео техніка;телевізори;перехідник;18;0;9999999999999.99;1.38;;;0.9;0.9;1;
6371809;Профессиональное аудио-, видео-, фото оборудование > Приемники и передатчики сигнала;дім;безпечний дім;аксесуари для відеоспостереження;15;0;10000;1.33;;;0.9;0.9;1;
6371809;Профессиональное аудио-, видео-, фото оборудование > Приемники и передатчики сигнала;дім;безпечний дім;аксесуари для відеоспостереження;12;10000;30000;1.28;;;0.9;0.9;1;
6371809;Профессиональное аудио-, видео-, фото оборудование > Приемники и передатчики сигнала;дім;безпечний дім;аксесуари для відеоспостереження;10;30000;9999999999999.99;1.25;;;0.9;0.9;1;
6371818;Системы охраны и оповещения > Громкоговорители;акустика і навушники;акустичні системи;гучномовець;15;0;5000;1.33;;;0.9;0.9;1;
6371818;Системы охраны и оповещения > Громкоговорители;акустика і навушники;акустичні системи;гучномовець;12;5000;12000;1.28;;;0.9;0.9;1;
6371818;Системы охраны и оповещения > Громкоговорители;акустика і навушники;акустичні системи;гучномовець;10;12000;9999999999999.99;1.25;;;0.9;0.9;1;
7081201;Инструменты для обработки почвы > Ручные культиваторы, плуги;дім;сад, город;культиватор;18;0;5000;1.38;;;0.9;0.9;1;
7081201;Инструменты для обработки почвы > Ручные культиваторы, плуги;дім;сад, город;культиватор;12;5000;10000;1.28;;;0.9;0.9;1;
7081201;Инструменты для обработки почвы > Ручные культиваторы, плуги;дім;сад, город;культиватор;10;10000;20000;1.25;;;0.9;0.9;1;
7081201;Инструменты для обработки почвы > Ручные культиваторы, плуги;дім;сад, город;культиватор;7;20000;9999999999999.99;1.21;;;0.9;0.9;1;
7190601;Пассивное сетевое оборудование > Сетевые коннекторы, модули и разъемы;ноутбуки, комп'ютери і планшети;мережеве обладнання;конектор;12;0;1000;1.28;;;0.9;0.9;1;
7190601;Пассивное сетевое оборудование > Сетевые коннекторы, модули и разъемы;ноутбуки, комп'ютери і планшети;мережеве обладнання;конектор;10;1000;9000;1.25;;;0.9;0.9;1;
7190601;Пассивное сетевое оборудование > Сетевые коннекторы, модули и разъемы;ноутбуки, комп'ютери і планшети;мережеве обладнання;конектор;7;9000;9999999999999.99;1.21;;;0.9;0.9;1;
7190603;Пассивное сетевое оборудование > HUB'ы, мосты, репитеры;ноутбуки, комп'ютери і планшети;мережеве обладнання;підсилювач сигналу;12;0;1000;1.28;;;0.9;0.9;1;
7190603;Пассивное сетевое оборудование > HUB'ы, мосты, репитеры;ноутбуки, комп'ютери і планшети;мережеве обладнання;підсилювач сигналу;10;1000;9000;1.25;;;0.9;0.9;1;
7190603;Пассивное сетевое оборудование > HUB'ы, мосты, репитеры;ноутбуки, комп'ютери і планшети;мережеве обладнання;підсилювач сигналу;7;9000;9999999999999.99;1.21;;;0.9;0.9;1;
7190604;Пассивное сетевое оборудование > Патч-корды;ноутбуки, комп'ютери і планшети;мережеве обладнання;патч-корд;12;0;1000;1.28;;;0.9;0.9;1;
7190604;Пассивное сетевое оборудование > Патч-корды;ноутбуки, комп'ютери і планшети;мережеве обладнання;патч-корд;10;1000;9000;1.25;;;0.9;0.9;1;
7190604;Пассивное сетевое оборудование > Патч-корды;ноутбуки, комп'ютери і планшети;мережеве обладнання;патч-корд;7;9000;9999999999999.99;1.21;;;0.9;0.9;1;
7190605;Провод, кабель, системы соединения > Кабель для систем связи;ноутбуки, комп'ютери і планшети;мережеве обладнання;кабель;12;0;1000;1.28;;;0.9;0.9;1;
7190605;Провод, кабель, системы соединения > Кабель для систем связи;ноутбуки, комп'ютери і планшети;мережеве обладнання;кабель;10;1000;9000;1.25;;;0.9;0.9;1;
7190605;Провод, кабель, системы соединения > Кабель для систем связи;ноутбуки, комп'ютери і планшети;мережеве обладнання;кабель;7;9000;9999999999999.99;1.21;;;0.9;0.9;1;
8210510;Уход за бытовой техникой > Средства для очистки бытовой техники;ноутбуки, комп'ютери і планшети;аксесуари;набір для чищення електроніки;18;0;9999999999999.99;1.38;;;0.9;0.9;1;
12110205;Автоинструмент > Автомобильные насосы, компрессоры и манометры;автотовари, інструменти;авто і мото;насос;13;0;3000;1.29;;;0.9;0.9;1;
12110205;Автоинструмент > Автомобильные насосы, компрессоры и манометры;автотовари, інструменти;авто і мото;насос;7;3000;10000;1.21;;;0.9;0.9;1;
12110205;Автоинструмент > Автомобильные насосы, компрессоры и манометры;автотовари, інструменти;авто і мото;насос;5;10000;20000;1.18;;;0.9;0.9;1;
12110205;Автоинструмент > Автомобильные насосы, компрессоры и манометры;автотовари, інструменти;авто і мото;насос;3;20000;9999999999999.99;1.16;;;0.9;0.9;1;
13040909;Геодезическое оборудование > Нивелирные рейки и вехи;дім;інструменти;нівелір;18;0;4000;1.38;;;0.9;0.9;1;
13040909;Геодезическое оборудование > Нивелирные рейки и вехи;дім;інструменти;нівелір;15;4000;7000;1.33;;;0.9;0.9;1;
13040909;Геодезическое оборудование > Нивелирные рейки и вехи;дім;інструменти;нівелір;12;7000;10000;1.28;;;0.9;0.9;1;
13040909;Геодезическое оборудование > Нивелирные рейки и вехи;дім;інструменти;нівелір;10;10000;20000;1.25;;;0.9;0.9;1;
13040909;Геодезическое оборудование > Нивелирные рейки и вехи;дім;інструменти;нівелір;7;20000;100000;1.21;;;0.9;0.9;1;
13040909;Геодезическое оборудование > Нивелирные рейки и вехи;дім;інструменти;нівелір;3;100000;9999999999999.99;1.16;;;0.9;0.9;1;
13070701;Леса и другие конструкции для ремонтно-строительных работ > Стремянки;дім;господарські товари;драбина;18;0;5000;1.38;;;0.9;0.9;1;
13070701;Леса и другие конструкции для ремонтно-строительных работ > Стремянки;дім;господарські товари;драбина;12;5000;10000;1.28;;;0.9;0.9;1;
13070701;Леса и другие конструкции для ремонтно-строительных работ > Стремянки;дім;господарські товари;драбина;10;10000;20000;1.25;;;0.9;0.9;1;
13070701;Леса и другие конструкции для ремонтно-строительных работ > Стремянки;дім;господарські товари;драбина;7;20000;9999999999999.99;1.21;;;0.9;0.9;1;
13070703;Леса и другие конструкции для ремонтно-строительных работ > Строительные и садовые лестницы;дім;ремонт і будівельні матеріали;сходи;18;0;4000;1.38;;;0.9;0.9;1;
13070703;Леса и другие конструкции для ремонтно-строительных работ > Строительные и садовые лестницы;дім;ремонт і будівельні матеріали;сходи;15;4000;7000;1.33;;;0.9;0.9;1;
13070703;Леса и другие конструкции для ремонтно-строительных работ > Строительные и садовые лестницы;дім;ремонт і будівельні матеріали;сходи;12;7000;10000;1.28;;;0.9;0.9;1;
13070703;Леса и другие конструкции для ремонтно-строительных работ > Строительные и садовые лестницы;дім;ремонт і будівельні матеріали;сходи;10;10000;20000;1.25;;;0.9;0.9;1;
13070703;Леса и другие конструкции для ремонтно-строительных работ > Строительные и садовые лестницы;дім;ремонт і будівельні матеріали;сходи;7;20000;100000;1.21;;;0.9;0.9;1;
13070703;Леса и другие конструкции для ремонтно-строительных работ > Строительные и садовые лестницы;дім;ремонт і будівельні матеріали;сходи;3;100000;9999999999999.99;1.16;;;0.9;0.9;1;
13240415;Бытовая очистка воды > Бытовые фильтры комплексной очистки воды;сантехніка та ремонт;побутові фільтри для води;фільтр;18;0;4000;1.38;;;0.9;0.9;1;
13240415;Бытовая очистка воды > Бытовые фильтры комплексной очистки воды;сантехніка та ремонт;побутові фільтри для води;фільтр;15;4000;7000;1.33;;;0.9;0.9;1;
13240415;Бытовая очистка воды > Бытовые фильтры комплексной очистки воды;сантехніка та ремонт;побутові фільтри для води;фільтр;12;7000;10000;1.28;;;0.9;0.9;1;
13240415;Бытовая очистка воды > Бытовые фильтры комплексной очистки воды;сантехніка та ремонт;побутові фільтри для води;фільтр;10;10000;20000;1.25;;;0.9;0.9;1;
13240415;Бытовая очистка воды > Бытовые фильтры комплексной очистки воды;сантехніка та ремонт;побутові фільтри для води;фільтр;7;20000;100000;1.21;;;0.9;0.9;1;
13240415;Бытовая очистка воды > Бытовые фильтры комплексной очистки воды;сантехніка та ремонт;побутові фільтри для води;фільтр;3;100000;9999999999999.99;1.16;;;0.9;0.9;1;
13560901;Ворота, ограждения, шлагбаумы и комплектующие > Аксессуары для ворот и шлагбаумов;дім;товари для бізнесу;шлагбаум;18;0;5000;1.38;;;0.9;0.9;1;
13560901;Ворота, ограждения, шлагбаумы и комплектующие > Аксессуары для ворот и шлагбаумов;дім;товари для бізнесу;шлагбаум;12;5000;10000;1.28;;;0.9;0.9;1;
13560901;Ворота, ограждения, шлагбаумы и комплектующие > Аксессуары для ворот и шлагбаумов;дім;товари для бізнесу;шлагбаум;10;10000;20000;1.25;;;0.9;0.9;1;
13560901;Ворота, ограждения, шлагбаумы и комплектующие > Аксессуары для ворот и шлагбаумов;дім;товари для бізнесу;шлагбаум;7;20000;9999999999999.99;1.21;;;0.9;0.9;1;
14172701;Электрические пилы > Ручные дисковые пилы;дім;інструменти;циркулярна пилка;18;0;4000;1.38;;;0.9;0.9;1;
14172701;Электрические пилы > Ручные дисковые пилы;дім;інструменти;циркулярна пилка;15;4000;7000;1.33;;;0.9;0.9;1;
14172701;Электрические пилы > Ручные дисковые пилы;дім;інструменти;циркулярна пилка;12;7000;10000;1.28;;;0.9;0.9;1;
14172701;Электрические пилы > Ручные дисковые пилы;дім;інструменти;циркулярна пилка;10;10000;20000;1.25;;;0.9;0.9;1;
14172701;Электрические пилы > Ручные дисковые пилы;дім;інструменти;циркулярна пилка;7;20000;100000;1.21;;;0.9;0.9;1;
14172701;Электрические пилы > Ручные дисковые пилы;дім;інструменти;циркулярна пилка;3;100000;9999999999999.99;1.16;;;0.9;0.9;1;
14190303;Электроизоляторы > Электроизоляционные ленты и трубки;дім;інструменти;ізолента;18;0;4000;1.38;;;0.9;0.9;1;
14190303;Электроизоляторы > Электроизоляционные ленты и трубки;дім;інструменти;ізолента;15;4000;7000;1.33;;;0.9;0.9;1;
14190303;Электроизоляторы > Электроизоляционные ленты и трубки;дім;інструменти;ізолента;12;7000;10000;1.28;;;0.9;0.9;1;
14190303;Электроизоляторы > Электроизоляционные ленты и трубки;дім;інструменти;ізолента;10;10000;20000;1.25;;;0.9;0.9;1;
14190303;Электроизоляторы > Электроизоляционные ленты и трубки;дім;інструменти;ізолента;7;20000;100000;1.21;;;0.9;0.9;1;
14190303;Электроизоляторы > Электроизоляционные ленты и трубки;дім;інструменти;ізолента;3;100000;9999999999999.99;1.16;;;0.9;0.9;1;
14190406;Провод, кабель, системы соединения > Разъемы и коннекторы;дім;інструменти;роз’єм живлення;18;0;4000;1.38;;;0.9;0.9;1;
14190406;Провод, кабель, системы соединения > Разъемы и коннекторы;дім;інструменти;роз’єм живлення;15;4000;7000;1.33;;;0.9;0.9;1;
14190406;Провод, кабель, системы соединения > Разъемы и коннекторы;дім;інструменти;роз’єм живлення;12;7000;10000;1.28;;;0.9;0.9;1;
14190406;Провод, кабель, системы соединения > Разъемы и коннекторы;дім;інструменти;роз’єм живлення;10;10000;20000;1.25;;;0.9;0.9;1;
14190406;Провод, кабель, системы соединения > Разъемы и коннекторы;дім;інструменти;роз’єм живлення;7;20000;100000;1.21;;;0.9;0.9;1;
14190406;Провод, кабель, системы соединения > Разъемы и коннекторы;дім;інструменти;роз’єм живлення;3;100000;9999999999999.99;1.16;;;0.9;0.9;1;
14190408;Провод, кабель, системы соединения > Силовые кабели, перемычки;дім;інструменти;кабель;18;0;4000;1.38;;;0.9;0.9;1;
14190408;Провод, кабель, системы соединения > Силовые кабели, перемычки;дім;інструменти;кабель;15;4000;7000;1.33;;;0.9;0.9;1;
14190408;Провод, кабель, системы соединения > Силовые кабели, перемычки;дім;інструменти;кабель;12;7000;10000;1.28;;;0.9;0.9;1;
14190408;Провод, кабель, системы соединения > Силовые кабели, перемычки;дім;інструменти;кабель;10;10000;20000;1.25;;;0.9;0.9;1;
14190408;Провод, кабель, системы соединения > Силовые кабели, перемычки;дім;інструменти;кабель;7;20000;100000;1.21;;;0.9;0.9;1;
14190408;Провод, кабель, системы соединения > Силовые кабели, перемычки;дім;інструменти;кабель;3;100000;9999999999999.99;1.16;;;0.9;0.9;1;
14190901;Реле > Реле напряжения;дім;інструменти;реле;18;0;4000;1.38;;;0.9;0.9;1;
14190901;Реле > Реле напряжения;дім;інструменти;реле;15;4000;7000;1.33;;;0.9;0.9;1;
14190901;Реле > Реле напряжения;дім;інструменти;реле;12;7000;10000;1.28;;;0.9;0.9;1;
14190901;Реле > Реле напряжения;дім;інструменти;реле;10;10000;20000;1.25;;;0.9;0.9;1;
14190901;Реле > Реле напряжения;дім;інструменти;реле;7;20000;100000;1.21;;;0.9;0.9;1;
14190901;Реле > Реле напряжения;дім;інструменти;реле;3;100000;9999999999999.99;1.16;;;0.9;0.9;1;
14190906;Реле > Автоматические выключатели, УЗО;дім;інструменти;автоматичний вимикач;18;0;4000;1.38;;;0.9;0.9;1;
14190906;Реле > Автоматические выключатели, УЗО;дім;інструменти;автоматичний вимикач;15;4000;7000;1.33;;;0.9;0.9;1;
14190906;Реле > Автоматические выключатели, УЗО;дім;інструменти;автоматичний вимикач;12;7000;10000;1.28;;;0.9;0.9;1;
14190906;Реле > Автоматические выключатели, УЗО;дім;інструменти;автоматичний вимикач;10;10000;20000;1.25;;;0.9;0.9;1;
14190906;Реле > Автоматические выключатели, УЗО;дім;інструменти;автоматичний вимикач;7;20000;100000;1.21;;;0.9;0.9;1;
14190906;Реле > Автоматические выключатели, УЗО;дім;інструменти;автоматичний вимикач;3;100000;9999999999999.99;1.16;;;0.9;0.9;1;
14191103;Блоки питания > Промышленные и бытовые источники питания;дім;декор;блок живлення;15;0;10000;1.33;;;0.9;0.9;1;
14191103;Блоки питания > Промышленные и бытовые источники питания;дім;декор;блок живлення;12;10000;30000;1.28;;;0.9;0.9;1;
14191103;Блоки питания > Промышленные и бытовые источники питания;дім;декор;блок живлення;10;30000;9999999999999.99;1.25;;;0.9;0.9;1;
14191106;Блоки питания > Источники бесперебойного питания (ИБП);ноутбуки, комп'ютери і планшети;аксесуари;джерела безперебійного живлення;15;0;9999999999999.99;1.33;;;0.9;0.9;1;
14191107;Блоки питания > Стабилизаторы напряжения;побутова техніка;велика побутова техніка;стабілізатор напруги;10;0;20000;1.25;;;0.9;0.9;1;
14191107;Блоки питания > Стабилизаторы напряжения;побутова техніка;велика побутова техніка;стабілізатор напруги;7;20000;50000;1.21;;;0.9;0.9;1;
14191107;Блоки питания > Стабилизаторы напряжения;побутова техніка;велика побутова техніка;стабілізатор напруги;5;50000;9999999999999.99;1.18;;;0.9;0.9;1;
14200301;Ручной инструмент > Топоры;дім;інструменти;сокира;18;0;4000;1.38;;;0.9;0.9;1;
14200301;Ручной инструмент > Топоры;дім;інструменти;сокира;15;4000;7000;1.33;;;0.9;0.9;1;
14200301;Ручной инструмент > Топоры;дім;інструменти;сокира;12;7000;10000;1.28;;;0.9;0.9;1;
14200301;Ручной инструмент > Топоры;дім;інструменти;сокира;10;10000;20000;1.25;;;0.9;0.9;1;
14200301;Ручной инструмент > Топоры;дім;інструменти;сокира;7;20000;100000;1.21;;;0.9;0.9;1;
14200301;Ручной инструмент > Топоры;дім;інструменти;сокира;3;100000;9999999999999.99;1.16;;;0.9;0.9;1;
14200305;Ручной инструмент > Молотки, кувалды, киянки;дім;інструменти;молоток;18;0;4000;1.38;;;0.9;0.9;1;
14200305;Ручной инструмент > Молотки, кувалды, киянки;дім;інструменти;молоток;15;4000;7000;1.33;;;0.9;0.9;1;
14200305;Ручной инструмент > Молотки, кувалды, киянки;дім;інструменти;молоток;12;7000;10000;1.28;;;0.9;0.9;1;
14200305;Ручной инструмент > Молотки, кувалды, киянки;дім;інструменти;молоток;10;10000;20000;1.25;;;0.9;0.9;1;
14200305;Ручной инструмент > Молотки, кувалды, киянки;дім;інструменти;молоток;7;20000;100000;1.21;;;0.9;0.9;1;
14200305;Ручной инструмент > Молотки, кувалды, киянки;дім;інструменти;молоток;3;100000;9999999999999.99;1.16;;;0.9;0.9;1;
14200306;Ручной инструмент > Строительные ножи, ножницы;дім;інструменти;ніж будівельний;18;0;4000;1.38;;;0.9;0.9;1;
14200306;Ручной инструмент > Строительные ножи, ножницы;дім;інструменти;ніж будівельний;15;4000;7000;1.33;;;0.9;0.9;1;
14200306;Ручной инструмент > Строительные ножи, ножницы;дім;інструменти;ніж будівельний;12;7000;10000;1.28;;;0.9;0.9;1;
14200306;Ручной инструмент > Строительные ножи, ножницы;дім;інструменти;ніж будівельний;10;10000;20000;1.25;;;0.9;0.9;1;
14200306;Ручной инструмент > Строительные ножи, ножницы;дім;інструменти;ніж будівельний;7;20000;100000;1.21;;;0.9;0.9;1;
14200306;Ручной инструмент > Строительные ножи, ножницы;дім;інструменти;ніж будівельний;3;100000;9999999999999.99;1.16;;;0.9;0.9;1;
14200308;Дереворежущий инструмент > Ручные пилы, ножовки;дім;інструменти;ножівка;18;0;4000;1.38;;;0.9;0.9;1;
14200308;Дереворежущий инструмент > Ручные пилы, ножовки;дім;інструменти;ножівка;15;4000;7000;1.33;;;0.9;0.9;1;
14200308;Дереворежущий инструмент > Ручные пилы, ножовки;дім;інструменти;ножівка;12;7000;10000;1.28;;;0.9;0.9;1;
14200308;Дереворежущий инструмент > Ручные пилы, ножовки;дім;інструменти;ножівка;10;10000;20000;1.25;;;0.9;0.9;1;
14200308;Дереворежущий инструмент > Ручные пилы, ножовки;дім;інструменти;ножівка;7;20000;100000;1.21;;;0.9;0.9;1;
14200308;Дереворежущий инструмент > Ручные пилы, ножовки;дім;інструменти;ножівка;3;100000;9999999999999.99;1.16;;;0.9;0.9;1;
14200310;Ручной инструмент > Отвертки;дім;інструменти;викрутка;18;0;4000;1.38;;;0.9;0.9;1;
14200310;Ручной инструмент > Отвертки;дім;інструменти;викрутка;15;4000;7000;1.33;;;0.9;0.9;1;
14200310;Ручной инструмент > Отвертки;дім;інструменти;викрутка;12;7000;10000;1.28;;;0.9;0.9;1;
14200310;Ручной инструмент > Отвертки;дім;інструменти;викрутка;10;10000;20000;1.25;;;0.9;0.9;1;
14200310;Ручной инструмент > Отвертки;дім;інструменти;викрутка;7;20000;100000;1.21;;;0.9;0.9;1;
14200310;Ручной инструмент > Отвертки;дім;інструменти;викрутка;3;100000;9999999999999.99;1.16;;;0.9;0.9;1;
14200327;Ключи > Разводные ключи;дім;інструменти;ключ розвідний;18;0;4000;1.38;;;0.9;0.9;1;
14200327;Ключи > Разводные ключи;дім;інструменти;ключ розвідний;15;4000;7000;1.33;;;0.9;0.9;1;
14200327;Ключи > Разводные ключи;дім;інструменти;ключ розвідний;12;7000;10000;1.28;;;0.9;0.9;1;
14200327;Ключи > Разводные ключи;дім;інструменти;ключ розвідний;10;10000;20000;1.25;;;0.9;0.9;1;
14200327;Ключи > Разводные ключи;дім;інструменти;ключ розвідний;7;20000;100000;1.21;;;0.9;0.9;1;
14200327;Ключи > Разводные ключи;дім;інструменти;ключ розвідний;3;100000;9999999999999.99;1.16;;;0.9;0.9;1;
14200329;Ключи > Шестигранные ключи;дім;інструменти;ключ торцевий;18;0;4000;1.38;;;0.9;0.9;1;
14200329;Ключи > Шестигранные ключи;дім;інструменти;ключ торцевий;15;4000;7000;1.33;;;0.9;0.9;1;
14200329;Ключи > Шестигранные ключи;дім;інструменти;ключ торцевий;12;7000;10000;1.28;;;0.9;0.9;1;
14200329;Ключи > Шестигранные ключи;дім;інструменти;ключ торцевий;10;10000;20000;1.25;;;0.9;0.9;1;
14200329;Ключи > Шестигранные ключи;дім;інструменти;ключ торцевий;7;20000;100000;1.21;;;0.9;0.9;1;
14200329;Ключи > Шестигранные ключи;дім;інструменти;ключ торцевий;3;100000;9999999999999.99;1.16;;;0.9;0.9;1;
14200332;Ключи > Торцевые головки;дім;інструменти;ключ торцевий;18;0;4000;1.38;;;0.9;0.9;1;
14200332;Ключи > Торцевые головки;дім;інструменти;ключ торцевий;15;4000;7000;1.33;;;0.9;0.9;1;
14200332;Ключи > Торцевые головки;дім;інструменти;ключ торцевий;12;7000;10000;1.28;;;0.9;0.9;1;
14200332;Ключи > Торцевые головки;дім;інструменти;ключ торцевий;10;10000;20000;1.25;;;0.9;0.9;1;
14200332;Ключи > Торцевые головки;дім;інструменти;ключ торцевий;7;20000;100000;1.21;;;0.9;0.9;1;
14200332;Ключи > Торцевые головки;дім;інструменти;ключ торцевий;3;100000;9999999999999.99;1.16;;;0.9;0.9;1;
14200340;Губцевые инструменты > Бокорезы, кусачки;дім;інструменти;бокорізи;18;0;4000;1.38;;;0.9;0.9;1;
14200340;Губцевые инструменты > Бокорезы, кусачки;дім;інструменти;бокорізи;15;4000;7000;1.33;;;0.9;0.9;1;
14200340;Губцевые инструменты > Бокорезы, кусачки;дім;інструменти;бокорізи;12;7000;10000;1.28;;;0.9;0.9;1;
14200340;Губцевые инструменты > Бокорезы, кусачки;дім;інструменти;бокорізи;10;10000;20000;1.25;;;0.9;0.9;1;
14200340;Губцевые инструменты > Бокорезы, кусачки;дім;інструменти;бокорізи;7;20000;100000;1.21;;;0.9;0.9;1;
14200340;Губцевые инструменты > Бокорезы, кусачки;дім;інструменти;бокорізи;3;100000;9999999999999.99;1.16;;;0.9;0.9;1;
14200341;Губцевые инструменты > Пассатижи, плоскогубцы, тонкогубцы;дім;інструменти;плоскогубці;18;0;4000;1.38;;;0.9;0.9;1;
14200341;Губцевые инструменты > Пассатижи, плоскогубцы, тонкогубцы;дім;інструменти;плоскогубці;15;4000;7000;1.33;;;0.9;0.9;1;
14200341;Губцевые инструменты > Пассатижи, плоскогубцы, тонкогубцы;дім;інструменти;плоскогубці;12;7000;10000;1.28;;;0.9;0.9;1;
14200341;Губцевые инструменты > Пассатижи, плоскогубцы, тонкогубцы;дім;інструменти;плоскогубці;10;10000;20000;1.25;;;0.9;0.9;1;
14200341;Губцевые инструменты > Пассатижи, плоскогубцы, тонкогубцы;дім;інструменти;плоскогубці;7;20000;100000;1.21;;;0.9;0.9;1;
14200341;Губцевые инструменты > Пассатижи, плоскогубцы, тонкогубцы;дім;інструменти;плоскогубці;3;100000;9999999999999.99;1.16;;;0.9;0.9;1;
14200347;Губцевые инструменты > Зажимные клещи;дім;інструменти;кліщі;18;0;4000;1.38;;;0.9;0.9;1;
14200347;Губцевые инструменты > Зажимные клещи;дім;інструменти;кліщі;15;4000;7000;1.33;;;0.9;0.9;1;
14200347;Губцевые инструменты > Зажимные клещи;дім;інструменти;кліщі;12;7000;10000;1.28;;;0.9;0.9;1;
14200347;Губцевые инструменты > Зажимные клещи;дім;інструменти;кліщі;10;10000;20000;1.25;;;0.9;0.9;1;
14200347;Губцевые инструменты > Зажимные клещи;дім;інструменти;кліщі;7;20000;100000;1.21;;;0.9;0.9;1;
14200347;Губцевые инструменты > Зажимные клещи;дім;інструменти;кліщі;3;100000;9999999999999.99;1.16;;;0.9;0.9;1;
14200348;Губцевые инструменты > Трубные клещи;дім;інструменти;кліщі;18;0;4000;1.38;;;0.9;0.9;1;
14200348;Губцевые инструменты > Трубные клещи;дім;інструменти;кліщі;15;4000;7000;1.33;;;0.9;0.9;1;
14200348;Губцевые инструменты > Трубные клещи;дім;інструменти;кліщі;12;7000;10000;1.28;;;0.9;0.9;1;
14200348;Губцевые инструменты > Трубные клещи;дім;інструменти;кліщі;10;10000;20000;1.25;;;0.9;0.9;1;
14200348;Губцевые инструменты > Трубные клещи;дім;інструменти;кліщі;7;20000;100000;1.21;;;0.9;0.9;1;
14200348;Губцевые инструменты > Трубные клещи;дім;інструменти;кліщі;3;100000;9999999999999.99;1.16;;;0.9;0.9;1;
14200374;Ручной инструмент > Строительные карандаши, маркеры;дім;ремонт і будівельні матеріали;ремонтний маркер;18;0;4000;1.38;;;0.9;0.9;1;
14200374;Ручной инструмент > Строительные карандаши, маркеры;дім;ремонт і будівельні матеріали;ремонтний маркер;15;4000;7000;1.33;;;0.9;0.9;1;
14200374;Ручной инструмент > Строительные карандаши, маркеры;дім;ремонт і будівельні матеріали;ремонтний маркер;12;7000;10000;1.28;;;0.9;0.9;1;
14200374;Ручной инструмент > Строительные карандаши, маркеры;дім;ремонт і будівельні матеріали;ремонтний маркер;10;10000;20000;1.25;;;0.9;0.9;1;
14200374;Ручной инструмент > Строительные карандаши, маркеры;дім;ремонт і будівельні матеріали;ремонтний маркер;7;20000;100000;1.21;;;0.9;0.9;1;
14200374;Ручной инструмент > Строительные карандаши, маркеры;дім;ремонт і будівельні матеріали;ремонтний маркер;3;100000;9999999999999.99;1.16;;;0.9;0.9;1;
14200378;Ключи > Наборы ключей;автотовари, інструменти;інструменти і обладнання;набір ключів;18;0;4000;1.38;;;0.9;0.9;1;
14200378;Ключи > Наборы ключей;автотовари, інструменти;інструменти і обладнання;набір ключів;15;4000;7000;1.33;;;0.9;0.9;1;
14200378;Ключи > Наборы ключей;автотовари, інструменти;інструменти і обладнання;набір ключів;12;7000;10000;1.28;;;0.9;0.9;1;
14200378;Ключи > Наборы ключей;автотовари, інструменти;інструменти і обладнання;набір ключів;10;10000;20000;1.25;;;0.9;0.9;1;
14200378;Ключи > Наборы ключей;автотовари, інструменти;інструменти і обладнання;набір ключів;7;20000;100000;1.21;;;0.9;0.9;1;
14200378;Ключи > Наборы ключей;автотовари, інструменти;інструменти і обладнання;набір ключів;3;100000;9999999999999.99;1.16;;;0.9;0.9;1;
14200390;Ручной инструмент > Монтажные пинцеты;дім;інструменти;пінцет;18;0;4000;1.38;;;0.9;0.9;1;
14200390;Ручной инструмент > Монтажные пинцеты;дім;інструменти;пінцет;15;4000;7000;1.33;;;0.9;0.9;1;
14200390;Ручной инструмент > Монтажные пинцеты;дім;інструменти;пінцет;12;7000;10000;1.28;;;0.9;0.9;1;
14200390;Ручной инструмент > Монтажные пинцеты;дім;інструменти;пінцет;10;10000;20000;1.25;;;0.9;0.9;1;
14200390;Ручной инструмент > Монтажные пинцеты;дім;інструменти;пінцет;7;20000;100000;1.21;;;0.9;0.9;1;
14200390;Ручной инструмент > Монтажные пинцеты;дім;інструменти;пінцет;3;100000;9999999999999.99;1.16;;;0.9;0.9;1;
14200394;Ручной инструмент > Мультитулы;дім;інструменти;мультитул;18;0;4000;1.38;;;0.9;0.9;1;
14200394;Ручной инструмент > Мультитулы;дім;інструменти;мультитул;15;4000;7000;1.33;;;0.9;0.9;1;
14200394;Ручной инструмент > Мультитулы;дім;інструменти;мультитул;12;7000;10000;1.28;;;0.9;0.9;1;
14200394;Ручной инструмент > Мультитулы;дім;інструменти;мультитул;10;10000;20000;1.25;;;0.9;0.9;1;
14200394;Ручной инструмент > Мультитулы;дім;інструменти;мультитул;7;20000;100000;1.21;;;0.9;0.9;1;
14200394;Ручной инструмент > Мультитулы;дім;інструменти;мультитул;3;100000;9999999999999.99;1.16;;;0.9;0.9;1;
14200513;Пневматический инструмент > Пневматические отбойные молотки;дім;інструменти;пневматичний молоток;18;0;4000;1.38;;;0.9;0.9;1;
14200513;Пневматический инструмент > Пневматические отбойные молотки;дім;інструменти;пневматичний молоток;15;4000;7000;1.33;;;0.9;0.9;1;
14200513;Пневматический инструмент > Пневматические отбойные молотки;дім;інструменти;пневматичний молоток;12;7000;10000;1.28;;;0.9;0.9;1;
14200513;Пневматический инструмент > Пневматические отбойные молотки;дім;інструменти;пневматичний молоток;10;10000;20000;1.25;;;0.9;0.9;1;
14200513;Пневматический инструмент > Пневматические отбойные молотки;дім;інструменти;пневматичний молоток;7;20000;100000;1.21;;;0.9;0.9;1;
14200513;Пневматический инструмент > Пневматические отбойные молотки;дім;інструменти;пневматичний молоток;3;100000;9999999999999.99;1.16;;;0.9;0.9;1;
14200604;Строительный измерительный инструмент > Измерительные рулетки;дім;інструменти;рулетка;18;0;4000;1.38;;;0.9;0.9;1;
14200604;Строительный измерительный инструмент > Измерительные рулетки;дім;інструменти;рулетка;15;4000;7000;1.33;;;0.9;0.9;1;
14200604;Строительный измерительный инструмент > Измерительные рулетки;дім;інструменти;рулетка;12;7000;10000;1.28;;;0.9;0.9;1;
14200604;Строительный измерительный инструмент > Измерительные рулетки;дім;інструменти;рулетка;10;10000;20000;1.25;;;0.9;0.9;1;
14200604;Строительный измерительный инструмент > Измерительные рулетки;дім;інструменти;рулетка;7;20000;100000;1.21;;;0.9;0.9;1;
14200604;Строительный измерительный инструмент > Измерительные рулетки;дім;інструменти;рулетка;3;100000;9999999999999.99;1.16;;;0.9;0.9;1;
14200612;Датчики > Датчики влажности и температуры;дім;інструменти;вологомір;18;0;4000;1.38;;;0.9;0.9;1;
14200612;Датчики > Датчики влажности и температуры;дім;інструменти;вологомір;15;4000;7000;1.33;;;0.9;0.9;1;
14200612;Датчики > Датчики влажности и температуры;дім;інструменти;вологомір;12;7000;10000;1.28;;;0.9;0.9;1;
14200612;Датчики > Датчики влажности и температуры;дім;інструменти;вологомір;10;10000;20000;1.25;;;0.9;0.9;1;
14200612;Датчики > Датчики влажности и температуры;дім;інструменти;вологомір;7;20000;100000;1.21;;;0.9;0.9;1;
14200612;Датчики > Датчики влажности и температуры;дім;інструменти;вологомір;3;100000;9999999999999.99;1.16;;;0.9;0.9;1;
14200914;Гидравлический инструмент > Гидравлические цепные пилы;дім;сад, город;ланцюгові пили;18;0;5000;1.38;;;0.9;0.9;1;
14200914;Гидравлический инструмент > Гидравлические цепные пилы;дім;сад, город;ланцюгові пили;12;5000;10000;1.28;;;0.9;0.9;1;
14200914;Гидравлический инструмент > Гидравлические цепные пилы;дім;сад, город;ланцюгові пили;10;10000;20000;1.25;;;0.9;0.9;1;
14200914;Гидравлический инструмент > Гидравлические цепные пилы;дім;сад, город;ланцюгові пили;7;20000;9999999999999.99;1.21;;;0.9;0.9;1;
14201002;Металлорежущий инструмент > Ручные ножницы по металлу;дім;інструменти;ножиці по металу;18;0;4000;1.38;;;0.9;0.9;1;
14201002;Металлорежущий инструмент > Ручные ножницы по металлу;дім;інструменти;ножиці по металу;15;4000;7000;1.33;;;0.9;0.9;1;
14201002;Металлорежущий инструмент > Ручные ножницы по металлу;дім;інструменти;ножиці по металу;12;7000;10000;1.28;;;0.9;0.9;1;
14201002;Металлорежущий инструмент > Ручные ножницы по металлу;дім;інструменти;ножиці по металу;10;10000;20000;1.25;;;0.9;0.9;1;
14201002;Металлорежущий инструмент > Ручные ножницы по металлу;дім;інструменти;ножиці по металу;7;20000;100000;1.21;;;0.9;0.9;1;
14201002;Металлорежущий инструмент > Ручные ножницы по металлу;дім;інструменти;ножиці по металу;3;100000;9999999999999.99;1.16;;;0.9;0.9;1;
14201502;Оснастка для инструмента > Ножовочные полотна;дім;інструменти;пиляльні полотна;18;0;4000;1.38;;;0.9;0.9;1;
14201502;Оснастка для инструмента > Ножовочные полотна;дім;інструменти;пиляльні полотна;15;4000;7000;1.33;;;0.9;0.9;1;
14201502;Оснастка для инструмента > Ножовочные полотна;дім;інструменти;пиляльні полотна;12;7000;10000;1.28;;;0.9;0.9;1;
14201502;Оснастка для инструмента > Ножовочные полотна;дім;інструменти;пиляльні полотна;10;10000;20000;1.25;;;0.9;0.9;1;
14201502;Оснастка для инструмента > Ножовочные полотна;дім;інструменти;пиляльні полотна;7;20000;100000;1.21;;;0.9;0.9;1;
14201502;Оснастка для инструмента > Ножовочные полотна;дім;інструменти;пиляльні полотна;3;100000;9999999999999.99;1.16;;;0.9;0.9;1;
14201506;Оснастка для инструмента > Пилки для лобзиков;дім;інструменти;пиляльні полотна;18;0;4000;1.38;;;0.9;0.9;1;
14201506;Оснастка для инструмента > Пилки для лобзиков;дім;інструменти;пиляльні полотна;15;4000;7000;1.33;;;0.9;0.9;1;
14201506;Оснастка для инструмента > Пилки для лобзиков;дім;інструменти;пиляльні полотна;12;7000;10000;1.28;;;0.9;0.9;1;
14201506;Оснастка для инструмента > Пилки для лобзиков;дім;інструменти;пиляльні полотна;10;10000;20000;1.25;;;0.9;0.9;1;
14201506;Оснастка для инструмента > Пилки для лобзиков;дім;інструменти;пиляльні полотна;7;20000;100000;1.21;;;0.9;0.9;1;
14201506;Оснастка для инструмента > Пилки для лобзиков;дім;інструменти;пиляльні полотна;3;100000;9999999999999.99;1.16;;;0.9;0.9;1;
14201509;Оснастка для инструмента > Отрезные, зачистные, шлифовальные, пильные круги;дім;інструменти;будівельний диск;18;0;4000;1.38;;;0.9;0.9;1;
14201509;Оснастка для инструмента > Отрезные, зачистные, шлифовальные, пильные круги;дім;інструменти;будівельний диск;15;4000;7000;1.33;;;0.9;0.9;1;
14201509;Оснастка для инструмента > Отрезные, зачистные, шлифовальные, пильные круги;дім;інструменти;будівельний диск;12;7000;10000;1.28;;;0.9;0.9;1;
14201509;Оснастка для инструмента > Отрезные, зачистные, шлифовальные, пильные круги;дім;інструменти;будівельний диск;10;10000;20000;1.25;;;0.9;0.9;1;
14201509;Оснастка для инструмента > Отрезные, зачистные, шлифовальные, пильные круги;дім;інструменти;будівельний диск;7;20000;100000;1.21;;;0.9;0.9;1;
14201509;Оснастка для инструмента > Отрезные, зачистные, шлифовальные, пильные круги;дім;інструменти;будівельний диск;3;100000;9999999999999.99;1.16;;;0.9;0.9;1;
14201512;Оснастка для инструмента > Зубила, долото для перфоратора;дім;інструменти;зубило;18;0;4000;1.38;;;0.9;0.9;1;
14201512;Оснастка для инструмента > Зубила, долото для перфоратора;дім;інструменти;зубило;15;4000;7000;1.33;;;0.9;0.9;1;
14201512;Оснастка для инструмента > Зубила, долото для перфоратора;дім;інструменти;зубило;12;7000;10000;1.28;;;0.9;0.9;1;
14201512;Оснастка для инструмента > Зубила, долото для перфоратора;дім;інструменти;зубило;10;10000;20000;1.25;;;0.9;0.9;1;
14201512;Оснастка для инструмента > Зубила, долото для перфоратора;дім;інструменти;зубило;7;20000;100000;1.21;;;0.9;0.9;1;
14201512;Оснастка для инструмента > Зубила, долото для перфоратора;дім;інструменти;зубило;3;100000;9999999999999.99;1.16;;;0.9;0.9;1;
14201516;Оснастка для инструмента > Масла, смазки для инструмента;автотовари, інструменти;авто і мото;універсальне масло;13;0;3000;1.29;;;0.9;0.9;1;
14201516;Оснастка для инструмента > Масла, смазки для инструмента;автотовари, інструменти;авто і мото;універсальне масло;7;3000;10000;1.21;;;0.9;0.9;1;
14201516;Оснастка для инструмента > Масла, смазки для инструмента;автотовари, інструменти;авто і мото;універсальне масло;5;10000;20000;1.18;;;0.9;0.9;1;
14201516;Оснастка для инструмента > Масла, смазки для инструмента;автотовари, інструменти;авто і мото;універсальне масло;3;20000;9999999999999.99;1.16;;;0.9;0.9;1;
14201602;Инструменты для обработки почвы > Лопаты;дім;сад, город;лопата;18;0;5000;1.38;;;0.9;0.9;1;
14201602;Инструменты для обработки почвы > Лопаты;дім;сад, город;лопата;12;5000;10000;1.28;;;0.9;0.9;1;
14201602;Инструменты для обработки почвы > Лопаты;дім;сад, город;лопата;10;10000;20000;1.25;;;0.9;0.9;1;
14201602;Инструменты для обработки почвы > Лопаты;дім;сад, город;лопата;7;20000;9999999999999.99;1.21;;;0.9;0.9;1;
14201607;Оснастка для инструмента > Сверла, буры;дім;інструменти;бури;18;0;4000;1.38;;;0.9;0.9;1;
14201607;Оснастка для инструмента > Сверла, буры;дім;інструменти;бури;15;4000;7000;1.33;;;0.9;0.9;1;
14201607;Оснастка для инструмента > Сверла, буры;дім;інструменти;бури;12;7000;10000;1.28;;;0.9;0.9;1;
14201607;Оснастка для инструмента > Сверла, буры;дім;інструменти;бури;10;10000;20000;1.25;;;0.9;0.9;1;
14201607;Оснастка для инструмента > Сверла, буры;дім;інструменти;бури;7;20000;100000;1.21;;;0.9;0.9;1;
14201607;Оснастка для инструмента > Сверла, буры;дім;інструменти;бури;3;100000;9999999999999.99;1.16;;;0.9;0.9;1;
14201622;Строительный измерительный инструмент > Строительные уровни;дім;інструменти;рівень;18;0;4000;1.38;;;0.9;0.9;1;
14201622;Строительный измерительный инструмент > Строительные уровни;дім;інструменти;рівень;15;4000;7000;1.33;;;0.9;0.9;1;
14201622;Строительный измерительный инструмент > Строительные уровни;дім;інструменти;рівень;12;7000;10000;1.28;;;0.9;0.9;1;
14201622;Строительный измерительный инструмент > Строительные уровни;дім;інструменти;рівень;10;10000;20000;1.25;;;0.9;0.9;1;
14201622;Строительный измерительный инструмент > Строительные уровни;дім;інструменти;рівень;7;20000;100000;1.21;;;0.9;0.9;1;
14201622;Строительный измерительный инструмент > Строительные уровни;дім;інструменти;рівень;3;100000;9999999999999.99;1.16;;;0.9;0.9;1;
14400803;Электроинструмент > Паяльники;дім;інструменти;паяльник;18;0;4000;1.38;;;0.9;0.9;1;
14400803;Электроинструмент > Паяльники;дім;інструменти;паяльник;15;4000;7000;1.33;;;0.9;0.9;1;
14400803;Электроинструмент > Паяльники;дім;інструменти;паяльник;12;7000;10000;1.28;;;0.9;0.9;1;
14400803;Электроинструмент > Паяльники;дім;інструменти;паяльник;10;10000;20000;1.25;;;0.9;0.9;1;
14400803;Электроинструмент > Паяльники;дім;інструменти;паяльник;7;20000;100000;1.21;;;0.9;0.9;1;
14400803;Электроинструмент > Паяльники;дім;інструменти;паяльник;3;100000;9999999999999.99;1.16;;;0.9;0.9;1;
15010508;Гигиена и уход за детьми > Радионяни, видеоняни;дітям;гігієна і догляд;радіоняня;18;0;5000;1.38;;;0.9;0.9;1;
15010508;Гигиена и уход за детьми > Радионяни, видеоняни;дітям;гігієна і догляд;радіоняня;15;5000;10000;1.33;;;0.9;0.9;1;
15010508;Гигиена и уход за детьми > Радионяни, видеоняни;дітям;гігієна і догляд;радіоняня;10;10000;20000;1.25;;;0.9;0.9;1;
15010508;Гигиена и уход за детьми > Радионяни, видеоняни;дітям;гігієна і догляд;радіоняня;7;20000;50000;1.21;;;0.9;0.9;1;
15010508;Гигиена и уход за детьми > Радионяни, видеоняни;дітям;гігієна і догляд;радіоняня;5;50000;100000;1.18;;;0.9;0.9;1;
15010508;Гигиена и уход за детьми > Радионяни, видеоняни;дітям;гігієна і догляд;радіоняня;3;100000;9999999999999.99;1.16;;;0.9;0.9;1;
15040605;Светильники > Потолочные светильники;дім;декор;світильник;18;0;5000;1.38;;;0.9;0.9;1;
15040605;Светильники > Потолочные светильники;дім;декор;світильник;12;5000;10000;1.28;;;0.9;0.9;1;
15040605;Светильники > Потолочные светильники;дім;декор;світильник;10;10000;20000;1.25;;;0.9;0.9;1;
15040605;Светильники > Потолочные светильники;дім;декор;світильник;7;20000;9999999999999.99;1.21;;;0.9;0.9;1;
15040606;Светильники > LED подсветка интерьеров;дім;безпечний дім;набір розумного освітлення;15;0;10000;1.33;;;0.9;0.9;1;
15040606;Светильники > LED подсветка интерьеров;дім;безпечний дім;набір розумного освітлення;12;10000;30000;1.28;;;0.9;0.9;1;
15040606;Светильники > LED подсветка интерьеров;дім;безпечний дім;набір розумного освітлення;10;30000;9999999999999.99;1.25;;;0.9;0.9;1;
15230410;Кухонные принадлежности > Кухонные ножи и подставки;дім;посуд і кухонні аксесуари;ніж;18;0;5000;1.38;;;0.9;0.9;1;
15230410;Кухонные принадлежности > Кухонные ножи и подставки;дім;посуд і кухонні аксесуари;ніж;12;5000;10000;1.28;;;0.9;0.9;1;
15230410;Кухонные принадлежности > Кухонные ножи и подставки;дім;посуд і кухонні аксесуари;ніж;10;10000;20000;1.25;;;0.9;0.9;1;
15230410;Кухонные принадлежности > Кухонные ножи и подставки;дім;посуд і кухонні аксесуари;ніж;7;20000;9999999999999.99;1.21;;;0.9;0.9;1;
15230411;Мелкая бытовая техника для кухни > Кухонные весы;побутова техніка;дрібна побутова техніка;ваги кухонні;15;0;18000;1.33;;;0.9;0.9;1;
15230411;Мелкая бытовая техника для кухни > Кухонные весы;побутова техніка;дрібна побутова техніка;ваги кухонні;10;18000;9999999999999.99;1.25;;;0.9;0.9;1;
15230433;Кухонные принадлежности > Точилки для ножей;дім;посуд і кухонні аксесуари;точилка для ножів;18;0;5000;1.38;;;0.9;0.9;1;
15230433;Кухонные принадлежности > Точилки для ножей;дім;посуд і кухонні аксесуари;точилка для ножів;12;5000;10000;1.28;;;0.9;0.9;1;
15230433;Кухонные принадлежности > Точилки для ножей;дім;посуд і кухонні аксесуари;точилка для ножів;10;10000;20000;1.25;;;0.9;0.9;1;
15230433;Кухонные принадлежности > Точилки для ножей;дім;посуд і кухонні аксесуари;точилка для ножів;7;20000;9999999999999.99;1.21;;;0.9;0.9;1;
15370306;Электроизмерительные приборы > Мультиметры;дім;інструменти;мультиметр;18;0;4000;1.38;;;0.9;0.9;1;
15370306;Электроизмерительные приборы > Мультиметры;дім;інструменти;мультиметр;15;4000;7000;1.33;;;0.9;0.9;1;
15370306;Электроизмерительные приборы > Мультиметры;дім;інструменти;мультиметр;12;7000;10000;1.28;;;0.9;0.9;1;
15370306;Электроизмерительные приборы > Мультиметры;дім;інструменти;мультиметр;10;10000;20000;1.25;;;0.9;0.9;1;
15370306;Электроизмерительные приборы > Мультиметры;дім;інструменти;мультиметр;7;20000;100000;1.21;;;0.9;0.9;1;
15370306;Электроизмерительные приборы > Мультиметры;дім;інструменти;мультиметр;3;100000;9999999999999.99;1.16;;;0.9;0.9;1;
15370320;Радиоизмерительные приборы > Детекторы скрытой проводки;дім;інструменти;багатофункціональний детектор;18;0;4000;1.38;;;0.9;0.9;1;
15370320;Радиоизмерительные приборы > Детекторы скрытой проводки;дім;інструменти;багатофункціональний детектор;15;4000;7000;1.33;;;0.9;0.9;1;
15370320;Радиоизмерительные приборы > Детекторы скрытой проводки;дім;інструменти;багатофункціональний детектор;12;7000;10000;1.28;;;0.9;0.9;1;
15370320;Радиоизмерительные приборы > Детекторы скрытой проводки;дім;інструменти;багатофункціональний детектор;10;10000;20000;1.25;;;0.9;0.9;1;
15370320;Радиоизмерительные приборы > Детекторы скрытой проводки;дім;інструменти;багатофункціональний детектор;7;20000;100000;1.21;;;0.9;0.9;1;
15370320;Радиоизмерительные приборы > Детекторы скрытой проводки;дім;інструменти;багатофункціональний детектор;3;100000;9999999999999.99;1.16;;;0.9;0.9;1;
15370706;Оптические приборы и системы > Приборы ночного видения;воєнторг;збройна оптика;прилад нічного бачення;9;0;2000;1.24;;;0.9;0.9;1;
15370706;Оптические приборы и системы > Приборы ночного видения;воєнторг;збройна оптика;прилад нічного бачення;8;2000;15000;1.22;;;0.9;0.9;1;
15370706;Оптические приборы и системы > Приборы ночного видения;воєнторг;збройна оптика;прилад нічного бачення;7;15000;50000;1.21;;;0.9;0.9;1;
15370706;Оптические приборы и системы > Приборы ночного видения;воєнторг;збройна оптика;прилад нічного бачення;5;50000;100000;1.18;;;0.9;0.9;1;
15370706;Оптические приборы и системы > Приборы ночного видения;воєнторг;збройна оптика;прилад нічного бачення;3;100000;9999999999999.99;1.16;;;0.9;0.9;1;
15380301;Аксессуары и фурнитура для окон и дверей > Механизмы и автоматика для окон и дверей;дім;товари для бізнесу;автоматика для воріт;18;0;5000;1.38;;;0.9;0.9;1;
15380301;Аксессуары и фурнитура для окон и дверей > Механизмы и автоматика для окон и дверей;дім;товари для бізнесу;автоматика для воріт;12;5000;10000;1.28;;;0.9;0.9;1;
15380301;Аксессуары и фурнитура для окон и дверей > Механизмы и автоматика для окон и дверей;дім;товари для бізнесу;автоматика для воріт;10;10000;20000;1.25;;;0.9;0.9;1;
15380301;Аксессуары и фурнитура для окон и дверей > Механизмы и автоматика для окон и дверей;дім;товари для бізнесу;автоматика для воріт;7;20000;9999999999999.99;1.21;;;0.9;0.9;1;
15380311;Аксессуары и фурнитура для окон и дверей > Доводчики дверей;дім;ремонт і будівельні матеріали;доводчик;18;0;4000;1.38;;;0.9;0.9;1;
15380311;Аксессуары и фурнитура для окон и дверей > Доводчики дверей;дім;ремонт і будівельні матеріали;доводчик;15;4000;7000;1.33;;;0.9;0.9;1;
15380311;Аксессуары и фурнитура для окон и дверей > Доводчики дверей;дім;ремонт і будівельні матеріали;доводчик;12;7000;10000;1.28;;;0.9;0.9;1;
15380311;Аксессуары и фурнитура для окон и дверей > Доводчики дверей;дім;ремонт і будівельні матеріали;доводчик;10;10000;20000;1.25;;;0.9;0.9;1;
15380311;Аксессуары и фурнитура для окон и дверей > Доводчики дверей;дім;ремонт і будівельні матеріали;доводчик;7;20000;100000;1.21;;;0.9;0.9;1;
15380311;Аксессуары и фурнитура для окон и дверей > Доводчики дверей;дім;ремонт і будівельні матеріали;доводчик;3;100000;9999999999999.99;1.16;;;0.9;0.9;1;
15380325;Аксессуары и фурнитура для окон и дверей > Аксессуары и комплектующие для замков;дім;ремонт і будівельні матеріали;замок;18;0;4000;1.38;;;0.9;0.9;1;
15380325;Аксессуары и фурнитура для окон и дверей > Аксессуары и комплектующие для замков;дім;ремонт і будівельні матеріали;замок;15;4000;7000;1.33;;;0.9;0.9;1;
15380325;Аксессуары и фурнитура для окон и дверей > Аксессуары и комплектующие для замков;дім;ремонт і будівельні матеріали;замок;12;7000;10000;1.28;;;0.9;0.9;1;
15380325;Аксессуары и фурнитура для окон и дверей > Аксессуары и комплектующие для замков;дім;ремонт і будівельні матеріали;замок;10;10000;20000;1.25;;;0.9;0.9;1;
15380325;Аксессуары и фурнитура для окон и дверей > Аксессуары и комплектующие для замков;дім;ремонт і будівельні матеріали;замок;7;20000;100000;1.21;;;0.9;0.9;1;
15380325;Аксессуары и фурнитура для окон и дверей > Аксессуары и комплектующие для замков;дім;ремонт і будівельні матеріали;замок;3;100000;9999999999999.99;1.16;;;0.9;0.9;1;
39050503;Светильники > Точечные светильники и трек-системы;дім;декор;трековий світильник;18;0;5000;1.38;;;0.9;0.9;1;
39050503;Светильники > Точечные светильники и трек-системы;дім;декор;трековий світильник;12;5000;10000;1.28;;;0.9;0.9;1;
39050503;Светильники > Точечные светильники и трек-системы;дім;декор;трековий світильник;10;10000;20000;1.25;;;0.9;0.9;1;
39050503;Светильники > Точечные светильники и трек-системы;дім;декор;трековий світильник;7;20000;9999999999999.99;1.21;;;0.9;0.9;1;
39050509;Светильники > Настольные лампы и ночники;дім;декор;настільна лампа;18;0;5000;1.38;;;0.9;0.9;1;
39050509;Светильники > Настольные лампы и ночники;дім;декор;настільна лампа;12;5000;10000;1.28;;;0.9;0.9;1;
39050509;Светильники > Настольные лампы и ночники;дім;декор;настільна лампа;10;10000;20000;1.25;;;0.9;0.9;1;
39050509;Светильники > Настольные лампы и ночники;дім;декор;настільна лампа;7;20000;9999999999999.99;1.21;;;0.9;0.9;1;
1420060202;Датчики > Датчики движения;дім;інструменти;датчик руху;18;0;4000;1.38;;;0.9;0.9;1;
1420060202;Датчики > Датчики движения;дім;інструменти;датчик руху;15;4000;7000;1.33;;;0.9;0.9;1;
1420060202;Датчики > Датчики движения;дім;інструменти;датчик руху;12;7000;10000;1.28;;;0.9;0.9;1;
1420060202;Датчики > Датчики движения;дім;інструменти;датчик руху;10;10000;20000;1.25;;;0.9;0.9;1;
1420060202;Датчики > Датчики движения;дім;інструменти;датчик руху;7;20000;100000;1.21;;;0.9;0.9;1;
1420060202;Датчики > Датчики движения;дім;інструменти;датчик руху;3;100000;9999999999999.99;1.16;;;0.9;0.9;1;
141723;Электроинструмент > Электрические строительные миксеры;дім;інструменти;міксер будівельний;18;0;4000;1.38;;;0.9;0.9;1;
141723;Электроинструмент > Электрические строительные миксеры;дім;інструменти;міксер будівельний;15;4000;7000;1.33;;;0.9;0.9;1;
141723;Электроинструмент > Электрические строительные миксеры;дім;інструменти;міксер будівельний;12;7000;10000;1.28;;;0.9;0.9;1;
141723;Электроинструмент > Электрические строительные миксеры;дім;інструменти;міксер будівельний;10;10000;20000;1.25;;;0.9;0.9;1;
141723;Электроинструмент > Электрические строительные миксеры;дім;інструменти;міксер будівельний;7;20000;100000;1.21;;;0.9;0.9;1;
141723;Электроинструмент > Электрические строительные миксеры;дім;інструменти;міксер будівельний;3;100000;9999999999999.99;1.16;;;0.9;0.9;1;
14200358;Ручной инструмент > Ручные обжимные инструменты;дім;інструменти;кліщі;18;0;4000;1.38;;;0.9;0.9;1;
14200358;Ручной инструмент > Ручные обжимные инструменты;дім;інструменти;кліщі;15;4000;7000;1.33;;;0.9;0.9;1;
14200358;Ручной инструмент > Ручные обжимные инструменты;дім;інструменти;кліщі;12;7000;10000;1.28;;;0.9;0.9;1;
14200358;Ручной инструмент > Ручные обжимные инструменты;дім;інструменти;кліщі;10;10000;20000;1.25;;;0.9;0.9;1;
14200358;Ручной инструмент > Ручные обжимные инструменты;дім;інструменти;кліщі;7;20000;100000;1.21;;;0.9;0.9;1;
14200358;Ручной инструмент > Ручные обжимные инструменты;дім;інструменти;кліщі;3;100000;9999999999999.99;1.16;;;0.9;0.9;1;
181201;Товары для прогулок и путешествий с животными > Сумки и контейнеры для переноса домашних животных;зоотовари;утримання тварин;переноска;15;0;5000;1.33;;;0.9;0.9;1;
181201;Товары для прогулок и путешествий с животными > Сумки и контейнеры для переноса домашних животных;зоотовари;утримання тварин;переноска;12;5000;10000;1.28;;;0.9;0.9;1;
181201;Товары для прогулок и путешествий с животными > Сумки и контейнеры для переноса домашних животных;зоотовари;утримання тварин;переноска;10;10000;20000;1.25;;;0.9;0.9;1;
181201;Товары для прогулок и путешествий с животными > Сумки и контейнеры для переноса домашних животных;зоотовари;утримання тварин;переноска;7;20000;9999999999999.99;1.21;;;0.9;0.9;1;
300508;Тактическая защита и экипировка > Аксессуары и комплектующие для касок и бронежилетов;воєнторг;тактичне спорядження;чехол на шолом;9;0;2000;1.24;;;0.9;0.9;1;
300508;Тактическая защита и экипировка > Аксессуары и комплектующие для касок и бронежилетов;воєнторг;тактичне спорядження;чехол на шолом;8;2000;15000;1.22;;;0.9;0.9;1;
300508;Тактическая защита и экипировка > Аксессуары и комплектующие для касок и бронежилетов;воєнторг;тактичне спорядження;чехол на шолом;7;15000;50000;1.21;;;0.9;0.9;1;
300508;Тактическая защита и экипировка > Аксессуары и комплектующие для касок и бронежилетов;воєнторг;тактичне спорядження;чехол на шолом;5;50000;100000;1.18;;;0.9;0.9;1;
300508;Тактическая защита и экипировка > Аксессуары и комплектующие для касок и бронежилетов;воєнторг;тактичне спорядження;чехол на шолом;3;100000;9999999999999.99;1.16;;;0.9;0.9;1;
14190409;Провод, кабель, системы соединения > Шнуры, переходники;ноутбуки, комп'ютери і планшети;аксесуари;зарядний адаптер;18;0;9999999999999.99;1.38;;;0.9;0.9;1;
14200355;Ручные съемники > Съемники изоляции;дім;інструменти;знімач;18;0;4000;1.38;;;0.9;0.9;1;
14200355;Ручные съемники > Съемники изоляции;дім;інструменти;знімач;15;4000;7000;1.33;;;0.9;0.9;1;
14200355;Ручные съемники > Съемники изоляции;дім;інструменти;знімач;12;7000;10000;1.28;;;0.9;0.9;1;
14200355;Ручные съемники > Съемники изоляции;дім;інструменти;знімач;10;10000;20000;1.25;;;0.9;0.9;1;
14200355;Ручные съемники > Съемники изоляции;дім;інструменти;знімач;7;20000;100000;1.21;;;0.9;0.9;1;
14200355;Ручные съемники > Съемники изоляции;дім;інструменти;знімач;3;100000;9999999999999.99;1.16;;;0.9;0.9;1;
141713;Электроинструмент > Электролобзики;дім;інструменти;електролобзик;18;0;4000;1.38;;;0.9;0.9;1;
141713;Электроинструмент > Электролобзики;дім;інструменти;електролобзик;15;4000;7000;1.33;;;0.9;0.9;1;
141713;Электроинструмент > Электролобзики;дім;інструменти;електролобзик;12;7000;10000;1.28;;;0.9;0.9;1;
141713;Электроинструмент > Электролобзики;дім;інструменти;електролобзик;10;10000;20000;1.25;;;0.9;0.9;1;
141713;Электроинструмент > Электролобзики;дім;інструменти;електролобзик;7;20000;100000;1.21;;;0.9;0.9;1;
141713;Электроинструмент > Электролобзики;дім;інструменти;електролобзик;3;100000;9999999999999.99;1.16;;;0.9;0.9;1;
1250301;Инструменты для обрезки > Кусторезы;дім;сад, город;кущоріз;18;0;5000;1.38;;;0.9;0.9;1;
1250301;Инструменты для обрезки > Кусторезы;дім;сад, город;кущоріз;12;5000;10000;1.28;;;0.9;0.9;1;
1250301;Инструменты для обрезки > Кусторезы;дім;сад, город;кущоріз;10;10000;20000;1.25;;;0.9;0.9;1;
1250301;Инструменты для обрезки > Кусторезы;дім;сад, город;кущоріз;7;20000;9999999999999.99;1.21;;;0.9;0.9;1;
1250321;Инструмент для скашивания травы > Мотокосы и триммеры;дім;сад, город;тример садовий;18;0;5000;1.38;;;0.9;0.9;1;
1250321;Инструмент для скашивания травы > Мотокосы и триммеры;дім;сад, город;тример садовий;12;5000;10000;1.28;;;0.9;0.9;1;
1250321;Инструмент для скашивания травы > Мотокосы и триммеры;дім;сад, город;тример садовий;10;10000;20000;1.25;;;0.9;0.9;1;
1250321;Инструмент для скашивания травы > Мотокосы и триммеры;дім;сад, город;тример садовий;7;20000;9999999999999.99;1.21;;;0.9;0.9;1;
150426;Освещение, электрика > LED освещение;дім;декор;світильник;18;0;5000;1.38;;;0.9;0.9;1;
150426;Освещение, электрика > LED освещение;дім;декор;світильник;12;5000;10000;1.28;;;0.9;0.9;1;
150426;Освещение, электрика > LED освещение;дім;декор;світильник;10;10000;20000;1.25;;;0.9;0.9;1;
150426;Освещение, электрика > LED освещение;дім;декор;світильник;7;20000;9999999999999.99;1.21;;;0.9;0.9;1;
30816;Спецодежда и обувь > Рабочие перчатки;дім;господарські товари;рукавички господарські;18;0;5000;1.38;;;0.9;0.9;1;
30816;Спецодежда и обувь > Рабочие перчатки;дім;господарські товари;рукавички господарські;12;5000;10000;1.28;;;0.9;0.9;1;
30816;Спецодежда и обувь > Рабочие перчатки;дім;господарські товари;рукавички господарські;10;10000;20000;1.25;;;0.9;0.9;1;
30816;Спецодежда и обувь > Рабочие перчатки;дім;господарські товари;рукавички господарські;7;20000;9999999999999.99;1.21;;;0.9;0.9;1;
150405;Освещение, электрика > Промышленное освещение;дім;сад, город;вуличний прожектор;18;0;5000;1.38;;;0.9;0.9;1;
150405;Освещение, электрика > Промышленное освещение;дім;сад, город;вуличний прожектор;12;5000;10000;1.28;;;0.9;0.9;1;
150405;Освещение, электрика > Промышленное освещение;дім;сад, город;вуличний прожектор;10;10000;20000;1.25;;;0.9;0.9;1;
150405;Освещение, электрика > Промышленное освещение;дім;сад, город;вуличний прожектор;7;20000;9999999999999.99;1.21;;;0.9;0.9;1;
150417;Освещение, электрика > Офисно-торговое освещение;дім;декор;світильник;18;0;5000;1.38;;;0.9;0.9;1;
150417;Освещение, электрика > Офисно-торговое освещение;дім;декор;світильник;12;5000;10000;1.28;;;0.9;0.9;1;
150417;Освещение, электрика > Офисно-торговое освещение;дім;декор;світильник;10;10000;20000;1.25;;;0.9;0.9;1;
150417;Освещение, электрика > Офисно-торговое освещение;дім;декор;світильник;7;20000;9999999999999.99;1.21;;;0.9;0.9;1;
151405;Уборка > Щетки и скребки для уборки;дім;господарські товари;щітка для прибирання;18;0;5000;1.38;;;0.9;0.9;1;
151405;Уборка > Щетки и скребки для уборки;дім;господарські товари;щітка для прибирання;12;5000;10000;1.28;;;0.9;0.9;1;
151405;Уборка > Щетки и скребки для уборки;дім;господарські товари;щітка для прибирання;10;10000;20000;1.25;;;0.9;0.9;1;
151405;Уборка > Щетки и скребки для уборки;дім;господарські товари;щітка для прибирання;7;20000;9999999999999.99;1.21;;;0.9;0.9;1;
14200610;Датчики > Датчики бесконтактные;дім;безпечний дім;датчик;15;0;10000;1.33;;;0.9;0.9;1;
14200610;Датчики > Датчики бесконтактные;дім;безпечний дім;датчик;12;10000;30000;1.28;;;0.9;0.9;1;
14200610;Датчики > Датчики бесконтактные;дім;безпечний дім;датчик;10;30000;9999999999999.99;1.25;;;0.9;0.9;1;
301011;Аксессуары и фурнитура для окон и дверей > Защелки;дім;товари для бізнесу;електромеханічний замок;18;0;5000;1.38;;;0.9;0.9;1;
301011;Аксессуары и фурнитура для окон и дверей > Защелки;дім;товари для бізнесу;електромеханічний замок;12;5000;10000;1.28;;;0.9;0.9;1;
301011;Аксессуары и фурнитура для окон и дверей > Защелки;дім;товари для бізнесу;електромеханічний замок;10;10000;20000;1.25;;;0.9;0.9;1;
301011;Аксессуары и фурнитура для окон и дверей > Защелки;дім;товари для бізнесу;електромеханічний замок;7;20000;9999999999999.99;1.21;;;0.9;0.9;1;
1250308;Инструмент для скашивания травы > Газонокосилки;дім;сад, город;газонокосарка;18;0;5000;1.38;;;0.9;0.9;1;
1250308;Инструмент для скашивания травы > Газонокосилки;дім;сад, город;газонокосарка;12;5000;10000;1.28;;;0.9;0.9;1;
1250308;Инструмент для скашивания травы > Газонокосилки;дім;сад, город;газонокосарка;10;10000;20000;1.25;;;0.9;0.9;1;
1250308;Инструмент для скашивания травы > Газонокосилки;дім;сад, город;газонокосарка;7;20000;9999999999999.99;1.21;;;0.9;0.9;1;
613;Уборка > Освежители воздуха;дім;миючі та чистячі засоби;освіжувач повітря;15;0;3000;1.33;;;0.9;0.9;1;
613;Уборка > Освежители воздуха;дім;миючі та чистячі засоби;освіжувач повітря;13;3000;10000;1.29;;;0.9;0.9;1;
613;Уборка > Освежители воздуха;дім;миючі та чистячі засоби;освіжувач повітря;10;10000;9999999999999.99;1.25;;;0.9;0.9;1;
5505;Авто - мото > Электромобильные зарядные устройства и станции;спорт і активний відпочинок;електротранспорт;зарядні пристрої для електротранспорту;18;0;17000;1.38;;;0.9;0.9;1;
5505;Авто - мото > Электромобильные зарядные устройства и станции;спорт і активний відпочинок;електротранспорт;зарядні пристрої для електротранспорту;7;17000;60000;1.21;;;0.9;0.9;1;
5505;Авто - мото > Электромобильные зарядные устройства и станции;спорт і активний відпочинок;електротранспорт;зарядні пристрої для електротранспорту;5;60000;100000;1.18;;;0.9;0.9;1;
5505;Авто - мото > Электромобильные зарядные устройства и станции;спорт і активний відпочинок;електротранспорт;зарядні пристрої для електротранспорту;3;100000;9999999999999.99;1.16;;;0.9;0.9;1;
190402;Строительный измерительный инструмент > Лазерные нивелиры, уровни, сканеры;дім;інструменти;нівелір;18;0;4000;1.38;;;0.9;0.9;1;
190402;Строительный измерительный инструмент > Лазерные нивелиры, уровни, сканеры;дім;інструменти;нівелір;15;4000;7000;1.33;;;0.9;0.9;1;
190402;Строительный измерительный инструмент > Лазерные нивелиры, уровни, сканеры;дім;інструменти;нівелір;12;7000;10000;1.28;;;0.9;0.9;1;
190402;Строительный измерительный инструмент > Лазерные нивелиры, уровни, сканеры;дім;інструменти;нівелір;10;10000;20000;1.25;;;0.9;0.9;1;
190402;Строительный измерительный инструмент > Лазерные нивелиры, уровни, сканеры;дім;інструменти;нівелір;7;20000;100000;1.21;;;0.9;0.9;1;
190402;Строительный измерительный инструмент > Лазерные нивелиры, уровни, сканеры;дім;інструменти;нівелір;3;100000;9999999999999.99;1.16;;;0.9;0.9;1;
300410;Система умный дом > Системы видеонаблюдения;дім;безпечний дім;комплект відеоспостереження;15;0;10000;1.33;;;0.9;0.9;1;
300410;Система умный дом > Системы видеонаблюдения;дім;безпечний дім;комплект відеоспостереження;12;10000;30000;1.28;;;0.9;0.9;1;
300410;Система умный дом > Системы видеонаблюдения;дім;безпечний дім;комплект відеоспостереження;10;30000;9999999999999.99;1.25;;;0.9;0.9;1;
420507;Метрический крепеж > Шайбы, гровер;дім;інструменти;шайба;18;0;4000;1.38;;;0.9;0.9;1;
420507;Метрический крепеж > Шайбы, гровер;дім;інструменти;шайба;15;4000;7000;1.33;;;0.9;0.9;1;
420507;Метрический крепеж > Шайбы, гровер;дім;інструменти;шайба;12;7000;10000;1.28;;;0.9;0.9;1;
420507;Метрический крепеж > Шайбы, гровер;дім;інструменти;шайба;10;10000;20000;1.25;;;0.9;0.9;1;
420507;Метрический крепеж > Шайбы, гровер;дім;інструменти;шайба;7;20000;100000;1.21;;;0.9;0.9;1;
420507;Метрический крепеж > Шайбы, гровер;дім;інструменти;шайба;3;100000;9999999999999.99;1.16;;;0.9;0.9;1;
420512;Метрический крепеж > Крепежные винты;дім;інструменти;гвинт;18;0;4000;1.38;;;0.9;0.9;1;
420512;Метрический крепеж > Крепежные винты;дім;інструменти;гвинт;15;4000;7000;1.33;;;0.9;0.9;1;
420512;Метрический крепеж > Крепежные винты;дім;інструменти;гвинт;12;7000;10000;1.28;;;0.9;0.9;1;
420512;Метрический крепеж > Крепежные винты;дім;інструменти;гвинт;10;10000;20000;1.25;;;0.9;0.9;1;
420512;Метрический крепеж > Крепежные винты;дім;інструменти;гвинт;7;20000;100000;1.21;;;0.9;0.9;1;
420512;Метрический крепеж > Крепежные винты;дім;інструменти;гвинт;3;100000;9999999999999.99;1.16;;;0.9;0.9;1;
620;Приборы измерения времени > Таймеры;дім;інструменти;таймери та реле часу;18;0;4000;1.38;;;0.9;0.9;1;
620;Приборы измерения времени > Таймеры;дім;інструменти;таймери та реле часу;15;4000;7000;1.33;;;0.9;0.9;1;
620;Приборы измерения времени > Таймеры;дім;інструменти;таймери та реле часу;12;7000;10000;1.28;;;0.9;0.9;1;
620;Приборы измерения времени > Таймеры;дім;інструменти;таймери та реле часу;10;10000;20000;1.25;;;0.9;0.9;1;
620;Приборы измерения времени > Таймеры;дім;інструменти;таймери та реле часу;7;20000;100000;1.21;;;0.9;0.9;1;
620;Приборы измерения времени > Таймеры;дім;інструменти;таймери та реле часу;3;100000;9999999999999.99;1.16;;;0.9;0.9;1;
5092905;Монтажное оборудование > Элементы крепежа кабеля;дім;інструменти;кріплення для дротів;18;0;4000;1.38;;;0.9;0.9;1;
5092905;Монтажное оборудование > Элементы крепежа кабеля;дім;інструменти;кріплення для дротів;15;4000;7000;1.33;;;0.9;0.9;1;
5092905;Монтажное оборудование > Элементы крепежа кабеля;дім;інструменти;кріплення для дротів;12;7000;10000;1.28;;;0.9;0.9;1;
5092905;Монтажное оборудование > Элементы крепежа кабеля;дім;інструменти;кріплення для дротів;10;10000;20000;1.25;;;0.9;0.9;1;
5092905;Монтажное оборудование > Элементы крепежа кабеля;дім;інструменти;кріплення для дротів;7;20000;100000;1.21;;;0.9;0.9;1;
5092905;Монтажное оборудование > Элементы крепежа кабеля;дім;інструменти;кріплення для дротів;3;100000;9999999999999.99;1.16;;;0.9;0.9;1;
13100606;Запорная арматура > Шаровые, пробковые краны;сантехніка та ремонт;сантехніка;кран кульовий;18;0;4000;1.38;;;0.9;0.9;1;
13100606;Запорная арматура > Шаровые, пробковые краны;сантехніка та ремонт;сантехніка;кран кульовий;15;4000;7000;1.33;;;0.9;0.9;1;
13100606;Запорная арматура > Шаровые, пробковые краны;сантехніка та ремонт;сантехніка;кран кульовий;12;7000;10000;1.28;;;0.9;0.9;1;
13100606;Запорная арматура > Шаровые, пробковые краны;сантехніка та ремонт;сантехніка;кран кульовий;10;10000;20000;1.25;;;0.9;0.9;1;
13100606;Запорная арматура > Шаровые, пробковые краны;сантехніка та ремонт;сантехніка;кран кульовий;7;20000;100000;1.21;;;0.9;0.9;1;
13100606;Запорная арматура > Шаровые, пробковые краны;сантехніка та ремонт;сантехніка;кран кульовий;3;100000;9999999999999.99;1.16;;;0.9;0.9;1;
13240402;Бытовая очистка воды > Бытовые проточные фильтры;спорт і активний відпочинок;туристичний посуд;фільтр;18;0;10000;1.38;;;0.9;0.9;1;
13240402;Бытовая очистка воды > Бытовые проточные фильтры;спорт і активний відпочинок;туристичний посуд;фільтр;12;10000;50000;1.28;;;0.9;0.9;1;
13240402;Бытовая очистка воды > Бытовые проточные фильтры;спорт і активний відпочинок;туристичний посуд;фільтр;7;50000;70000;1.21;;;0.9;0.9;1;
13240402;Бытовая очистка воды > Бытовые проточные фильтры;спорт і активний відпочинок;туристичний посуд;фільтр;5;70000;100000;1.18;;;0.9;0.9;1;
13240402;Бытовая очистка воды > Бытовые проточные фильтры;спорт і активний відпочинок;туристичний посуд;фільтр;3;100000;9999999999999.99;1.16;;;0.9;0.9;1;
14172702;Электрические пилы > Ручные торцовочные пилы;дім;інструменти;торцювальна пилка;18;0;4000;1.38;;;0.9;0.9;1;
14172702;Электрические пилы > Ручные торцовочные пилы;дім;інструменти;торцювальна пилка;15;4000;7000;1.33;;;0.9;0.9;1;
14172702;Электрические пилы > Ручные торцовочные пилы;дім;інструменти;торцювальна пилка;12;7000;10000;1.28;;;0.9;0.9;1;
14172702;Электрические пилы > Ручные торцовочные пилы;дім;інструменти;торцювальна пилка;10;10000;20000;1.25;;;0.9;0.9;1;
14172702;Электрические пилы > Ручные торцовочные пилы;дім;інструменти;торцювальна пилка;7;20000;100000;1.21;;;0.9;0.9;1;
14172702;Электрические пилы > Ручные торцовочные пилы;дім;інструменти;торцювальна пилка;3;100000;9999999999999.99;1.16;;;0.9;0.9;1;
2010;Надувная мебель > Надувные матрасы;спорт і активний відпочинок;надувні басейни, круги і матраци;надувний матрац;18;0;10000;1.38;;;0.9;0.9;1;
2010;Надувная мебель > Надувные матрасы;спорт і активний відпочинок;надувні басейни, круги і матраци;надувний матрац;12;10000;50000;1.28;;;0.9;0.9;1;
2010;Надувная мебель > Надувные матрасы;спорт і активний відпочинок;надувні басейни, круги і матраци;надувний матрац;7;50000;70000;1.21;;;0.9;0.9;1;
2010;Надувная мебель > Надувные матрасы;спорт і активний відпочинок;надувні басейни, круги і матраци;надувний матрац;5;70000;100000;1.18;;;0.9;0.9;1;
2010;Надувная мебель > Надувные матрасы;спорт і активний відпочинок;надувні басейни, круги і матраци;надувний матрац;3;100000;9999999999999.99;1.16;;;0.9;0.9;1;
52810;Батареи и аккумуляторы > Батарейные, аккумуляторные отсеки;дім;техніка;акумулятор;15;0;18000;1.33;;;0.9;0.9;1;
52810;Батареи и аккумуляторы > Батарейные, аккумуляторные отсеки;дім;техніка;акумулятор;10;18000;9999999999999.99;1.25;;;0.9;0.9;1;
70711;Комплектующие для компьютерной техники > Блоки питания для компьютеров;ноутбуки, комп'ютери і планшети;аксесуари;блок живлення;18;0;9999999999999.99;1.38;;;0.9;0.9;1;
120201;Электрооборудование автомобилей > Автомобильные аккумуляторы;автотовари, інструменти;авто і мото;акумулятор автомобільний;13;0;3000;1.29;;;0.9;0.9;1;
120201;Электрооборудование автомобилей > Автомобильные аккумуляторы;автотовари, інструменти;авто і мото;акумулятор автомобільний;7;3000;10000;1.21;;;0.9;0.9;1;
120201;Электрооборудование автомобилей > Автомобильные аккумуляторы;автотовари, інструменти;авто і мото;акумулятор автомобільний;5;10000;20000;1.18;;;0.9;0.9;1;
120201;Электрооборудование автомобилей > Автомобильные аккумуляторы;автотовари, інструменти;авто і мото;акумулятор автомобільний;3;20000;9999999999999.99;1.16;;;0.9;0.9;1;
141506;Отопление > Тепловые насосы;побутова техніка;кліматична техніка;тепловий насос;12;0;19000;1.28;;;0.9;0.9;1;
141506;Отопление > Тепловые насосы;побутова техніка;кліматична техніка;тепловий насос;10;19000;9999999999999.99;1.25;;;0.9;0.9;1;
6371101;Аудиотехника и аксессуары > Портативные колонки;акустика і навушники;акустичні системи;комп'ютерні колонки;15;0;5000;1.33;;;0.9;0.9;1;
6371101;Аудиотехника и аксессуары > Портативные колонки;акустика і навушники;акустичні системи;комп'ютерні колонки;12;5000;12000;1.28;;;0.9;0.9;1;
6371101;Аудиотехника и аксессуары > Портативные колонки;акустика і навушники;акустичні системи;комп'ютерні колонки;10;12000;9999999999999.99;1.25;;;0.9;0.9;1;
14200312;Бытовая техника для дома > Роботы для мойки окон;побутова техніка;дрібна побутова техніка;віконний пилосос;15;0;18000;1.33;;;0.9;0.9;1;
14200312;Бытовая техника для дома > Роботы для мойки окон;побутова техніка;дрібна побутова техніка;віконний пилосос;10;18000;9999999999999.99;1.25;;;0.9;0.9;1;
14650206;Промышленные кондиционеры > Фанкойлы;побутова техніка;кліматична техніка;фанкойл;12;0;19000;1.28;;;0.9;0.9;1;
14650206;Промышленные кондиционеры > Фанкойлы;побутова техніка;кліматична техніка;фанкойл;10;19000;9999999999999.99;1.25;;;0.9;0.9;1;
190408;Оптические приборы и системы > Технические эндоскопы, видеоскопы;автотовари, інструменти;авто і мото;ендоскоп;13;0;3000;1.29;;;0.9;0.9;1;
190408;Оптические приборы и системы > Технические эндоскопы, видеоскопы;автотовари, інструменти;авто і мото;ендоскоп;7;3000;10000;1.21;;;0.9;0.9;1;
190408;Оптические приборы и системы > Технические эндоскопы, видеоскопы;автотовари, інструменти;авто і мото;ендоскоп;5;10000;20000;1.18;;;0.9;0.9;1;
190408;Оптические приборы и системы > Технические эндоскопы, видеоскопы;автотовари, інструменти;авто і мото;ендоскоп;3;20000;9999999999999.99;1.16;;;0.9;0.9;1;
153705;Оптические приборы и системы > Оптические нивелиры;дім;інструменти;нівелір;18;0;4000;1.38;;;0.9;0.9;1;
153705;Оптические приборы и системы > Оптические нивелиры;дім;інструменти;нівелір;15;4000;7000;1.33;;;0.9;0.9;1;
153705;Оптические приборы и системы > Оптические нивелиры;дім;інструменти;нівелір;12;7000;10000;1.28;;;0.9;0.9;1;
153705;Оптические приборы и системы > Оптические нивелиры;дім;інструменти;нівелір;10;10000;20000;1.25;;;0.9;0.9;1;
153705;Оптические приборы и системы > Оптические нивелиры;дім;інструменти;нівелір;7;20000;100000;1.21;;;0.9;0.9;1;
153705;Оптические приборы и системы > Оптические нивелиры;дім;інструменти;нівелір;3;100000;9999999999999.99;1.16;;;0.9;0.9;1;
420506;Крепежные изделия > Шурупы, саморезы;дім;інструменти;шуруп;18;0;4000;1.38;;;0.9;0.9;1;
420506;Крепежные изделия > Шурупы, саморезы;дім;інструменти;шуруп;15;4000;7000;1.33;;;0.9;0.9;1;
420506;Крепежные изделия > Шурупы, саморезы;дім;інструменти;шуруп;12;7000;10000;1.28;;;0.9;0.9;1;
420506;Крепежные изделия > Шурупы, саморезы;дім;інструменти;шуруп;10;10000;20000;1.25;;;0.9;0.9;1;
420506;Крепежные изделия > Шурупы, саморезы;дім;інструменти;шуруп;7;20000;100000;1.21;;;0.9;0.9;1;
420506;Крепежные изделия > Шурупы, саморезы;дім;інструменти;шуруп;3;100000;9999999999999.99;1.16;;;0.9;0.9;1;
14190603;Выключатели технические > Рубильники;дім;інструменти;автоматичний вимикач;18;0;4000;1.38;;;0.9;0.9;1;
14190603;Выключатели технические > Рубильники;дім;інструменти;автоматичний вимикач;15;4000;7000;1.33;;;0.9;0.9;1;
14190603;Выключатели технические > Рубильники;дім;інструменти;автоматичний вимикач;12;7000;10000;1.28;;;0.9;0.9;1;
14190603;Выключатели технические > Рубильники;дім;інструменти;автоматичний вимикач;10;10000;20000;1.25;;;0.9;0.9;1;
14190603;Выключатели технические > Рубильники;дім;інструменти;автоматичний вимикач;7;20000;100000;1.21;;;0.9;0.9;1;
14190603;Выключатели технические > Рубильники;дім;інструменти;автоматичний вимикач;3;100000;9999999999999.99;1.16;;;0.9;0.9;1;
14201612;Электроинструмент > Электрические краскопульты;дім;інструменти;краскопульт;18;0;4000;1.38;;;0.9;0.9;1;
14201612;Электроинструмент > Электрические краскопульты;дім;інструменти;краскопульт;15;4000;7000;1.33;;;0.9;0.9;1;
14201612;Электроинструмент > Электрические краскопульты;дім;інструменти;краскопульт;12;7000;10000;1.28;;;0.9;0.9;1;
14201612;Электроинструмент > Электрические краскопульты;дім;інструменти;краскопульт;10;10000;20000;1.25;;;0.9;0.9;1;
14201612;Электроинструмент > Электрические краскопульты;дім;інструменти;краскопульт;7;20000;100000;1.21;;;0.9;0.9;1;
14201612;Электроинструмент > Электрические краскопульты;дім;інструменти;краскопульт;3;100000;9999999999999.99;1.16;;;0.9;0.9;1;
150411;Освещение, электрика > Аварийное освещение;автотовари, інструменти;авто і мото;проблисковий маячок;13;0;3000;1.29;;;;;;
150411;Освещение, электрика > Аварийное освещение;автотовари, інструменти;авто і мото;проблисковий маячок;7;3000;10000;1.21;;;;;;
150411;Освещение, электрика > Аварийное освещение;автотовари, інструменти;авто і мото;проблисковий маячок;5;10000;20000;1.18;;;;;;
150411;Освещение, электрика > Аварийное освещение;автотовари, інструменти;авто і мото;проблисковий маячок;3;20000;9999999999999.99;1.16;;;;;;
