Категория1;Категория2;Категория3;Категория4;Адрес_подраздела;Идентификатор_подраздела
Інженерно-будівельні послуги;"Інженерно-будівельні послуги, загальне";;;https://prom.ua/ua/Drugie-inzhenerno-stroitelnye-uslugi;284103
Інженерно-будівельні послуги;Інженерні дослідження для будівництва;;;https://prom.ua/ua/Inzhenerno-ekologicheskie-izyskaniya;280583
Інженерно-будівельні послуги;Берегоукріплювальні послуги;;;https://prom.ua/ua/Beregoukrepitelnye-uslugi;284271
Інженерно-будівельні послуги;Будівельно-ремонтні послуги;Алмазне свердління і різання бетону;;https://prom.ua/ua/Almaznoe-sverlenie;284165
Інженерно-будівельні послуги;Будівельно-ремонтні послуги;Бетонні роботи;;https://prom.ua/ua/Betonnye-raboty;284164
Інженерно-будівельні послуги;Будівельно-ремонтні послуги;"Будівельно ремонтні послуги, загальне";;https://prom.ua/ua/Drugie-stroitelnye-i-remontnye-uslugi;28410107
Інженерно-будівельні послуги;Будівельно-ремонтні послуги;Будівництво басейнів;;https://prom.ua/ua/Proektirovanie-i-stroitelstvo-bassejnov;284109
Інженерно-будівельні послуги;Будівельно-ремонтні послуги;Будівництво будинків;;https://prom.ua/ua/Stroitelstvo-kottedzhej-domov;28410105
Інженерно-будівельні послуги;Будівельно-ремонтні послуги;"Будівництво парканів, воріт і огорож";;https://prom.ua/ua/Proektirovanie-i-stroitelstvo-zaborov-ograd;284153
Інженерно-будівельні послуги;Будівельно-ремонтні послуги;"Будівництво саун, лазень, садових будиночків та альтанок";;https://prom.ua/ua/Proektirovanie-i-stroitelstvo-saun-i-ban;130118
Інженерно-будівельні послуги;Будівельно-ремонтні послуги;Будівництво та реконструкція промислових будівель і споруд;;https://prom.ua/ua/Stroitelstvo-mobilnyh-domov;284160
Інженерно-будівельні послуги;Будівельно-ремонтні послуги;"Будівництво та ремонт доріг, мостів тунелів";;https://prom.ua/ua/Stroitelstvo-i-remont-dorog;284279
Інженерно-будівельні послуги;Будівельно-ремонтні послуги;Виготовлення сходів;;https://prom.ua/ua/Izgotovlenie-i-montazh-lestnits;284117
Інженерно-будівельні послуги;Будівельно-ремонтні послуги;"Виготовлення і обслуговування камінів, печей, барбекю";;https://prom.ua/ua/Izgotovlenie-i-montazh-kaminov;284115
Інженерно-будівельні послуги;Будівельно-ремонтні послуги;"Виготовлення, монтаж та ремонт вікон і дверей";;https://prom.ua/ua/Montazh-remont-i-izgotovlenie-dverej;284300
Інженерно-будівельні послуги;Будівельно-ремонтні послуги;Комплексний ремонт приміщень;;https://prom.ua/ua/Remont-zhilyh-pomeschenij;284138
Інженерно-будівельні послуги;Будівельно-ремонтні послуги;Мурування стін;;https://prom.ua/ua/Kamennye-raboty;284234
Інженерно-будівельні послуги;Будівельно-ремонтні послуги;Облаштування балконів та лоджій;;https://prom.ua/ua/Ustrojstvo-balkonov;284155
Інженерно-будівельні послуги;Будівельно-ремонтні послуги;Облаштування підлог та стель;;https://prom.ua/ua/Styazhka-pola-i-sten;284146
Інженерно-будівельні послуги;Будівельно-ремонтні послуги;Оздоблювальні роботи;;https://prom.ua/ua/Shtukaturnye-raboty;284132
Інженерно-будівельні послуги;Будівельно-ремонтні послуги;Покрівельні роботи;;https://prom.ua/ua/Krovelnye-raboty;28410101
Інженерно-будівельні послуги;Будівельно-ремонтні послуги;Послуги скління;;https://prom.ua/ua/Izgotovlenie-i-montazh-tselnosteklyannyh-fasadnyh-konstruktsij;284284
Інженерно-будівельні послуги;Будівельно-ремонтні послуги;Фундаментні роботи;;https://prom.ua/ua/Fundamentnye-raboty;284235
Інженерно-будівельні послуги;Бурові роботи;;;https://prom.ua/ua/Burenie-skvazhin-pod-vodu;284275
Інженерно-будівельні послуги;Вивіз будівельного сміття;;;https://prom.ua/ua/Vyvoz-strojmusora;284178
Інженерно-будівельні послуги;Висотні роботи;;;https://prom.ua/ua/Montazhnye-i-vysotnye-raboty;28410102
Інженерно-будівельні послуги;Демонтажні роботи;;;https://prom.ua/ua/Demontazhnye-raboty;28410108
Інженерно-будівельні послуги;Дизайн інтер'єру;;;https://prom.ua/ua/Dizajn-intererov;280513
Інженерно-будівельні послуги;"Зварювальні роботи, контроль і діагностика";;;https://prom.ua/ua/Svarochnye-raboty;284110
Інженерно-будівельні послуги;Земляні роботи;;;https://prom.ua/ua/Zemlyanye-raboty;284236
Інженерно-будівельні послуги;"Ландшафтний дизайн, озеленення і благоустрій";"Ландшафтні послуги, загальне";;https://prom.ua/ua/Drugie-landshaftnye-uslugi;28410505
Інженерно-будівельні послуги;"Ландшафтний дизайн, озеленення і благоустрій";Облаштування доріжок;;https://prom.ua/ua/Moschenie-dorozhek-ukladka-trotuarnoj-plitki;284152
Інженерно-будівельні послуги;"Ландшафтний дизайн, озеленення і благоустрій";Облаштування систем дренажу та водовідведення;;https://prom.ua/ua/Proektirovanie-i-montazh-sistem-drenazha-i-vodootvedeniya;284255
Інженерно-будівельні послуги;"Ландшафтний дизайн, озеленення і благоустрій";Облаштування штучних водойм та фонтанів;;https://prom.ua/ua/Stroitelstvo-prudov;284199
Інженерно-будівельні послуги;"Ландшафтний дизайн, озеленення і благоустрій";Озеленення територій;;https://prom.ua/ua/Ozelenenie-territorij;28410502
Інженерно-будівельні послуги;Монтаж та обслуговування інженерних систем;Електромонтажні роботи;;https://prom.ua/ua/Montazh-elektro-provodki;284245
Інженерно-будівельні послуги;Монтаж та обслуговування інженерних систем;Монтаж систем блискавкозахисту та заземлення;;https://prom.ua/ua/Montazh-sistem-molniezaschity-i-zazemleniya;284184
Інженерно-будівельні послуги;Монтаж та обслуговування інженерних систем;Монтаж та обслуговування систем альтернативної енергетики;;https://prom.ua/ua/Sistemy-alternativnoj-energetiki;284283
Інженерно-будівельні послуги;Монтаж та обслуговування інженерних систем;Монтаж та обслуговування системи водопостачання;;https://prom.ua/ua/Vodosnabzheniya;284240
Інженерно-будівельні послуги;Монтаж та обслуговування інженерних систем;Монтаж та обслуговування системи газопостачання;;https://prom.ua/ua/Gazosnabzheniya;284242
Інженерно-будівельні послуги;Монтаж та обслуговування інженерних систем;Монтаж та обслуговування системи каналізації;;https://prom.ua/ua/Sistema-kanalizatsii;284241
Інженерно-будівельні послуги;Монтаж та обслуговування інженерних систем;Монтаж та обслуговування системи теплопостачання;;https://prom.ua/ua/Teplosnabzheniya;284239
Інженерно-будівельні послуги;Монтаж та обслуговування інженерних систем;Монтаж та обслуговування системи фільтрування води;;https://prom.ua/ua/Montazh-naladka-i-remont-sistem-filtratsii-vody;284318
Інженерно-будівельні послуги;Монтаж та обслуговування інженерних систем;Монтаж та обслуговування структурних кабельних мереж (скм);;https://prom.ua/ua/Proektirovanie-montazh-i-nastrojka-ats-mini-ats;281410
Інженерно-будівельні послуги;Монтаж та обслуговування інженерних систем;Монтаж і обслуговування систем вентиляції і кондиціонування;;https://prom.ua/ua/Montazh-i-obsluzhivanie-sistem-ventilyatsii-i-konditsionirovaniya;284233
Інженерно-будівельні послуги;Монтаж та обслуговування інженерних систем;"Монтаж, налагодження та ремонт інженерних систем, загальне";;https://prom.ua/ua/Montazh-naladka-i-remont-inzhenernyh-sistem-obschee;284243
Інженерно-будівельні послуги;Монтаж та обслуговування інженерних систем;Сантехнічні роботи;;https://prom.ua/ua/Ustanovka-i-remont-santehnicheskih-priborov;284173
Інженерно-будівельні послуги;"Послуги теплоізоляції, звукоізоляції, гідроізоляції";;;https://prom.ua/ua/Teploizolyatsiya;284266
Інженерно-будівельні послуги;Проектні послуги;"Проектні послуги, загальне";;https://prom.ua/ua/Drugie-proektno-stroitelnye-uslugi;28410401
Інженерно-будівельні послуги;Проектні послуги;"Проектування будинків, житлових та громадських будівель";;https://prom.ua/ua/Proektirovanie-domov-kottedzhej;28410404
Інженерно-будівельні послуги;Проектні послуги;Проектування доріг;;https://prom.ua/ua/Proektirovanie-dorog;284305
Інженерно-будівельні послуги;Проектні послуги;"Проектування об'єктів електроенергетики, ліній електропередач та електромереж";;https://prom.ua/ua/Proektirovanie-i-stroitelstvo-obektov-elektroenergetiki;284194
Інженерно-будівельні послуги;Проектні послуги;Проектування об'єктів і обладнання альтернативної енергетики;;https://prom.ua/ua/Proektirovanie-obektov-i-oborudovaniya-alternativnoj-energetiki;284289
Інженерно-будівельні послуги;Проектні послуги;Проектування промислових будівель і споруд;;https://prom.ua/ua/Proektirovanie-promyshlennyh-zdanij-i-sooruzhenij;284251
Інструменти;"Інструмент, загальне";;;https://prom.ua/ua/Drugoj-instrument;142099
Інструменти;Будівельний інструмент;Будівельний бензоінструмент;Бензинові відбійні молотки;https://prom.ua/ua/Otbojnye-molotki-benzinovye;14200801
Інструменти;Будівельний інструмент;Будівельний бензоінструмент;Бензобури;https://prom.ua/ua/Benzobury;14201624
Інструменти;Будівельний інструмент;Будівельний бензоінструмент;"Бензоінструмент будівельний, загальне";https://prom.ua/ua/Benzoinstrument-stroitelnyj-obschee;14200802
Інструменти;Будівельний інструмент;Будівельний бензоінструмент;"Швонарізчики, бензорізи, електроріз";https://prom.ua/ua/Narezchiki-shvov;14201608
Інструменти;Будівельний інструмент;Будівельний вимірювальний інструмент;"Будівельний вимірювальний інструмент, загальне";https://prom.ua/ua/Ctroitelnyj-izmeritelnyj-instrument-obschee;14201633
Інструменти;Будівельний інструмент;Будівельний вимірювальний інструмент;Будівельні рівні;https://prom.ua/ua/Urovni-stroitelnye;14201622
Інструменти;Будівельний інструмент;Будівельний вимірювальний інструмент;"Вимірювальні лінійки, косинці";https://prom.ua/ua/Izmeritelnye-linejki-ugolniki;14201632
Інструменти;Будівельний інструмент;Будівельний вимірювальний інструмент;Вимірювальні рулетки;https://prom.ua/ua/Ruletki;14200604
Інструменти;Будівельний інструмент;Будівельний вимірювальний інструмент;"Лазерні нівеліри, рівні, сканери";https://prom.ua/ua/Lazernye-niveliry;190402
Інструменти;Будівельний інструмент;Будівельний вимірювальний інструмент;Штангенінструмент;https://prom.ua/ua/Shtangentsirkuli;14200605
Інструменти;Будівельний інструмент;Будівельний пневматичний інструмент;"Будівельний пневматичний інструмент, загальне";https://prom.ua/ua/Stroitelnyj-pnevmaticheskij-instrument-obschee;14201635
Інструменти;Будівельний інструмент;Будівельний пневматичний інструмент;Пневмодрилі;https://prom.ua/ua/Pnevmodreli;14200501
Інструменти;Будівельний інструмент;Будівельний пневматичний інструмент;Пневмошліфмашіни;https://prom.ua/ua/Pnevmoshlifmashiny;14200502
Інструменти;Будівельний інструмент;"Будівельний інструмент, загальне";;https://prom.ua/ua/Drugoj-stroitelnyj-instrument;14201699
Інструменти;Будівельний інструмент;Малярно-штукатурний інструмент;"Будівельні відра, ємкості";https://prom.ua/ua/Stroitelnye-vedra;14201629
Інструменти;Будівельний інструмент;Малярно-штукатурний інструмент;"Кельми, штукатурні ковші";https://prom.ua/ua/Kelmy-masterki;14201604
Інструменти;Будівельний інструмент;Малярно-штукатурний інструмент;Малярно-штукатурні валики;https://prom.ua/ua/Valiki-malyarnye;14201626
Інструменти;Будівельний інструмент;Малярно-штукатурний інструмент;"Малярно-штукатурні інструмент, загальне";https://prom.ua/ua/Malyarno-shtukaturnyj-instrument-obschee;14201630
Інструменти;Будівельний інструмент;Малярно-штукатурний інструмент;Малярні ванночки;https://prom.ua/ua/Vannochki-malyarnye;14201628
Інструменти;Будівельний інструмент;Малярно-штукатурний інструмент;Малярні пензлі;https://prom.ua/ua/Kisti-malyarnye;14201625
Інструменти;Будівельний інструмент;Малярно-штукатурний інструмент;"Малярні стрічки, скотч";https://prom.ua/ua/Lenty-malyarnye-skotch;14201627
Інструменти;Будівельний інструмент;Малярно-штукатурний інструмент;Ручні механічні фарбопульти;https://prom.ua/ua/Kraskopulty-mehanicheskie-ruchnye;14201640
Інструменти;Будівельний інструмент;Малярно-штукатурний інструмент;"Шліфувальні терки, гладилки";https://prom.ua/ua/Terki-shtukaturnye;14201637
Інструменти;Будівельний інструмент;Малярно-штукатурний інструмент;Шпателі;https://prom.ua/ua/Shpateli;14201605
Інструменти;Будівельний інструмент;Малярно-штукатурний інструмент;Штукатурне правило;https://prom.ua/ua/Pravilo-shtukaturnoe;14201638
Інструменти;Будівельний інструмент;Пістолети для в'язки арматури;;https://prom.ua/ua/Pistolety-dlya-vyazki-armatury;14201623
Інструменти;Будівельний інструмент;Ручні плиткорізи;;https://prom.ua/ua/Plitkorezy-ruchnye;14201636
Інструменти;Будівельний інструмент;Склорізи;;https://prom.ua/ua/Steklorezy;14201603
Інструменти;Гідравлічний інструмент;Гідравлічний трубогнучкий інструмент;;https://prom.ua/ua/Gidravlicheskij-trubogibochnyj-instrument;14200905
Інструменти;Гідравлічний інструмент;"Гідравлічний інструмент, загальне";;https://prom.ua/ua/Drugoj-gidravlicheskij-instrument;14200999
Інструменти;Гідравлічний інструмент;Гідравлічні відбійні молотки;;https://prom.ua/ua/Gidravlicheskie-otbojnye-molotki;14200901
Інструменти;Гідравлічний інструмент;Гідравлічні гайкокрути;;https://prom.ua/ua/Gidravlicheskie-gajkoverty;14200910
Інструменти;Гідравлічний інструмент;Гідравлічні дироколи;;https://prom.ua/ua/Gidravlicheskie-dyrokoly;14200903
Інструменти;Гідравлічний інструмент;Гідравлічні знімачі;;https://prom.ua/ua/Gidravlicheskie-semniki;14200906
Інструменти;Гідравлічний інструмент;Гідравлічні ланцюгові пили;;https://prom.ua/ua/Gidravlicheskie-tsepnye-pily;14200914
Інструменти;Гідравлічний інструмент;Гідравлічні маслостанції;;https://prom.ua/ua/Maslostantsii-gidravlicheskie;14200913
Інструменти;Гідравлічний інструмент;"Гідравлічні ножиці, кусачки, арматурорез";;https://prom.ua/ua/Gidravlicheskie-nozhnitsy-ruchnye;14200911
Інструменти;Гідравлічний інструмент;Гідравлічні розтяжки;;https://prom.ua/ua/Rastyazhki-gidravlicheskie;14200907
Інструменти;Гідравлічний інструмент;Гідравлічні ручні насоси;;https://prom.ua/ua/Gidravlicheskie-nasosy-ruchnye;14200908
Інструменти;Гідравлічний інструмент;Гідравлічні ручні преси;;https://prom.ua/ua/Gidravlicheskie-pressy-ruchnye;14200909
Інструменти;Дереворізальний інструмент;"Дереворізальний інструмент, загальне";;https://prom.ua/ua/Derevorezhuschij-instrument-obschee;14201402
Інструменти;Дереворізальний інструмент;"Ручні пили, ножівки";;https://prom.ua/ua/Pily-ruchnye;14200308
Інструменти;Дереворізальний інструмент;Ручні рубанки;;https://prom.ua/ua/Rubanki-ruchnye;14200337
Інструменти;Електроінструмент;Акумуляторні викрутки;;https://prom.ua/ua/Otvertki-akkumulyatornye;141722
Інструменти;Електроінструмент;Багатофункціональні інструменти;;https://prom.ua/ua/Mnogofunktsionalnye-instrumenty;141735
Інструменти;Електроінструмент;Будівельні фени;;https://prom.ua/ua/Feny-tehnicheskie;141706
Інструменти;Електроінструмент;"Дрилі, шуруповерти";;https://prom.ua/ua/Shurupoverty;141711
Інструменти;Електроінструмент;Діамантове свердлильне обладнання та комплектуючі;;https://prom.ua/ua/Almaznoe-sverlilnoe-oborudovanie;141701
Інструменти;Електроінструмент;Електричні будівельні міксери;;https://prom.ua/ua/Miksery-stroitelnye-elektricheskie;141723
Інструменти;Електроінструмент;Електричні відбійні молотки;;https://prom.ua/ua/Otbojnye-molotki;141707
Інструменти;Електроінструмент;Електричні гайковерти;;https://prom.ua/ua/Gajkoverty-elektricheskie;141714
Інструменти;Електроінструмент;Електричні заклепники;;https://prom.ua/ua/Zaklepochniki-akkumulyatornye;141730
Інструменти;Електроінструмент;Електричні клупи;;https://prom.ua/ua/Kluppy-elektricheskie;141733
Інструменти;Електроінструмент;Електричні пили;Електроножівки;https://prom.ua/ua/Elektronozhovki;141720
Інструменти;Електроінструмент;Електричні пили;"Пили електричні, загальне";https://prom.ua/ua/Pily-elektricheskie-obschee;14172704
Інструменти;Електроінструмент;Електричні пили;Ручні дискові пили;https://prom.ua/ua/Pily-diskovye-ruchnye;14172701
Інструменти;Електроінструмент;Електричні пили;Ручні електротруборези;https://prom.ua/ua/Elektrotruborezy-ruchnye;14172705
Інструменти;Електроінструмент;Електричні пили;Ручні торцювальні пили;https://prom.ua/ua/Pily-tortsovochnye-ruchnye;14172702
Інструменти;Електроінструмент;Електричні ручні преси;;https://prom.ua/ua/Elektricheskie-pressy-ruchnye;141731
Інструменти;Електроінструмент;Електричні ручні трубогиби;;https://prom.ua/ua/Trubogiby-elektricheskie-ruchnye;141732
Інструменти;Електроінструмент;Електричні степлери;;https://prom.ua/ua/Steplery-elektricheskie;141721
Інструменти;Електроінструмент;Електричні фарбопульти;;https://prom.ua/ua/Kraskopulty-elektricheskie;14201612
Інструменти;Електроінструмент;Електролобзики;;https://prom.ua/ua/Elektrolobziki;141713
Інструменти;Електроінструмент;Електроножиці по металу;;https://prom.ua/ua/Elektronozhnitsy-po-metallu;141719
Інструменти;Електроінструмент;Електрорубанки;;https://prom.ua/ua/Elektrorubanki;141709
Інструменти;Електроінструмент;"Електроінструмент, загальне";;https://prom.ua/ua/Drugoj-elektroinstrument;141799
Інструменти;Електроінструмент;Клейові електричні пістолети;;https://prom.ua/ua/Kleevye-pistolety-elektricheskie;141726
Інструменти;Електроінструмент;Паяльники;;https://prom.ua/ua/Payalniki;14400803
Інструменти;Електроінструмент;Перфоратори;;https://prom.ua/ua/Perforatory;141725
Інструменти;Електроінструмент;Пристосування для інструментів;;https://prom.ua/ua/Prisposobleniya-dlya-instrumentov;141734
Інструменти;Електроінструмент;Фрезерні машини;;https://prom.ua/ua/Frezernye-mashiny;141703
Інструменти;Електроінструмент;Шліфувальні машини;;https://prom.ua/ua/Shlifovalnye-mashiny;141717
Інструменти;Електроінструмент;Штроборізи;;https://prom.ua/ua/Shtroborezy;141718
Інструменти;Запчастини для інструменту;;;https://prom.ua/ua/Komplektuyuschie-dlya-instrumenta;142001
Інструменти;Металорізальний інструмент;Вальцівки;;https://prom.ua/ua/Valtsovki;14201015
Інструменти;Металорізальний інструмент;Зуборізний верстатний інструмент;;https://prom.ua/ua/Zuboreznyj-stanochnyj-instrument;14201008
Інструменти;Металорізальний інструмент;"Металорізальний інструмент, загальне";;https://prom.ua/ua/Drugoj-metallorezhuschij-instrument;14201001
Інструменти;Металорізальний інструмент;Ручні ножиці по металу;;https://prom.ua/ua/Nozhnitsy-po-metallu;14201002
Інструменти;Металорізальний інструмент;Твердосплавні інструменти;;https://prom.ua/ua/Tverdosplavnye-instrument;14201005
Інструменти;Набори інструментів;;;https://prom.ua/ua/Nabory-instrumentov;142004
Інструменти;Оснащення для інструменту;Алмазна паста;;https://prom.ua/ua/Pasta-almaznaya;14200206
Інструменти;Оснащення для інструменту;Викруткові біти;;https://prom.ua/ua/Otvertochnye-bity;141702
Інструменти;Оснащення для інструменту;"Відрізні, зачисні, шліфувальні, пильні круги";;https://prom.ua/ua/Diski-pilnye-po-derevu;14201509
Інструменти;Оснащення для інструменту;Долбяки;;https://prom.ua/ua/Dolbyaki;14201006
Інструменти;Оснащення для інструменту;Зенкери;;https://prom.ua/ua/Zenkery;14201501
Інструменти;Оснащення для інструменту;"Зубила, долото для перфоратора";;https://prom.ua/ua/Zubila-doloto-dlya-perforatora;14201512
Інструменти;Оснащення для інструменту;Клейові стрижні;;https://prom.ua/ua/Kleevye-sterzhni;14201523
Інструменти;Оснащення для інструменту;Ланцюги для пил;;https://prom.ua/ua/Tsepi-dlya-pil;14201505
Інструменти;Оснащення для інструменту;Леза для ножів;;https://prom.ua/ua/Lezviya-dlya-nozhej;14201510
Інструменти;Оснащення для інструменту;Мітчики;;https://prom.ua/ua/Metchiki;14201004
Інструменти;Оснащення для інструменту;Насадки для будівельного міксера;;https://prom.ua/ua/Nasadki-dlya-stroitelnogo-miksera;14201511
Інструменти;Оснащення для інструменту;Ножувальні полотна;;https://prom.ua/ua/Polotna-nozhovochnye;14201502
Інструменти;Оснащення для інструменту;"Ножі, ліски для тримерів і кущорізів";;https://prom.ua/ua/Nozhi-leski-dlya-trimmerov-i-kustorezov;14201522
Інструменти;Оснащення для інструменту;"Оливи, мастила для інструменту";;https://prom.ua/ua/Masla-dlya-instrumenta;14201516
Інструменти;Оснащення для інструменту;Оснащення для багатофункціональних шліфувальних машин;;https://prom.ua/ua/Osnastka-dlya-mnogofunktsionalnyh-shlifmashin;14201514
Інструменти;Оснащення для інструменту;Оснащення для плиткорізів;;https://prom.ua/ua/Osnastka-dlya-plitkorezov;14201525
Інструменти;Оснащення для інструменту;"Оснащення для інструменту, загальне";;https://prom.ua/ua/Osnastka-dlya-instrumenta-obschee;14201504
Інструменти;Оснащення для інструменту;Пилки для лобзиків;;https://prom.ua/ua/Pilki-dlya-lobzikov;14201506
Інструменти;Оснащення для інструменту;"Полірувальні круги, насадки";;https://prom.ua/ua/Polirovochnye-krugi;14201518
Інструменти;Оснащення для інструменту;"Ручні клупи, плашки";;https://prom.ua/ua/Plashki;14201503
Інструменти;Оснащення для інструменту;"Свердла, бури";;https://prom.ua/ua/Sverla;14201607
Інструменти;Оснащення для інструменту;"Свердлильні коронки, кільцеві пилки";;https://prom.ua/ua/Koltsevye-pily;14201508
Інструменти;Оснащення для інструменту;Строгальні ножі;;https://prom.ua/ua/Strogalnye-nozhi;14201401
Інструменти;Оснащення для інструменту;"Технічні щітки, корщітки";;https://prom.ua/ua/Korschetki;420410
Інструменти;Оснащення для інструменту;Фрези;;https://prom.ua/ua/Frezy;14201519
Інструменти;Оснащення для інструменту;Хонінгувальні головки;;https://prom.ua/ua/Honingovalnye-golovki;14201524
Інструменти;Оснащення для інструменту;"Шліфувальні сегменти, бруски";;https://prom.ua/ua/Segmenty-shlifovalnye;420404
Інструменти;Оснащення для інструменту;"Шліфувальні шарошки, чашки";;https://prom.ua/ua/Chashki-abrazivnye-shlifovalnye;420408
Інструменти;Оснащення для інструменту;"Шліфувальні шкірки, стрічки";;https://prom.ua/ua/Shkurki-shlifovalnye;420407
Інструменти;Оснащення для інструменту;"Шнеки для бурів, снігоприбирачів";;https://prom.ua/ua/Shneki-dlya-burov-snegouborschikov;14201521
Інструменти;Пневматичний інструмент;Оснащення для пневматичного інструменту;Аерографи;https://prom.ua/ua/Aerografy;14200525
Інструменти;Пневматичний інструмент;Оснащення для пневматичного інструменту;Монтажні пістолети;https://prom.ua/ua/Pnevmaticheskie-pistolety-dlya-naneseniya-montazhnoj-peny;14200522
Інструменти;Пневматичний інструмент;Оснащення для пневматичного інструменту;Пневматичні продувальні пістолети;https://prom.ua/ua/Pnevmaticheskie-produvochnye-pistolety;14200518
Інструменти;Пневматичний інструмент;Оснащення для пневматичного інструменту;Пневматичні піскоструминні пістолети;https://prom.ua/ua/Pnevmaticheskie-peskostrujnye-pistolety;14200517
Інструменти;Пневматичний інструмент;Оснащення для пневматичного інструменту;Пневматичні пістолети підкачки шин;https://prom.ua/ua/Pnevmaticheskie-pistolety-podkachki-shin;14200516
Інструменти;Пневматичний інструмент;Оснащення для пневматичного інструменту;"Пневматичні пістолети, загальне";https://prom.ua/ua/Pnevmaticheskie-pistolety-obschee;14200520
Інструменти;Пневматичний інструмент;Оснащення для пневматичного інструменту;Пневматичні розпилювальні пістолети;https://prom.ua/ua/Pnevmaticheskie-raspylitelnye-pistolety;14200524
Інструменти;Пневматичний інструмент;Оснащення для пневматичного інструменту;Пневматичні фарбопульти;https://prom.ua/ua/Pnevmaticheskie-kraskopulty;14200504
Інструменти;Пневматичний інструмент;Оснащення для пневматичного інструменту;Пневматичні шприци для змащення;https://prom.ua/ua/Pnevmaticheskie-pistolety-dlya-smazki;14200519
Інструменти;Пневматичний інструмент;Оснащення для пневматичного інструменту;Пневматичні штукатурні розпилювачі;https://prom.ua/ua/Pnevmaticheskie-shtukaturnye-raspyliteli;14200503
Інструменти;Пневматичний інструмент;"Пневматичний інструмент, загальне";;https://prom.ua/ua/Drugoj-pnevmaticheskij-instrument;14200599
Інструменти;Пневматичний інструмент;Пневматичні відбійні молотки;;https://prom.ua/ua/Pnevmaticheskie-otbojnye-molotki;14200513
Інструменти;Пневматичний інструмент;Пневматичні гайкокрути;;https://prom.ua/ua/Pnevmaticheskie-gajkoverty;14200511
Інструменти;Пневматичний інструмент;Пневматичні заклепники;;https://prom.ua/ua/Pnevmaticheskie-zaklepochniki;14200508
Інструменти;Пневматичний інструмент;Пневматичні зубила;;https://prom.ua/ua/Pnevmaticheskie-zubila;14200505
Інструменти;Пневматичний інструмент;Пневматичні ножиці по металу;;https://prom.ua/ua/Pnevmaticheskie-nozhnitsy-po-metallu;14200514
Інструменти;Пневматичний інструмент;Пневматичні перфоратори;;https://prom.ua/ua/Pnevmaticheskie-perforatory;14200507
Інструменти;Пневматичний інструмент;Пневматичні пили;;https://prom.ua/ua/Pnevmaticheskie-pily;14200523
Інструменти;Пневматичний інструмент;Пневматичні степлери;;https://prom.ua/ua/Pnevmaticheskie-steplery;14200512
Інструменти;Пневматичний інструмент;Пневматичні трамбувачі;;https://prom.ua/ua/Pnevmaticheskie-trambovki;14200509
Інструменти;Пневматичний інструмент;Пневматичні шурупокрути;;https://prom.ua/ua/Pnevmaticheskie-shurupoverty;14200510
Інструменти;Пневматичний інструмент;Побутові повітряні компресори;;https://prom.ua/ua/Vozdushnye-kompressory-bytovye;14200506
Інструменти;Ручний інструмент;"Будівельні ножі, ножиці";;https://prom.ua/ua/Nozhi;14200306
Інструменти;Ручний інструмент;"Будівельні олівці, маркери";;https://prom.ua/ua/Stolyarnye-karandashi;14200374
Інструменти;Ручний інструмент;Викрутки;;https://prom.ua/ua/Otvertki;14200310
Інструменти;Ручний інструмент;"Воротки, тріскачки";;https://prom.ua/ua/Vorotki;14200334
Інструменти;Ручний інструмент;Губцеві інструменти;"Інструмент губцевий, загальне";https://prom.ua/ua/Instrumenty-gubtsevye-obschee;14200349
Інструменти;Ручний інструмент;Губцеві інструменти;"Бокорізи, кусачки";https://prom.ua/ua/Bokorezy;14200340
Інструменти;Ручний інструмент;Губцеві інструменти;Болторези;https://prom.ua/ua/Boltorezy;14200345
Інструменти;Ручний інструмент;Губцеві інструменти;Затискні кліщі;https://prom.ua/ua/Kleschi-zazhimnye;14200347
Інструменти;Ручний інструмент;Губцеві інструменти;"Ковальські, монтажні, столярні кліщі";https://prom.ua/ua/Kleschi-kuznechnye-montazhnye-stolyarnye;14200395
Інструменти;Ручний інструмент;Губцеві інструменти;"Пасатижі, плоскогубці, тонкогубці";https://prom.ua/ua/Passatizhi;14200341
Інструменти;Ручний інструмент;Губцеві інструменти;Трубні кліщі;https://prom.ua/ua/Kleschi-trubnye;14200348
Інструменти;Ручний інструмент;Губцеві інструменти;Щипці;https://prom.ua/ua/Schiptsy;14200346
Інструменти;Ручний інструмент;Клейма і щипці для таврування;;https://prom.ua/ua/Klejma;14200357
Інструменти;Ручний інструмент;Ключі;Балонні ключі;https://prom.ua/ua/Klyuchi-ballonye;12110203
Інструменти;Ручний інструмент;Ключі;Динамометричні ключі;https://prom.ua/ua/Klyuchi-dinamometricheskie;14200330
Інструменти;Ручний інструмент;Ключі;Ключі для кутових шліфувальних машин;https://prom.ua/ua/Klyuchi-dlya-uglovoj-shlifmashiny;14200393
Інструменти;Ручний інструмент;Ключі;Ключі для патрона;https://prom.ua/ua/Klyuchi-dlya-patrona;14200328
Інструменти;Ручний інструмент;Ключі;"Ключі, загальне";https://prom.ua/ua/Klyuchi-obschee;14200333
Інструменти;Ручний інструмент;Ключі;Комбіновані ключі;https://prom.ua/ua/Klyuchi-kombinirovannye;14200311
Інструменти;Ручний інструмент;Ключі;Мультиплікатори ключі;https://prom.ua/ua/Klyuchi-multiplikatory;14200331
Інструменти;Ручний інструмент;Ключі;Набори ключів;https://prom.ua/ua/Nabory-klyuchej;14200378
Інструменти;Ручний інструмент;Ключі;Накидні ключі;https://prom.ua/ua/Klyuchi-nakidnye;14200370
Інструменти;Ручний інструмент;Ключі;Розвідні ключі;https://prom.ua/ua/Klyuchi-razvodnye;14200327
Інструменти;Ручний інструмент;Ключі;Розрізні ключі;https://prom.ua/ua/Klyuchi-razreznye;14200379
Інструменти;Ручний інструмент;Ключі;Ріжкові ключі;https://prom.ua/ua/Klyuchi-rozhkovye;14200325
Інструменти;Ручний інструмент;Ключі;Серпоподібні ключі;https://prom.ua/ua/Klyuchi-serpovidnye;14200387
Інструменти;Ручний інструмент;Ключі;Торцеві головки;https://prom.ua/ua/Golovki-tortsevye;14200332
Інструменти;Ручний інструмент;Ключі;Торцеві ключі;https://prom.ua/ua/Klyuchi-tortsevye;14200324
Інструменти;Ручний інструмент;Ключі;Трубні ключі;https://prom.ua/ua/Klyuchi-trubnye;14200326
Інструменти;Ручний інструмент;Ключі;Шестигранні ключі;https://prom.ua/ua/Klyuchi-shestigrannye;14200329
Інструменти;Ручний інструмент;Лещата;;https://prom.ua/ua/Tiski;14200315
Інструменти;Ручний інструмент;"Ломи, цвяходери";;https://prom.ua/ua/Lomy-gvozdodery;14201609
Інструменти;Ручний інструмент;Механічні дрилі;;https://prom.ua/ua/Mehanicheskie-dreli;14200396
Інструменти;Ручний інструмент;Механічні степлери;;https://prom.ua/ua/Steplery-mehanicheskie;14200335
Інструменти;Ручний інструмент;"Молотки, кувалди, киянки";;https://prom.ua/ua/Molotki-kuvaldy-kiyanki;14200305
Інструменти;Ручний інструмент;Монтажні присоски;;https://prom.ua/ua/Prisoski-dlya-stekla;14200377
Інструменти;Ручний інструмент;Монтажні пінцети;;https://prom.ua/ua/Pintsety-montazhnye;14200390
Інструменти;Ручний інструмент;Мультитули;;https://prom.ua/ua/Multituly;14200394
Інструменти;Ручний інструмент;Навскісник;;https://prom.ua/ua/Stuslo;14200371
Інструменти;Ручний інструмент;Напилки та надфілі;;https://prom.ua/ua/Napilniki-i-nadfili;14200304
Інструменти;Ручний інструмент;"Пробійники, зубила, борідки";;https://prom.ua/ua/Probojniki-zubila-borodki;14200363
Інструменти;Ручний інструмент;Ракелі;;https://prom.ua/ua/Rakeli;14200389
Інструменти;Ручний інструмент;Револьверні дироколи;;https://prom.ua/ua/Dyrokol-revolvernyj;14200388
Інструменти;Ручний інструмент;Розмічальний інструмент;;https://prom.ua/ua/Shnury-razmetochnye;14200384
Інструменти;Ручний інструмент;"Ручний інструмент, загальне";;https://prom.ua/ua/Drugoj-ruchnoj-instrument;14200399
Інструменти;Ручний інструмент;Ручні заклепники;;https://prom.ua/ua/Zaklepochniki-ruchnye;14200336
Інструменти;Ручний інструмент;Ручні знімачі;Знімачі автомобільних фільтрів;https://prom.ua/ua/Semniki-maslyanyh-filtrov;14200352
Інструменти;Ручний інструмент;Ручні знімачі;Знімачі гальмівних колодок;https://prom.ua/ua/Semniki-tormoznyh-kolodok;14200386
Інструменти;Ручний інструмент;Ручні знімачі;Знімачі обшивки;https://prom.ua/ua/Semniki-obshivki;14200380
Інструменти;Ручний інструмент;Ручні знімачі;Знімачі підшипників;https://prom.ua/ua/Semniki-podshipnikov;14200353
Інструменти;Ручний інструмент;Ручні знімачі;"Знімачі ручні, загальне";https://prom.ua/ua/Semniki-ruchnye-obschee;14200356
Інструменти;Ручний інструмент;Ручні знімачі;Знімачі стопорних кілець;https://prom.ua/ua/Semniki-stopornyh-kolets;14200354
Інструменти;Ручний інструмент;Ручні знімачі;Знімачі ізоляції;https://prom.ua/ua/Semniki-izolyatsii;14200355
Інструменти;Ручний інструмент;Ручні знімачі;Механічні знімачі;https://prom.ua/ua/Semniki-mehanicheskie;14200351
Інструменти;Ручний інструмент;Ручні лобзики;;https://prom.ua/ua/Lobziki-ruchnye;14200392
Інструменти;Ручний інструмент;Ручні механічні трубогиби;;https://prom.ua/ua/Trubogiby-mehanicheskie-ruchnye;14200381
Інструменти;Ручний інструмент;Ручні обтискні інструменти;;https://prom.ua/ua/Instrumenty-obzhimnye-ruchnye;14200358
Інструменти;Ручний інструмент;Ручні преси;;https://prom.ua/ua/Pressy-ruchnye;14200317
Інструменти;Ручний інструмент;"Ручні різці, стамески";;https://prom.ua/ua/Stameski;14200303
Інструменти;Ручний інструмент;Ручні трубні розширювачі;;https://prom.ua/ua/Trubnye-rasshiriteli-ruchnye;14200382
Інструменти;Ручний інструмент;"Ручні труборізи, ножиці для труб";;https://prom.ua/ua/Truborezy;142612
Інструменти;Ручний інструмент;"Секторні ножиці, тросорізи";;https://prom.ua/ua/Nozhnitsy-sektornye;14200372
Інструменти;Ручний інструмент;Сокири;;https://prom.ua/ua/Topory;14200301
Інструменти;Ручний інструмент;Струбцини і затискачі;;https://prom.ua/ua/Strubtsiny;14200316
Інструменти;Ручний інструмент;Торцювателі для труб;;https://prom.ua/ua/Tortsevateli-dlya-trub;14200391
Інструменти;Ручний інструмент;Цикли;;https://prom.ua/ua/Tsikli;14200375
Інструменти;Ручний інструмент;Шило;;https://prom.ua/ua/Shilo;14200383
Інструменти;"Ящики, сумки для інструментів";;;https://prom.ua/ua/Sumki-dlya-instrumenta;142007
Інтимні товари;Інтимна косметика та догляд;"Інтимна косметика та догляд, загальне";;https://prom.ua/ua/Intimnaya-kosmetikauhod-obschee;16102201
Інтимні товари;Інтимна косметика та догляд;Засоби для догляду за інтимними іграшками;;https://prom.ua/ua/Sredstva-dlya-uhoda-za-intimnymi-igrushkami;161008
Інтимні товари;Інтимна косметика та догляд;Збуджуючі засоби;;https://prom.ua/ua/Vozbuzhdayuschie-preparaty;161002
Інтимні товари;Інтимна косметика та догляд;Лубриканти ;;https://prom.ua/ua/Intimnye-smazki;161003
Інтимні товари;Інтимне здоров'я;"Інтимне здоров'я, загальне";;https://prom.ua/ua/Intimnoe-zdorove-obschee;16102101
Інтимні товари;Інтимне здоров'я;Вагінальні кульки;;https://prom.ua/ua/Vaginalnye-shariki;16102103
Інтимні товари;Інтимне здоров'я;Екстендери ;;https://prom.ua/ua/Ekstendery;16102105
Інтимні товари;Інтимне здоров'я;Масажери простати;;https://prom.ua/ua/Massazhery-prostaty;16102104
Інтимні товари;Інтимне здоров'я;Тренажери кегеля;;https://prom.ua/ua/Trenazhery-kegelya;16102102
Інтимні товари;"Інтимні товари, загальне";;;https://prom.ua/ua/Intimnye-tovary-obschee;161005
Інтимні товари;Інтимні іграшки;"Інтимні іграшки, загальне";;https://prom.ua/ua/Intimnye-igrushki-obschee;16102301
Інтимні товари;Інтимні іграшки;Анальні пробки;;https://prom.ua/ua/Analnye-probki;161014
Інтимні товари;Інтимні іграшки;Вакуумні помпи;;https://prom.ua/ua/Vakuumnye-pompy;161017
Інтимні товари;Інтимні іграшки;Вакуумні стимулятори;;https://prom.ua/ua/Vakuumni-stimulyatori;161018
Інтимні товари;Інтимні іграшки;Вібратори;;https://prom.ua/ua/Vibratory;161011
Інтимні товари;Інтимні іграшки;Мастурбатори;;https://prom.ua/ua/Masturbatory;161013
Інтимні товари;Інтимні іграшки;Насадки на член та ерекційні кільця;;https://prom.ua/ua/Nasadki-chlen-erektsionnye;161016
Інтимні товари;Інтимні іграшки;Секс-ляльки;;https://prom.ua/ua/Seks-kukly;161015
Інтимні товари;Інтимні іграшки;Страпони;;https://prom.ua/ua/Strapony;161012
Інтимні товари;Інтимні іграшки;Фалоімітатори;;https://prom.ua/ua/Falloimitatory;161010
Інтимні товари;Бдсм-іграшки;;;https://prom.ua/ua/Sado-mazo-atributika;161007
Інтимні товари;Еротичний одяг;"Еротичний одяг, загальне";;https://prom.ua/ua/Eroticheskaya-odezhda-obschee;16100404
Інтимні товари;Еротичний одяг;Жіноча еротична білизна і одяг;;https://prom.ua/ua/Zhenskoe-eroticheskoe-bele;16100403
Інтимні товари;Еротичний одяг;Чоловіча еротична білизна і одяг;;https://prom.ua/ua/Muzhskoe-eroticheskoe-bele;16100402
Інтимні товари;Еротичні подарунки;;;https://prom.ua/ua/Eroticheskie-podarki;1767
Інтимні товари;Меблі для сексу;;;https://prom.ua/ua/Mebel-dlya-seksa;161019
Інтимні товари;Презервативи;;;https://prom.ua/ua/Prezervativy;16131201
Інтимні товари;Секс-машини;;;https://prom.ua/ua/Seks-mashini;161020
Інформаційно-комунікаційні послуги;Послуги в сфері it;;;https://prom.ua/ua/Sozdanie-sajtov;284344
Інформаційно-комунікаційні послуги;"Послуги в сфері it, загальне";;;https://prom.ua/ua/Drugie-uslugi-v-sfere-it;284299
"Авто-, мото";"Авто-, мото, загальне";;;https://prom.ua/ua/Avto--moto-obschee;5501
"Авто-, мото";Автобудинки;;;https://prom.ua/ua/Avtodoma;5503
"Авто-, мото";Автозапчастини;Автодзеркала і комплектуючі;;https://prom.ua/ua/Avtozerkala;550202
"Авто-, мото";Автозапчастини;"Автозапчастини, загальне";;https://prom.ua/ua/Drugie-avtozapchasti-i-komplektuyuschie;341501
"Авто-, мото";Автозапчастини;Автоскло;;https://prom.ua/ua/Avtostekla;120212
"Авто-, мото";Автозапчастини;Газорозподільний механізм (грм);"Газорозподільний механізм, загальне";https://prom.ua/ua/Gazoraspredelitelnyj-mehanizm-obschee;550210
"Авто-, мото";Автозапчастини;Газорозподільний механізм (грм);Гідрокомпенсатори;https://prom.ua/ua/Gidrokompensatory;12020417
"Авто-, мото";Автозапчастини;Газорозподільний механізм (грм);Деталі грм;https://prom.ua/ua/Detali-grm;550211
"Авто-, мото";Автозапчастини;Газорозподільний механізм (грм);"Клапани, осі, коромисла двигуна, штовхачі клапанів";https://prom.ua/ua/Klapany-1;12020407
"Авто-, мото";Автозапчастини;Газорозподільний механізм (грм);"Ремені грм, ланцюги грм";https://prom.ua/ua/Remni-grm-tsepi-grm;34160101
"Авто-, мото";Автозапчастини;Газорозподільний механізм (грм);"Розподільний вал, шестерні розподільного валу";https://prom.ua/ua/Val-raspredelitelnyj;12020408
"Авто-, мото";Автозапчастини;Двигуни і деталі двигуна;Автомобільні приводні ремені  ;https://prom.ua/ua/Remni-privodnye;34160103
"Авто-, мото";Автозапчастини;Двигуни і деталі двигуна;Двигуни для техніки;https://prom.ua/ua/Avtomobilnye-dvigateli-1;341527
"Авто-, мото";Автозапчастини;Двигуни і деталі двигуна;"Деталі двигуна, загальне";https://prom.ua/ua/Detali-dvigatelya-obschee;12020418
"Авто-, мото";Автозапчастини;Двигуни і деталі двигуна;Подушки двигуна;https://prom.ua/ua/Podushki-dvigatelya;12020416
"Авто-, мото";Автозапчастини;Двигуни і деталі двигуна;Прокладки для техніки;https://prom.ua/ua/Avtomobilnye-prokladki;12020404
"Авто-, мото";Автозапчастини;Двигуни і деталі двигуна;Ремені вариаторні;https://prom.ua/ua/Remni-variatornye;34160104
"Авто-, мото";Автозапчастини;Двигуни і деталі двигуна;Ролики та натягувачі;https://prom.ua/ua/Roliki-i-natyazhiteli;12020412
"Авто-, мото";Автозапчастини;Двигуни і деталі двигуна;Сальники;https://prom.ua/ua/Salniki;12020405
"Авто-, мото";Автозапчастини;Двигуни і деталі двигуна;"Турбіни, турбокомпресори";https://prom.ua/ua/Avtomobilnye-turbiny-turbokompressory;341524
"Авто-, мото";Автозапчастини;Двигуни і деталі двигуна;Шківи двигунів;https://prom.ua/ua/Shkivy-dvigatelej;12020427
"Авто-, мото";Автозапчастини;Деталі мостів і приводу трансмісії;"Деталі мостів і приводу трансмісії, загальне";https://prom.ua/ua/Detali-mostov-i-privoda-transmissii-obschee;12023814
"Авто-, мото";Автозапчастини;Деталі мостів і приводу трансмісії;Задній міст автомобіля;https://prom.ua/ua/Zadnij-most-avtomobilya;341572
"Авто-, мото";Автозапчастини;Деталі мостів і приводу трансмісії;Карданна передача;https://prom.ua/ua/Avtomobilnye-krestoviny;12023805
"Авто-, мото";Автозапчастини;Деталі мостів і приводу трансмісії;Карданні вали;https://prom.ua/ua/Kardannye-i-privodnye-valy;12023804
"Авто-, мото";Автозапчастини;Деталі мостів і приводу трансмісії;Муфти вільного ходу;https://prom.ua/ua/Mufty-svobodnogo-hoda;12023820
"Авто-, мото";Автозапчастини;Деталі мостів і приводу трансмісії;Муфти карданного валу;https://prom.ua/ua/Mufty-kardannogo-vala;12023811
"Авто-, мото";Автозапчастини;Деталі мостів і приводу трансмісії;Передній міст автомобіля;https://prom.ua/ua/Perednij-most-avtomobilya;341570
"Авто-, мото";Автозапчастини;Деталі мостів і приводу трансмісії;Редуктори мостів;https://prom.ua/ua/Reduktory-mostov;12023818
"Авто-, мото";Автозапчастини;Деталі мостів і приводу трансмісії;Роздавальні коробки;https://prom.ua/ua/Razdatochnye-korobki-korobki-otbora-moschnosti;12023809
"Авто-, мото";Автозапчастини;Деталі мостів і приводу трансмісії;Середній міст автомобіля;https://prom.ua/ua/Srednij-most-avtomobilya;341571
"Авто-, мото";Автозапчастини;Деталі мостів і приводу трансмісії;"Шарніри рівних кутових швидкостей, привідні вали";https://prom.ua/ua/Sharniry-ravnyh-uglovyh-skorostej;12023803
"Авто-, мото";Автозапчастини;Деталі салону автомобіля;Автомобільні ремені і подушки безпеки;https://prom.ua/ua/Avtomobilnye-remni-i-podushki-bezopasnosti;341547
"Авто-, мото";Автозапчастини;Деталі салону автомобіля;Автомобільні сидіння ;https://prom.ua/ua/Sidenya-avtomobilnye;120233
"Авто-, мото";Автозапчастини;Деталі салону автомобіля;Бардачки та органайзери салону;https://prom.ua/ua/Bardachki-i-perchatochnye-yaschiki;341593
"Авто-, мото";Автозапчастини;Деталі салону автомобіля;"Деталі салону автомобіля, загальне";https://prom.ua/ua/Detali-salona-avtomobilya-obschee;341590
"Авто-, мото";Автозапчастини;Деталі салону автомобіля;Кермо;https://prom.ua/ua/Ruli;121216
"Авто-, мото";Автозапчастини;Деталі салону автомобіля;"Обшивки дверей, багажника, стель, накладки салону";https://prom.ua/ua/Obshivki-avtomobilnyh-dverej;341553
"Авто-, мото";Автозапчастини;Деталі салону автомобіля;"Пістони, заглушки, кріпильні елементи";https://prom.ua/ua/Avtomobilnye-pistony-klipsy;341539
"Авто-, мото";Автозапчастини;Деталі салону автомобіля;Ручки кпп і ручника;https://prom.ua/ua/Ruchki-kpp;341564
"Авто-, мото";Автозапчастини;Деталі салону автомобіля;"Торпедо, накладки на торпедо, повітроводи";https://prom.ua/ua/Torpedo-nakladki-na-torpedo;341597
"Авто-, мото";Автозапчастини;Деталі трансмісії транспорту;Вали для коробки передач і редуктора;https://prom.ua/ua/Valy-dlya-korobki-peredach-i-reduktora;12023806
"Авто-, мото";Автозапчастини;Деталі трансмісії транспорту;"Деталі трансмісії, загальний";https://prom.ua/ua/Detali-transmissii-1;1202071
"Авто-, мото";Автозапчастини;Деталі трансмісії транспорту;Елементи механізму зчеплення;https://prom.ua/ua/Komplekty-stsepleniya;120213
"Авто-, мото";Автозапчастини;Деталі трансмісії транспорту;Коробки відбору потужності;https://prom.ua/ua/Korobki-otbora-moschnosti;342203
"Авто-, мото";Автозапчастини;Деталі трансмісії транспорту;Коробки перемикання передач (кпп);https://prom.ua/ua/Korobki-pereklyucheniya-peredach-kpp;12023816
"Авто-, мото";Автозапчастини;Деталі трансмісії транспорту;Синхронізатори коробки передач;https://prom.ua/ua/Sinhronizatory;12023808
"Авто-, мото";Автозапчастини;Деталі трансмісії транспорту;Фільтри трансмісійні;https://prom.ua/ua/Filtry-transmissionnye;12021007
"Авто-, мото";Автозапчастини;Деталі трансмісії транспорту;Шестерні трансмісії;https://prom.ua/ua/Shesterni-transmissii;12023807
"Авто-, мото";Автозапчастини;Деталі ходової;Автомобільні втулки ;https://prom.ua/ua/Rezinovye-vtulki-i-podveski;341556
"Авто-, мото";Автозапчастини;Деталі ходової;Автомобільні опори стійок;https://prom.ua/ua/Avtomobilnye-opory-stoek;341554
"Авто-, мото";Автозапчастини;Деталі ходової;Автомобільні шкворені;https://prom.ua/ua/Avtomobilnye-shkvorni;341587
"Авто-, мото";Автозапчастини;Деталі ходової;"Амортизатори, стійки, подушки стійок";https://prom.ua/ua/Amortizatory-pruzhiny;120220
"Авто-, мото";Автозапчастини;Деталі ходової;Балки передньої і задньої підвіски;https://prom.ua/ua/Balki-zadnej-podveski;341584
"Авто-, мото";Автозапчастини;Деталі ходової;"Важелі, тяги";https://prom.ua/ua/Rychagi;341600
"Авто-, мото";Автозапчастини;Деталі ходової;"Деталі ходової, загальне";https://prom.ua/ua/Detali-hodovoj-obschee;341537
"Авто-, мото";Автозапчастини;Деталі ходової;Кріплення вузлів підвіски;https://prom.ua/ua/Krepezh-uzlov-podveski;341588
"Авто-, мото";Автозапчастини;Деталі ходової;Кульові опори;https://prom.ua/ua/Sharovye-opory;341528
"Авто-, мото";Автозапчастини;Деталі ходової;Маточини;https://prom.ua/ua/Stupitsy;341535
"Авто-, мото";Автозапчастини;Деталі ходової;"Пильовики, відбійники";https://prom.ua/ua/Pylniki-avtomobilnye;341523
"Авто-, мото";Автозапчастини;Деталі ходової;"Пневморессори, пневмоподушки";https://prom.ua/ua/Ressory-pnevmoressory-pnevmopodushki;342206
"Авто-, мото";Автозапчастини;Деталі ходової;Поворотні кулаки;https://prom.ua/ua/Povorotnye-kulaki;341583
"Авто-, мото";Автозапчастини;Деталі ходової;"Пружини, ресори для техніки";https://prom.ua/ua/Pruzhiny-ressory-1;341599
"Авто-, мото";Автозапчастини;Деталі ходової;Підшипники для транспорту;https://prom.ua/ua/Avtomobilnye-podshipniki;120209
"Авто-, мото";Автозапчастини;Деталі ходової;Сайлентблоки;https://prom.ua/ua/Sajlentbloki;120236
"Авто-, мото";Автозапчастини;Деталі ходової;"Стабілізатори, тяги стабілізатора, стійки стабілізатора";https://prom.ua/ua/Rychagi-tyagi-stabilizatory;341536
"Авто-, мото";Автозапчастини;Деталі ходової;"Ступичні болти, шпильки і гайки";https://prom.ua/ua/Stupichnye-bolty-i-shpilki;341566
"Авто-, мото";Автозапчастини;Деталі ходової;Торсіони;https://prom.ua/ua/Torsiony;120232
"Авто-, мото";Автозапчастини;Запчастини гальмівної системи;Гальмівні барабани;https://prom.ua/ua/Tormoznoj-baraban;120230
"Авто-, мото";Автозапчастини;Запчастини гальмівної системи;Гальмівні диски;https://prom.ua/ua/Tormoznye-diski;120228
"Авто-, мото";Автозапчастини;Запчастини гальмівної системи;Гальмівні колодки;https://prom.ua/ua/Tormoznye-kolodki;120229
"Авто-, мото";Автозапчастини;Запчастини гальмівної системи;"Гальмівні супорти, ремкомплекти супорта";https://prom.ua/ua/Tormoznye-supporty;120239
"Авто-, мото";Автозапчастини;Запчастини гальмівної системи;Гальмівні циліндри;https://prom.ua/ua/Tormoznye-tsilindry;120231
"Авто-, мото";Автозапчастини;Запчастини гальмівної системи;"Гальмівні шланги, труби";https://prom.ua/ua/Shlangi-truby;120222
"Авто-, мото";Автозапчастини;Запчастини гальмівної системи;"Деталі гальмівних систем abs, ebd";https://prom.ua/ua/Detali-tormoznyh-sistem-abs-ebd;341618
"Авто-, мото";Автозапчастини;Запчастини гальмівної системи;Деталі гальмівної системи вантажівок;https://prom.ua/ua/Detali-tormoznoj-sistemy;342216
"Авто-, мото";Автозапчастини;Запчастини гальмівної системи;"Елементи гальмівної системи, загальне";https://prom.ua/ua/Tormoznaya-sistema;120202
"Авто-, мото";Автозапчастини;Запчастини гальмівної системи;Комплектуючі гальмівної системи;https://prom.ua/ua/Komplektuyuschie-tormoznoj-sistemy;341633
"Авто-, мото";Автозапчастини;Запчастини гальмівної системи;Підсилювачі гальм;https://prom.ua/ua/Usiliteli-tormozov;341581
"Авто-, мото";Автозапчастини;"Кондиціонери та комплектуючі для кондиціонерів, опалення, охолодження";"Автомобільні комплектуючі для кондиціонерів, опалення, охолодження, загальне";https://prom.ua/ua/Avtomobilnye-komplektuyuschie-dlya-konditsionerov-otopleniya-ohlazhdeniya-obschee;12021601
"Авто-, мото";Автозапчастини;"Кондиціонери та комплектуючі для кондиціонерів, опалення, охолодження";Автомобільні кондиціонери;https://prom.ua/ua/Avtomobilnye-konditsionery;12021607
"Авто-, мото";Автозапчастини;"Кондиціонери та комплектуючі для кондиціонерів, опалення, охолодження";Блоки управління кондиціонером;https://prom.ua/ua/Bloki-upravleniya-konditsionerom;12021604
"Авто-, мото";Автозапчастини;"Кондиціонери та комплектуючі для кондиціонерів, опалення, охолодження";Деталі для автокондиціонерів;https://prom.ua/ua/Detali-dlya-avtokonditsionerov;12021606
"Авто-, мото";Автозапчастини;"Кондиціонери та комплектуючі для кондиціонерів, опалення, охолодження";Комплектуючі системи опалення;https://prom.ua/ua/Komplektuyuschie-sistemy-otopleniya;12021605
"Авто-, мото";Автозапчастини;"Кондиціонери та комплектуючі для кондиціонерів, опалення, охолодження";Компресори кондиціонера;https://prom.ua/ua/Kompressory-konditsionera;12021603
"Авто-, мото";Автозапчастини;"Кондиціонери та комплектуючі для кондиціонерів, опалення, охолодження";Конденсатори кондиціонера;https://prom.ua/ua/Kondensatory-konditsionera;12021602
"Авто-, мото";Автозапчастини;Кривошипно-шатунний механізм (кшм);Блоки циліндрів;https://prom.ua/ua/Bloki-tsilindrov;12020411
"Авто-, мото";Автозапчастини;Кривошипно-шатунний механізм (кшм);Вкладиші корінні і шатунні;https://prom.ua/ua/Vkladyshi;12020406
"Авто-, мото";Автозапчастини;Кривошипно-шатунний механізм (кшм);Головки блоку циліндрів;https://prom.ua/ua/Golovki-bloka-tsilindrov;12020410
"Авто-, мото";Автозапчастини;Кривошипно-шатунний механізм (кшм);Гільзи двигуна;https://prom.ua/ua/Gilzy;12020413
"Авто-, мото";Автозапчастини;Кривошипно-шатунний механізм (кшм);Деталі кшм;https://prom.ua/ua/Detali-kshm;550208
"Авто-, мото";Автозапчастини;Кривошипно-шатунний механізм (кшм);"Колінчастий вал, шестерні колінчастого вала";https://prom.ua/ua/Kolenchatyj-val;12020423
"Авто-, мото";Автозапчастини;Кривошипно-шатунний механізм (кшм);"Кривошипно-шатунний механізм, загальне";https://prom.ua/ua/Krivoshipno-shatunnyj-mehanizm-obschee;550207
"Авто-, мото";Автозапчастини;Кривошипно-шатунний механізм (кшм);Кришки головки блоку циліндрів;https://prom.ua/ua/Kryshki-golovki-bloka-tsilindrov;12020425
"Авто-, мото";Автозапчастини;Кривошипно-шатунний механізм (кшм);Маховики двигунів;https://prom.ua/ua/Mahoviki-dvigatelej;12020426
"Авто-, мото";Автозапчастини;Кривошипно-шатунний механізм (кшм);Поршневі групи;https://prom.ua/ua/Porshnevye-gruppy;12020402
"Авто-, мото";Автозапчастини;Кривошипно-шатунний механізм (кшм);Поршневі кільця;https://prom.ua/ua/Porshnevye-koltsa;12020403
"Авто-, мото";Автозапчастини;Кривошипно-шатунний механізм (кшм);Поршневі пальці;https://prom.ua/ua/Porshnevye-paltsy;12020422
"Авто-, мото";Автозапчастини;Кривошипно-шатунний механізм (кшм);Поршні;https://prom.ua/ua/Porshni;12020401
"Авто-, мото";Автозапчастини;Кривошипно-шатунний механізм (кшм);Шатуни;https://prom.ua/ua/Shatuny;12020409
"Авто-, мото";Автозапчастини;Кузовні запчастини;Автомобільні дахи;https://prom.ua/ua/Avtomobilnye-kryshi;341594
"Авто-, мото";Автозапчастини;Кузовні запчастини;Автомобільні дверні ручки;https://prom.ua/ua/Avtomobilnye-dvernye-ruchki;341549
"Авто-, мото";Автозапчастини;Кузовні запчастини;Автомобільні двері;https://prom.ua/ua/Avtomobilnye-dveri;341532
"Авто-, мото";Автозапчастини;Кузовні запчастини;Автомобільні емблеми;https://prom.ua/ua/Avtomobilnye-emblemy;120235
"Авто-, мото";Автозапчастини;Кузовні запчастини;Автомобільні замки і ключі;https://prom.ua/ua/Avtomobilnye-zamki;341550
"Авто-, мото";Автозапчастини;Кузовні запчастини;Автомобільні кронштейни ;https://prom.ua/ua/Kronshtejny-avtomobilnye;341631
"Авто-, мото";Автозапчастини;Кузовні запчастини;Автомобільні люки;https://prom.ua/ua/Avtomobilnye-lyuki;121239
"Авто-, мото";Автозапчастини;Кузовні запчастини;Автомобільні підкрилки;https://prom.ua/ua/Avtomobilnye-podkrylki;121235
"Авто-, мото";Автозапчастини;Кузовні запчастини;"Амортизатори капота, багажника";https://prom.ua/ua/Amortizatory-kapota-gazovye-upory;341585
"Авто-, мото";Автозапчастини;Кузовні запчастини;Бампери;https://prom.ua/ua/Bampera;121214
"Авто-, мото";Автозапчастини;Кузовні запчастини;Боковини кузова;https://prom.ua/ua/Bokoviny-kuzova;341586
"Авто-, мото";Автозапчастини;Кузовні запчастини;Бризковики;https://prom.ua/ua/Bryzgoviki;12122901
"Авто-, мото";Автозапчастини;Кузовні запчастини;Задні панелі кузова;https://prom.ua/ua/Zadnie-paneli-kuzova;341565
"Авто-, мото";Автозапчастини;Кузовні запчастини;Захист картера і кпп;https://prom.ua/ua/Zaschita-kartera;120225
"Авто-, мото";Автозапчастини;Кузовні запчастини;Капоти;https://prom.ua/ua/Kapoty;341530
"Авто-, мото";Автозапчастини;Кузовні запчастини;"Крила, арки автомобільні";https://prom.ua/ua/Avtomobilnye-krylya;341531
"Авто-, мото";Автозапчастини;Кузовні запчастини;Кришки багажника;https://prom.ua/ua/Kryshki-bagazhnika;341533
"Авто-, мото";Автозапчастини;Кузовні запчастини;Кузови легкових автомобілів;https://prom.ua/ua/Kuzova-legkovyh-avtomobilej;341624
"Авто-, мото";Автозапчастини;Кузовні запчастини;"Кузовні запчастини, загальне";https://prom.ua/ua/Kuzovnye-zapchasti-obschee;120227
"Авто-, мото";Автозапчастини;Кузовні запчастини;"Лонжерони, підрамники";https://prom.ua/ua/Lonzherony;341625
"Авто-, мото";Автозапчастини;Кузовні запчастини;"Люки, кришки бензобака";https://prom.ua/ua/Lyuchki-kryshki-benzobaka;341627
"Авто-, мото";Автозапчастини;Кузовні запчастини;Передні панелі кузова;https://prom.ua/ua/Perednie-paneli-kuzova;341557
"Авто-, мото";Автозапчастини;Кузовні запчастини;"Петлі, обмежувачі автомобільні";https://prom.ua/ua/Avtomobilnye-petli;341551
"Авто-, мото";Автозапчастини;Кузовні запчастини;"Підсилювачі бампера, буфер бампера";https://prom.ua/ua/Usiliteli-bampera;120234
"Авто-, мото";Автозапчастини;Кузовні запчастини;Склопідйомники;https://prom.ua/ua/Steklopodemniki;341552
"Авто-, мото";Автозапчастини;Кузовні запчастини;Фаркопи;https://prom.ua/ua/Farkopy;121212
"Авто-, мото";Автозапчастини;Органи керування;Автомобільні педалі ;https://prom.ua/ua/Pedali-avtomobilnye;12023707
"Авто-, мото";Автозапчастини;Органи керування;Гідропідсилювач керма і комплектуючі;https://prom.ua/ua/Nasosy-gidrousilitelya-rulya;12023704
"Авто-, мото";Автозапчастини;Органи керування;Кермові тяги;https://prom.ua/ua/Rulevye-tyagi;12023701
"Авто-, мото";Автозапчастини;Органи керування;Наконечники рульових тяг;https://prom.ua/ua/Nakonechniki-rulevyh-tyag;12023702
"Авто-, мото";Автозапчастини;Органи керування;"Органи управління, загальне";https://prom.ua/ua/Rulevoe-upravlenie;120207
"Авто-, мото";Автозапчастини;Органи керування;Рульовий механізм;https://prom.ua/ua/Rulevye-rejki;12023703
"Авто-, мото";Автозапчастини;Органи керування;Троси автомобільні;https://prom.ua/ua/Trosiki-avtomobilnye;12023705
"Авто-, мото";Автозапчастини;Передпускові підігрівачі та автономні обігрівачі;;https://prom.ua/ua/Predpuskovye-podogrevateli-i-avtonomnye-otopiteli;341520
"Авто-, мото";Автозапчастини;Підбір запчастин та авторозбірка;;https://prom.ua/ua/Avtorazborka;550212
"Авто-, мото";Автозапчастини;Ремкомплекти автомобільні;;https://prom.ua/ua/Remkomplekty-avtomobilnye;341568
"Авто-, мото";Автозапчастини;Світлові прилади транспорту;Led- лампи автомобільні;https://prom.ua/ua/Led-lampy-avtomobilnye;12020613
"Авто-, мото";Автозапчастини;Світлові прилади транспорту;Автомобільні передні фари;https://prom.ua/ua/Avtomobilnye-perednie-ogni-i-fary;12020601
"Авто-, мото";Автозапчастини;Світлові прилади транспорту;Блоки розпалювання;https://prom.ua/ua/Bloki-rozzhiga;390303
"Авто-, мото";Автозапчастини;Світлові прилади транспорту;"Відбивачі, корпуса фар і ліхтарів";https://prom.ua/ua/Komplektuyuschie-dlya-far-fonarej-i-protivotumannyh-far;12020611
"Авто-, мото";Автозапчастини;Світлові прилади транспорту;"Додаткові, протитуманні фари";https://prom.ua/ua/Svetovye-pribory-identifikatsii-avtomobilya;12020603
"Авто-, мото";Автозапчастини;Світлові прилади транспорту;"Задні ліхтарі, ліхтарі видимості";https://prom.ua/ua/Zadnie-fonari-fonari-vidimosti;12020602
"Авто-, мото";Автозапчастини;Світлові прилади транспорту;Комплекти ксенону;https://prom.ua/ua/Komplekty-ksenona;121207
"Авто-, мото";Автозапчастини;Світлові прилади транспорту;Лампочки для світлових приладів автомобіля;https://prom.ua/ua/Lampochki-dlya-svetovyh-priborov-avtomobilya;12020604
"Авто-, мото";Автозапчастини;Світлові прилади транспорту;Плафони внутрішнього освітлення;https://prom.ua/ua/Plafony-vnutrennego-osvescheniya;12020606
"Авто-, мото";Автозапчастини;Світлові прилади транспорту;Повторювачі поворотів;https://prom.ua/ua/Povtoriteli-povorotov;12020605
"Авто-, мото";Автозапчастини;Світлові прилади транспорту;"Світлові прилади транспорту, загальне";https://prom.ua/ua/Svetovye-pribory-transporta-obschee;12020612
"Авто-, мото";Автозапчастини;Світлові прилади транспорту;Скло фар і ліхтарів;https://prom.ua/ua/Stekla-far-i-zadnih-fonarej;12020610
"Авто-, мото";Автозапчастини;Система випуску відпрацьованих газів;Випускні колектори;https://prom.ua/ua/Vypusknye-kollektory;12021502
"Авто-, мото";Автозапчастини;Система випуску відпрацьованих газів;"Вихлопна система, загальне";https://prom.ua/ua/Vyhlopnaya-sistema-obschee;12021504
"Авто-, мото";Автозапчастини;Система випуску відпрацьованих газів;Вихлопні системи в зборі;https://prom.ua/ua/Vyhlopnye-sistemy-v-sbore;12021510
"Авто-, мото";Автозапчастини;Система випуску відпрацьованих газів;Глушники;https://prom.ua/ua/Glushiteli-avtomobilnye;120217
"Авто-, мото";Автозапчастини;Система випуску відпрацьованих газів;Гофри для вихлопних систем;https://prom.ua/ua/Gofry-dlya-vyhlopnyh-sistem;12021506
"Авто-, мото";Автозапчастини;Система випуску відпрацьованих газів;Каталізатори для транспорту;https://prom.ua/ua/Avtomobilnye-katalizatory;12021501
"Авто-, мото";Автозапчастини;Система випуску відпрацьованих газів;Комплектуючі системи випуску відпрацьованих газів;https://prom.ua/ua/Komplektuyuschie-sistemy-vypuska-otrabotavshih-gazov;12021513
"Авто-, мото";Автозапчастини;Система випуску відпрацьованих газів;Кріплення елементів вихлопної системи;https://prom.ua/ua/Krepezhi-elementov-vyhlopnoj-sistemy;12021512
"Авто-, мото";Автозапчастини;Система випуску відпрацьованих газів;Насадки і наконечники на глушник;https://prom.ua/ua/Vyhlopnye-truby-i-nakonechniki;12021508
"Авто-, мото";Автозапчастини;Система випуску відпрацьованих газів;Полум'ягасники;https://prom.ua/ua/Avtomobilnye-plamegasiteli;12021507
"Авто-, мото";Автозапчастини;Система випуску відпрацьованих газів;Прийомні труби глушника;https://prom.ua/ua/Priemnye-truby-glushitelya;12021503
"Авто-, мото";Автозапчастини;Система випуску відпрацьованих газів;Резонатори;https://prom.ua/ua/Rezonatory-avtomobilnye;12021505
"Авто-, мото";Автозапчастини;Система живлення двигуна;Автомобільні паливні насоси;https://prom.ua/ua/Avtomobilnye-toplivnye-nasosy;12020419
"Авто-, мото";Автозапчастини;Система живлення двигуна;Впускні колектори;https://prom.ua/ua/Vpusknye-kollektory;12021511
"Авто-, мото";Автозапчастини;Система живлення двигуна;"Горловини, пробки паливного бака";https://prom.ua/ua/Gorloviny-baka;341567
"Авто-, мото";Автозапчастини;Система живлення двигуна;"Деталі системи харчування, загальне";https://prom.ua/ua/Detali-sistemy-pitaniya-obschee;341580
"Авто-, мото";Автозапчастини;Система живлення двигуна;Дросельні заслінки;https://prom.ua/ua/Drosselnye-zaslonki;12020428
"Авто-, мото";Автозапчастини;Система живлення двигуна;Карбюратори і комплектуючі;https://prom.ua/ua/Karbyuratory;12020415
"Авто-, мото";Автозапчастини;Система живлення двигуна;Комплектуючі системи живлення;https://prom.ua/ua/Komplektuyuschie-sistemy-pitaniya;341632
"Авто-, мото";Автозапчастини;Система живлення двигуна;Паливні насоси високого тиску;https://prom.ua/ua/Toplivnye-nasosy-vysokogo-davleniya;341505
"Авто-, мото";Автозапчастини;Система живлення двигуна;Паливні насоси низького тиску;https://prom.ua/ua/Toplivnye-nasosy-nizkogo-davleniya;341503
"Авто-, мото";Автозапчастини;Система живлення двигуна;"Паливні трубки, магістралі і рампи";https://prom.ua/ua/Toplivnye-trubki-i-magistrali;341598
"Авто-, мото";Автозапчастини;Система живлення двигуна;"Паливні, масляні баки";https://prom.ua/ua/Toplivnye-baki;341578
"Авто-, мото";Автозапчастини;Система живлення двигуна;Повітряні фільтри ;https://prom.ua/ua/Filtry-vozdushnye;12021002
"Авто-, мото";Автозапчастини;Система живлення двигуна;Регулятори тиску палива;https://prom.ua/ua/Regulyatory-davleniya-topliva;341579
"Авто-, мото";Автозапчастини;Система живлення двигуна;Розпилювачі і паливні форсунки;https://prom.ua/ua/Raspyliteli-i-toplivnye-forsunki;12020414
"Авто-, мото";Автозапчастини;Система живлення двигуна;Фільтри паливні;https://prom.ua/ua/Filtry-toplivnye;12021003
"Авто-, мото";Автозапчастини;Система живлення двигуна;Штатні повітрозабірники і комплектуючі;https://prom.ua/ua/Shtatnye-vozduhozaborniki-i-komplektuyuschie;120243
"Авто-, мото";Автозапчастини;Система запалювання двигуна;Автомобільні дроти запалювання;https://prom.ua/ua/Avtomobilnye-provoda-zazhiganiya;12020504
"Авто-, мото";Автозапчастини;Система запалювання двигуна;Автомобільні комутатори;https://prom.ua/ua/Avtomobilnye-kommutatory;12020507
"Авто-, мото";Автозапчастини;Система запалювання двигуна;Замки запалювання і ключі;https://prom.ua/ua/Zamki-zazhiganiya;12020505
"Авто-, мото";Автозапчастини;Система запалювання двигуна;Комплектуючі системи запалювання;https://prom.ua/ua/Komplektuyuschie-sistemy-zazhiganiya;12020508
"Авто-, мото";Автозапчастини;Система запалювання двигуна;"Котушки запалювання, модулі запалювання";https://prom.ua/ua/Katushki-zazhiganiya;12020502
"Авто-, мото";Автозапчастини;Система запалювання двигуна;Кришки розподільника запалювання;https://prom.ua/ua/Kryshki-tramblera;12020509
"Авто-, мото";Автозапчастини;Система запалювання двигуна;Свічки розжарювання і запалювання;https://prom.ua/ua/Cvechi-nakalivaniya-i-zazhiganiya;12020501
"Авто-, мото";Автозапчастини;Система запалювання двигуна;"Системи запалювання, загальне";https://prom.ua/ua/Sistemy-zazhiganiya-obschee;12020503
"Авто-, мото";Автозапчастини;Система запалювання двигуна;Трамблер автомобільні;https://prom.ua/ua/Tramblery-avtomobilnye;12020506
"Авто-, мото";Автозапчастини;Система змащування двигуна;Автомобільні масляні насоси;https://prom.ua/ua/Avtomobilnye-maslyanye-nasosy;12020421
"Авто-, мото";Автозапчастини;Система змащування двигуна;Гідравлічні фільтри ;https://prom.ua/ua/Gidravlicheskie-filtry;140311
"Авто-, мото";Автозапчастини;Система змащування двигуна;"Деталі системи змащення, загальне";https://prom.ua/ua/Detali-sistemy-smazki-obschee-;550204
"Авто-, мото";Автозапчастини;Система змащування двигуна;Комплектуючі системи змащення;https://prom.ua/ua/Komplektuyuschie-sistemy-smazki;550205
"Авто-, мото";Автозапчастини;Система змащування двигуна;Масляні фільтри ;https://prom.ua/ua/Filtry-maslyannye;12021001
"Авто-, мото";Автозапчастини;Система змащування двигуна;Піддони двигуна;https://prom.ua/ua/Poddon-dvigatelya;12020424
"Авто-, мото";Автозапчастини;Система охолодження двигуна;Автомобільні водяні насоси;https://prom.ua/ua/Avtomobilnye-vodyanye-nasosy;12020420
"Авто-, мото";Автозапчастини;Система охолодження двигуна;Автомобільні дифузори і вентилятори;https://prom.ua/ua/Avtomobilnye-diffuzory;341540
"Авто-, мото";Автозапчастини;Система охолодження двигуна;Бачки радіатора;https://prom.ua/ua/Bachki-radiatora;120245
"Авто-, мото";Автозапчастини;Система охолодження двигуна;Компресора системи охолодження;https://prom.ua/ua/Kompressora-sistemy-ohlazhdeniya;120244
"Авто-, мото";Автозапчастини;Система охолодження двигуна;Радіатори автомобільні;https://prom.ua/ua/Radiatory-avtomobilnye;120218
"Авто-, мото";Автозапчастини;Система охолодження двигуна;Термостати і комплектуючі системи охолодження;https://prom.ua/ua/Sistema-ohlazhdeniya;120214
"Авто-, мото";Автозапчастини;Система очищення вікон і фар автомобіля;"Бачки, баки, ємності";https://prom.ua/ua/Bachki-baki-emkosti;120221
"Авто-, мото";Автозапчастини;Система очищення вікон і фар автомобіля;Комплектуючі системи склоочисника;https://prom.ua/ua/Komplektuyuschie-sistemy-steloochistitelya;120242
"Авто-, мото";Автозапчастини;Система очищення вікон і фар автомобіля;"Система очищення вікон і фар автомобіля, загальне";https://prom.ua/ua/Sistema-ochistki-okon-i-far-avtomobilya-obschee;341596
"Авто-, мото";Автозапчастини;"Склоочисники, двірники";;https://prom.ua/ua/Stekloochistiteli-dvorniki;120223
"Авто-, мото";Автозапчастини;"Фільтри для авто-, мото- і вантажної техніки";"Автомобільні фільтри, загальне";https://prom.ua/ua/Avtomobilnye-filtry-obschee;12021005
"Авто-, мото";Автозапчастини;"Фільтри для авто-, мото- і вантажної техніки";Комплекти автомобільних фільтрів;https://prom.ua/ua/Komplekty-avtomobilnyh-filtrov;12021006
"Авто-, мото";Автозапчастини;"Фільтри для авто-, мото- і вантажної техніки";Фільтри салону;https://prom.ua/ua/Filtry-salona;12021004
"Авто-, мото";Автомобільна електроніка;Gps;"Gps, загальне";https://prom.ua/ua/Gps-obschee;5091003
"Авто-, мото";Автомобільна електроніка;Gps;Gps-навігатори;https://prom.ua/ua/Avtomobilnye-sistemy-navigatsii-gps;340404
"Авто-, мото";Автомобільна електроніка;Gps;Gps-трекери;https://prom.ua/ua/Gps-priemniki-nakopiteli;5091001
"Авто-, мото";Автомобільна електроніка;Gps;Чохли для навігаторів;https://prom.ua/ua/Chehly-dlya-navigatorov;380250
"Авто-, мото";Автомобільна електроніка;"Автоелектроніка, загальне";;https://prom.ua/ua/Drugaya-avtoelektronika;340499
"Авто-, мото";Автомобільна електроніка;Автозвук;"Автоакустика, загальне";https://prom.ua/ua/Avtoakustika-obschee;340422
"Авто-, мото";Автомобільна електроніка;Автозвук;Автомагнітоли;https://prom.ua/ua/Shtatnye-golovnye-ustrojstva;340415
"Авто-, мото";Автомобільна електроніка;Автозвук;Автомобільна акустика;https://prom.ua/ua/Avtomobilnye-kolonki;340419
"Авто-, мото";Автомобільна електроніка;Автозвук;Автомобільні акустичні дроти і перехідники;https://prom.ua/ua/Avtomobilnye-akusticheskie-kabelya;340431
"Авто-, мото";Автомобільна електроніка;Автозвук;Автомобільні підсилювачі;https://prom.ua/ua/Avtomobilnye-usiliteli;340421
"Авто-, мото";Автомобільна електроніка;Автозвук;Емулятори чейнджера;https://prom.ua/ua/Emulyatory-chejndzhera;340424
"Авто-, мото";Автомобільна електроніка;Автозвук;Перехідні рамки для автомагнітол;https://prom.ua/ua/Perehodnye-ramki-dlya-shtatnyh-golovnyh-ustrojstv;121238
"Авто-, мото";Автомобільна електроніка;Автомобільні fm трансмітери;;https://prom.ua/ua/Fm-transmittery-avtomobilnye;340411
"Авто-, мото";Автомобільна електроніка;Автомобільні адаптери живлення;;https://prom.ua/ua/Avtomobilnye-adaptery-pitaniya;121243
"Авто-, мото";Автомобільна електроніка;Автомобільні антени;;https://prom.ua/ua/Avtomobilnye-antenny;340409
"Авто-, мото";Автомобільна електроніка;Автомобільні відеореєстратори;;https://prom.ua/ua/Videoregistratory-avtomobilnye;340416
"Авто-, мото";Автомобільна електроніка;Автомобільні відеосистеми;"Автомобільні відеосистеми, загальне";https://prom.ua/ua/Avtomobilnye-videosistemy-obschee;340418
"Авто-, мото";Автомобільна електроніка;Автомобільні відеосистеми;Автомобільні камери;https://prom.ua/ua/Kamera-zadnego-vida;340407
"Авто-, мото";Автомобільна електроніка;Автомобільні відеосистеми;Автомобільні монітори;https://prom.ua/ua/Avtomobilnye-monitory;340425
"Авто-, мото";Автомобільна електроніка;Автомобільні проектори;;https://prom.ua/ua/Proektory-avtomobilnye;340438
"Авто-, мото";Автомобільна електроніка;Бортові комп'ютери;;https://prom.ua/ua/Bortovye-kompyutery;340408
"Авто-, мото";Автомобільна електроніка;Парктроніки;;https://prom.ua/ua/Parkovochnye-sistemy;1210
"Авто-, мото";Автомобільна електроніка;Протиугінні системи і аксесуари;Іммобілайзери;https://prom.ua/ua/Immobilajzery;340430
"Авто-, мото";Автомобільна електроніка;Протиугінні системи і аксесуари;Автосигналізації;https://prom.ua/ua/Avtosignalizatsiya;340406
"Авто-, мото";Автомобільна електроніка;Протиугінні системи і аксесуари;Аксесуари до протиугінних систем;https://prom.ua/ua/Aksessuary-k-protivougonnym-sistemam;340434
"Авто-, мото";Автомобільна електроніка;Протиугінні системи і аксесуари;Центральні замки;https://prom.ua/ua/Tsentralnye-zamki;340433
"Авто-, мото";Автомобільна електроніка;Підігрів автомобільних сидінь і дзеркал;;https://prom.ua/ua/Podogrev-avtomobilnyh-sidenij;340414
"Авто-, мото";Автомобільна електроніка;Розгалужувачі для прикурювача;;https://prom.ua/ua/Razvetviteli-dlya-prikurivatelya;121240
"Авто-, мото";Автомобільна електроніка;Системи круїз-контролю;;https://prom.ua/ua/Sistemy-kruiz-kontrolya;340423
"Авто-, мото";Автомобільна електроніка;Системи моніторингу транспорту і контролю палива;;https://prom.ua/ua/Sistemy-monitoringa-transporta-i-kontrolya-topliva;340412
"Авто-, мото";"Автохімія, автокосметика і автомастила";"Авто, мото масла, мастила та рідини";"Автомобільні оливи і мастила, загальне";https://prom.ua/ua/Drugie-avtomobilnye-masla-i-smazki;341005
"Авто-, мото";"Автохімія, автокосметика і автомастила";"Авто, мото масла, мастила та рідини";Автомобільні охолоджуючі рідини;https://prom.ua/ua/Avtomobilnye-ohlazhdayuschie-zhidkosti;341015
"Авто-, мото";"Автохімія, автокосметика і автомастила";"Авто, мото масла, мастила та рідини";Автомобільні універсальні мастила;https://prom.ua/ua/Universalnye-avtomobilnye-smazki;341019
"Авто-, мото";"Автохімія, автокосметика і автомастила";"Авто, мото масла, мастила та рідини";Гальмівні рідини;https://prom.ua/ua/Avtomobilnye-tormoznye-zhidkosti;341016
"Авто-, мото";"Автохімія, автокосметика і автомастила";"Авто, мото масла, мастила та рідини";Засоби догляду за мототехнікою;https://prom.ua/ua/Sredstva-dlya-uhoda-za-mototehnikoj;341020
"Авто-, мото";"Автохімія, автокосметика і автомастила";"Авто, мото масла, мастила та рідини";Моторні мастила;https://prom.ua/ua/Motornye-masla;341022
"Авто-, мото";"Автохімія, автокосметика і автомастила";"Авто, мото масла, мастила та рідини";Оливи і рідини для гідропідсилювача;https://prom.ua/ua/Masla-dlya-gidrousilitelya;341018
"Авто-, мото";"Автохімія, автокосметика і автомастила";"Авто, мото масла, мастила та рідини";Присадки в масла й змащення;https://prom.ua/ua/Prisadki-masla-smazki;341024
"Авто-, мото";"Автохімія, автокосметика і автомастила";"Авто, мото масла, мастила та рідини";"Промивні рідини для авто, мото техніки";https://prom.ua/ua/Promyvochnye-zhidkosti-dlya-avto-moto-tehniki;341021
"Авто-, мото";"Автохімія, автокосметика і автомастила";"Авто, мото масла, мастила та рідини";Трансмісійні та гідравлічні оливи;https://prom.ua/ua/Transmissionnye-i-gidravlicheskie-masla;341023
"Авто-, мото";"Автохімія, автокосметика і автомастила";"Автокраски, автоемалі";"Автокраски, автоемалі, загальне";https://prom.ua/ua/Avtokraski-avtoemali-obschee;341613
"Авто-, мото";"Автохімія, автокосметика і автомастила";"Автокраски, автоемалі";"Автомобільні фарби, лаки та грунтовки";https://prom.ua/ua/Avtomobilnye-kraski;81103
"Авто-, мото";"Автохімія, автокосметика і автомастила";"Автокраски, автоемалі";Автомобільні шпаклівки;https://prom.ua/ua/Shpatlevki-avtomobilnye;341611
"Авто-, мото";"Автохімія, автокосметика і автомастила";"Автокраски, автоемалі";Підсилювачі адгезії;https://prom.ua/ua/Usiliteli-adgezii;341621
"Авто-, мото";"Автохімія, автокосметика і автомастила";"Автомобільні герметики, клеї";;https://prom.ua/ua/Avtomobilnye-germetiki;341609
"Авто-, мото";"Автохімія, автокосметика і автомастила";Автомобільні засоби для видалення подряпин;;https://prom.ua/ua/Sredstva-dlya-udaleniya-tsarapin-s-avtomobilej;341602
"Авто-, мото";"Автохімія, автокосметика і автомастила";Автомобільні очищувачі;;https://prom.ua/ua/Ochistiteli-dlya-avtomobilya;341603
"Авто-, мото";"Автохімія, автокосметика і автомастила";Автомобільні поліролі та шампуні;Автомобільний віск;https://prom.ua/ua/Vosk;341203
"Авто-, мото";"Автохімія, автокосметика і автомастила";Автомобільні поліролі та шампуні;"Автомобільні поліролі та шампуні, загальне";https://prom.ua/ua/Drugie-avtomobilnye-poliroli-i-shampuni;341205
"Авто-, мото";"Автохімія, автокосметика і автомастила";Автомобільні поліролі та шампуні;Автошампуні;https://prom.ua/ua/Avtoshampuni;341201
"Авто-, мото";"Автохімія, автокосметика і автомастила";Автомобільні поліролі та шампуні;Поліролі;https://prom.ua/ua/Poliroli;341202
"Авто-, мото";"Автохімія, автокосметика і автомастила";Автомобільні серветки та губки;;https://prom.ua/ua/Salfetki-dlya-avtomobilya;341607
"Авто-, мото";"Автохімія, автокосметика і автомастила";Антикорозійний захист;;https://prom.ua/ua/Antikorrozionnaya-zaschita;341604
"Авто-, мото";"Автохімія, автокосметика і автомастила";"Витратні матеріали, автохімія й автокосметика, загальне";;https://prom.ua/ua/Drugie-rashodnye-materialy-avtohimiya-i-avtokosmetika;341605
"Авто-, мото";"Автохімія, автокосметика і автомастила";Засоби від запітніння і розморожувачі стекол;;https://prom.ua/ua/Sredstva-ot-zapotevaniya-stekol;341610
"Авто-, мото";"Автохімія, автокосметика і автомастила";Засоби по догляду за шинами;;https://prom.ua/ua/Sredstva-po-uhodu-za-shinami;341626
"Авто-, мото";"Автохімія, автокосметика і автомастила";Паливні присадки;;https://prom.ua/ua/Toplivnye-prisadki;83205
"Авто-, мото";"Автохімія, автокосметика і автомастила";Рідини для склоочисника;;https://prom.ua/ua/Zhidkosti-dlya-stekloochistitelya;341608
"Авто-, мото";"Автохімія, автокосметика і автомастила";Рідка гума;;https://prom.ua/ua/Zhidkaya-rezina;341630
"Авто-, мото";"Автохімія, автокосметика і автомастила";Хімічні засоби для двигуна;;https://prom.ua/ua/Himicheskie-sredstva-dlya-zaschity-dvigatelya;341606
"Авто-, мото";"Автохімія, автокосметика і автомастила";Хімічні засоби для трансмісії;;https://prom.ua/ua/Himicheskie-sredstva-dlya-transmissii;341616
"Авто-, мото";Автоінструмент;"Автомобільні домкрати, підставки";;https://prom.ua/ua/Domkraty-avtomobilnye;12110201
"Авто-, мото";Автоінструмент;"Автомобільні насоси, компресори та манометри";;https://prom.ua/ua/Avtomobilnye-nasosy-kompressory;12110205
"Авто-, мото";Автоінструмент;"Автоінструмент, загальне";;https://prom.ua/ua/Drugoj-professionalnyj-avtoinstrument;12110204
"Авто-, мото";Аксесуари для авто;"Автоаксесуари, загальне";;https://prom.ua/ua/Drugie-avtoaksessuary;121221
"Авто-, мото";Аксесуари для авто;Автомобільні електронні аксесуари;"Автомобільні електронні аксесуари, загальне";https://prom.ua/ua/Avtomobilnye-elektronnye-aksessuary-obschee;12125901
"Авто-, мото";Аксесуари для авто;Автомобільні електронні аксесуари;Автомобільні очищувачі повітря;https://prom.ua/ua/Avtomobilnye-vozduhoochistiteli-ionizatory;121247
"Авто-, мото";Аксесуари для авто;Автомобільні електронні аксесуари;Автомобільні пилососи;https://prom.ua/ua/Avtomobilnye-pylesosy;12125905
"Авто-, мото";Аксесуари для авто;Автомобільні електронні аксесуари;Автомобільні пуско-зарядні пристрої;https://prom.ua/ua/Avtomobilnye-zaryadnye-ustrojstva;410202
"Авто-, мото";Аксесуари для авто;Автомобільні електронні аксесуари;Автомобільні салонні вентилятори;https://prom.ua/ua/Avtomobilnye-salonnye-ventilyatory;12125904
"Авто-, мото";Аксесуари для авто;Автомобільні електронні аксесуари;Автохолодильники;https://prom.ua/ua/Avtoholodilniki;240403
"Авто-, мото";Аксесуари для авто;Автомобільні електронні аксесуари;Авточайники;https://prom.ua/ua/Avtomobilnye-chajniki-i-kruzhki;12125903
"Авто-, мото";Аксесуари для авто;Автомобільні органайзери;;https://prom.ua/ua/Aksessuary-dlya-bagazhnogo-otdeleniya;121245
"Авто-, мото";Аксесуари для авто;Автомобільні утеплювачі;;https://prom.ua/ua/Avtomobilnye-utepliteli;121236
"Авто-, мото";Аксесуари для авто;Автомобільні щітки та скребки;;https://prom.ua/ua/Avtomobilnye-schetki-i-skrebki;121250
"Авто-, мото";Аксесуари для авто;Аксесуари для автотюнингу;Автомобільні аеродинамічні обвіси;https://prom.ua/ua/Avtomobilnye-aerodinamicheskie-obvesy;12123201
"Авто-, мото";Аксесуари для авто;Аксесуари для автотюнингу;Автомобільні декоративні накладки;https://prom.ua/ua/Dekorativnye-avtomobilnye-nakladki;12123206
"Авто-, мото";Аксесуари для авто;Аксесуари для автотюнингу;Автомобільні захисні обвіси;https://prom.ua/ua/Zaschitnye-obvesy-dlya-avtomobilej;12123204
"Авто-, мото";Аксесуари для авто;Аксесуари для автотюнингу;Автомобільні плівки;https://prom.ua/ua/Avtomobilnye-plenki;12123203
"Авто-, мото";Аксесуари для авто;Аксесуари для автотюнингу;Автомобільні підсилювачі жорсткості;https://prom.ua/ua/Avtomobilnye-usiliteli-zhestkosti;121233
"Авто-, мото";Аксесуари для авто;Аксесуари для автотюнингу;Автомобільні решітки на бампери і радіатори;https://prom.ua/ua/Avtomobilnye-reshetki-na-bampera-i-radiatory;121227
"Авто-, мото";Аксесуари для авто;Аксесуари для автотюнингу;"Аксесуари для автотюнингу, загальне";https://prom.ua/ua/Aksessuary-dlya-avtotyuninga-obschee;121218
"Авто-, мото";Аксесуари для авто;Аксесуари для автотюнингу;Альтернативна оптика;https://prom.ua/ua/Alternativnaya-optika;12123208
"Авто-, мото";Аксесуари для авто;Аксесуари для автотюнингу;Еквалайзери на скло;https://prom.ua/ua/Ekvalajzery-na-steklo;12123210
"Авто-, мото";Аксесуари для авто;Аксесуари для автотюнингу;Кунги і хардтопи для позашляховиків;https://prom.ua/ua/Kungi-i-hardtopy-dlya-vnedorozhnikov;12123202
"Авто-, мото";Аксесуари для авто;Аксесуари для автотюнингу;Матеріали для вібро і шумоізоляції автомобіля;https://prom.ua/ua/Materialy-dlya-vibro-i-shumoizolyatsii-avtomobilya;12123207
"Авто-, мото";Аксесуари для авто;Аксесуари для автотюнингу;Наклейки для транспорту;https://prom.ua/ua/Naklejki-na-avtomobili;12123205
"Авто-, мото";Аксесуари для авто;Аксесуари для автотюнингу;Повітрозабірники;https://prom.ua/ua/Vozduhozaborniki;121213
"Авто-, мото";Аксесуари для авто;Аксесуари для автотюнингу;"Підсвічування салону, дверей, днища";https://prom.ua/ua/Podsvetka-salona-dverej-dnischa;12123209
"Авто-, мото";Аксесуари для авто;Аксесуари для автотюнингу;Спойлери;https://prom.ua/ua/Spojlery;121209
"Авто-, мото";Аксесуари для авто;Аксесуари для автотюнингу;Тканини для оббивки салону автомобілів;https://prom.ua/ua/Tkani-dlya-obivki-salona-avtomobilej;121237
"Авто-, мото";Аксесуари для авто;Аксесуари для кузова автомобіля;Автомобільні дефлектори;https://prom.ua/ua/Avtomobilnye-deflektora;121203
"Авто-, мото";Аксесуари для авто;Аксесуари для кузова автомобіля;Автомобільні молдинги;https://prom.ua/ua/Molding;121222
"Авто-, мото";Аксесуари для авто;Аксесуари для кузова автомобіля;"Автомобільні пороги, підніжки";https://prom.ua/ua/Avtomobilnye-podnozhki;12121001
"Авто-, мото";Аксесуари для авто;Аксесуари для кузова автомобіля;Автомобільні ущільнювачі;https://prom.ua/ua/Uplotniteli-avtomobilnye;12126803
"Авто-, мото";Аксесуари для авто;Аксесуари для кузова автомобіля;Автомобільні чохли;https://prom.ua/ua/Avtomobilnye-tenty;121224
"Авто-, мото";Аксесуари для авто;Аксесуари для кузова автомобіля;Автомобільні шашки;https://prom.ua/ua/Shashki-dlya-taksi;121228
"Авто-, мото";Аксесуари для авто;Аксесуари для кузова автомобіля;"Аксесуари для кузова автомобіля, загальне";https://prom.ua/ua/Aksessuary-dlya-kuzova-avtomobilya-obschee;12126801
"Авто-, мото";Аксесуари для авто;Аксесуари для кузова автомобіля;Внутрішні накладки на пороги;https://prom.ua/ua/Nakladki-na-porogi;121220
"Авто-, мото";Аксесуари для авто;Аксесуари для кузова автомобіля;Кронштейни запасного колеса;https://prom.ua/ua/Kronshtejny-zapasnogo-kolesa;12126802
"Авто-, мото";Аксесуари для авто;Аксесуари для кузова автомобіля;Рамки для номерних знаків;https://prom.ua/ua/Ramka-nomernogo-znaka;121230
"Авто-, мото";Аксесуари для авто;Аксесуари для кузова автомобіля;"Стрічки для контурного маркування транспортних засобів, катафоти";https://prom.ua/ua/Lenty-dlya-konturnoj-markirovki-transportnyh-sredstv;121225
"Авто-, мото";Аксесуари для авто;Аксесуари салону автомобіля;Автомобільні вішалки і столики;https://prom.ua/ua/Avtomobilnye-veshalki;121263
"Авто-, мото";Аксесуари для авто;Аксесуари салону автомобіля;Автомобільні годинники;https://prom.ua/ua/Avtomobilnye-chasy;12126402
"Авто-, мото";Аксесуари для авто;Аксесуари салону автомобіля;Автомобільні килимки;https://prom.ua/ua/Avtomobilnye-kovriki;121202
"Авто-, мото";Аксесуари для авто;Аксесуари салону автомобіля;Автомобільні липкі килимки;https://prom.ua/ua/Lipkie-kovriki-avtomobilnye;121256
"Авто-, мото";Аксесуари для авто;Аксесуари салону автомобіля;Автомобільні попільнички;https://prom.ua/ua/Pepelnitsy-avtomobilnye;121241
"Авто-, мото";Аксесуари для авто;Аксесуари салону автомобіля;Автомобільні підвіски;https://prom.ua/ua/Avtomobilnye-podveski;121262
"Авто-, мото";Аксесуари для авто;Аксесуари салону автомобіля;Автомобільні підлокітники;https://prom.ua/ua/Podlokotniki-avtomobilnye;121253
"Авто-, мото";Аксесуари для авто;Аксесуари салону автомобіля;Автомобільні шторки;https://prom.ua/ua/Avtomobilnye-shtory;121251
"Авто-, мото";Аксесуари для авто;Аксесуари салону автомобіля;"Аксесуари салону автомобіля, загальне";https://prom.ua/ua/Aksessuary-salona-avtomobilya-obschee;12126401
"Авто-, мото";Аксесуари для авто;Аксесуари салону автомобіля;"Акустичні полки, корпусу, платформи і подіуми";https://prom.ua/ua/Akusticheskie-polki-korpusa-i-platformy;121254
"Авто-, мото";Аксесуари для авто;Аксесуари салону автомобіля;Ароматизатори автомобільні;https://prom.ua/ua/Avtomobilnye-aromatizatory;121231
"Авто-, мото";Аксесуари для авто;Аксесуари салону автомобіля;Подушки-підголовники;https://prom.ua/ua/Naduvnye-podushki-podgolovniki;370602
"Авто-, мото";Аксесуари для авто;Аксесуари салону автомобіля;Сонцезахисні козирки для салону автомобіля;https://prom.ua/ua/Solntsezaschitnye-kozyrki-dlya-salona-avtomobilya;121248
"Авто-, мото";Аксесуари для авто;Аксесуари салону автомобіля;Чохли ручок кпп;https://prom.ua/ua/Chehly-ruchek-kpp;12120103
"Авто-, мото";Аксесуари для авто;Аксесуари салону автомобіля;Чохли і ручки керма;https://prom.ua/ua/Chehly-dlya-rulya;121217
"Авто-, мото";Аксесуари для авто;Аксесуари салону автомобіля;"Чохли, ковпаки для запасного колеса";https://prom.ua/ua/Chehly-dlya-zapasnogo-kolesa;12120102
"Авто-, мото";Аксесуари для авто;Аксесуари салону автомобіля;"Чохли, накидки, майки для автокрісел";https://prom.ua/ua/Chehly-dlya-avtokresel;121234
"Авто-, мото";Аксесуари для авто;Багажники і кріплення на дах;Автомобільні кріплення для лиж;https://prom.ua/ua/Krepleniya-dlya-lyzh;121208
"Авто-, мото";Аксесуари для авто;Багажники і кріплення на дах;Автомобільні рейлінги;https://prom.ua/ua/Avtomobilnye-rejlingi;12125702
"Авто-, мото";Аксесуари для авто;Багажники і кріплення на дах;Багажники на дах;https://prom.ua/ua/Bagazhnik-na-kryshu;121205
"Авто-, мото";Аксесуари для авто;Багажники і кріплення на дах;"Багажники і кріплення на дах, загальне";https://prom.ua/ua/Bagazhniki-i-krepleniya-na-kryshu-obschee;12125701
"Авто-, мото";Аксесуари для авто;Багажники і кріплення на дах;Вантажні бокси;https://prom.ua/ua/Avtomobilnye-boksy;121204
"Авто-, мото";Аксесуари для авто;Багажники і кріплення на дах;Велокріплення;https://prom.ua/ua/Velokrepleniya;121206
"Авто-, мото";Аксесуари для авто;Засоби аварійної безпеки;Дроти прикурювання;https://prom.ua/ua/Provoda-prikurivaniya;121265
"Авто-, мото";Аксесуари для авто;Засоби аварійної безпеки;"Засоби аварійної безпеки, загальне";https://prom.ua/ua/Sredstva-avarijnoj-bezopasnosti-obschee;12126901
"Авто-, мото";Аксесуари для авто;Засоби аварійної безпеки;Набори і аксесуари для автомобіліста;https://prom.ua/ua/Nabory-avtomobilnye;121246
"Авто-, мото";Аксесуари для авто;Засоби аварійної безпеки;"Проблискові маячки, спецсигнали та сирени";https://prom.ua/ua/Sireny-signalnye;300402
"Авто-, мото";Аксесуари для авто;Засоби аварійної безпеки;"Противідкатні упори, черевики";https://prom.ua/ua/Protivootkatnye-upory-bashmaki;121255
"Авто-, мото";Аксесуари для авто;Засоби аварійної безпеки;Стяжні і буксирувальні ремені;https://prom.ua/ua/Styazhnye-remni;121249
"Авто-, мото";Аксесуари для авто;"Каністри, лійки для палива";;https://prom.ua/ua/Kanistry-lejki-dlya-topliva;121270
"Авто-, мото";Аксесуари для авто;Пристрої для економії палива;;https://prom.ua/ua/Ustrojstva-dlya-ekonomii-topliva;121244
"Авто-, мото";Аксесуари для авто;Самоклеючі кишені для талонів;;https://prom.ua/ua/Avtomobilnyj-skotch;121242
"Авто-, мото";Все для то;"Все для то, загальне";;https://prom.ua/ua/Vse-dlya-obschee;550601
"Авто-, мото";Диски і шини;"Автомобільні диски та шини, загальне";;https://prom.ua/ua/Drugie-avtomobilnye-diski-i-shiny;80120210
"Авто-, мото";Диски і шини;"Болти, секретні болти, гайки";;https://prom.ua/ua/Sekretnye-bolty-gajki;341576
"Авто-, мото";Диски і шини;Засоби підвищення прохідності;;https://prom.ua/ua/Sistemy-povysheniya-prohodimosti;121215
"Авто-, мото";Диски і шини;Камери для шин та ободні стрічки;;https://prom.ua/ua/Kamery-dlya-shin;801219
"Авто-, мото";Диски і шини;Ковпаки для дисків;;https://prom.ua/ua/Kolpaki-dlya-diskov;80120209
"Авто-, мото";Диски і шини;Колісні диски;;https://prom.ua/ua/Avtomobilnye-diski;801220
"Авто-, мото";Диски і шини;Комплекти коліс в зборі;;https://prom.ua/ua/Komplekty-koles-v-sbore;341509
"Авто-, мото";Диски і шини;"Проставки, центрувальні кільця для дисків";;https://prom.ua/ua/Prostavki-dlya-diskov;801224
"Авто-, мото";Диски і шини;Шини;Вантажні шини;https://prom.ua/ua/Gruzovye-shiny;801228
"Авто-, мото";Диски і шини;Шини;Мотошини;https://prom.ua/ua/Motoshiny;801226
"Авто-, мото";Диски і шини;Шини;Шини для легкових авто;https://prom.ua/ua/Shiny-dlya-legkovyh;801227
"Авто-, мото";Диски і шини;Шини;Шини для спецтехніки;https://prom.ua/ua/Shiny-dlya-spetstehniki;801225
"Авто-, мото";Диски і шини;Шини;"Шини, загальне";https://prom.ua/ua/Shiny-obschee;801230
"Авто-, мото";Диски і шини;Шинні ремкомплекти;;https://prom.ua/ua/Shinnye-rekmkomplekty;121261
"Авто-, мото";Додаткове обладнання;Автомобільні лебідки;Автомобільні лебідки;https://prom.ua/ua/Lebedki-avtomobilnye-ruchnye;341401
"Авто-, мото";Додаткове обладнання;Автомобільні лебідки;"Лебідки автомобільні та аксесуари, загальне";https://prom.ua/ua/Drugie-lebedki-avtomobilnye-i-aksessuary;341404
"Авто-, мото";Додаткове обладнання;Автомобільні лебідки;Троси та запасні частини для автомобільних лебідок;https://prom.ua/ua/Trosy-i-zapasnye-chasti-dlya-avtomobilnyh-lebedok;341403
"Авто-, мото";Додаткове обладнання;Газобалонне обладнання і комплектуючі для автотранспорту;;https://prom.ua/ua/Gazoballonnoe-oborudovanie-dlya-avtotransporta;3419
"Авто-, мото";Додаткове обладнання;"Додаткове обладнання, загальне";;https://prom.ua/ua/Dopolnitelnoe-oborudovanie-obschee;342601
"Авто-, мото";Додаткове обладнання;Механічні протиугонні системи;;https://prom.ua/ua/Mehanicheskie-protivougonnye-sistemy;120219
"Авто-, мото";Додаткове обладнання;Пневматична підвіска;;https://prom.ua/ua/Pnevmaticheskaya-podveska;342603
"Авто-, мото";Додаткове обладнання;Проставки для збільшення кліренсу;;https://prom.ua/ua/Prostavki-dlya-uvelicheniya;342604
"Авто-, мото";Електромобільні зарядні пристрої та станції;;;https://prom.ua/ua/Zaryadnye-ustrojstva-stantsii;5505
"Авто-, мото";Електрообладнання автомобілів;"Автомобільна проводка, дроти, клеми і роз'єми";;https://prom.ua/ua/Provodka-provoda;120224
"Авто-, мото";Електрообладнання автомобілів;Автомобільні акумулятори;;https://prom.ua/ua/Avtomobilnye-akkumulyatory;120201
"Авто-, мото";Електрообладнання автомобілів;"Автомобільні електродвигуни, коректори і приводи";;https://prom.ua/ua/Avtomobilnye-elektrodvigateli-i-privody;12020303
"Авто-, мото";Електрообладнання автомобілів;Автомобільні запобіжники і перемикачі;;https://prom.ua/ua/Avtomobilnye-predohraniteli-i-pereklyuchateli;12020307
"Авто-, мото";Електрообладнання автомобілів;Автомобільні звукові сигнали і клаксони;;https://prom.ua/ua/Akusticheskie-sistemy-i-klaksony;12020305
"Авто-, мото";Електрообладнання автомобілів;Автомобільні кнопки та перемикачі;;https://prom.ua/ua/Avtomobilnye-knopki-i-pereklyuchateli;12020311
"Авто-, мото";Електрообладнання автомобілів;Автомобільні реле і датчики;;https://prom.ua/ua/Rele-datchiki-i-pereklyuchateli;12020304
"Авто-, мото";Електрообладнання автомобілів;"Автомобільні індикатори, панелі приладів і керування";;https://prom.ua/ua/Avtomobilnye-datchiki-indikatory-paneli-priborov;120211
"Авто-, мото";Електрообладнання автомобілів;Блоки управління;;https://prom.ua/ua/Bloki-upravleniya-dvigatelem;12020306
"Авто-, мото";Електрообладнання автомобілів;"Генератори, альтернатори і комплектуючі";;https://prom.ua/ua/Generatory-i-alternatory;12020302
"Авто-, мото";Електрообладнання автомобілів;"Електрообладнання автомобілів, загальне";;https://prom.ua/ua/Drugie-avtoaksesuary;12020399
"Авто-, мото";Електрообладнання автомобілів;Піддони для акумуляторів;;https://prom.ua/ua/Poddony-dlya-akkumulyatorov;12020309
"Авто-, мото";Електрообладнання автомобілів;Підрульові шлейфи;;https://prom.ua/ua/Podrulevye-shlejfy;12020310
"Авто-, мото";Електрообладнання автомобілів;Стартери і комплектуючі;;https://prom.ua/ua/Startery;12020301
"Авто-, мото";Легкові автомобілі;;;https://prom.ua/ua/Legkovye-avtomobili;1201
"Авто-, мото";Легкові електромобілі;;;https://prom.ua/ua/Elektromobili-legkovye;5504
"Авто-, мото";Мототехніка;Інструмент для ремонту мототехніки;;https://prom.ua/ua/Instrument-dlya-remonta-avto-moto-velotehniki;3408
"Авто-, мото";Мототехніка;Аксесуари для мототехніки;;https://prom.ua/ua/Komplektuyuschie-i-aksessuary-dlya-mototsiklov-skuterov-mopedov;3407
"Авто-, мото";Мототехніка;"Електроскутери, електромотоцикли";;https://prom.ua/ua/Elektroskutera-elektromototsikly;3405
"Авто-, мото";Мототехніка;Запчастини для мототехніки;Акумулятори для мототехніки;https://prom.ua/ua/Akkumulyatory-dlya-mototehniki;340602
"Авто-, мото";Мототехніка;Запчастини для мототехніки;Деталі вихлопної системи мототехніки;https://prom.ua/ua/Detali-vyhlopnoj-sistemy-mototehniki;340611
"Авто-, мото";Мототехніка;Запчастини для мототехніки;Деталі гальмівної системи мототехніки;https://prom.ua/ua/Detali-tormoznoj-sistemy-mototehniki;340604
"Авто-, мото";Мототехніка;Запчастини для мототехніки;Деталі двигуна мототехніки;https://prom.ua/ua/Detali-dvigatelya-mototehniki;340610
"Авто-, мото";Мототехніка;Запчастини для мототехніки;Деталі приводу для мототехніки;https://prom.ua/ua/Detali-privoda-dlya-mototehniki;340608
"Авто-, мото";Мототехніка;Запчастини для мототехніки;Деталі рами і облицювання;https://prom.ua/ua/Detali-ramy-i-oblitsovki;340603
"Авто-, мото";Мототехніка;Запчастини для мототехніки;Деталі рульового управління мототехніки;https://prom.ua/ua/Detali-rulevogo-upravleniya-mototehniki;340616
"Авто-, мото";Мототехніка;Запчастини для мототехніки;Деталі системи охолодження мототехніки;https://prom.ua/ua/Detali-sistemy-ohlazhdeniya-mototehniki;340607
"Авто-, мото";Мототехніка;Запчастини для мототехніки;Деталі ходової частини мототехніки;https://prom.ua/ua/Detali-hodovoj-chasti-mototehniki;340619
"Авто-, мото";Мототехніка;Запчастини для мототехніки;Електрообладнання для мототехніки;https://prom.ua/ua/Elektrooborudovanie-dlya-mototehniki;340609
"Авто-, мото";Мототехніка;Запчастини для мототехніки;Елементи зчеплення для мототехніки;https://prom.ua/ua/Elementy-stsepleniya-dlya-mototehniki;340606
"Авто-, мото";Мототехніка;Запчастини для мототехніки;"Запчастини для мототехніки, загальне";https://prom.ua/ua/Zapchasti-dlya-mototehniki-obschee;340601
"Авто-, мото";Мототехніка;Запчастини для мототехніки;Захисні накладки для мототехніки;https://prom.ua/ua/Zaschitnye-nakladki-dlya-mototehniki;340615
"Авто-, мото";Мототехніка;Запчастини для мототехніки;Колеса для мототехніки;https://prom.ua/ua/Kolesa-dlya-mototehniki;340620
"Авто-, мото";Мототехніка;Запчастини для мототехніки;Паливна система мототехніки;https://prom.ua/ua/Toplivnaya-sistema-mototehniki;340614
"Авто-, мото";Мототехніка;Запчастини для мототехніки;Підніжки для мототехніки;https://prom.ua/ua/Podnozhki-dlya-mototehniki;340613
"Авто-, мото";Мототехніка;Запчастини для мототехніки;Світлові прилади для мототехніки;https://prom.ua/ua/Svetovye-pribory-dlya-mototehniki;340617
"Авто-, мото";Мототехніка;Запчастини для мототехніки;Свічки запалювання для мототехніки;https://prom.ua/ua/Svechi-zazhiganiya-dlya-mototehniki;340621
"Авто-, мото";Мототехніка;Запчастини для мототехніки;Сидіння для мототехніки;https://prom.ua/ua/Sidenya-dlya-mototehniki;340618
"Авто-, мото";Мототехніка;Запчастини для мототехніки;Троси для мототехніки;https://prom.ua/ua/Trosiki-dlya-mototehniki;340605
"Авто-, мото";Мототехніка;Запчастини для мототехніки;Фільтри для мототехніки;https://prom.ua/ua/Filtry-dlya-mototehniki;340612
"Авто-, мото";Мототехніка;Квадроцикли та баггі;;https://prom.ua/ua/Kvadrotsikly;3411
"Авто-, мото";Мототехніка;Мотоекіпірування;Мотоботи;https://prom.ua/ua/Motoboty;3220401
"Авто-, мото";Мототехніка;Мотоекіпірування;"Мотоекіпіровка, загальне";https://prom.ua/ua/Motoekipirovka-obschee;33805
"Авто-, мото";Мототехніка;Мотоекіпірування;Мотозахист;https://prom.ua/ua/Motozaschita;33807
"Авто-, мото";Мототехніка;Мотоекіпірування;Мотокомбінезони;https://prom.ua/ua/Motokombinezony;33808
"Авто-, мото";Мототехніка;Мотоекіпірування;Мотокуртки;https://prom.ua/ua/Motokurtki;33803
"Авто-, мото";Мототехніка;Мотоекіпірування;Мотоокуляри;https://prom.ua/ua/Motoochki;33809
"Авто-, мото";Мототехніка;Мотоекіпірування;Моторукавиці;https://prom.ua/ua/Motoperchatki;33802
"Авто-, мото";Мототехніка;Мотоекіпірування;Мотошоломи;https://prom.ua/ua/Motoshlemy;33804
"Авто-, мото";Мототехніка;Мотоекіпірування;Мотоштани;https://prom.ua/ua/Motoshtany;33806
"Авто-, мото";Мототехніка;"Мототехніка, загальне";;https://prom.ua/ua/Drugaya-mototehnika;120302
"Авто-, мото";Мототехніка;"Мотоцикли, моторолери, скутери, мопеди";;https://prom.ua/ua/Mototsikly-motorollery-skutery-mopedy;120309
"Авто-, мото";Мототехніка;Моточохли;;https://prom.ua/ua/Motochehly;121267
"Авто-, мото";Мототехніка;Снігоходи;;https://prom.ua/ua/Snegohody;120306
"Авіа-, ж/д-, водний транспорт";Водний транспорт;"Байдарки, рафти, каяки";;https://prom.ua/ua/Bajdarki-rafty-katamarany-lodki;2049
"Авіа-, ж/д-, водний транспорт";Водний транспорт;Водні скутери;;https://prom.ua/ua/Skutera-gidrotsikly;120705
"Авіа-, ж/д-, водний транспорт";Водний транспорт;Електрообладнання для суден;"Електрообладнання для суден, загальне";https://prom.ua/ua/Drugoe-sudovoe-elektrooborudovanie;12071004
"Авіа-, ж/д-, водний транспорт";Водний транспорт;Електрообладнання для суден;Навігаційні вогні судна;https://prom.ua/ua/Navigatsionnye-ogni-sudna;12071001
"Авіа-, ж/д-, водний транспорт";Водний транспорт;Електрообладнання для суден;Освітлення для кают;https://prom.ua/ua/Kayutnoe-osveschenie;12071002
"Авіа-, ж/д-, водний транспорт";Водний транспорт;Електрообладнання для суден;"Панелі перемикачів,  розетки і кнопки для суден";https://prom.ua/ua/Sudovye-paneli-pereklyuchatelej-sudovye-rozetki-i-knopki;12071006
"Авіа-, ж/д-, водний транспорт";Водний транспорт;Електрообладнання для суден;Суднові пульти управління;https://prom.ua/ua/Sudovye-pulty-upravleniya;12071005
"Авіа-, ж/д-, водний транспорт";Водний транспорт;Електрообладнання для суден;Суднові сирени й склоочисники;https://prom.ua/ua/Sudovye-sireny-i-stekloochistiteli;12071007
"Авіа-, ж/д-, водний транспорт";Водний транспорт;Електрообладнання для суден;Фари-шукачі і прожектори суднові;https://prom.ua/ua/Fary-iskateli-i-prozhektory-sudovye;12071003
"Авіа-, ж/д-, водний транспорт";Водний транспорт;Засоби порятунку на воді;;https://prom.ua/ua/Sredstva-spaseniya;3006
"Авіа-, ж/д-, водний транспорт";Водний транспорт;"Комплектуючі, запчастини до водного транспорту";Інспекційні люки суден;https://prom.ua/ua/Inspektsionnye-lyuki-sudov;12070614
"Авіа-, ж/д-, водний транспорт";Водний транспорт;"Комплектуючі, запчастини до водного транспорту";"Буйки, кранці";https://prom.ua/ua/Bujki-krantsy;12070610
"Авіа-, ж/д-, водний транспорт";Водний транспорт;"Комплектуючі, запчастини до водного транспорту";Вентиляційні та опалювальні системи суден;https://prom.ua/ua/Ventilyatsionnye-i-otopitelnye-sistemy-sudov;12070613
"Авіа-, ж/д-, водний транспорт";Водний транспорт;"Комплектуючі, запчастини до водного транспорту";"Весла, багори";https://prom.ua/ua/Vesla-bagry;12070609
"Авіа-, ж/д-, водний транспорт";Водний транспорт;"Комплектуючі, запчастини до водного транспорту";Гвинти гребні;https://prom.ua/ua/Vinty-grebnye;12070604
"Авіа-, ж/д-, водний транспорт";Водний транспорт;"Комплектуючі, запчастини до водного транспорту";Гідрофойли;https://prom.ua/ua/Gidrofojly;12070612
"Авіа-, ж/д-, водний транспорт";Водний транспорт;"Комплектуючі, запчастини до водного транспорту";Запчастини для човнових моторів;https://prom.ua/ua/Zapchasti-dlya-lodochnyh-motorov;12070616
"Авіа-, ж/д-, водний транспорт";Водний транспорт;"Комплектуючі, запчастини до водного транспорту";Кабель судновий;https://prom.ua/ua/Kabeli-sudovye;12070602
"Авіа-, ж/д-, водний транспорт";Водний транспорт;"Комплектуючі, запчастини до водного транспорту";Комплектуючі та аксесуари для човнів;https://prom.ua/ua/Komplektuyuschie-i-aksessuary-dlya-lodok;12070407
"Авіа-, ж/д-, водний транспорт";Водний транспорт;"Комплектуючі, запчастини до водного транспорту";"Комплектуючі, запчастини до водного транспорту, загальне";https://prom.ua/ua/Komplektuyuschie-zapchasti-k-vodnomu-transportu-obschee;12070605
"Авіа-, ж/д-, водний транспорт";Водний транспорт;"Комплектуючі, запчастини до водного транспорту";Обладнання суднове;https://prom.ua/ua/Oborudovanie-sudovoe;12070603
"Авіа-, ж/д-, водний транспорт";Водний транспорт;"Комплектуючі, запчастини до водного транспорту";Паливне обладнання для човнів і катерів;https://prom.ua/ua/Toplivnoe-oborudovaniedlya-lodok-i-katerov;12070607
"Авіа-, ж/д-, водний транспорт";Водний транспорт;"Комплектуючі, запчастини до водного транспорту";"Суднові сходи, транці";https://prom.ua/ua/Sudovye-lestnitsy-trantsy;12070615
"Авіа-, ж/д-, водний транспорт";Водний транспорт;"Комплектуючі, запчастини до водного транспорту";Суднові швартові кнехти;https://prom.ua/ua/Sudovye-shvartovye-utki;12070611
"Авіа-, ж/д-, водний транспорт";Водний транспорт;"Комплектуючі, запчастини до водного транспорту";Чохли на водний транспорт;https://prom.ua/ua/Chehly-na-vodnyj-transport;12070606
"Авіа-, ж/д-, водний транспорт";Водний транспорт;"Комплектуючі, запчастини до водного транспорту";Якірне обладнання суден;https://prom.ua/ua/Yakornoe-oborudovanie-sudov;12070608
"Авіа-, ж/д-, водний транспорт";Водний транспорт;Мотори для човнів;;https://prom.ua/ua/Lodochnye-motory;12070601
"Авіа-, ж/д-, водний транспорт";Водний транспорт;Понтони і причали;;https://prom.ua/ua/Pontony-i-prichaly;120707
"Авіа-, ж/д-, водний транспорт";Водний транспорт;Причепи для човнів;;https://prom.ua/ua/Lodochnye-pritsepy;120708
"Авіа-, ж/д-, водний транспорт";Водний транспорт;Системи управління судном;Аксесуари для систем управління судном;https://prom.ua/ua/Aksessuary-dlya-sistem-upravleniya-sudnom;12070905
"Авіа-, ж/д-, водний транспорт";Водний транспорт;Системи управління судном;Гідравлічні кермові системи управління судном;https://prom.ua/ua/Gidravlicheskie-rulevye-sistemy-upravleniya-sudnom;12070902
"Авіа-, ж/д-, водний транспорт";Водний транспорт;Системи управління судном;Дистанційне керування моторами до човнів;https://prom.ua/ua/Distantsionnoe-upravlenie-lodochnymi-motorami;12070906
"Авіа-, ж/д-, водний транспорт";Водний транспорт;Системи управління судном;Кермові колеса човнові;https://prom.ua/ua/Rulevye-kolesa-lodochnye;12070907
"Авіа-, ж/д-, водний транспорт";Водний транспорт;Системи управління судном;Кермові троси для човнів;https://prom.ua/ua/Rulevye-trosy-dlya-lodok;12070903
"Авіа-, ж/д-, водний транспорт";Водний транспорт;Системи управління судном;Механічні кермові системи управління судном;https://prom.ua/ua/Mehanicheskie-rulevye-sistemy-upravleniya-sudnom;12070901
"Авіа-, ж/д-, водний транспорт";Водний транспорт;Системи управління судном;"Системи управління судном, загальне";https://prom.ua/ua/Drugie-sistemy-upravleniya-sudnom;12070908
"Авіа-, ж/д-, водний транспорт";Водний транспорт;Системи управління судном;Суднові троси управління газом/реверсом;https://prom.ua/ua/Sudovye-trosy-upravleniya-gazomreversom;12070904
"Авіа-, ж/д-, водний транспорт";Водний транспорт;Суднові системи водопостачання та каналізації;Насоси суднові;https://prom.ua/ua/Nasosy-sudovye;12071104
"Авіа-, ж/д-, водний транспорт";Водний транспорт;Суднові системи водопостачання та каналізації;"Суднові горловини, штуцери, душ";https://prom.ua/ua/Sudovye-gorloviny-shtutsery-dush;12071103
"Авіа-, ж/д-, водний транспорт";Водний транспорт;Суднові системи водопостачання та каналізації;Суднові туалети;https://prom.ua/ua/Sudovye-tualety;12071102
"Авіа-, ж/д-, водний транспорт";Водний транспорт;Суднові системи водопостачання та каналізації;Трюмні помпи судна;https://prom.ua/ua/Tryumnye-pompy-sudna;12071105
"Авіа-, ж/д-, водний транспорт";Водний транспорт;Човни;;https://prom.ua/ua/Lodki-;12070402
"Авіа-, ж/д-, водний транспорт";Залізничний транспорт і комплектуючі;Вагони;;https://prom.ua/ua/Poluvagon;12060202
"Авіа-, ж/д-, водний транспорт";Залізничний транспорт і комплектуючі;Електрообладнання для залізничного транспорту;;https://prom.ua/ua/Elektrooborudovanie-dlya-zheleznodorozhnogo-transporta;120609
"Авіа-, ж/д-, водний транспорт";Залізничний транспорт і комплектуючі;Елементи й комплектуюча верхньої будови колії;Залізничне кріплення;https://prom.ua/ua/Zheleznodorozhnye-bolty;12060404
"Авіа-, ж/д-, водний транспорт";Залізничний транспорт і комплектуючі;Елементи й комплектуюча верхньої будови колії;Клеми рейкові;https://prom.ua/ua/Klemmy-relsovye;12060402
"Авіа-, ж/д-, водний транспорт";Залізничний транспорт і комплектуючі;Елементи й комплектуюча верхньої будови колії;"Комплектуючі верхньої будови колії, загальне";https://prom.ua/ua/Drugie-komplektuyuschie-verhnego-stroeniya-puti;12060403
"Авіа-, ж/д-, водний транспорт";Залізничний транспорт і комплектуючі;Елементи й комплектуюча верхньої будови колії;Підкладки залізничні;https://prom.ua/ua/Podkladki-zheleznodorozhnye;12060405
"Авіа-, ж/д-, водний транспорт";Залізничний транспорт і комплектуючі;Елементи й комплектуюча верхньої будови колії;Рейки;https://prom.ua/ua/Relsy;120607
"Авіа-, ж/д-, водний транспорт";Залізничний транспорт і комплектуючі;Елементи й комплектуюча верхньої будови колії;Шпали;https://prom.ua/ua/Shpaly;12060401
"Авіа-, ж/д-, водний транспорт";Залізничний транспорт і комплектуючі;Залізничне випробувальне обладнання;;https://prom.ua/ua/Zheleznodorozhnoe-ispytatelnoe-oborudovanie;14201305
"Авіа-, ж/д-, водний транспорт";Залізничний транспорт і комплектуючі;"Залізничний транспорт і комплектуючі, загальне";;https://prom.ua/ua/Drugoj-zheleznodorozhnyj-transport-i-komplektuyuschie;120608
"Авіа-, ж/д-, водний транспорт";Залізничний транспорт і комплектуючі;Залізничний інструмент;"Залізничний інструмент, загальне";https://prom.ua/ua/Drugoj-zheleznodorozhnyj-instrument;14201302
"Авіа-, ж/д-, водний транспорт";Залізничний транспорт і комплектуючі;Залізничний інструмент;Механізований шляховий інструмент;https://prom.ua/ua/Mehanizirovannyj-putevoj-instrument;14201303
"Авіа-, ж/д-, водний транспорт";Залізничний транспорт і комплектуючі;Залізничний інструмент;"Рейкорізані, рейкосвердлувальні і рейкошліфувальні верстати";https://prom.ua/ua/Stanki-relsoreznye-relsosverlilnye-i-relsoshlifovalnye-stanki;14201304
"Авіа-, ж/д-, водний транспорт";Залізничний транспорт і комплектуючі;Залізничний інструмент;Ручной залізничний інструмент;https://prom.ua/ua/Ruchnoj-zheleznodorozhnyj-instrument;14201301
"Авіа-, ж/д-, водний транспорт";Залізничний транспорт і комплектуючі;Комплектуючі та запчастини для залізничного транспорту;;https://prom.ua/ua/Komplektuyuschie-i-zapchasti-k-zhd-transportu;120603
"Авіа-, ж/д-, водний транспорт";Залізничний транспорт і комплектуючі;Стрілочні переводи;;https://prom.ua/ua/Strelochnye-perevody;120606
"Авіа-, ж/д-, водний транспорт";Повітряний транспорт;Авіаційні комплектуючі й авіадвигуни;;https://prom.ua/ua/Aviatsionnye-komplektuyuschie-i-aviadvigateli;121803
"Авіа-, ж/д-, водний транспорт";Повітряний транспорт;Літаки та вертольоти;;https://prom.ua/ua/Vertolety;121802
"Авіа-, ж/д-, водний транспорт";Повітряний транспорт;Обладнання для ремонту авіаційної техніки;;https://prom.ua/ua/Oborudovanie-dlya-remonta-aviatsionnoj-tehniki;121805
"Авіа-, ж/д-, водний транспорт";Повітряний транспорт;"Повітряний транспорт, загальне";;https://prom.ua/ua/Drugaya-vozdushnyj-transport;121804
"Авіа-, ж/д-, водний транспорт";Спеціальне обладнання для транспортування;;;https://prom.ua/ua/Spetsialnoe-oborudovanie-dlya-transportirovki;1209
"Авіа-, ж/д-, водний транспорт";"Транспортні засоби, загальне";;;https://prom.ua/ua/Drugie-transportnye-sredstva;1220
Аксесуари та прикраси;Аксесуари;Автомобільні рукавички;;https://prom.ua/ua/Avtomobilnye-perchatki;203101
Аксесуари та прикраси;Аксесуари;Аксесуари для волосся;"Аксесуари для волосся, загальне";https://prom.ua/ua/Drugie-aksessuary-dlya-volos;3390199
Аксесуари та прикраси;Аксесуари;Аксесуари для волосся;Аксесуари для створення зачісок;https://prom.ua/ua/Aksessuary-dlya-sozdaniya-prichesok;3390114
Аксесуари та прикраси;Аксесуари;Аксесуари для волосся;Діадеми;https://prom.ua/ua/Diademy;3390112
Аксесуари та прикраси;Аксесуари;Аксесуари для волосся;Обручі і вінки на голову;https://prom.ua/ua/Obruchi-dlya-volos;3390109
Аксесуари та прикраси;Аксесуари;Аксесуари для волосся;Резинки і банти для волосся;https://prom.ua/ua/Rezinki-dlya-volos;3390103
Аксесуари та прикраси;Аксесуари;Аксесуари для волосся;Стрічки і пов'язки для волосся;https://prom.ua/ua/Lenty-dlya-volos;3390107
Аксесуари та прикраси;Аксесуари;Аксесуари для волосся;Шпильки і затискачі для волосся;https://prom.ua/ua/Zakolki-dlya-volos;3390104
Аксесуари та прикраси;Аксесуари;Візитівки та картхолдери;;https://prom.ua/ua/Vizitnitsy;211115
Аксесуари та прикраси;Аксесуари;Віяла;;https://prom.ua/ua/Veera;33904
Аксесуари та прикраси;Аксесуари;"Галантерея та аксесуари, загальне";;https://prom.ua/ua/Galantereya-ukrasheniya-yuvelirnye-izdeliya-obschee;33911
Аксесуари та прикраси;Аксесуари;Гаманці та портмоне;;https://prom.ua/ua/Koshelki-portmone;152405
Аксесуари та прикраси;Аксесуари;Головні убори;Бандани і бафи;https://prom.ua/ua/Bandany;3390101
Аксесуари та прикраси;Аксесуари;Головні убори;Бейсболки і кепки;https://prom.ua/ua/Sportivnye-kepki;32708
Аксесуари та прикраси;Аксесуари;Головні убори;Берети;https://prom.ua/ua/Berety;32702
Аксесуари та прикраси;Аксесуари;Головні убори;"Головні убори, загальне";https://prom.ua/ua/Golovnye-ubory-zhenskie-obschee;32716
Аксесуари та прикраси;Аксесуари;Головні убори;Капелюхи;https://prom.ua/ua/Shlyapy-i-shapki-zhenskie;32715
Аксесуари та прикраси;Аксесуари;Головні убори;Пов'язки і теплі навушники;https://prom.ua/ua/Povyazki-i-naushniki;32717
Аксесуари та прикраси;Аксесуари;Головні убори;Тюбетейки;https://prom.ua/ua/Tyubetejki;32719
Аксесуари та прикраси;Аксесуари;Головні убори;Шапки;https://prom.ua/ua/Zimnie-shapki;32710
Аксесуари та прикраси;Аксесуари;Дощовики;;https://prom.ua/ua/Dozhdeviki;33915
Аксесуари та прикраси;Аксесуари;Захисні маски для обличчя;;https://prom.ua/ua/Zaschitnye-maski-dlya;33918
Аксесуари та прикраси;Аксесуари;Знімні рукави;;https://prom.ua/ua/Semnye-rukava;33914
Аксесуари та прикраси;Аксесуари;Комплекти шарф-шапка-рукавички;;https://prom.ua/ua/Komplekty-sharf-shapka-perchatki;33906
Аксесуари та прикраси;Аксесуари;Коміри і манжети;;https://prom.ua/ua/Vorotniki;33908
Аксесуари та прикраси;Аксесуари;Краватки та краватки-метелики;;https://prom.ua/ua/Shelkovye-galstuki;3261
Аксесуари та прикраси;Аксесуари;Маски для сну;;https://prom.ua/ua/Maski-dlya-sna;32602
Аксесуари та прикраси;Аксесуари;Наручні та кишенькові годинники;;https://prom.ua/ua/Kvartsevye-naruchnye-chasy;151105
Аксесуари та прикраси;Аксесуари;Обкладинки для документів;;https://prom.ua/ua/Oblozhki-dlya-dokumentov;152413
Аксесуари та прикраси;Аксесуари;Парасолі;;https://prom.ua/ua/Zonty-i-dozhdeviki;1527
Аксесуари та прикраси;Аксесуари;Перуки і шиньйони;;https://prom.ua/ua/Pariki-i-shinony;3390113
Аксесуари та прикраси;Аксесуари;Підтяжки для штанів;;https://prom.ua/ua/Podtyazhki-dlya-bryuk;33905
Аксесуари та прикраси;Аксесуари;Ремені та пояси;;https://prom.ua/ua/Remni-poyasa;32801
Аксесуари та прикраси;Аксесуари;Рукавиці;;https://prom.ua/ua/Perchatki-varezhki;324
Аксесуари та прикраси;Аксесуари;Сонцезахисні окуляри;;https://prom.ua/ua/Solntsezaschitnye-ochki;33902
Аксесуари та прикраси;Аксесуари;Холдери для документів;;https://prom.ua/ua/Holdery-dlya-dokumentov;33916
Аксесуари та прикраси;Аксесуари;Чохли для ключів;;https://prom.ua/ua/Chehly-dlya-klyuchej;380310
Аксесуари та прикраси;Аксесуари та прикраси;;;https://prom.ua/ua/Ukrasheniya-i-chasy-obschee;381001
Аксесуари та прикраси;Біжутерія;Браслети;;https://prom.ua/ua/Braslety;36090301
Аксесуари та прикраси;Біжутерія;Брошки;;https://prom.ua/ua/Broshki;36090303
Аксесуари та прикраси;Біжутерія;"Біжутерія, загальне";;https://prom.ua/ua/Drugaya-bizhuteriya;36090399
Аксесуари та прикраси;Біжутерія;Дитячі прикраси;;https://prom.ua/ua/Detskie-ukrasheniya;15090305
Аксесуари та прикраси;Біжутерія;Запонки та затискачі для краватки;;https://prom.ua/ua/Bulavki-zazhimy-dlya-galstuka;36090310
Аксесуари та прикраси;Біжутерія;Кольє та намисто;;https://prom.ua/ua/Kole-ozherelya;36090308
Аксесуари та прикраси;Біжутерія;Комплекти біжутерії;;https://prom.ua/ua/Komplekty-bizhuterii;36090306
Аксесуари та прикраси;Біжутерія;Кулони;;https://prom.ua/ua/Kulony;15090303
Аксесуари та прикраси;Біжутерія;Кільця та ​​персні;;https://prom.ua/ua/Koltsa-perstni;36090309
Аксесуари та прикраси;Біжутерія;Прикраси для пірсингу;;https://prom.ua/ua/Ukrasheniya-dlya-pirsinga;36090302
Аксесуари та прикраси;Біжутерія;Сережки;;https://prom.ua/ua/Sergi;36090305
Аксесуари та прикраси;Дитячі аксесуари;"Дитячі аксесуари, загальне";;https://prom.ua/ua/Aksessuary-detskie-obschee;36308
Аксесуари та прикраси;Дитячі аксесуари;Дитячі гаманці;;https://prom.ua/ua/Koshelki-detskie;15240504
Аксесуари та прикраси;Дитячі аксесуари;Дитячі головні убори ;;https://prom.ua/ua/Detskie-golovnye-ubory;32705
Аксесуари та прикраси;Дитячі аксесуари;Дитячі дощовики ;;https://prom.ua/ua/Plaschi-dozhdeviki-detskie;31126
Аксесуари та прикраси;Дитячі аксесуари;Дитячі комплекти шарф-шапка-рукавички;;https://prom.ua/ua/Komplekty-sharf-shapka-perchatki-detskie;36304
Аксесуари та прикраси;Дитячі аксесуари;Дитячі краватки і шийні аксесуари;;https://prom.ua/ua/Galstuki-i-shejnye-aksessuary-detskie;36307
Аксесуари та прикраси;Дитячі аксесуари;Дитячі парасолі;;https://prom.ua/ua/Zonty-detskie;36305
Аксесуари та прикраси;Дитячі аксесуари;Дитячі ремені і підтяжки ;;https://prom.ua/ua/Remni-i-podtyazhki-detskie;36301
Аксесуари та прикраси;Дитячі аксесуари;"Дитячі рукавички, рукавиці";;https://prom.ua/ua/Perchatki-varezhki-detskie;36302
Аксесуари та прикраси;Дитячі аксесуари;Дитячі сумки і рюкзаки;;https://prom.ua/ua/Detskie-sumki;380501
Аксесуари та прикраси;Дитячі аксесуари;"Дитячі шарфи, манішки";;https://prom.ua/ua/Sharfy-detskie;36306
Аксесуари та прикраси;Дитячі аксесуари;Шкільні рюкзаки та портфелі ;;https://prom.ua/ua/Ryukzaki-i-portfeli-detskie;380520
Аксесуари та прикраси;Наручні і кишенькові годинники;Ремінці та браслети для годинників;;https://prom.ua/ua/Remeshki-i-braslety-dlya-chasov;36110710
Аксесуари та прикраси;Наручні і кишенькові годинники;Скриньки для годинників;;https://prom.ua/ua/Korobki-dlya-chasov;36110730
Аксесуари та прикраси;Прикраси з натурального каменю;Брошки із натуральним камінням;;https://prom.ua/ua/Broshi-naturalnymi-kamnyami;1360511
Аксесуари та прикраси;Прикраси з натурального каменю;Кулони із натуральним камінням;;https://prom.ua/ua/Kulony-naturalnymi-kamnyami;1360513
Аксесуари та прикраси;Прикраси з натурального каменю;Намиста і браслети з натуральних каменів;;https://prom.ua/ua/Ozherelya-braslety-naturalnyh;1360510
Аксесуари та прикраси;Прикраси з натурального каменю;Перстні з натуральними каменями;;https://prom.ua/ua/Koltsa-naturalnymy-kamnyami;1360509
Аксесуари та прикраси;Прикраси з натурального каменю;Сережки із натуральним камінням;;https://prom.ua/ua/Sergi-naturalnymi-kamnyami;1360512
Аксесуари та прикраси;"Сумки, валізи, портфелі";Аксесуари для сумок;;https://prom.ua/ua/Aksessuary-dlya-sumok;152415
Аксесуари та прикраси;"Сумки, валізи, портфелі";Господарські сумки;;https://prom.ua/ua/Sumki-dlya-pokupok;380530
Аксесуари та прикраси;"Сумки, валізи, портфелі";Дорожні сумки та валізи;;https://prom.ua/ua/Dorozhnye-sumki-chemodany;152404
Аксесуари та прикраси;"Сумки, валізи, портфелі";Жіночі сумочки і клатчі;;https://prom.ua/ua/Zhenskie-sumochki;152403
Аксесуари та прикраси;"Сумки, валізи, портфелі";Косметички і кейси для косметики;;https://prom.ua/ua/Kosmetichki;152407
Аксесуари та прикраси;"Сумки, валізи, портфелі";Портфелі ділові;;https://prom.ua/ua/Kozhanye-portfeli;152402
Аксесуари та прикраси;"Сумки, валізи, портфелі";"Сумки і портфелі, загальне";;https://prom.ua/ua/Drugie-sumki-i-portfeli;152499
Аксесуари та прикраси;"Сумки, валізи, портфелі";Чоловічі сумки ;;https://prom.ua/ua/Muzhskie-sumki;152411
Аксесуари та прикраси;"Шарфи, хустки, шалі";"Хустки, шалі, палантини";;https://prom.ua/ua/Platki-i-kosynki-zhenskie;31307
Аксесуари та прикраси;"Шарфи, хустки, шалі";Шарфи;;https://prom.ua/ua/Vyazanye-sharfy;32503
Аксесуари та прикраси;"Шарфи, хустки, шалі";"Шарфи, шалі, загальне";;https://prom.ua/ua/Drugie-sharfy-i-shali;32599
Аксесуари та прикраси;Ювелірні вироби;Намиста і браслети з дорогоцінних каменів;;https://prom.ua/ua/Ukrasheniya-iz-zhemchuga;150908
Аксесуари та прикраси;Ювелірні вироби;Футляри та підставки для коштовностей;;https://prom.ua/ua/Futlyary-dlya-dragotsennostej;152406
Аксесуари та прикраси;Ювелірні вироби;Ювелірна фурнітура;;https://prom.ua/ua/Yuvelirnaya-furnitura;360950
Аксесуари та прикраси;Ювелірні вироби;Ювелірне каміння;;https://prom.ua/ua/Yuvelirnye-kamni;360930
Аксесуари та прикраси;Ювелірні вироби;Ювелірні вироби з золота;Золоті браслети;https://prom.ua/ua/Zolotye-braslety;15090205
Аксесуари та прикраси;Ювелірні вироби;Ювелірні вироби з золота;Золоті брошки;https://prom.ua/ua/Zolotye-broshi;15090207
Аксесуари та прикраси;Ювелірні вироби;Ювелірні вироби з золота;Золоті булавки;https://prom.ua/ua/Zolotye-bulavki;15090213
Аксесуари та прикраси;Ювелірні вироби;Ювелірні вироби з золота;Золоті каблучки;https://prom.ua/ua/Zolotye-koltsa;15090201
Аксесуари та прикраси;Ювелірні вироби;Ювелірні вироби з золота;Золоті кольє;https://prom.ua/ua/Zolotye-kole;15090208
Аксесуари та прикраси;Ювелірні вироби;Ювелірні вироби з золота;Золоті кулони;https://prom.ua/ua/Zolotye-kulony;15090204
Аксесуари та прикраси;Ювелірні вироби;Ювелірні вироби з золота;Золоті ланцюжки;https://prom.ua/ua/Zolotye-tsepochki;15090206
Аксесуари та прикраси;Ювелірні вироби;Ювелірні вироби з золота;Золоті сережки;https://prom.ua/ua/Zolotye-sergi;15090202
Аксесуари та прикраси;Ювелірні вироби;Ювелірні вироби з золота;Комплекти прикрас з золота;https://prom.ua/ua/Komplekty-ukrashenij-iz-zolota;15090210
Аксесуари та прикраси;Ювелірні вироби;Ювелірні вироби з золота;"Ювелірні вироби з золота, загальне";https://prom.ua/ua/Drugie-yuvelirnye-izdeliya-iz-zolota;15090211
Аксесуари та прикраси;Ювелірні вироби;Ювелірні вироби з платини;;https://prom.ua/ua/Ukrasheniya-iz-platiny;150909
Аксесуари та прикраси;Ювелірні вироби;Ювелірні вироби зі срібла;Комплекти прикрас зі срібла;https://prom.ua/ua/Komplekty-ukrashenij-iz-serebra;15091308
Аксесуари та прикраси;Ювелірні вироби;Ювелірні вироби зі срібла;Срібні браслети;https://prom.ua/ua/Serebryanye-braslety;15091304
Аксесуари та прикраси;Ювелірні вироби;Ювелірні вироби зі срібла;Срібні брошки;https://prom.ua/ua/Serebryanye-broshi;15091306
Аксесуари та прикраси;Ювелірні вироби;Ювелірні вироби зі срібла;Срібні каблучки;https://prom.ua/ua/Serebryanye-koltsa;15091301
Аксесуари та прикраси;Ювелірні вироби;Ювелірні вироби зі срібла;Срібні кольє;https://prom.ua/ua/Serebryanye-kole;15091307
Аксесуари та прикраси;Ювелірні вироби;Ювелірні вироби зі срібла;Срібні кулони;https://prom.ua/ua/Serebryanye-kulony;15091303
Аксесуари та прикраси;Ювелірні вироби;Ювелірні вироби зі срібла;Срібні ланцюжки;https://prom.ua/ua/Serebryanye-tsepochki;15091305
Аксесуари та прикраси;Ювелірні вироби;Ювелірні вироби зі срібла;Срібні сережки;https://prom.ua/ua/Serebryanye-sergi;15091302
Аксесуари та прикраси;Ювелірні вироби;Ювелірні вироби зі срібла;Шарми;https://prom.ua/ua/Serebryanye-sharmy;15091310
Аксесуари та прикраси;Ювелірні вироби;Ювелірні вироби зі срібла;"Ювелірні вироби з срібла, загальне";https://prom.ua/ua/Drugie-yuvelirnye-izdeliya-iz-serebra;15091309
Аксесуари та прикраси;Ювелірні вироби;"Ювелірні вироби, загальне";;https://prom.ua/ua/Drugie-yuvelirnye-izdeliya-1;150911
Антикваріат і колекціонування;Антикварне мистецтво;;;https://prom.ua/ua/Antikvarnaya-skulptura;170312
Антикваріат і колекціонування;Антикварні відзнаки та нагороди;;;https://prom.ua/ua/Antikvarnye-znaki-otlichiya-i-nagrady;170310
Антикваріат і колекціонування;"Антикварні та колекційні шаблі, пістолети та обладунки";;;https://prom.ua/ua/Antikvarnoe-oruzhie;170307
Антикваріат і колекціонування;Антикваріат для дому;;;https://prom.ua/ua/Antikvarnaya-posuda;170308
Антикваріат і колекціонування;"Антикваріат, загальне";;;https://prom.ua/ua/Drugoj-antikvariat;170304
Антикваріат і колекціонування;Колекційні моделі транспорту;;;https://prom.ua/ua/Kollektsionnye-modeli-transporta;370705
Антикваріат і колекціонування;Колекційні мінерали;;;https://prom.ua/ua/Kollektsionnye-mineraly;370706
Антикваріат і колекціонування;Моделізм;;;https://prom.ua/ua/Tovary-dlya-modelizma;370703
Антикваріат і колекціонування;"Нумізматика, боністика";;;https://prom.ua/ua/Numizmatika;3809
Антикваріат і колекціонування;Філателія;;;https://prom.ua/ua/Filateliya;370701
Безпека та захист;"Безпека та захист, загальне";;;https://prom.ua/ua/Bezopasnost-i-zaschita-obschee;3016
Безпека та захист;Засоби зберігання і транспортування цінностей;"Засоби зберігання і транспортування цінностей, загальне";;https://prom.ua/ua/Sredstva-hraneniya-i-transportirovki-tsennostej-obschee;302401
Безпека та захист;Засоби зберігання і транспортування цінностей;Пломби та пломбіратори;Витратні матеріали для опломбування;https://prom.ua/ua/Rashodnye-materialy-dlya-oplombirovaniya;302007
Безпека та захист;Засоби зберігання і транспортування цінностей;Пломби та пломбіратори;Пломби для контролю і збереження;https://prom.ua/ua/Plomby-dlya-kontrolya-i-sohrannosti;302006
Безпека та захист;Засоби зберігання і транспортування цінностей;Пломби та пломбіратори;"Пломби і пломбіратори, загальне";https://prom.ua/ua/Drugie-indikatornye-plomby;302005
Безпека та захист;Засоби зберігання і транспортування цінностей;Пломби та пломбіратори;Пломбіратори;https://prom.ua/ua/Plombiratory;302003
Безпека та захист;Засоби зберігання і транспортування цінностей;Сейфи;;https://prom.ua/ua/Ofisnye-sejfy;301201
Безпека та захист;Засоби організації дорожнього руху;Велопарковки;;https://prom.ua/ua/Veloparkovki;301509
Безпека та захист;Засоби організації дорожнього руху;Дорожні знаки;;https://prom.ua/ua/Dorozhnye-znaki;301502
Безпека та захист;Засоби організації дорожнього руху;Дорожні огорожі та елементи до них;;https://prom.ua/ua/Dorozhnye-ograzhdeniya-i-elementy-k-nim;301512
Безпека та захист;Засоби організації дорожнього руху;"Засоби організації дорожнього руху, загальне";;https://prom.ua/ua/Drugoe-dorozhnoe-oborudovanie;301505
Безпека та захист;Засоби організації дорожнього руху;Колесовідбійники;;https://prom.ua/ua/Kolesootbojniki;301513
Безпека та захист;Засоби організації дорожнього руху;Маркувальні позначення і знаки небезпеки;;https://prom.ua/ua/Markirovochnye-oboznacheniya-i-znaki-opasnosti;301510
Безпека та захист;Засоби організації дорожнього руху;Наліпки та світловідбивні елементи;;https://prom.ua/ua/Svetootrazhayuschie-elementy;301514
Безпека та захист;Засоби організації дорожнього руху;Поліцейські лежачі;;https://prom.ua/ua/Politsejskie-lezhachie;301506
Безпека та захист;Засоби організації дорожнього руху;Світлофори;;https://prom.ua/ua/Svetofory;301503
Безпека та захист;Засоби організації дорожнього руху;Системи управління дорожнім рухом;;https://prom.ua/ua/Sistemy-upravleniya-dorozhnym-dvizheniem;301504
Безпека та захист;Засоби організації дорожнього руху;Стовпчики сигнальні;;https://prom.ua/ua/Vehi-stolbiki-signalnye;301511
Безпека та захист;Засоби організації дорожнього руху;Тимчасові дорожні огорожі;;https://prom.ua/ua/Dorozhnye-ograzhdeniya;301501
Безпека та захист;Засоби і системи сккд;Ідентифікатори;;https://prom.ua/ua/Identifikatory;301310
Безпека та захист;Засоби і системи сккд;"Засоби і системи сккд, загальне";;https://prom.ua/ua/Drugoe-oborudovanie-kontrolya-dostupa;301304
Безпека та захист;Засоби і системи сккд;Захисні огородження;;https://prom.ua/ua/Zaschitnye-ograzhdeniya;301309
Безпека та захист;Засоби і системи сккд;Зчитувачі;;https://prom.ua/ua/Schityvateli;301311
Безпека та захист;Засоби і системи сккд;Контролери сккд;;https://prom.ua/ua/Kontrollery;301312
Безпека та захист;Засоби і системи сккд;Системи контролю робочого часу;;https://prom.ua/ua/Sistemy-kontrolya-rabochego-vremeni;2106
Безпека та захист;Засоби і системи сккд;Системи обліку відвідувачів;;https://prom.ua/ua/Sistema-ucheta-posetitelej;301303
Безпека та захист;Засоби і системи сккд;Системи сквд;;https://prom.ua/ua/Sistemy-kontrolya-dostupa;3030
Безпека та захист;Засоби і системи сккд;Турнікети;;https://prom.ua/ua/Turnikety;301301
Безпека та захист;Засоби і системи сккд;Шлюзові кабіни;;https://prom.ua/ua/Shlyuzovye-kabiny;301308
Безпека та захист;Засоби індивідуального захисту;Будівельні каски ;;https://prom.ua/ua/Kaski-zaschitnye;301911
Безпека та захист;Засоби індивідуального захисту;Засоби безпеки праці;"Засоби безпеки праці, загальне";https://prom.ua/ua/Sredstva-individualnoj-zaschity-obschee;14201801
Безпека та захист;Засоби індивідуального захисту;Засоби безпеки праці;Засоби захисту очей;https://prom.ua/ua/Sredstva-zaschity-glaz;301908
Безпека та захист;Засоби індивідуального захисту;Засоби безпеки праці;Зварювальні маски;https://prom.ua/ua/Svarochnye-maski;301902
Безпека та захист;Засоби індивідуального захисту;Засоби захисту від падінь та лази;;https://prom.ua/ua/Sredstva-zaschity-ot-padenij-i-lazy;301916
Безпека та захист;Засоби індивідуального захисту;Засоби захисту органів дихання;;https://prom.ua/ua/Sredstva-zaschity-organov-dyhaniya;301901
Безпека та захист;Засоби індивідуального захисту;"Засоби індивідуального захисту, загальне";;https://prom.ua/ua/Drugie-sredstva-individualnoj-zaschity;301906
Безпека та захист;Засоби індивідуального захисту;Захисні дерматологічні засоби;;https://prom.ua/ua/Zaschitnye-dermatologicheskie-sredstva;301912
Безпека та захист;Засоби індивідуального захисту;Килимки діелектричні;;https://prom.ua/ua/Kovrik-dielektricheskij;301905
Безпека та захист;Захисні споруди цивільного захисту;;;https://prom.ua/ua/Zaschitnye-sooruzheniya-grazhdanskoj;3028
Безпека та захист;Захист промислового обладнання;"Захист промислового обладнання, загальне";;https://prom.ua/ua/Zaschita-promyshlennogo-oborudovanie-obschee;302701
Безпека та захист;"Обладнання електронне, прилади захисту й безпеки";"Електронне обладнання, прилади захисту й безпеки, загальне";;https://prom.ua/ua/Drugoe-elektronnoe-oborudovanie-pribory-zaschity-i-bezopasnosti;300414
Безпека та захист;"Обладнання електронне, прилади захисту й безпеки";Системи захисту від потопу;;https://prom.ua/ua/Sistemy-zashchity-ot-potopa;300418
Безпека та захист;Системи охорони та оповіщення;Інфрачервоні бар'єри;;https://prom.ua/ua/Infrakrasnye-barery;300408
Безпека та захист;Системи охорони та оповіщення;Апаратура сигналізації та зв'язку;"Апаратура сигналізації та зв'язку, загальне";https://prom.ua/ua/Apparatura-signalizatsii-i-svyazi-obschee;300425
Безпека та захист;Системи охорони та оповіщення;"Брелоки, пульти для охоронних систем";;https://prom.ua/ua/Brelki-pulty-dlya-ohrannyh-sistem;302307
Безпека та захист;Системи охорони та оповіщення;Гучномовці;;https://prom.ua/ua/Gromkogovoriteli;6371818
Безпека та захист;Системи охорони та оповіщення;Знімачі та деактиватори;;https://prom.ua/ua/Cemniki-i-deaktivatory;300423
Безпека та захист;Системи охорони та оповіщення;Короби та корпуси для охоронних систем;;https://prom.ua/ua/Koroba-i-korpusa-dlya-ohrannyh-sistem;302309
Безпека та захист;Системи охорони та оповіщення;Оглядові дзеркала безпеки;;https://prom.ua/ua/Zerkala-bezopasnosti;301507
Безпека та захист;Системи охорони та оповіщення;Охоронні голосові сповіщувачі;;https://prom.ua/ua/Ohrannye-opoveschateli;302304
Безпека та захист;Системи охорони та оповіщення;Охоронні сповіщувачі;;https://prom.ua/ua/Ohrannye-izveschateli;302302
Безпека та захист;Системи охорони та оповіщення;Приймально-контрольні прилади і прилади управління;;https://prom.ua/ua/Priemno-kontrolnye-pribory-i-pribory-upravleniya;302303
Безпека та захист;Системи охорони та оповіщення;Пристрою прийому-передачі сигналів;;https://prom.ua/ua/Ustrojstva-priemo-peredachi-signalov;302311
Безпека та захист;Системи охорони та оповіщення;Протикрадіжні системи;;https://prom.ua/ua/Protivokrazhnaya-sistema;300405
Безпека та захист;Системи охорони та оповіщення;Протикражні датчики і мітки;;https://prom.ua/ua/Protivokrazhnye-datchiki-i-metki;300422
Безпека та захист;Системи охорони та оповіщення;"Системи охорони та оповіщення, загальне";;https://prom.ua/ua/Sistemy-ohrany-i-opovescheniya-obschee;302301
Безпека та захист;Системи охорони та оповіщення;Тривожні кнопки і кнопки виходу;;https://prom.ua/ua/Trevozhnye-knopki-i-knopki-vyhoda;302308
Безпека та захист;Системи і засоби пожежної безпеки;Блискавкозахист і заземлення;"Блискавкозахист і заземлення, загальне";https://prom.ua/ua/Molniezaschita-i-zazemlenie-obschee;300310
Безпека та захист;Системи і засоби пожежної безпеки;Блискавкозахист і заземлення;Блискавкоприймачі;https://prom.ua/ua/Molniepriemniki;300301
Безпека та захист;Системи і засоби пожежної безпеки;Блискавкозахист і заземлення;Електроди заземлення і муфти;https://prom.ua/ua/Elektrody-zazemleniya-i-mufty;300304
Безпека та захист;Системи і засоби пожежної безпеки;Блискавкозахист і заземлення;Комплектуючі для блискавкозахисту/заземлення;https://prom.ua/ua/Komplektuyuschie-dlya-molniezaschityzazemleniya;300307
Безпека та захист;Системи і засоби пожежної безпеки;Блискавкозахист і заземлення;Пзіп;https://prom.ua/ua/Uzip;300303
Безпека та захист;Системи і засоби пожежної безпеки;Блискавкозахист і заземлення;Розрядники для захисту від блискавок/заземлення;https://prom.ua/ua/Razryadniki-1;300309
Безпека та захист;Системи і засоби пожежної безпеки;Блискавкозахист і заземлення;Системи і комплекти блискавкозахисту/заземлення;https://prom.ua/ua/Komplekty-molniezaschityzazemleniya;300308
Безпека та захист;Системи і засоби пожежної безпеки;Блискавкозахист і заземлення;Струмовідводи;https://prom.ua/ua/Tokootvody;300302
Безпека та захист;Системи і засоби пожежної безпеки;"Елементи систем, що перешкоджають поширенню вогню";;https://prom.ua/ua/Elementy-sistem-prepyatstvuyuschih-rasprostraneniyu-ognya;300918
Безпека та захист;Системи і засоби пожежної безпеки;Знаки і таблички безпеки;;https://prom.ua/ua/Znaki-bezopasnosti;3017
Безпека та захист;Системи і засоби пожежної безпеки;Пожежна автоматика;Модулі контролю та управління;https://prom.ua/ua/Moduli-kontrolya-i-upravleniya;300934
Безпека та захист;Системи і засоби пожежної безпеки;Пожежна автоматика;"Пожежна автоматика, загальне";https://prom.ua/ua/Pozharnaya-avtomatika-obschee;300931
Безпека та захист;Системи і засоби пожежної безпеки;Пожежна автоматика;Пожежні сповіщувачі;https://prom.ua/ua/Pozharnye-izveschateli;300921
Безпека та захист;Системи і засоби пожежної безпеки;"Пожежне обладнання, інвентар та комплектуючі";"Вентилі, клапани та муфти";https://prom.ua/ua/Ventili-klapana-i-mufty;300926
Безпека та захист;Системи і засоби пожежної безпеки;"Пожежне обладнання, інвентар та комплектуючі";Вогнегасники;https://prom.ua/ua/Ognetushiteli;300902
Безпека та захист;Системи і засоби пожежної безпеки;"Пожежне обладнання, інвентар та комплектуючі";Водопінне обладнання;https://prom.ua/ua/Vodopennoe-oborudovanie;300938
Безпека та захист;Системи і засоби пожежної безпеки;"Пожежне обладнання, інвентар та комплектуючі";Головки пожежні;https://prom.ua/ua/Golovki-soedinitelnye-pozharnye;300925
Безпека та захист;Системи і засоби пожежної безпеки;"Пожежне обладнання, інвентар та комплектуючі";Гідранти пожежні;https://prom.ua/ua/Gidranty;300901
Безпека та захист;Системи і засоби пожежної безпеки;"Пожежне обладнання, інвентар та комплектуючі";Зрошувачі пожежні;https://prom.ua/ua/Orositeli-pozharnye;300929
Безпека та захист;Системи і засоби пожежної безпеки;"Пожежне обладнання, інвентар та комплектуючі";Комплектуючі для протипожежного обладнання;https://prom.ua/ua/Komplektuyuschie-dlya-protivopozharnogo-oborudovaniya;300919
Безпека та захист;Системи і засоби пожежної безпеки;"Пожежне обладнання, інвентар та комплектуючі";Модулі пожежогасіння;https://prom.ua/ua/Moduli-pozharotusheniya;300903
Безпека та захист;Системи і засоби пожежної безпеки;"Пожежне обладнання, інвентар та комплектуючі";"Пожежне обладнання, інвентар та комплектуючі, загальне";https://prom.ua/ua/Pozharnoe-oborudovanie-inventar-i-komplektuyuschie-obschee;300924
Безпека та захист;Системи і засоби пожежної безпеки;"Пожежне обладнання, інвентар та комплектуючі";Пожежний інвентар;https://prom.ua/ua/Pozharnyj-inventar;300940
Безпека та захист;Системи і засоби пожежної безпеки;"Пожежне обладнання, інвентар та комплектуючі";Пожежний інструмент;https://prom.ua/ua/Instrument-pozharnyj;300905
Безпека та захист;Системи і засоби пожежної безпеки;"Пожежне обладнання, інвентар та комплектуючі";Пожежно-рятувальні комплекси;https://prom.ua/ua/Pozharno-spasatelnye-kompleksy;300948
Безпека та захист;Системи і засоби пожежної безпеки;"Пожежне обладнання, інвентар та комплектуючі";"Пожежні мотопомпи, насоси та насосні станції";https://prom.ua/ua/Motopompy-nasosy-i-nasosnye-stantsii;300939
Безпека та захист;Системи і засоби пожежної безпеки;"Пожежне обладнання, інвентар та комплектуючі";"Підставки, фланці, трійники";https://prom.ua/ua/Podstavki-flantsy-trojniki;300928
Безпека та захист;Системи і засоби пожежної безпеки;"Пожежне обладнання, інвентар та комплектуючі";Рукави пожежні;https://prom.ua/ua/Rukava-pozharnye;300904
Безпека та захист;Системи і засоби пожежної безпеки;"Пожежне обладнання, інвентар та комплектуючі";Стовбури пожежні;https://prom.ua/ua/Stvoly-pozharnye;300927
Безпека та захист;Системи і засоби пожежної безпеки;"Пожежне обладнання, інвентар та комплектуючі";Шафи пожежні;https://prom.ua/ua/Shkafy-pozharnye;300915
Безпека та захист;Системи і засоби пожежної безпеки;Протипожежні конструкції;;https://prom.ua/ua/Protivopozharnye-konstruktsii;300908
Безпека та захист;Системи і засоби пожежної безпеки;"Системи і засоби пожежної безпеки, загальне";;https://prom.ua/ua/Drugoe-oborudovanie-protivopozharnoe;300907
Безпека та захист;Спеціальні технічні засоби;Пригнічувач диктофонов;;https://prom.ua/ua/Podavitel-diktofonov;300411
Безпека та захист;Спеціальні технічні засоби;Пристрої виявлення прихованих відеокамер і жучків;;https://prom.ua/ua/Obnaruzhenie-skrytyh-videokamer;300406
Безпека та захист;Спеціальні технічні засоби;Скануючі приймачі;;https://prom.ua/ua/Skaniruyuschie-priemniki;300417
Безпека та захист;Спеціальні технічні засоби;"Спеціальні технічні засоби, загальне";;https://prom.ua/ua/Spetsialnye-tehnicheskie-sredstva-obschee;302501
Безпека та захист;Спеціальні технічні засоби;Технічний захист інформації;;https://prom.ua/ua/Tehnicheskaya-zaschita-informatsii;300404
Безпека та захист;Технічні засоби відеоспостереження;"Відеокамери-обманки, муляжі";;https://prom.ua/ua/Videokamery-obmanki-mulyazhi;301107
Безпека та захист;Технічні засоби відеоспостереження;Камери відеоспостереження;;https://prom.ua/ua/Kamery-videonablyudeniya;301105
Безпека та захист;Технічні засоби відеоспостереження;Комплектуючі для систем відеоспостереження;Відеотестери;https://prom.ua/ua/Videotestery;301113
Безпека та захист;Технічні засоби відеоспостереження;Комплектуючі для систем відеоспостереження;Кожухи і кронштейни;https://prom.ua/ua/Kozhuhi-i-kronshtejny;301112
Безпека та захист;Технічні засоби відеоспостереження;Комплектуючі для систем відеоспостереження;"Комплектуючі для систем відеоспостереження, загальне";https://prom.ua/ua/Komplektuyuschie-dlya-sistem-videonablyudeniya-obschee;301109
Безпека та захист;Технічні засоби відеоспостереження;Комплектуючі для систем відеоспостереження;Плати і карти відеоспостереження;https://prom.ua/ua/Platy-videozahvata;301111
Безпека та захист;Технічні засоби відеоспостереження;Комплектуючі для систем відеоспостереження;Пульти для систем відеоспостереження;https://prom.ua/ua/Pulty-dlya-sistem-videonablyudeniya;301110
Безпека та захист;Технічні засоби відеоспостереження;Комплектуючі для систем відеоспостереження;Ящики акб;https://prom.ua/ua/Yaschiki-akb;301114
Безпека та захист;Технічні засоби відеоспостереження;Об'єктиви для камер відеоспостереження;;https://prom.ua/ua/Obektivy-dlya-kamer-videonablyudeniya;301106
Безпека та захист;Технічні засоби відеоспостереження;Пз для відеоспостереження;;https://prom.ua/ua/Po-dlya-videonablyudeniya;301108
Безпека та захист;Технічні засоби відеоспостереження;"Технічні засоби відеоспостереження, загальне";;https://prom.ua/ua/Drugie-tehnicheskie-sredstva-nablyudeniya;301103
Будівництво;Басейни;"Басейни, загальне";;https://prom.ua/ua/Drugie-bassejny;180802
Будівництво;Басейни;Витратні матеріали для басейнів;;https://prom.ua/ua/Rashodnye-materialy-dlya-bassejnov;180807
Будівництво;Басейни;Обладнання та аксесуари для басейнів;;https://prom.ua/ua/Oborudovanie-i-aksessuary-dlya-bassejnov;180803
Будівництво;Басейни;Стаціонарні басейни;;https://prom.ua/ua/Statsionarnye-bassejny;180801
Будівництво;Будівельна техніка та обладнання;"Будівельна техніка та обладнання, загальне";;https://prom.ua/ua/Drugaya-stroitelnaya-tehnika-i-oborudovanie;130408
Будівництво;Будівельна техніка та обладнання;Будівельний секційний сміттєскид;;https://prom.ua/ua/Musorosbros-sektsionnyj;131707
Будівництво;Будівельна техніка та обладнання;Вантажопідйомні будівельні машини та обладнання;Автовишки;https://prom.ua/ua/Avtovyshki;13040213
Будівництво;Будівельна техніка та обладнання;Вантажопідйомні будівельні машини та обладнання;"Вантажопідйомні будівельні машини та обладнання, загальне";https://prom.ua/ua/Drugie-gruzopodemnye-stroitelnye-mashiny-i-oborudovanie;13040206
Будівництво;Будівельна техніка та обладнання;Вантажопідйомні будівельні машини та обладнання;Гідроманіпулятори;https://prom.ua/ua/Gidromanipulyatory;13040211
Будівництво;Будівельна техніка та обладнання;Вантажопідйомні будівельні машини та обладнання;Перевантажувачі;https://prom.ua/ua/Peregruzhateli;13040212
Будівництво;Будівельна техніка та обладнання;Вантажопідйомні будівельні машини та обладнання;Фронтальні та телескопічні навантажувачі;https://prom.ua/ua/Pogruzchiki;132608
Будівництво;Будівельна техніка та обладнання;Дорожньо-будівельні машини та обладнання;"Автогрейдери, скрепери";https://prom.ua/ua/Avtogrejdery;132609
Будівництво;Будівельна техніка та обладнання;Дорожньо-будівельні машини та обладнання;Агрегат для розмітки доріг;https://prom.ua/ua/Agregat-dlya-razmetki-dorog;13040404
Будівництво;Будівельна техніка та обладнання;Дорожньо-будівельні машини та обладнання;Асфальтоукладальники;https://prom.ua/ua/Asfaltoukladchiki;13040402
Будівництво;Будівельна техніка та обладнання;Дорожньо-будівельні машини та обладнання;Вібромашини;https://prom.ua/ua/Trambovochnye-mashiny;132611
Будівництво;Будівельна техніка та обладнання;Дорожньо-будівельні машини та обладнання;"Дорожньо-будівельні машини та обладнання, загальне";https://prom.ua/ua/Drugie-dorozhno-stroitelnye-mashiny;13040403
Будівництво;Будівельна техніка та обладнання;Дорожньо-будівельні машини та обладнання;Дорожні котки;https://prom.ua/ua/Katki;132612
Будівництво;Будівельна техніка та обладнання;Дорожньо-будівельні машини та обладнання;Обладнання для ремонту та переробки асфальту;https://prom.ua/ua/Asfaltomeshalki;132601
Будівництво;Будівельна техніка та обладнання;Дорожньо-будівельні машини та обладнання;Фрезерні дорожні установки;https://prom.ua/ua/Frezernye-dorozhnye-ustanovki;1362
Будівництво;Будівельна техніка та обладнання;Комплектуючі для будівельного обладнання;"Комплектуючі для будівельного обладнання, загальне";https://prom.ua/ua/Drugie-komplektuyuschie-dlya-stroitelnogo-oborudovaniya;13040701
Будівництво;Будівельна техніка та обладнання;Комплектуючі для будівельного обладнання;Комплектуючі для вантажопідйомної техніки;https://prom.ua/ua/Komplektuyuschie-dlya-gruzopodemnoj-tehniki;13040702
Будівництво;Будівельна техніка та обладнання;Комплектуючі для будівельного обладнання;Комплектуючі для ескалаторів;https://prom.ua/ua/Komplektuyuschie-dlya-eskalatorov;1361
Будівництво;Будівельна техніка та обладнання;Комплектуючі для будівельного обладнання;Комплектуючі для оздоблювального та покрівельного обладнання;https://prom.ua/ua/Komplektuyuschie-dlya-otdelochnogo-i-krovelnogo-oborudovaniya;13040704
Будівництво;Будівельна техніка та обладнання;Комплектуючі для будівельного обладнання;Комплектуючі для садово-будівельних тачок;https://prom.ua/ua/Komplektuyuschie-dlya-sadovo-stroitelnyh-tachek;13040703
Будівництво;Будівельна техніка та обладнання;Ліфтове обладнання;"Ескалатори, траволатори";https://prom.ua/ua/Eskalatory-travolatory-dvizhuschiesya-lestnitsy;13041001
Будівництво;Будівельна техніка та обладнання;Ліфтове обладнання;Комплектуючі до вантажопасажирських ліфтів;https://prom.ua/ua/Komplektuyuschie-k-gruzopassazhirskim-liftam;13041003
Будівництво;Будівельна техніка та обладнання;Ліфтове обладнання;Ліфти;https://prom.ua/ua/Lifty;13040210
Будівництво;Будівельна техніка та обладнання;Ліфтове обладнання;"Ліфтове обладнання, загальне";https://prom.ua/ua/Drugoe-liftovoe-oborudovanie;13041004
Будівництво;Будівельна техніка та обладнання;Машини та обладнання для бетонних робіт;Бетономішалки;https://prom.ua/ua/Betonomeshalki;132604
Будівництво;Будівельна техніка та обладнання;Машини та обладнання для бетонних робіт;"Бетононасоси, розчинонасоси";https://prom.ua/ua/Betononasosy;132605
Будівництво;Будівельна техніка та обладнання;Машини та обладнання для бетонних робіт;Бункери та силоси для будівельних сумішей;https://prom.ua/ua/Bunkery-dlya-betona;13040309
Будівництво;Будівельна техніка та обладнання;Машини та обладнання для бетонних робіт;Віброрейки;https://prom.ua/ua/Vibrorejki;13040504
Будівництво;Будівельна техніка та обладнання;Машини та обладнання для бетонних робіт;Вібростоли;https://prom.ua/ua/Vibrostoly;13040308
Будівництво;Будівельна техніка та обладнання;Машини та обладнання для бетонних робіт;Глибинні вібратори;https://prom.ua/ua/Vibratory-glubinnye;13040305
Будівництво;Будівельна техніка та обладнання;Машини та обладнання для бетонних робіт;Комплектуючі обладнання для бетонних робіт;https://prom.ua/ua/Komplektuyuschie-oborudovaniya-dlya-betonnyh-rabot;13040313
Будівництво;Будівельна техніка та обладнання;Машини та обладнання для бетонних робіт;Комплектуючі та запчастини для бетононасосів;https://prom.ua/ua/Komplektuyuschie-i-zapchasti-dlya-betononasosov;13040307
Будівництво;Будівельна техніка та обладнання;Машини та обладнання для бетонних робіт;Майданчикові вібратори;https://prom.ua/ua/Vibratory-ploschadochnye;13040302
Будівництво;Будівельна техніка та обладнання;Машини та обладнання для бетонних робіт;Машини для бетонних робіт;https://prom.ua/ua/Betonosmestiteli;13040301
Будівництво;Будівельна техніка та обладнання;Машини та обладнання для бетонних робіт;"Машини та обладнання для бетонних робіт, загальне";https://prom.ua/ua/Drugie-mashiny-i-oborudovanie-dlya-betonnyh-rabot;13040306
Будівництво;Будівельна техніка та обладнання;Машини та обладнання для бетонних робіт;Стаціонарні та мобільні бетонні заводи;https://prom.ua/ua/Zavody-betonnye-mobilnye;13040303
Будівництво;Будівельна техніка та обладнання;Машини та обладнання для бетонних робіт;Стінорізальні машини;https://prom.ua/ua/Stenoreznye-mashiny;13040312
Будівництво;Будівельна техніка та обладнання;Машини та обладнання для земляних робіт;Бульдозери;https://prom.ua/ua/Buldozery;132602
Будівництво;Будівельна техніка та обладнання;Машини та обладнання для земляних робіт;Екскаватори;https://prom.ua/ua/Ekskavatory;132606
Будівництво;Будівельна техніка та обладнання;Машини та обладнання для земляних робіт;"Земснаряди, драги, землесоси";https://prom.ua/ua/Zemsnaryady-dragi-zemlesosy;13040509
Будівництво;Будівельна техніка та обладнання;Машини та обладнання для земляних робіт;"Машини та обладнання для земляних робіт, загальне";https://prom.ua/ua/Drugie-mashiny-i-oborudovanie-dlya-zemlyanyh-rabot;13040507
Будівництво;Будівельна техніка та обладнання;Машини та обладнання для земляних робіт;Траншеєкопачі;https://prom.ua/ua/Transheekopateli;13040501
Будівництво;Будівельна техніка та обладнання;Машини та обладнання для земляних робіт;Установки для роботи з ґрунтом;https://prom.ua/ua/Yamobury;1337
Будівництво;Будівельна техніка та обладнання;Машини та обладнання для оздоблювальних і покрівельних робіт;Затиральні машини;https://prom.ua/ua/Zatirochnye-mashiny;13040602
Будівництво;Будівельна техніка та обладнання;Машини та обладнання для оздоблювальних і покрівельних робіт;"Машини та обладнання для оздоблювальних і покрівельних робіт, загальне";https://prom.ua/ua/Drugie-mashiny-i-oborudovanie-dlya-otdelochnyh-i-krovelnyh-rabot;13040604
Будівництво;Будівельна техніка та обладнання;Машини та обладнання для оздоблювальних і покрівельних робіт;Фарбувальний агрегат;https://prom.ua/ua/Agregat-okrasochnyj;13040605
Будівництво;Будівельна техніка та обладнання;Машини та обладнання для оздоблювальних і покрівельних робіт;Фрезерувальні машини;https://prom.ua/ua/Frezerovalnye-mashiny;13040608
Будівництво;Будівельна техніка та обладнання;Машини та обладнання для оздоблювальних і покрівельних робіт;Штукатурні станції та агрегати;https://prom.ua/ua/Stantsiya-shtukaturnaya;13040601
Будівництво;Будівельна техніка та обладнання;Навісне обладнання для будівельної спецтехніки;;https://prom.ua/ua/Zahvaty-dlya-gruzopodemnoj-tehniki;13041104
Будівництво;Будівельна техніка та обладнання;"Обладнання для нанесення, звуко-, гідро-, теплоізоляції";;https://prom.ua/ua/Oborudovanie-dlya-nanesenie-zvuko-gidro-teploizolyatsii;130412
Будівництво;Будівельна техніка та обладнання;Риштування та інші конструкції для ремонтно-будівельних робіт;Будівельні люльки;https://prom.ua/ua/Lyulki-stroitelnye;13070704
Будівництво;Будівельна техніка та обладнання;Риштування та інші конструкції для ремонтно-будівельних робіт;"Будівельні риштування, загальне";https://prom.ua/ua/Drugie-stroitelnye-lesa;13070705
Будівництво;Будівельна техніка та обладнання;Риштування та інші конструкції для ремонтно-будівельних робіт;Будівельні та садові сходи;https://prom.ua/ua/Lestnitsy-stroitelnye;13070703
Будівництво;Будівельна техніка та обладнання;Риштування та інші конструкції для ремонтно-будівельних робіт;Вишки тури;https://prom.ua/ua/Vyshki-tury;13040205
Будівництво;Будівельна техніка та обладнання;Риштування та інші конструкції для ремонтно-будівельних робіт;Драбини;https://prom.ua/ua/Stremyanki;13070701
Будівництво;Будівельна техніка та обладнання;Риштування та інші конструкції для ремонтно-будівельних робіт;Комплектуючі для сходів та будівельних риштувань;https://prom.ua/ua/Komplektuyuschie-dlya-lestnits-i-stroitelnyh-lesov;1354
Будівництво;Будівельна техніка та обладнання;Риштування та інші конструкції для ремонтно-будівельних робіт;Опалубка та комплектуючі до неї;https://prom.ua/ua/Opalubka;1353
Будівництво;Будівельна техніка та обладнання;Риштування та інші конструкції для ремонтно-будівельних робіт;Риштування;https://prom.ua/ua/Stroitelnye-lesa;133002
Будівництво;Будівельна техніка та обладнання;Риштування та інші конструкції для ремонтно-будівельних робіт;Стропи;https://prom.ua/ua/Stropy;13070702
Будівництво;Будівельні матеріали;Будівельний металопрокат;"Будівельний металопрокат, загальне";https://prom.ua/ua/Metalloprokat-stroitelnyj-obschee;13120601
Будівництво;Будівельні матеріали;Будівельний металопрокат;Металеві листи;https://prom.ua/ua/Listy-stalnye;420818
Будівництво;Будівельні матеріали;Будівельний металопрокат;Металеві смуги;https://prom.ua/ua/Polosa-stalnaya;420811
Будівництво;Будівельні матеріали;"Будівельні матеріали, загальне";;https://prom.ua/ua/Stroitelnye-materialy-obschee;130740
Будівництво;Будівельні матеріали;Будівельні сітки;;https://prom.ua/ua/Setki-stroitelnye;130727
Будівництво;Будівельні матеріали;"В'яжучі матеріали, сухі будівельні суміші";"Будівельна, кормова крейда";https://prom.ua/ua/Mel-stroitelnyj-kormovoj;13070606
Будівництво;Будівельні матеріали;"В'яжучі матеріали, сухі будівельні суміші";Будівельні ремонтні суміші;https://prom.ua/ua/Stroitelnye-remontnye-smesi;13070511
Будівництво;Будівельні матеріали;"В'яжучі матеріали, сухі будівельні суміші";"В'яжучі матеріали, загальне";https://prom.ua/ua/Drugie-vyazhuschie-materialy;13070505
Будівництво;Будівельні матеріали;"В'яжучі матеріали, сухі будівельні суміші";Вапно;https://prom.ua/ua/Izvest;90905
Будівництво;Будівельні матеріали;"В'яжучі матеріали, сухі будівельні суміші";Гіпс;https://prom.ua/ua/Gips;1309
Будівництво;Будівельні матеріали;"В'яжучі матеріали, сухі будівельні суміші";Мурувальні суміші та розчини;https://prom.ua/ua/Kladochnye-smesi;13070509
Будівництво;Будівельні матеріали;"В'яжучі матеріали, сухі будівельні суміші";Пластифікатори і добавки в розчини;https://prom.ua/ua/Dobavki-v-tsementnye-rastvory;13070502
Будівництво;Будівельні матеріали;"В'яжучі матеріали, сухі будівельні суміші";Універсальні будівельні суміші;https://prom.ua/ua/Universalnye-stroitelnye-smesi;13070510
Будівництво;Будівельні матеріали;"В'яжучі матеріали, сухі будівельні суміші";Цемент;https://prom.ua/ua/Tsement;1308
Будівництво;Будівельні матеріали;"В'яжучі матеріали, сухі будівельні суміші";Шпаклівки;https://prom.ua/ua/Shpatlevki;81113
Будівництво;Будівельні матеріали;"В'яжучі матеріали, сухі будівельні суміші";Штукатурка;https://prom.ua/ua/Shtukaturka;13070503
Будівництво;Будівельні матеріали;"В'яжучі матеріали, сухі будівельні суміші";Штукатурні маяки і куточки;https://prom.ua/ua/Ugolki;1340
Будівництво;Будівельні матеріали;Вогнезахисні матеріали;;https://prom.ua/ua/Ognezaschitnye-materialy;130709
Будівництво;Будівельні матеріали;Вогнетривкі та кислототривкі матеріали;;https://prom.ua/ua/Ogneupornye-i-kislotoupornye-materialy;1321
Будівництво;Будівельні матеріали;"Ворота, огорожі, шлагбауми та комплектуючі";Автоматика для воріт;https://prom.ua/ua/Privody-dlya-vorot;13560902
Будівництво;Будівельні матеріали;"Ворота, огорожі, шлагбауми та комплектуючі";Аксесуари для воріт і шлагбаумів;https://prom.ua/ua/Aksessuary-dlya-vorot-i-shagbaumov;13560901
Будівництво;Будівельні матеріали;"Ворота, огорожі, шлагбауми та комплектуючі";Ворота;https://prom.ua/ua/Vorota-1;135602
Будівництво;Будівельні матеріали;"Ворота, огорожі, шлагбауми та комплектуючі";"Ворота, огорожі, шлагбауми та комплектуючі, загальне";https://prom.ua/ua/Drugie-mehanizmy-i-aksessuary-dlya-vorot;13560904
Будівництво;Будівельні матеріали;"Ворота, огорожі, шлагбауми та комплектуючі";Комплектуючі для воріт;https://prom.ua/ua/Komplektuyuschie-dlya-vorot;135611
Будівництво;Будівельні матеріали;"Ворота, огорожі, шлагбауми та комплектуючі";Комплектуючі для парканів;https://prom.ua/ua/Komplektuyuschie-dlya-zaborov;130726
Будівництво;Будівельні матеріали;"Ворота, огорожі, шлагбауми та комплектуючі";Комплектуючі для шлагбаумів;https://prom.ua/ua/Komplektuyuschie-dlya-shlagbaumov;135601
Будівництво;Будівельні матеріали;"Ворота, огорожі, шлагбауми та комплектуючі";Паркани та огорожі;https://prom.ua/ua/Zabory-izgorodi-ogradki;12505
Будівництво;Будівельні матеріали;"Ворота, огорожі, шлагбауми та комплектуючі";Хвіртки;https://prom.ua/ua/Kalitki;135610
Будівництво;Будівельні матеріали;"Ворота, огорожі, шлагбауми та комплектуючі";Шлагбауми;https://prom.ua/ua/Shlagbaumy;135605
Будівництво;Будівельні матеріали;Гідроізоляційні матеріали;Ін'єкційні гідроізоляційні матеріали;https://prom.ua/ua/Inektsionnaya-gidroizolyatsiya;132311
Будівництво;Будівельні матеріали;Гідроізоляційні матеріали;"Гідрофобні просочення, гідрофобізатори";https://prom.ua/ua/Gidrofobizatory;132303
Будівництво;Будівельні матеріали;Гідроізоляційні матеріали;"Гідроізоляційні матеріали, загальне";https://prom.ua/ua/Drugoj-gidroizolyatsionnyj-material;132307
Будівництво;Будівельні матеріали;Гідроізоляційні матеріали;Гідроізоляційні ущільнювачі;https://prom.ua/ua/Gidroizolyatsionnye-uplotniteli;132308
Будівництво;Будівельні матеріали;Гідроізоляційні матеріали;Обмащувальні гідроізоляційні матеріали;https://prom.ua/ua/Obmazochnye-gidroizolyatsionnye-materialy;132309
Будівництво;Будівельні матеріали;Гідроізоляційні матеріали;Рулонні і листові гідроізоляційні матеріали;https://prom.ua/ua/Ruberoid;135014
Будівництво;Будівельні матеріали;Гідроізоляційні матеріали;Сухі гідроізоляційні матеріали;https://prom.ua/ua/Suhie-gidroizolyatsionnye-materialy;132302
Будівництво;Будівельні матеріали;Дорожні матеріали;Бордюрний камінь;https://prom.ua/ua/Bordyurnye-kamni;13121101
Будівництво;Будівельні матеріали;Дорожні матеріали;Бруківка і тротуарна плитка;https://prom.ua/ua/Bruschatka-i-trotuarnaya-plitka;1313
Будівництво;Будівельні матеріали;Дорожні матеріали;Георешітки і габіони;https://prom.ua/ua/Georeshetki;13072902
Будівництво;Будівельні матеріали;Дорожні матеріали;"Дорожні матеріали, загальне";https://prom.ua/ua/Drugie-dorozhnye-materialy;13072901
Будівництво;Будівельні матеріали;Дорожні матеріали;Тактильні плитки та індикатори;https://prom.ua/ua/Taktilnaya-plitka;13072904
Будівництво;Будівельні матеріали;Залізобетонні вироби;"Аеродромні, дорожні, тротуарні плити";https://prom.ua/ua/Plity-zhelezobetonnye-dorozhnye;13070409
Будівництво;Будівельні матеріали;Залізобетонні вироби;"Балконні плити, козирки входу";https://prom.ua/ua/Balkonnye-plity;13070401
Будівництво;Будівельні матеріали;Залізобетонні вироби;Вентиляційні залізобетонні блоки;https://prom.ua/ua/Ventilyatsionnye-bloki-zhelezobetonnye;13070421
Будівництво;Будівельні матеріали;Залізобетонні вироби;Залізобетонні балки;https://prom.ua/ua/Balki-zhelezobetonnye;13070415
Будівництво;Будівельні матеріали;Залізобетонні вироби;"Залізобетонні вироби, загальне";https://prom.ua/ua/Drugie-izdeliya-iz-zhelezobetona-i-betona;13070406
Будівництво;Будівельні матеріали;Залізобетонні вироби;"Залізобетонні кабельні, телефонні колодязі";https://prom.ua/ua/Kolodtsy-kabelnye-telefonnye;13070414
Будівництво;Будівельні матеріали;Залізобетонні вироби;Залізобетонні колони;https://prom.ua/ua/Kolonny-zhelezobetonnye;13070428
Будівництво;Будівельні матеріали;Залізобетонні вироби;Залізобетонні кришки і лотки;https://prom.ua/ua/Lotki-zhelezobetonnye;13070413
Будівництво;Будівельні матеріали;Залізобетонні вироби;"Залізобетонні кільця, кришки і днища";https://prom.ua/ua/Koltsa-dlya-kolodtsev;13240505
Будівництво;Будівельні матеріали;Залізобетонні вироби;Залізобетонні обтяжувачі;https://prom.ua/ua/Zhelezobetonnye-utyazheliteli;13070424
Будівництво;Будівельні матеріали;Залізобетонні вироби;Залізобетонні опори леп;https://prom.ua/ua/Zhelezobetonnye-opory-lep;13070417
Будівництво;Будівельні матеріали;Залізобетонні вироби;Залізобетонні палі;https://prom.ua/ua/Svai;13070408
Будівництво;Будівельні матеріали;Залізобетонні вироби;Залізобетонні перемички;https://prom.ua/ua/Zhelezobetonnye-peremychki;13070412
Будівництво;Будівельні матеріали;Залізобетонні вироби;Залізобетонні прогони;https://prom.ua/ua/Progony-zhelezobetonnye;13070418
Будівництво;Будівельні матеріали;Залізобетонні вироби;Залізобетонні ригелі;https://prom.ua/ua/Rigeli-zhelezobetonnye;13070419
Будівництво;Будівельні матеріали;Залізобетонні вироби;Залізобетонні стовпчики;https://prom.ua/ua/Vinogradnye-stolbiki-zhelezobetonnye;13070416
Будівництво;Будівельні матеріали;Залізобетонні вироби;Залізобетонні фундаменти;https://prom.ua/ua/Fundamentnye-bloki-betonnye;13070402
Будівництво;Будівельні матеріали;Залізобетонні вироби;"Залізобетонні, азбестоцементні труби";https://prom.ua/ua/Truby-zhelezobetonnye;131009
Будівництво;Будівельні матеріали;Залізобетонні вироби;Опорні плити і подушки;https://prom.ua/ua/Opornye-plity-i-podushki;13070420
Будівництво;Будівельні матеріали;Залізобетонні вироби;Плити перекриття;https://prom.ua/ua/Plity-perekrytiya-betonnye;13070403
Будівництво;Будівельні матеріали;Залізобетонні вироби;Портальні стінки;https://prom.ua/ua/Portalnye-stenki;13070429
Будівництво;Будівельні матеріали;Залізобетонні вироби;Теплові камери та комплектуючі до них;https://prom.ua/ua/Teplovye-kamery-i-komplektuyuschie-k-nim;13070426
Будівництво;Будівельні матеріали;Залізобетонні вироби;Фіксатори захисного шару арматури;https://prom.ua/ua/Izdeliya-iz-fibrobetona;13070422
Будівництво;Будівельні матеріали;Звукоізоляційні матеріали;;https://prom.ua/ua/Zvukoizolyatsionnye-materialy;1322
Будівництво;Будівельні матеріали;Натуральний камінь;;https://prom.ua/ua/Granit;131202
Будівництво;Будівельні матеріали;Пиломатеріали;Блок-хаус;https://prom.ua/ua/Blok-haus;131120
Будівництво;Будівельні матеріали;Пиломатеріали;Брус;https://prom.ua/ua/Bruski-i-doski;131101
Будівництво;Будівельні матеріали;Пиломатеріали;Вагонка;https://prom.ua/ua/Vagonka;131102
Будівництво;Будівельні матеріали;Пиломатеріали;Дерев'яні дошки;https://prom.ua/ua/Doski-derevyannye-obreznye-i-neobreznye;131122
Будівництво;Будівельні матеріали;Пиломатеріали;Дерев'яні крокви;https://prom.ua/ua/Stropila-derevyannye;131126
Будівництво;Будівельні матеріали;Пиломатеріали;Дерев'яні рейки;https://prom.ua/ua/Rejki-derevyannye;131123
Будівництво;Будівельні матеріали;Пиломатеріали;"Дерев'яні таври, двотаври";https://prom.ua/ua/Balka-derevyannaya;131119
Будівництво;Будівельні матеріали;Пиломатеріали;Деревна тирса та стружка;https://prom.ua/ua/Drevesnye-opilki-i-struzhka;131125
Будівництво;Будівельні матеріали;Пиломатеріали;Деревно-плитні матеріали;https://prom.ua/ua/Drevesno-plitnye-materialy;131116
Будівництво;Будівельні матеріали;Пиломатеріали;Дрова;https://prom.ua/ua/Drova;131124
Будівництво;Будівельні матеріали;Пиломатеріали;"Ліс-кругляк, колоди";https://prom.ua/ua/Les-kruglyak;131121
Будівництво;Будівельні матеріали;Пиломатеріали;Меблеві щити;https://prom.ua/ua/Mebelnyj-schit;131128
Будівництво;Будівельні матеріали;Пиломатеріали;"Пиломатеріали, загальне";https://prom.ua/ua/Drugie-lesomaterialy-i-stolyarnye-izdeliya;131118
Будівництво;Будівельні матеріали;Пиломатеріали;Планкен;https://prom.ua/ua/Planken;131129
Будівництво;Будівельні матеріали;Пиломатеріали;Шпон;https://prom.ua/ua/Shpon;131106
Будівництво;Будівельні матеріали;Пластикові будівельні матеріали;Комплектуючі для полікарбонату та панелей пвх;https://prom.ua/ua/Komplektuyuschie-dlya-polikarbonata-i-panelej-pvh;131714
Будівництво;Будівельні матеріали;Пластикові будівельні матеріали;Композитна арматура та прути;https://prom.ua/ua/Stekloplastikovaya-armatura;131711
Будівництво;Будівельні матеріали;Пластикові будівельні матеріали;Листові пластикові матеріали;https://prom.ua/ua/Listy-pvh;131701
Будівництво;Будівельні матеріали;Пластикові будівельні матеріали;Панелі та вагонка пвх;https://prom.ua/ua/Paneli-pvh;131702
Будівництво;Будівельні матеріали;Пластикові будівельні матеріали;"Пластикові будівельні матеріали, загальне";https://prom.ua/ua/Drugie-plastikovye-stroitelnye-materialy;131708
Будівництво;Будівельні матеріали;Пластикові будівельні матеріали;Полікарбонати;https://prom.ua/ua/Polikarbonaty;131703
Будівництво;Будівельні матеріали;Покрівельні матеріали;Козирки та навіси;https://prom.ua/ua/Navesy;135004
Будівництво;Будівельні матеріали;Покрівельні матеріали;Комплектуючі для покрівлі;https://prom.ua/ua/Komplektuyuschie-dlya-krovli;135021
Будівництво;Будівельні матеріали;Покрівельні матеріали;Натуральні матеріали для покрівлі та декору;https://prom.ua/ua/Kamyshovye-materialy;135016
Будівництво;Будівельні матеріали;Покрівельні матеріали;"Покрівельні матеріали, загальне";https://prom.ua/ua/Drugie-krovelnye-materialy;135009
Будівництво;Будівельні матеріали;Покрівельні матеріали;Покрівля даху;https://prom.ua/ua/Bitumnaya-cherepitsa;135001
Будівництво;Будівельні матеріали;Покрівельні матеріали;Профільований настил;https://prom.ua/ua/Profili-krovelnye;135003
Будівництво;Будівельні матеріали;Розчини та бетонні суміші;Бетон;https://prom.ua/ua/Beton-1;135201
Будівництво;Будівельні матеріали;Розчини та бетонні суміші;"Розчини та бетонні суміші, загальне";https://prom.ua/ua/Rastvory-i-betonnye-smesi-obschee;135207
Будівництво;Будівельні матеріали;Сипкі матеріали;Асфальт;https://prom.ua/ua/Asfalt;13070602
Будівництво;Будівельні матеріали;Сипкі матеріали;Будівельна глина;https://prom.ua/ua/Glina-stroitelnaya;13070605
Будівництво;Будівельні матеріали;Сипкі матеріали;"Галька, щебінь, гравій";https://prom.ua/ua/Galka-i-scheben;131209
Будівництво;Будівельні матеріали;Сипкі матеріали;"Керамзит, шунгізит";https://prom.ua/ua/Keramzit;13070603
Будівництво;Будівельні матеріали;Сипкі матеріали;Пісок;https://prom.ua/ua/Pesok;1351
Будівництво;Будівельні матеріали;Сипкі матеріали;"Сипкі матеріали, загальне";https://prom.ua/ua/Drugie-sypuchie-materialy;13070604
Будівництво;Будівельні матеріали;Сипкі матеріали;"Ґрунт, земля";https://prom.ua/ua/Grunt;13070601
Будівництво;Будівельні матеріали;Скло та кріплення до нього;Оргскло;https://prom.ua/ua/Orgsteklo;131502
Будівництво;Будівельні матеріали;Скло та кріплення до нього;Системи кріплення для скла та скляних конструкцій;https://prom.ua/ua/Krepyozhnye-sistemy-dlya-stekla-i-steklyannyh-konstruktsij;131503
Будівництво;Будівельні матеріали;Скло та кріплення до нього;Скло;https://prom.ua/ua/Steklo;90903
Будівництво;Будівельні матеріали;Скло та кріплення до нього;"Скло для вітражів, фацетні елементи";https://prom.ua/ua/Steklo-dlya-vitrazhej-fatsetnye-elementy;131501
Будівництво;Будівельні матеріали;Скло та кріплення до нього;"Скло та кріплення до нього, загальне";https://prom.ua/ua/Drugoe-steklo-i-svetoprozrachnyj-plastik;131506
Будівництво;Будівельні матеріали;Скло та кріплення до нього;Склопакети;https://prom.ua/ua/Steklopakety;131505
Будівництво;Будівельні матеріали;Стінові та мурувальні матеріали;Будівельні стінові панелі та перегородки;https://prom.ua/ua/Stenovye-paneli;131405
Будівництво;Будівельні матеріали;Стінові та мурувальні матеріали;Гнучкі зв'язки для мурування;https://prom.ua/ua/Gibkie-svyazi-dlya-kladki;13070213
Будівництво;Будівельні матеріали;Стінові та мурувальні матеріали;Магнезитові плити;https://prom.ua/ua/Magnezitovye-plity;13070209
Будівництво;Будівельні матеріали;Стінові та мурувальні матеріали;Стінові блоки;https://prom.ua/ua/Bloki-stenovye;13070202
Будівництво;Будівельні матеріали;Стінові та мурувальні матеріали;"Стінові та мурувальні матеріали, загальне";https://prom.ua/ua/Stenovye-kladochnye-materialy-obschee;131499
Будівництво;Будівельні матеріали;Стінові та мурувальні матеріали;Цегла;https://prom.ua/ua/Kirpichi;1349
Будівництво;Будівельні матеріали;Сходи та комплектуючі для сходів;Балясини та балюстради;https://prom.ua/ua/Balyasiny-i-balyustrady-betonnye;13070405
Будівництво;Будівельні матеріали;Сходи та комплектуючі для сходів;Комплектуючі для сходів;https://prom.ua/ua/Komplektuyuschie-lestnits;1358
Будівництво;Будівельні матеріали;Сходи та комплектуючі для сходів;Перила та поручні;https://prom.ua/ua/Perila-i-poruchni;1348
Будівництво;Будівельні матеріали;Сходи та комплектуючі для сходів;Протиковзкі накладки;https://prom.ua/ua/Protivoskolzyaschie-nakladki;133005
Будівництво;Будівельні матеріали;Сходи та комплектуючі для сходів;Сходи;https://prom.ua/ua/Lestnitsy;133001
Будівництво;Будівельні матеріали;Сходи та комплектуючі для сходів;Сходи на горище;https://prom.ua/ua/Cherdachnye-lestnitsy;133006
Будівництво;Будівельні матеріали;Сходи та комплектуючі для сходів;"Сходи та комплектуючі для сходів, загальне";https://prom.ua/ua/Lestnitsy-i-komplektuyuschie-dlya-lestnits-obschee;133099
Будівництво;Будівельні матеріали;Сходи та комплектуючі для сходів;Сходинки для сходів;https://prom.ua/ua/Stupeni-lestnits;1359
Будівництво;Будівельні матеріали;Сходи та комплектуючі для сходів;Сходові марші та майданчики;https://prom.ua/ua/Betonnye-lestnichnye-marshi;13070404
Будівництво;Будівельні матеріали;Теплоізоляційні матеріали;Азбестова теплоізоляція;https://prom.ua/ua/Asbestovaya-teploizolyatsiya;133415
Будівництво;Будівельні матеріали;Теплоізоляційні матеріали;Алюмінієвий скотч;https://prom.ua/ua/Skotch-alyuminievyj;133416
Будівництво;Будівельні матеріали;Теплоізоляційні матеріали;"Деревний утеплювач, ековата та камка";https://prom.ua/ua/Ekovata;133417
Будівництво;Будівельні матеріали;Теплоізоляційні матеріали;Керамічні теплоізоляційні матеріали;https://prom.ua/ua/Keramicheskie-teploizolyatsionnye-materialy;146703
Будівництво;Будівельні матеріали;Теплоізоляційні матеріали;Мінеральна вата;https://prom.ua/ua/Vata-mineralnaya;133401
Будівництво;Будівельні матеріали;Теплоізоляційні матеріали;Обмащувальна теплоізоляція;https://prom.ua/ua/Obmazochnaya-teploizolyatsiya;133419
Будівництво;Будівельні матеріали;Теплоізоляційні матеріали;Пакля;https://prom.ua/ua/Paklya;133403
Будівництво;Будівельні матеріали;Теплоізоляційні матеріали;Пароніт;https://prom.ua/ua/Paronit;133404
Будівництво;Будівельні матеріали;Теплоізоляційні матеріали;Пінополіуретанова теплоізоляція;https://prom.ua/ua/Penopoliuretanovaya-teploizolyatsiya;133413
Будівництво;Будівельні матеріали;Теплоізоляційні матеріали;Склотканина;https://prom.ua/ua/Steklovata-steklotkan;133407
Будівництво;Будівельні матеріали;Теплоізоляційні матеріали;Теплоізоляційна фольга;https://prom.ua/ua/Folga-teploizolyatsionnaya;133410
Будівництво;Будівельні матеріали;Теплоізоляційні матеріали;"Теплоізоляційне піноскло, пінобетон";https://prom.ua/ua/Penosteklo;133414
Будівництво;Будівельні матеріали;Теплоізоляційні матеріали;"Теплоізоляційний вермикуліт, перліт";https://prom.ua/ua/Vermikulit-teploizolyatsionnyj;133412
Будівництво;Будівельні матеріали;Теплоізоляційні матеріали;Теплоізоляційний пінопласт;https://prom.ua/ua/Penopolistirol-penoplast;133405
Будівництво;Будівельні матеріали;Теплоізоляційні матеріали;Теплоізоляційний пінополіетилен;https://prom.ua/ua/Penopoliyetilen-ppe;133406
Будівництво;Будівельні матеріали;Теплоізоляційні матеріали;"Теплоізоляційні матеріали, загальне";https://prom.ua/ua/Drugie-teploizolyatsionnye-materialy;133411
Будівництво;Будівельні матеріали;Теплоізоляційні матеріали;Теплоізоляція для труб;https://prom.ua/ua/Teploizolyatsiya-dlya-trub;133409
Будівництво;Будівельні матеріали;Теплоізоляційні матеріали;Технічний войлок;https://prom.ua/ua/Vojlok;133402
Будівництво;Будівельні матеріали;Фасадні матеріали;Облицювальне каміння;https://prom.ua/ua/Oblitsovochnye-kamni;13121102
Будівництво;Будівельні матеріали;Фасадні матеріали;Облицювальні панелі та плити;https://prom.ua/ua/Oblitsovochnye-paneli;13070304
Будівництво;Будівельні матеріали;Фасадні матеріали;Сайдинг та комплектуючі до нього;https://prom.ua/ua/Sajding;131705
Будівництво;Будівельні матеріали;Фасадні матеріали;Системи вентильованих фасадів;https://prom.ua/ua/Sistemy-ventiliruemyh-fasadov;13070306
Будівництво;Будівельні матеріали;Фасадні матеріали;"Фасадні матеріали, загальне";https://prom.ua/ua/Drugie-krovelnye-i-fasadnye-materialy;13070301
Будівництво;Будівельні матеріали;Штучний камінь;;https://prom.ua/ua/Iskusstvennyj-kamen-i-izdeliya-iz-nego;130711
Будівництво;"Будівельні товари, загальне";;;https://prom.ua/ua/Drugie-stroitelnye-tovary;1333
Будівництво;Вентиляційні системи;"Вентиляційне обладнання, загальне";;https://prom.ua/ua/Drugoe-ventilyatsionnoe-oborudovanie;142211
Будівництво;Вентиляційні системи;Вентиляційні парасолі;;https://prom.ua/ua/Zonty-ventilyatsionnye;142215
Будівництво;Вентиляційні системи;Збірники повітря;;https://prom.ua/ua/Vozduhosborniki;142206
Будівництво;Вентиляційні системи;Комплектуючі для систем вентиляції;;https://prom.ua/ua/Komplektuyuschie-dlya-sistem-ventilyatsii;142217
Будівництво;Вентиляційні системи;Обладнання для димовидалення;Димососи;https://prom.ua/ua/Dymososy;142208
Будівництво;Вентиляційні системи;Обладнання для димовидалення;Клапани димовидалення;https://prom.ua/ua/Klapany-dymoudaleniya;133503
Будівництво;Вентиляційні системи;Обладнання для димовидалення;"Обладнання для димовидалення, загальне";https://prom.ua/ua/Oborudovanie-dlya-dymoudaleniya-obschee;14221601
Будівництво;Вентиляційні системи;Повітроводи та комплектуючі;;https://prom.ua/ua/Vozduhovody;142203
Будівництво;Вентиляційні системи;Припливно-витяжні установки;;https://prom.ua/ua/Pritochno-vytyazhnye-ustanovki;142209
Будівництво;Вентиляційні системи;Промислові вентилятори;;https://prom.ua/ua/Ventilyatory-promyshlennye;142201
Будівництво;Вентиляційні системи;Промислові повітродувки;;https://prom.ua/ua/Promyshlennye-vozduhoduvki;142207
Будівництво;Вентиляційні системи;Рекуператори повітря;;https://prom.ua/ua/Rekuperatory-vozduha;142214
Будівництво;Вентиляційні системи;Системи автоматизованого керування вентиляцією;;https://prom.ua/ua/Sistemy-avtomatizirovannogo-upravleniya-ventilyatsiej;142213
Будівництво;Вентиляційні системи;Шумоглушники;;https://prom.ua/ua/Shumoglushiteli;142205
Будівництво;"Водо-, газо-, теплозабезпечення";Автоматичні регулятори;Автоматичні регулятори тиску;https://prom.ua/ua/Avtomaticheskie-regulyatory-davleniya;13240902
Будівництво;"Водо-, газо-, теплозабезпечення";Автоматичні регулятори;"Автоматичні регулятори, загальне";https://prom.ua/ua/Drugie-avtomaticheskie-regulyatory;13240903
Будівництво;"Водо-, газо-, теплозабезпечення";Автоматичні регулятори;Побутові терморегулятори;https://prom.ua/ua/Termoregulyatory;13240901
Будівництво;"Водо-, газо-, теплозабезпечення";Запірна арматура;Вентилі;https://prom.ua/ua/Ventili;13100613
Будівництво;"Водо-, газо-, теплозабезпечення";Запірна арматура;Водоструминні елеватори;https://prom.ua/ua/Elevatory-vodostrujnye;13100641
Будівництво;"Водо-, газо-, теплозабезпечення";Запірна арматура;"Запірна арматура, загальне";https://prom.ua/ua/Zapornaya-armatura-obschee;13100604
Будівництво;"Водо-, газо-, теплозабезпечення";Запірна арматура;Запірні вантузи;https://prom.ua/ua/Vantuzy-zapornye;13100630
Будівництво;"Водо-, газо-, теплозабезпечення";Запірна арматура;Засувки;https://prom.ua/ua/Zadvizhki;13100615
Будівництво;"Водо-, газо-, теплозабезпечення";Запірна арматура;Затвори;https://prom.ua/ua/Zatvory-povorotnye-diskovye;13100631
Будівництво;"Водо-, газо-, теплозабезпечення";Запірна арматура;Клапани;https://prom.ua/ua/Klapany;13100633
Будівництво;"Водо-, газо-, теплозабезпечення";Запірна арматура;Компенсатори;https://prom.ua/ua/Gibkie-vstavki;13100628
Будівництво;"Водо-, газо-, теплозабезпечення";Запірна арматура;Комплектуючі до запірної арматури;https://prom.ua/ua/Komplektuyuschie-k-zapornoj-armature;13100647
Будівництво;"Водо-, газо-, теплозабезпечення";Запірна арматура;Конденсатовідвідники;https://prom.ua/ua/Kondensatootvodchiki;13100637
Будівництво;"Водо-, газо-, теплозабезпечення";Запірна арматура;"Кульові, коркові крани";https://prom.ua/ua/Krany-sharovye;13100606
Будівництво;"Водо-, газо-, теплозабезпечення";Запірна арматура;Повітровідводи;https://prom.ua/ua/Vozduhootvodchiki;13100627
Будівництво;"Водо-, газо-, теплозабезпечення";Запірна арматура;Пристрої покажчика рівня;https://prom.ua/ua/Ustrojstva-ukazatelya-urovnya;13100640
Будівництво;"Водо-, газо-, теплозабезпечення";Запірна арматура;Термостатичні радіаторні клапани;https://prom.ua/ua/Klapana-termostaticheskie-radiatornye;13100626
Будівництво;"Водо-, газо-, теплозабезпечення";Запірна арматура;Фільтри грубої очистки;https://prom.ua/ua/Filtry-gruboj-ochistki;13100629
Будівництво;"Водо-, газо-, теплозабезпечення";Каналізаційне обладнання;"Автономна каналізація, септик";https://prom.ua/ua/Avtonomnaya-kanalizatsiya;110602
Будівництво;"Водо-, газо-, теплозабезпечення";Каналізаційне обладнання;Зливоприймачі;https://prom.ua/ua/Livnepriemniki;13240503
Будівництво;"Водо-, газо-, теплозабезпечення";Каналізаційне обладнання;"Каналізаційне обладнання, загальне";https://prom.ua/ua/Drugoe-kanalizatsionnoe-oborudovanie;13240508
Будівництво;"Водо-, газо-, теплозабезпечення";Каналізаційне обладнання;Каналізаційні люки;https://prom.ua/ua/Lyuki-kanalizatsionnye;13240504
Будівництво;"Водо-, газо-, теплозабезпечення";Каналізаційне обладнання;Полімерні каналізаційні та телекомунікаційні колодязі;https://prom.ua/ua/Kolodtsy-kanalizatsionnye-i-telekommunikatsionnye;13240511
Будівництво;"Водо-, газо-, теплозабезпечення";Каналізаційне обладнання;Системи водовідведення та комплектуючі;https://prom.ua/ua/Sistemy-vodootvoda;13240501
Будівництво;"Водо-, газо-, теплозабезпечення";"Лічильники для водо-, газо-, теплозабезпечення (побутові)";Комплектуючі для лічильників (побутові);https://prom.ua/ua/Komplektuyuschie-dlya-schyotchikov;13241502
Будівництво;"Водо-, газо-, теплозабезпечення";"Лічильники для водо-, газо-, теплозабезпечення (побутові)";Лічильники води;https://prom.ua/ua/Schetchiki-vody;15370405
Будівництво;"Водо-, газо-, теплозабезпечення";"Лічильники для водо-, газо-, теплозабезпечення (побутові)";Лічильники газу;https://prom.ua/ua/Schetchiki-gaza;15370404
Будівництво;"Водо-, газо-, теплозабезпечення";"Лічильники для водо-, газо-, теплозабезпечення (побутові)";"Лічильники для водо-, газо-, теплозабезпечення (побутові), загальне";https://prom.ua/ua/Schetchiki-dlya-vodo-gazo-teploobespecheniya-bytovye-obschee;13241501
Будівництво;"Водо-, газо-, теплозабезпечення";"Лічильники для водо-, газо-, теплозабезпечення (побутові)";Теплолічильники;https://prom.ua/ua/Teploschetchiki;153723
Будівництво;"Водо-, газо-, теплозабезпечення";"Обладнання для водо-, газо-, теплозабезпечення, загальне";;https://prom.ua/ua/Drugoe-vodo-gazo-teploobespechenie;132408
Будівництво;"Водо-, газо-, теплозабезпечення";Обладнання для газопостачання;"Електромагнітні клапани для води, газу";https://prom.ua/ua/Elektromagnitnye-klapany-dlya-gaza;13240606
Будівництво;"Водо-, газо-, теплозабезпечення";Обладнання для газопостачання;"Обладнання для газопостачання, загальне";https://prom.ua/ua/Drugok-oborudovanie-gazosnabzheniya;13240605
Будівництво;"Водо-, газо-, теплозабезпечення";Обладнання для газопостачання;Побутові газові балони;https://prom.ua/ua/Bytovye-gazovye-ballony;13240607
Будівництво;"Водо-, газо-, теплозабезпечення";Обладнання для газопостачання;Побутові газові фільтри;https://prom.ua/ua/Filtry-gazovye;13240601
Будівництво;"Водо-, газо-, теплозабезпечення";Обладнання для очисних споруд;;https://prom.ua/ua/Oborudovanie-dlya-ochistnyh-sooruzhenij;132407
Будівництво;"Водо-, газо-, теплозабезпечення";Опалювальне обладнання;Групи безпеки;https://prom.ua/ua/Gruppy-bezopasnosti;13240130
Будівництво;"Водо-, газо-, теплозабезпечення";Опалювальне обладнання;Гідравлічні стрілки;https://prom.ua/ua/Gidravlicheskie-strelki;13240129
Будівництво;"Водо-, газо-, теплозабезпечення";Опалювальне обладнання;Калорифери;https://prom.ua/ua/Kalorifery;142204
Будівництво;"Водо-, газо-, теплозабезпечення";Опалювальне обладнання;Комплектуючі для опалювального обладнання;https://prom.ua/ua/Komplektuyuschie-dlya-otopitelnoe-oborudovanie;13240122
Будівництво;"Водо-, газо-, теплозабезпечення";Опалювальне обладнання;Котельні топки;https://prom.ua/ua/Kotelnye-topki;13240304
Будівництво;"Водо-, газо-, теплозабезпечення";Опалювальне обладнання;Нагрівальні кабелі та мати;https://prom.ua/ua/Nagrevatelnye-kabeli;132410
Будівництво;"Водо-, газо-, теплозабезпечення";Опалювальне обладнання;Насосні групи;https://prom.ua/ua/Nasosnye-gruppy;13240131
Будівництво;"Водо-, газо-, теплозабезпечення";Опалювальне обладнання;"Опалювальне обладнання, загальне";https://prom.ua/ua/Drugoe-otopitelnoe-oborudovanie;13240110
Будівництво;"Водо-, газо-, теплозабезпечення";Опалювальне обладнання;Пальники;https://prom.ua/ua/Gorelki;13240116
Будівництво;"Водо-, газо-, теплозабезпечення";Опалювальне обладнання;Системи антизледеніння та сніготанення;https://prom.ua/ua/Sistemy-antiobledeneniya-i-snegotayaniya;135015
Будівництво;"Водо-, газо-, теплозабезпечення";Опалювальне обладнання;Транспортабельні (блочно-модульні) котельні установки;https://prom.ua/ua/Transportabelnye-blochno-modulnye-kotelnye-ustanovki;13240103
Будівництво;"Водо-, газо-, теплозабезпечення";Труби;Гофровані нержавіючі труби;https://prom.ua/ua/Gofrirovannye-nerzhaveyuschie-truby;131024
Будівництво;"Водо-, газо-, теплозабезпечення";Труби;Композитні труби;https://prom.ua/ua/Kompozitnye-truby;131002
Будівництво;"Водо-, газо-, теплозабезпечення";Труби;Металопластикові труби;https://prom.ua/ua/Metalloplastikovye-truby;131012
Будівництво;"Водо-, газо-, теплозабезпечення";Труби;Теплогідроізольовані труби;https://prom.ua/ua/Truby-teplogidroizolirovannye-i-elementy-teplovyh-setej;131013
Будівництво;"Водо-, газо-, теплозабезпечення";Труби;Труби з полівінілхлориду;https://prom.ua/ua/Truby-iz-polivinilhlorida;131018
Будівництво;"Водо-, газо-, теплозабезпечення";Труби;Труби з поліетилену;https://prom.ua/ua/Truby-iz-polietilena;131020
Будівництво;"Водо-, газо-, теплозабезпечення";Труби;Труби з поліпропілену;https://prom.ua/ua/Truby-iz-polipropilena;131019
Будівництво;"Водо-, газо-, теплозабезпечення";Труби;"Труби, загальне";https://prom.ua/ua/Drugie-truby;131099
Будівництво;"Водо-, газо-, теплозабезпечення";Фітинги для труб;Втулки під фланець;https://prom.ua/ua/Vtulki-pod-flanets-polietilenovye;13100623
Будівництво;"Водо-, газо-, теплозабезпечення";Фітинги для труб;"Відводи, обходи";https://prom.ua/ua/Otvody;13100603
Будівництво;"Водо-, газо-, теплозабезпечення";Фітинги для труб;З'єднання «американка»;https://prom.ua/ua/Soedinenie-amerikanka;13100648
Будівництво;"Водо-, газо-, теплозабезпечення";Фітинги для труб;Заглушки;https://prom.ua/ua/Zaglushki;13100602
Будівництво;"Водо-, газо-, теплозабезпечення";Фітинги для труб;Згони;https://prom.ua/ua/Sgony;13100624
Будівництво;"Водо-, газо-, теплозабезпечення";Фітинги для труб;Компенсаційні петлі та патрубки;https://prom.ua/ua/Kompensatsionnye-petli;13100650
Будівництво;"Водо-, газо-, теплозабезпечення";Фітинги для труб;Контргайки;https://prom.ua/ua/Kontrgajki;13100646
Будівництво;"Водо-, газо-, теплозабезпечення";Фітинги для труб;Косинці для труб;https://prom.ua/ua/Ugolniki-dlya-trub;13100601
Будівництво;"Водо-, газо-, теплозабезпечення";Фітинги для труб;"Муфти для труб, монтажні гільзи";https://prom.ua/ua/Mufty;13100610
Будівництво;"Водо-, газо-, теплозабезпечення";Фітинги для труб;Ніпелі;https://prom.ua/ua/Nippeli;13100625
Будівництво;"Водо-, газо-, теплозабезпечення";Фітинги для труб;Опори для труб;https://prom.ua/ua/Skolzyaschie-opory;13100622
Будівництво;"Водо-, газо-, теплозабезпечення";Фітинги для труб;Перехідники;https://prom.ua/ua/Perehodniki;13100607
Будівництво;"Водо-, газо-, теплозабезпечення";Фітинги для труб;Подовжувачі для труб;https://prom.ua/ua/Udliniteli-dlya-trub;13100645
Будівництво;"Водо-, газо-, теплозабезпечення";Фітинги для труб;Ревізії для труб;https://prom.ua/ua/Revizii-dlya-trub;13100651
Будівництво;"Водо-, газо-, теплозабезпечення";Фітинги для труб;Сіделки для труб;https://prom.ua/ua/Sedelki-dlya-trub;13100643
Будівництво;"Водо-, газо-, теплозабезпечення";Фітинги для труб;Трійники;https://prom.ua/ua/Trojnik;13100611
Будівництво;"Водо-, газо-, теплозабезпечення";Фітинги для труб;Фланці;https://prom.ua/ua/Flantsy;13100608
Будівництво;"Водо-, газо-, теплозабезпечення";Фітинги для труб;"Фітинги для труб, загальне";https://prom.ua/ua/Drugoj-fiting-dlya-trub;13100609
Будівництво;"Водо-, газо-, теплозабезпечення";Фітинги для труб;Хрестовини;https://prom.ua/ua/Krestovina;13100642
Будівництво;"Водо-, газо-, теплозабезпечення";Фітинги для труб;Штуцери для труб;https://prom.ua/ua/Shtutsery-dlya-trub;13100644
Будівництво;Оздоблювальні матеріали;Лакофарбові будівельні матеріали;Будівельні фарби;https://prom.ua/ua/Kraski-stroitelnye-universalnye;13071002
Будівництво;Оздоблювальні матеріали;Лакофарбові будівельні матеріали;Декоративні покриття;https://prom.ua/ua/Dekorativnye-pokrytiya;13073606
Будівництво;Оздоблювальні матеріали;Лакофарбові будівельні матеріали;Емалі;https://prom.ua/ua/Emali-1;13073604
Будівництво;Оздоблювальні матеріали;Лакофарбові будівельні матеріали;Затверджувач;https://prom.ua/ua/Otverditel;13073605
Будівництво;Оздоблювальні матеріали;Лакофарбові будівельні матеріали;Колери;https://prom.ua/ua/Pigmenty-tonery;13071007
Будівництво;Оздоблювальні матеріали;Лакофарбові будівельні матеріали;Лаки;https://prom.ua/ua/Laki;81106
Будівництво;Оздоблювальні матеріали;Лакофарбові будівельні матеріали;"Лакофарбові будівельні матеріали, загальне";https://prom.ua/ua/Lakokrasochnye-stroitelnye-materialy-obschee;13073602
Будівництво;Оздоблювальні матеріали;Лакофарбові будівельні матеріали;"Покриття на основі олій, воску для дерев'яних виробів";https://prom.ua/ua/Maslo-dlya-dereva-i-derevyannyh-izdelij;13073603
Будівництво;Оздоблювальні матеріали;Лакофарбові будівельні матеріали;"Розчинники, очисники";https://prom.ua/ua/Razbaviteli-rastvoriteli-ochistiteli;81114
Будівництво;Оздоблювальні матеріали;Лакофарбові будівельні матеріали;Ґрунтовки;https://prom.ua/ua/Gruntovki-zaschitnye-pokrytiya;81112
Будівництво;Оздоблювальні матеріали;Матеріали для гіпсокартонних робіт;Гіпсокартон;https://prom.ua/ua/Gipsokarton;131403
Будівництво;Оздоблювальні матеріали;Матеріали для гіпсокартонних робіт;Гіпсокартонний профіль;https://prom.ua/ua/Profil-gipsokartonnyj;13260702
Будівництво;Оздоблювальні матеріали;Матеріали для гіпсокартонних робіт;Комплектуючі для гіпсокартону;https://prom.ua/ua/Komplektuyuschie-dlya-gipsokartona;13260703
Будівництво;Оздоблювальні матеріали;Матеріали для гіпсокартонних робіт;"Матеріали для гіпсокартонних робіт, загальне";https://prom.ua/ua/Materialy-dlya-gipsokartonnyh-rabot-obschee;13260701
Будівництво;Оздоблювальні матеріали;"Оздоблювальні матеріали, загальне";;https://prom.ua/ua/Drugie-otdelochnye-materialy;13070104
"Вантажівки, автобуси, спецтехніка";"Автобуси, мікроавтобуси";Автобуси;;https://prom.ua/ua/Avtobusy-trollejbusy;3409
"Вантажівки, автобуси, спецтехніка";"Автобуси, мікроавтобуси";"Комерційні автомобілі і мікроавтобуси, загальне";;https://prom.ua/ua/Drugie-kommercheskie-avtomobili-i-mikroavtobusy;340104
"Вантажівки, автобуси, спецтехніка";"Автобуси, мікроавтобуси";Мікроавтобуси;;https://prom.ua/ua/Mikroavtobusy;340102
"Вантажівки, автобуси, спецтехніка";"Автобуси, мікроавтобуси";"Мініфургони, мінівени";;https://prom.ua/ua/Minifurgony;340101
"Вантажівки, автобуси, спецтехніка";"Автобуси, спецтехніка, загальне";;;https://prom.ua/ua/Drugaya-avto-moto-velotehnika;3402
"Вантажівки, автобуси, спецтехніка";Автозапчастини та комплектуючі;"Автозапчастини та комплектуючі, загальне";;https://prom.ua/ua/Komplektuyuschie-dlya-gruzovyh-avtomobilej;1223
"Вантажівки, автобуси, спецтехніка";Автозапчастини та комплектуючі;Автомобільне рефрижераторне обладнання;;https://prom.ua/ua/Avtomobilnoe-refrizheratornoe-oborudovanie;340105
"Вантажівки, автобуси, спецтехніка";Автозапчастини та комплектуючі;Автомобільні гідравлічні компоненти;;https://prom.ua/ua/Avtomobilnye-gidravlicheskie-komponenty;341636
"Вантажівки, автобуси, спецтехніка";Автозапчастини та комплектуючі;Гідроциліндри;;https://prom.ua/ua/Gidrotsilindry;341619
"Вантажівки, автобуси, спецтехніка";Автозапчастини та комплектуючі;Деталі пневмосистеми вантажних автомобілів;;https://prom.ua/ua/Detali-pnevmosistemy-gruzovyh-avtomobilej;341634
"Вантажівки, автобуси, спецтехніка";Автозапчастини та комплектуючі;Електрообладнання для вантажних автомобілів;;https://prom.ua/ua/Elektrooborudovanie-dlya-gruzovyh-avtomobilej;342218
"Вантажівки, автобуси, спецтехніка";Автозапчастини та комплектуючі;"Запчастини для барових, грунторізних машин";;https://prom.ua/ua/Zapchasti-dlya-barovyh-gruntoreznyh-mashin;341635
"Вантажівки, автобуси, спецтехніка";Автозапчастини та комплектуючі;Запчастини для землерийної спецтехніки;Запасні частини до бульдозерів;https://prom.ua/ua/Zapasnye-chasti-k-buldozeram;341512
"Вантажівки, автобуси, спецтехніка";Автозапчастини та комплектуючі;Запчастини для землерийної спецтехніки;Запасні частини до екскаваторів;https://prom.ua/ua/Zapasnye-chasti-k-ekskavatoram;341513
"Вантажівки, автобуси, спецтехніка";Автозапчастини та комплектуючі;Запчастини для землерийної спецтехніки;"Запчастини для землерийної спецтехніки, загальне";https://prom.ua/ua/Drugie-zapchasti-dlya-zemlerojnoj-spetstehniki;341514
"Вантажівки, автобуси, спецтехніка";Автозапчастини та комплектуючі;"Запчастини до автобусів, тролейбусів";;https://prom.ua/ua/Zapchasti-dlya-avtobusov;340905
"Вантажівки, автобуси, спецтехніка";Автозапчастини та комплектуючі;"Запчастини до автотракторної, сільськогосподарської спецтехніки";Відвали;https://prom.ua/ua/Otvaly;341542
"Вантажівки, автобуси, спецтехніка";Автозапчастини та комплектуючі;"Запчастини до автотракторної, сільськогосподарської спецтехніки";Гусениці для техніки;https://prom.ua/ua/Gusenitsy-dlya-tehniki;341538
"Вантажівки, автобуси, спецтехніка";Автозапчастини та комплектуючі;"Запчастини до автотракторної, сільськогосподарської спецтехніки";Диски на борони;https://prom.ua/ua/Diski-na-borony;341541
"Вантажівки, автобуси, спецтехніка";Автозапчастини та комплектуючі;"Запчастини до автотракторної, сільськогосподарської спецтехніки";Диски сошників;https://prom.ua/ua/Diski-soshnikov;341641
"Вантажівки, автобуси, спецтехніка";Автозапчастини та комплектуючі;"Запчастини до автотракторної, сільськогосподарської спецтехніки";Долото до сільгосптехніки;https://prom.ua/ua/Doloto-k-selhoztehniki;341560
"Вантажівки, автобуси, спецтехніка";Автозапчастини та комплектуючі;"Запчастини до автотракторної, сільськогосподарської спецтехніки";"Запасні частини до автотракторної, сільськогосподарської спецтехніки, загальне";https://prom.ua/ua/Drugie-zapasnye-chasti-k-avtotraktornoj-selskohozyajstvennoj-spetstehnike;341506
"Вантажівки, автобуси, спецтехніка";Автозапчастини та комплектуючі;"Запчастини до автотракторної, сільськогосподарської спецтехніки";Запасні частини до комбайнів;https://prom.ua/ua/Zapasnye-chasti-k-kombajnam;341510
"Вантажівки, автобуси, спецтехніка";Автозапчастини та комплектуючі;"Запчастини до автотракторної, сільськогосподарської спецтехніки";Запасні частини до тракторів;https://prom.ua/ua/Zapasnye-chasti-k-traktoram;341511
"Вантажівки, автобуси, спецтехніка";Автозапчастини та комплектуючі;"Запчастини до автотракторної, сільськогосподарської спецтехніки";Комплектуючі для сільськогосподарської техніки;https://prom.ua/ua/Komplektuyuschie-dlya-selskohozyajstvennoj-tehniki;12803
"Вантажівки, автобуси, спецтехніка";Автозапчастини та комплектуючі;"Запчастини до автотракторної, сільськогосподарської спецтехніки";Культиваторні лапи;https://prom.ua/ua/Kultivatornye-lapy;341640
"Вантажівки, автобуси, спецтехніка";Автозапчастини та комплектуючі;"Запчастини до автотракторної, сільськогосподарської спецтехніки";Культиваторні стійки;https://prom.ua/ua/Kultivatornye-stojki;341639
"Вантажівки, автобуси, спецтехніка";Автозапчастини та комплектуючі;"Запчастини до автотракторної, сільськогосподарської спецтехніки";Ланцюги для сільгосптехніки;https://prom.ua/ua/Tsepi-dlya-selhoztehniki;341545
"Вантажівки, автобуси, спецтехніка";Автозапчастини та комплектуючі;"Запчастини до автотракторної, сільськогосподарської спецтехніки";Лемехи плуга;https://prom.ua/ua/Lemehi-pluga;341544
"Вантажівки, автобуси, спецтехніка";Автозапчастини та комплектуючі;"Запчастини до автотракторної, сільськогосподарської спецтехніки";Ножі до сільгосптехніки;https://prom.ua/ua/Nozhi-k-selhoztehnike;341563
"Вантажівки, автобуси, спецтехніка";Автозапчастини та комплектуючі;"Запчастини до автотракторної, сільськогосподарської спецтехніки";Польові дошки до сільгосптехніки;https://prom.ua/ua/Polevye-doski-k-selhoztehniki;341558
"Вантажівки, автобуси, спецтехніка";Автозапчастини та комплектуючі;"Запчастини до автотракторної, сільськогосподарської спецтехніки";Пружини для сільгосптехніки;https://prom.ua/ua/Pruzhiny-dlya-selhoztehniki;341546
"Вантажівки, автобуси, спецтехніка";Автозапчастини та комплектуючі;"Запчастини до автотракторної, сільськогосподарської спецтехніки";Ремкомплекти гідроциліндрів;https://prom.ua/ua/Remkomplekty-gidrotsilindrov;341543
"Вантажівки, автобуси, спецтехніка";Автозапчастини та комплектуючі;"Запчастини до автотракторної, сільськогосподарської спецтехніки";Розпилювачі;https://prom.ua/ua/Raspyliteli;341504
"Вантажівки, автобуси, спецтехніка";Автозапчастини та комплектуючі;"Запчастини до автотракторної, сільськогосподарської спецтехніки";Шестерні та зірочки для сільгосптехніки;https://prom.ua/ua/Shesterni-i-zvezdochki-dlya-selhoztehniki;341555
"Вантажівки, автобуси, спецтехніка";Автозапчастини та комплектуючі;Запчастини до вантажопідйомної спецтехніки;Бортові ваги;https://prom.ua/ua/Bortovye-vesy;341582
"Вантажівки, автобуси, спецтехніка";Автозапчастини та комплектуючі;Запчастини до вантажопідйомної спецтехніки;Електромагніти;https://prom.ua/ua/Elektromagnity;508
"Вантажівки, автобуси, спецтехніка";Автозапчастини та комплектуючі;Запчастини до вантажопідйомної спецтехніки;Запасні частини до іншої вантажопідйомної спецтехніки;https://prom.ua/ua/Zapasnye-chasti-k-drugoj-gruzopodemnoj-spetstehnike;341519
"Вантажівки, автобуси, спецтехніка";Автозапчастини та комплектуючі;Запчастини до вантажопідйомної спецтехніки;Запасні частини та комплектуючі до навантажувачів;https://prom.ua/ua/Zapasnye-chasti-i-komplektuyuschie-k-pogruzchikam;341515
"Вантажівки, автобуси, спецтехніка";Автозапчастини та комплектуючі;Запчастини до дорожньо-будівельної спецтехніки;;https://prom.ua/ua/Zapasnye-chasti-dlya-dorozhno-stroitelnoj-spetstehniki;341518
"Вантажівки, автобуси, спецтехніка";Автозапчастини та комплектуючі;Запчастини до комунально-прибиральної техніки;;https://prom.ua/ua/Zapchasti-k-kommunalno-uborochnoj-tehnike;341620
"Вантажівки, автобуси, спецтехніка";Автозапчастини та комплектуючі;Комплектуючі для спецтехніки;;https://prom.ua/ua/Komplektuyuschie-dlya-spetstehniki;341637
"Вантажівки, автобуси, спецтехніка";Автозапчастини та комплектуючі;"Кузова, кабіни, рами";Бампери для вантажних автомобілів;https://prom.ua/ua/Bampera-dlya-gruzovyh-avtomobilej;342209
"Вантажівки, автобуси, спецтехніка";Автозапчастини та комплектуючі;"Кузова, кабіни, рами";Вантажні решітки на бампери і радіатори;https://prom.ua/ua/Gruzovye-reshetki-na-bampera-i-radiatory;342212
"Вантажівки, автобуси, спецтехніка";Автозапчастини та комплектуючі;"Кузова, кабіни, рами";Кабіни та рами для вантажних автомобілів;https://prom.ua/ua/Kabiny-i-ramy-dlya-gruzovyh-avtomobilej;342201
"Вантажівки, автобуси, спецтехніка";Автозапчастини та комплектуючі;"Кузова, кабіни, рами";"Крила, підкрилки, накладки крил для вантажних автомобілів";https://prom.ua/ua/Krylya-podkrylki-nakladki-krylev-dlya-gruzovyh-avtomobilej;342211
"Вантажівки, автобуси, спецтехніка";Автозапчастини та комплектуючі;"Кузова, кабіни, рами";Кронштейни вантажних автомобілів;https://prom.ua/ua/Kronshtejny-gruzovyh-avtomobilej;342214
"Вантажівки, автобуси, спецтехніка";Автозапчастини та комплектуючі;"Кузова, кабіни, рами";Кузова вантажних автомобілів;https://prom.ua/ua/Kuzova-gruzovyh-avtomobilej-;341628
"Вантажівки, автобуси, спецтехніка";Автозапчастини та комплектуючі;"Кузова, кабіни, рами";"Кузова, кабіни, рами, загальне";https://prom.ua/ua/Kuzova-kabiny-ramy-obschee;341615
"Вантажівки, автобуси, спецтехніка";Автозапчастини та комплектуючі;"Кузова, кабіни, рами";Кути бампера для вантажних автомобілів;https://prom.ua/ua/Ugly-bampera-dlya-gruzovyh-avtomobilej;342213
"Вантажівки, автобуси, спецтехніка";Автозапчастини та комплектуючі;"Кузова, кабіни, рами";Кутові панелі кабін;https://prom.ua/ua/Uglovye-paneli-kabin;342208
"Вантажівки, автобуси, спецтехніка";Автозапчастини та комплектуючі;"Кузова, кабіни, рами";Механізми підйому кабіни;https://prom.ua/ua/Mehanizmy-podema-kabiny;342202
"Вантажівки, автобуси, спецтехніка";Автозапчастини та комплектуючі;"Кузова, кабіни, рами";"Підніжки, накладки на підніжки до вантажних автомобілів";https://prom.ua/ua/Podnozhki-nakladki-na-podnozhki;342210
"Вантажівки, автобуси, спецтехніка";Вантажні автомобілі;"Вантажні автомобілі, загальне";;https://prom.ua/ua/Drugie-gruzovye-avtomobili;34010306
"Вантажівки, автобуси, спецтехніка";Вантажні автомобілі;Вантажівки з відкритим кузовом;;https://prom.ua/ua/Samosvaly;34010302
"Вантажівки, автобуси, спецтехніка";Вантажні автомобілі;Вантажівки з закритим кузовом;;https://prom.ua/ua/Gruzoviki-s-zakrytym-kuzovom;340112
"Вантажівки, автобуси, спецтехніка";Вантажні автомобілі;Вантажівки-цистерни;;https://prom.ua/ua/Avtotsisterny;34010304
"Вантажівки, автобуси, спецтехніка";Вантажні автомобілі;Спеціальні вантажівки;Автокрани;https://prom.ua/ua/Avtokrany-i-avtovyshki;13040201
"Вантажівки, автобуси, спецтехніка";Вантажні автомобілі;Спеціальні вантажівки;Спеціальні вантажні автомобілі;https://prom.ua/ua/Spetsialnye-gruzovye-avtomobili;34010303
"Вантажівки, автобуси, спецтехніка";Вантажні автомобілі;Спеціальні вантажівки;"Спеціальні вантажівки, загальне";https://prom.ua/ua/Spetsialnye-gruzoviki-obschee;340111
"Вантажівки, автобуси, спецтехніка";Вантажні автомобілі;Тягачі;;https://prom.ua/ua/Tyagachi;34010301
"Вантажівки, автобуси, спецтехніка";Гольф кари;;;https://prom.ua/ua/Golf-kary-i-elektro-kary;3427
"Вантажівки, автобуси, спецтехніка";Комунально-прибиральна техніка;;;https://prom.ua/ua/Navesnye-uborochno-podmetalnye-schetki;341707
"Вантажівки, автобуси, спецтехніка";Причепи та напівпричепи;Комплектуючі та аксесуари для причепів;;https://prom.ua/ua/Komplektuyuschie-i-aksessuary-dlya-pritsepov;3425
"Вантажівки, автобуси, спецтехніка";Причепи та напівпричепи;Причепи та напівпричепи;;https://prom.ua/ua/Gruzovye-trejlery;1224
"Вантажівки, автобуси, спецтехніка";Причепи та напівпричепи;"Причепи та напівпричепи, загальне";;https://prom.ua/ua/Pritsepy-i-polupritsepy-obschee;341301
"Вантажівки, автобуси, спецтехніка";Спецтехніка;"Спецтехніка, загальне";;https://prom.ua/ua/Spetstehnika-obschee;342801
Весільні товари;Вбрання та аксесуари для нареченого;"Вбрання та аксесуари для нареченого, загальне";;https://prom.ua/ua/Naryady-i-aksessuary-dlya-zheniha-obschee;281815
Весільні товари;Вбрання та аксесуари для нареченої;Аксесуари для нареченої;;https://prom.ua/ua/Svadebnye-perchatki;32001
Весільні товари;Вбрання та аксесуари для нареченої;"Вбрання та аксесуари для нареченої, загальне";;https://prom.ua/ua/Naryady-i-aksessuary-dlya-nevest-obschee;3600104
Весільні товари;Вбрання та аксесуари для нареченої;Весільна фата;;https://prom.ua/ua/Svadebnye-fata;32002
Весільні товари;Вбрання та аксесуари для нареченої;Весільні сукні;;https://prom.ua/ua/Svadebnye-platya;32005
Весільні товари;Вбрання та аксесуари для нареченої;Жіноче весільне взуття;;https://prom.ua/ua/Zhenskaya-svadebnaya-obuv;281810
Весільні товари;Весільні аксесуари;Аксесуари для весільних конкурсів;;https://prom.ua/ua/Aksessuary-dlya-svadebnyh-konkursov;3200609
Весільні товари;Весільні аксесуари;Бонбоньєрки;;https://prom.ua/ua/Bonbonerki;1754
Весільні товари;Весільні аксесуари;"Весільні аксесуари, загальне";;https://prom.ua/ua/Svadebnye-aksessuary-obschee;3200603
Весільні товари;Весільні аксесуари;Весільні альбоми;;https://prom.ua/ua/Albomy-svadebnye;281807
Весільні товари;Весільні аксесуари;Весільні букети та бутоньєрки;;https://prom.ua/ua/Svadebnye-bukety-i-butonerki;281803
Весільні товари;Весільні аксесуари;Весільні запрошення та розсаджувальні картки;;https://prom.ua/ua/Svadebnye-otkrytki-i-priglasheniya;281801
Весільні товари;Весільні аксесуари;Весільні келихи;;https://prom.ua/ua/Svadebnye-bokaly;281804
Весільні товари;Весільні аксесуари;Весільні коробки для грошей;;https://prom.ua/ua/Svadebnye-korobki-dlya-deneg;3200606
Весільні товари;Весільні аксесуари;Весільні кошики та сита;;https://prom.ua/ua/Svadebnye-korzinki;3200605
Весільні товари;Весільні аксесуари;Весільні рушники;;https://prom.ua/ua/Rushniki-svadebnye;281808
Весільні товари;Весільні аксесуари;Весільні сувеніри;;https://prom.ua/ua/Svadebnye-podarki-i-suveniry;281809
Весільні товари;Весільні аксесуари;Набори весільних аксесуарів;;https://prom.ua/ua/Nabory-svadebnyh-aksessuarov;3200608
Весільні товари;Весільні аксесуари;Подушечки для обручок;;https://prom.ua/ua/Podushechki-dlya-kolets;3200601
Весільні товари;Весільні аксесуари;Фігурки для весільних тортів;;https://prom.ua/ua/Figurki-dlya-svadebnyh-tortov;3200607
Весільні товари;Весільні арки;;;https://prom.ua/ua/Svadebnye-arki;281805
Весільні товари;"Весільні товари, загальне";;;https://prom.ua/ua/Drugie-svadebnye-tovary;281802
Весільні товари;Об'ємні літери та весільні декорації;;;https://prom.ua/ua/Obemnye-bukvy-dlya-fotosessii-i-dekora;281813
Весільні товари;Обручки;;;https://prom.ua/ua/Obruchalnye-koltsa;150901
Весільні товари;Прикраси для весільних машин;;;https://prom.ua/ua/Ukrasheniya-dlya-svadebnyh-mashin;281812
"Вироби з металу, пластику, гуми";"Вироби з металу, пластику, гуми, загальне";;;https://prom.ua/ua/Drugie-metallicheskie-izdeliya;4299
"Вироби з металу, пластику, гуми";Вироби з пластику;"Вироби з пластику, загальне";;https://prom.ua/ua/Drugie-izdeliya-iz-plastika;800599
"Вироби з металу, пластику, гуми";Вироби з пластику;Пластикові захисні спіралі для рукавів високого тиску;;https://prom.ua/ua/Plastikovye-zaschitnye-spirali-dlya-rukavov-vysokogo-davleniya;800514
"Вироби з металу, пластику, гуми";Вироби з пластику;Пластикові покриття;;https://prom.ua/ua/Plastikovye-pokrytiya;800508
"Вироби з металу, пластику, гуми";Вироби з пластику;"Пластикові трубки, шланги";;https://prom.ua/ua/Plastikovye-trubki-shlangi;800510
"Вироби з металу, пластику, гуми";Гумові вироби;"Гумові вироби, загальне";;https://prom.ua/ua/Drugie-rezinovye-izdeliya;801299
"Вироби з металу, пластику, гуми";Гумові вироби;Гумові шланги;;https://prom.ua/ua/Rezinovye-shlangi;801209
"Вироби з металу, пластику, гуми";Гумотехнічні вироби;Брудознімачі гумові;;https://prom.ua/ua/Gryazesemniki-rezinovye;801212
"Вироби з металу, пластику, гуми";Гумотехнічні вироби;"Гумовотехнічні вироби, загальне";;https://prom.ua/ua/Uplotniteli-rezinovye;801215
"Вироби з металу, пластику, гуми";Гумотехнічні вироби;Гумові втулки;;https://prom.ua/ua/Rezinovye-vtulki;801213
"Вироби з металу, пластику, гуми";Гумотехнічні вироби;Гумові ремені;;https://prom.ua/ua/Rezinovye-remni;801207
"Вироби з металу, пластику, гуми";Гумотехнічні вироби;Гумові технічні пластини;;https://prom.ua/ua/Rezinovye-tehnicheskie-plastiny;80814
"Вироби з металу, пластику, гуми";Гумотехнічні вироби;Гумові шнури;;https://prom.ua/ua/Rezinovye-shnury;801210
"Вироби з металу, пластику, гуми";Гумотехнічні вироби;Кільця гумові;;https://prom.ua/ua/Koltsa-rezinovye;801214
"Вироби з металу, пластику, гуми";Гумотехнічні вироби;Манжети гумові;;https://prom.ua/ua/Manzhety-rezinovye;801211
"Вироби з металу, пластику, гуми";Гумотехнічні вироби;Прокладки гумові;;https://prom.ua/ua/Prokladki-rezinovye;801216
"Вироби з металу, пластику, гуми";"Кування, литво, відливка";Художня ковка;Ковані декоративні вироби;https://prom.ua/ua/Kovanye-dekorativnye-izdeliya;42020103
"Вироби з металу, пластику, гуми";"Кування, литво, відливка";Художня ковка;Ковані люстри і світильники;https://prom.ua/ua/Kovanye-lyustry-i-svetilniki;420204
"Вироби з металу, пластику, гуми";"Кування, литво, відливка";Художня ковка;"Художня ковка, загальне";https://prom.ua/ua/Drugaya-hudozhestvennaya-kovka;42020108
"Вироби з металу, пластику, гуми";"Кування, литво, відливка";"Художнє лиття, виливок";;https://prom.ua/ua/Hudozhestvennoe-lite;420203
"Вироби з металу, пластику, гуми";Металовироби будівельного призначення;"Антивандальні решітки, козирки";;https://prom.ua/ua/Antivandalnye-reshetki-kozyrki;421408
"Вироби з металу, пластику, гуми";Металовироби будівельного призначення;"Металовироби будівельного призначення, загальне";;https://prom.ua/ua/Metalloizdeliya-stroitelnogo-naznacheniya-obschee;421410
"Вироби з металу, пластику, гуми";Металовироби будівельного призначення;Металоконструкції та промислові будівлі з лмк;Битовки;https://prom.ua/ua/Bytovki;420901
"Вироби з металу, пластику, гуми";Металовироби будівельного призначення;Металоконструкції та промислові будівлі з лмк;Комплектуючі для металоконструкцій з лмк;https://prom.ua/ua/Komplektuyuschie-dlya-metallokonstruktsij-iz-lmk;420905
"Вироби з металу, пластику, гуми";Металовироби будівельного призначення;Металоконструкції та промислові будівлі з лмк;Металеві опори леп;https://prom.ua/ua/Metallicheskie-opory-lep;420906
"Вироби з металу, пластику, гуми";Металовироби будівельного призначення;Металоконструкції та промислові будівлі з лмк;"Металоконструкції та промислові будівлі, загальне";https://prom.ua/ua/Drugie-metallokonstruktsii-i-promzdaniya;420903
"Вироби з металу, пластику, гуми";Металовироби будівельного призначення;Наконечники для паль;;https://prom.ua/ua/Nakonechniki-dlya-svaj;421409
"Вироби з металу, пластику, гуми";Металовироби будівельного призначення;Профілі металеві;;https://prom.ua/ua/Profili-metallicheskie;421412
"Вироби з металу, пластику, гуми";Металовироби будівельного призначення;Ревізійні люки;;https://prom.ua/ua/Revizionnye-lyuki;421406
"Вироби з металу, пластику, гуми";Металовироби будівельного призначення;Фундаментні палі;;https://prom.ua/ua/Vintovye-fundamentnye-svai;421407
"Вироби з металу, пластику, гуми";Металовироби промислового призначення;"Вали металеві, гумові";;https://prom.ua/ua/Rezinovye-valy;801206
"Вироби з металу, пластику, гуми";Металовироби промислового призначення;Гнуті металовироби;;https://prom.ua/ua/Gnutye-metalloizdeliya;421008
"Вироби з металу, пластику, гуми";Металовироби промислового призначення;Дріт;;https://prom.ua/ua/Provoloka;421002
"Вироби з металу, пластику, гуми";Металовироби промислового призначення;Закладні деталі;;https://prom.ua/ua/Zakladnye-detali;421009
"Вироби з металу, пластику, гуми";Металовироби промислового призначення;Металевий шріт;;https://prom.ua/ua/Drob-chugunnaya-i-stalnaya-kolotaya-i-litaya;421003
"Вироби з металу, пластику, гуми";Металовироби промислового призначення;"Металовироби промислового призначення, загальне";;https://prom.ua/ua/Drugie-metalloizdeliya-promyshlennogo-naznacheniya;421006
"Вироби з металу, пластику, гуми";Металовироби промислового призначення;Пружини і амортизатори;;https://prom.ua/ua/Pruzhiny-ressory;1466
"Вироби з металу, пластику, гуми";Металовироби промислового призначення;Тиглі;;https://prom.ua/ua/Tigli;920
"Вироби з металу, пластику, гуми";Металовироби промислового призначення;Траверси;;https://prom.ua/ua/Traversy;42020201
"Вироби з металу, пластику, гуми";Металопрокат;"Металопрокат, загальне";;https://prom.ua/ua/Drugoj-metalloprokat;420806
"Вироби з металу, пластику, гуми";Металопрокат;Плоский прокат;Жерсть;https://prom.ua/ua/Zhest;420822
"Вироби з металу, пластику, гуми";Металопрокат;Плоский прокат;"Плоский прокат, загальне";https://prom.ua/ua/Ploskij-prokat-obschee;420833
"Вироби з металу, пластику, гуми";Металопрокат;Плоский прокат;Рулонний прокат;https://prom.ua/ua/Rulonnyj-prokat;420813
"Вироби з металу, пластику, гуми";Металопрокат;Плоский прокат;Стрічки металеві;https://prom.ua/ua/Lenta-metallicheskaya;420814
"Вироби з металу, пластику, гуми";Металопрокат;Сортовий і фасонний прокат;Арматура;https://prom.ua/ua/Armatura;420801
"Вироби з металу, пластику, гуми";Металопрокат;Сортовий і фасонний прокат;Катанка;https://prom.ua/ua/Katanka;421005
"Вироби з металу, пластику, гуми";Металопрокат;Сортовий і фасонний прокат;Квадрат;https://prom.ua/ua/Kvadrat;420816
"Вироби з металу, пластику, гуми";Металопрокат;Сортовий і фасонний прокат;Круглий прокат;https://prom.ua/ua/Krugi;420810
"Вироби з металу, пластику, гуми";Металопрокат;Сортовий і фасонний прокат;"Металеві балки, двотаври";https://prom.ua/ua/Balki-stalnye-dvutavry;420808
"Вироби з металу, пластику, гуми";Металопрокат;Сортовий і фасонний прокат;Металеві кутники;https://prom.ua/ua/Ugolok;420804
"Вироби з металу, пластику, гуми";Металопрокат;Сортовий і фасонний прокат;Поковки;https://prom.ua/ua/Pokovki;42020202
"Вироби з металу, пластику, гуми";Металопрокат;Сортовий і фасонний прокат;"Сортовий прокат, загальне";https://prom.ua/ua/Sortovoj-prokat-obschee;420817
"Вироби з металу, пластику, гуми";Металопрокат;Сортовий і фасонний прокат;Швелери;https://prom.ua/ua/Shvellera;420802
"Вироби з металу, пластику, гуми";Металопрокат;Сортовий і фасонний прокат;Шестигранники металеві;https://prom.ua/ua/Stalnye-shestigranniki;420812
"Вироби з металу, пластику, гуми";Металопрокат;Трубний прокат;;https://prom.ua/ua/Stalnye-truby;131008
Воєнторг;Засоби зв'язку і позиціонування;"Засоби зв'язку та позиціонування, загальне";;https://prom.ua/ua/Sredstva-svyazi-i-pozitsionirovaniya-overall;690301
Воєнторг;Засоби зв'язку і позиціонування;Переговорні пристрої;;https://prom.ua/ua/Peregovornye-ustrojstva;50906
Воєнторг;Облаштування побуту;"Маскування для полювання, засидження";;https://prom.ua/ua/Maskirovka-dlya-ohoty;180303
Воєнторг;Облаштування побуту;"Облаштування побуту, загальне";;https://prom.ua/ua/Obustrojstvo-byta-overall;690601
Воєнторг;Оптичні прилади і системи;"Біноклі, моноклі";;https://prom.ua/ua/Teleskopy-binokli-monokli;1911
Воєнторг;Оптичні прилади і системи;"Оптичні прибори та системи, загальне";;https://prom.ua/ua/Opticheskie-pribory-i-sistemy-overall;690501
Воєнторг;Оптичні прилади і системи;Прилади нічного бачення;;https://prom.ua/ua/Pribory-nochnogo-videniya;15370706
Воєнторг;Оптичні прилади і системи;Тактичні тепловізори;;https://prom.ua/ua/Takticheskie-teplovizory-;153729
Воєнторг;Тактичний захист та екіпірування;Аксесуари та комплектуючі для касок та бронежилетів;;https://prom.ua/ua/Aksessuary-komplektuyuschie-ekipirovke;300508
Воєнторг;Тактичний захист та екіпірування;Армійські спецсумки і рюкзаки;;https://prom.ua/ua/Armejskie-spetssumki-i-ryukzaki;152401
Воєнторг;Тактичний захист та екіпірування;Бронежилети та бронеплити;;https://prom.ua/ua/Bronezhilety;300501
Воєнторг;Тактичний захист та екіпірування;Засоби тактичної медицини;;https://prom.ua/ua/Ukomplektovannye-takticheskie-aptechki;300510
Воєнторг;Тактичний захист та екіпірування;"Засоби індивідуального захисту, загальне";;https://prom.ua/ua/Sredstva-individualnoj-zaschit-overall;690403
Воєнторг;Тактичний захист та екіпірування;Навушники та беруші;;https://prom.ua/ua/Sredstva-zaschity-organov-sluha;301915
Воєнторг;Тактичний захист та екіпірування;Навісні підсумки і аксесуари до них;;https://prom.ua/ua/Navesnye-podsumki;240455
Воєнторг;Тактичний захист та екіпірування;Розвантажувальні жилети та плитоноски без плит;;https://prom.ua/ua/Razgruzochnye-zhilety;3082002
Воєнторг;Тактичний захист та екіпірування;Тактичні джгути та турнікети;;https://prom.ua/ua/Armejskie-zhguty-turnikety;300509
Воєнторг;Тактичний захист та екіпірування;Тактичні наколінники та налокітники;;https://prom.ua/ua/Broneschitki-i-schitki-protivoudarnye;300506
Воєнторг;Тактичний захист та екіпірування;Тактичні окуляри;;https://prom.ua/ua/Ochki-takticheskie;181301
Воєнторг;Тактичний захист та екіпірування;"Шоломи, бронешоломи і каски";;https://prom.ua/ua/Shlemy-broneshlemy-i-kaski;300503
Воєнторг;Тактичний одяг та взуття;"Військове обмундирування, загальне";;https://prom.ua/ua/Voennoe-obmundirovanie-obschee;3082001
Воєнторг;Тактичний одяг та взуття;Знаки відмінності;;https://prom.ua/ua/Znaki-razlichiya;300504
Воєнторг;Тактичний одяг та взуття;Маскувальний одяг;;https://prom.ua/ua/Maskirovochnaya-odezhda;180307
Воєнторг;Тактичний одяг та взуття;Натільна білизна;;https://prom.ua/ua/Natelnoe-bele;3081803
Воєнторг;Тактичний одяг та взуття;Ремені тактичні;;https://prom.ua/ua/Remni-ofitserskie;30806
Воєнторг;Тактичний одяг та взуття;Тактичне взуття;;https://prom.ua/ua/Takticheskaya-obuv;690102
Воєнторг;Тактичний одяг та взуття;"Тактичний одяг та взуття, загальне";;https://prom.ua/ua/Odezhda-i-obuv-overall;690101
Воєнторг;Тактичний одяг та взуття;Тактичний і формений одяг;;https://prom.ua/ua/Voennaya-forma;30807
Воєнторг;Тактичний одяг та взуття;Тактичні рукавички;;https://prom.ua/ua/Takticheskie-perchatki;182202
Воєнторг;Тактичний одяг та взуття;Формені головні убори;;https://prom.ua/ua/Formennye-golovnye-ubory;32714
Ділові послуги;Аутсорсинг і аутстаффінг;;;https://prom.ua/ua/Autsorsing;280555
Ділові послуги;Брокерські послуги;;;https://prom.ua/ua/Brokerskie-uslugi-1;280301
Ділові послуги;Бухгалтерські та аудиторські послуги;Аудиторські послуги;;https://prom.ua/ua/Auditorskoe-soprovozhdenie;280412
Ділові послуги;Бухгалтерські та аудиторські послуги;Бухгалтерські послуги;;https://prom.ua/ua/Abonentskoe-buhgalterskoe-obsluzhivanie;280417
Ділові послуги;Бухгалтерські та аудиторські послуги;"Бухгалтерські та аудиторські послуги, загальне";;https://prom.ua/ua/Drugie-buhgalterskie-i-auditorskie-uslugi;280403
Ділові послуги;Виготовлення печаток та штампів;;;https://prom.ua/ua/Izgotovlenie-pechatej-i-shtampov;280574
Ділові послуги;Дропшипінг;;;https://prom.ua/ua/Dropshipping;280308
Ділові послуги;Консалтингові послуги;;;https://prom.ua/ua/Konsaltingovye-uslugi-v-sfere-upravleniya;280601
Ділові послуги;Організація аукціонів та тендерів;;;https://prom.ua/ua/Organizatsiya-auktsionov-1;282804
Ділові послуги;"Організація та проведення виставок, конференцій та форумів";;;https://prom.ua/ua/Organizatsiya-i-provedenie-vystavok;2506
Ділові послуги;Перекладацькі послуги;;;https://prom.ua/ua/Perevod-dokumentatsii-i-tekstov;281102
Ділові послуги;Послуги з організації бізнесу;;;https://prom.ua/ua/Uslugi-po-organizatsii-biznesa;284502
Ділові послуги;Послуги лабораторій та сертифікація товарів;;;https://prom.ua/ua/Sertifikatsiya-tovarov-i-uslug;283401
Ділові послуги;Послуги оцінки та незалежної експертизи;;;https://prom.ua/ua/Uslugi-otsenki;280592
Ділові послуги;Послуги страхування;;;https://prom.ua/ua/Uslygi-strahovania;283704
Ділові послуги;Послуги у сфері екології;;;https://prom.ua/ua/Uslugi-v-sfere-ekologii-obschee;280582
Ділові послуги;Послуги фінансових установ;;;https://prom.ua/ua/Uslugi-denezhnogo-perevoda;280506
Ділові послуги;Правові та юридичні послуги;;;https://prom.ua/ua/Abonentskoe-yuridicheskoe-obsluzhivanie;284006
Ділові послуги;Розробка технічної документації;;;https://prom.ua/ua/Razrabotka-tehnicheskoj-dokumentatsii;280598
Дім і сад; все для консервації;" все для консервації, загальне";;https://prom.ua/ua/Vse-dlya-konservatsii-1;16101
Дім і сад; все для консервації;Банки для консервації;;https://prom.ua/ua/Banki-dlya-konservatsii;16103
Дім і сад; все для консервації;Закаточні машинки ;;https://prom.ua/ua/Mashinki-zakatochnye-bytovye;15230437
Дім і сад; все для консервації;Кришки для консервації;;https://prom.ua/ua/Kryshki-dlya-konservatsii;16102
Дім і сад;Аксесуари для саун і лазень;"Аксесуари для саун і лазень, загальне";;https://prom.ua/ua/Aksessuary-i-odezhda-dlya-sauny-obschee;15050211
Дім і сад;Аксесуари для саун і лазень;Відра і ковші для лазні та сауни;;https://prom.ua/ua/Cherpaki-i-kovshi-dlya-bani;15050212
Дім і сад;Аксесуари для саун і лазень;Віники для лазні та сауни;;https://prom.ua/ua/Veniki-i-mochalki-dlya-bani-i-sauny;15050209
Дім і сад;Аксесуари для саун і лазень;Засоби для саун і лазень;;https://prom.ua/ua/Sredstva-dlya-saun-i-ban;15050213
Дім і сад;Аксесуари для саун і лазень;Камені для саун і лазень;;https://prom.ua/ua/Kamni-dlya-saun-i-ban;150508
Дім і сад;Аксесуари для саун і лазень;Тапочки для лазні та сауни;;https://prom.ua/ua/Tapochki-dlya-bani-i-sauny;15050206
Дім і сад;Аксесуари для саун і лазень;Шапки і набори для лазні та сауни;;https://prom.ua/ua/Komplekty-dlya-bani-i-sauny;15050203
Дім і сад;"Будинок і сад, загальне";;;https://prom.ua/ua/Dom-i-sad-obschee;1533
Дім і сад;Декор;Інтер'єрні аксесуари;"Інтер'єрні аксесуари, загальне";https://prom.ua/ua/Interernye-aksessuary-obschee;371027
Дім і сад;Декор;Інтер'єрні аксесуари;Інтер'єрні водоспади та фонтани;https://prom.ua/ua/Interernye-vodopady;371018
Дім і сад;Декор;Інтер'єрні аксесуари;Інтер'єрні дошки для написів;https://prom.ua/ua/Melovye-doski-dlya-nadpisej;371024
Дім і сад;Декор;Інтер'єрні аксесуари;Інтер'єрні наліпки;https://prom.ua/ua/Interernye-naklejki;371006
Дім і сад;Декор;Інтер'єрні аксесуари;Аромалампи;https://prom.ua/ua/Aromalampy;1731
Дім і сад;Декор;Інтер'єрні аксесуари;Вази;https://prom.ua/ua/Vazy;172805
Дім і сад;Декор;Інтер'єрні аксесуари;Вітражі;https://prom.ua/ua/Vitrazhi;371007
Дім і сад;Декор;Інтер'єрні аксесуари;Декоративний посуд;https://prom.ua/ua/Dekorativnye-tarelki;131404
Дім і сад;Декор;Інтер'єрні аксесуари;Декоративні екрани для радіаторів;https://prom.ua/ua/Dekorativnye-ekrany-dlya-radiatorov;371019
Дім і сад;Декор;Інтер'єрні аксесуари;Декоративні подушки;https://prom.ua/ua/Dekorativnye-podushki-1;170718
Дім і сад;Декор;Інтер'єрні аксесуари;Електронні свічки;https://prom.ua/ua/Elektronnye-svechi;371020
Дім і сад;Декор;Інтер'єрні аксесуари;"Ключниці, ящики для ключів";https://prom.ua/ua/Klyuchnitsy-nastennye;371013
Дім і сад;Декор;Інтер'єрні аксесуари;Наповнювач для ваз;https://prom.ua/ua/Napolnitel-dlya-vaz;371035
Дім і сад;Декор;Інтер'єрні аксесуари;"Опудала тварин, опудала птахів, ентомологічні колекції";https://prom.ua/ua/Chuchela-zhivotnyh-chuchela-ptits;371015
Дім і сад;Декор;Інтер'єрні аксесуари;Попільнички;https://prom.ua/ua/Pepelnitsy;152601
Дім і сад;Декор;Інтер'єрні аксесуари;Поштові ящики;https://prom.ua/ua/Pochtovye-yaschiki;37042004
Дім і сад;Декор;Інтер'єрні аксесуари;Підсвічники;https://prom.ua/ua/Podsvechniki;1706
Дім і сад;Декор;Інтер'єрні аксесуари;Підставки для пляшок;https://prom.ua/ua/Podstavki-pod-butylki;371021
Дім і сад;Декор;Інтер'єрні аксесуари;Свічки;https://prom.ua/ua/Svechki;150404
Дім і сад;Декор;Інтер'єрні аксесуари;Скретч-карти подорожей;https://prom.ua/ua/Skretch-karty-puteshestvij;170713
Дім і сад;Декор;Інтер'єрні аксесуари;Статуетки;https://prom.ua/ua/Statuetki;1705
Дім і сад;Декор;Інтер'єрні аксесуари;Стопери для дверей;https://prom.ua/ua/Stoppery-dlya-dverej;371025
Дім і сад;Декор;Інтер'єрні аксесуари;Фоторамки та рамки для картин;https://prom.ua/ua/Foto-ramki-i-ramki-dlya-kartin;1739
Дім і сад;Декор;Інтер'єрні аксесуари;Ширми;https://prom.ua/ua/Shirmy;371002
Дім і сад;Декор;Інтер'єрні аксесуари;Шкатулки;https://prom.ua/ua/Shkatulki-dlya-ukrashenij;174101
Дім і сад;Декор;Годинники та барометри;Барометри;https://prom.ua/ua/Barometry-bytovye;153901
Дім і сад;Декор;Годинники та барометри;Годинники для дому;https://prom.ua/ua/Nastennye-chasy;152805
Дім і сад;Декор;Годинники та барометри;"Годинники, загальне";https://prom.ua/ua/Drugie-chasy;152899
Дім і сад;Декор;Годинники та барометри;Годинникові механізми та деталі;https://prom.ua/ua/Chasovye-mehanizmy;36110740
Дім і сад;Декор;"Декор, загальне";;https://prom.ua/ua/Drugie-elementy-dekora-doma;371003
Дім і сад;Декор;Дзеркала;Дзеркала;https://prom.ua/ua/Zerkala;1534
Дім і сад;Декор;Дзеркала;"Дзеркала, загальне";https://prom.ua/ua/Zerkala-obschee;371033
Дім і сад;Декор;Живі рослини;Ємності для рослин;https://prom.ua/ua/Emkosti-dlya-rassady;1140112
Дім і сад;Декор;Живі рослини;"Живі рослини, загальне";https://prom.ua/ua/Zhivye-rasteniya-obschee;371031
Дім і сад;Декор;Живі рослини;Підставки і опори для рослин;https://prom.ua/ua/Podstavki-dlya-tsvetov;371016
Дім і сад;Декор;Живі рослини;Рослини в горщиках;https://prom.ua/ua/Rasteniya-gorshechnye;12405
Дім і сад;Декор;Живі рослини;Трав'янчики та екокуби;https://prom.ua/ua/Travyanchik;170711
Дім і сад;Декор;Живі рослини;Флораріуми та мосаріуми;https://prom.ua/ua/Florariumy;271611
Дім і сад;Декор;Картини;;https://prom.ua/ua/Kartina;170408
Дім і сад;Декор;Святкове освітлення;;https://prom.ua/ua/Prazdnichnoe-osveschenie;150403
Дім і сад;Декор;Світильники;Led підсвітка інтер'єрів;https://prom.ua/ua/Led-podsvetka-intererov;15040606
Дім і сад;Декор;Світильники;"Бра, настінні світильники";https://prom.ua/ua/Podsvetki;39050501
Дім і сад;Декор;Світильники;Декоративні світильники;https://prom.ua/ua/Dekorativnye-svetilniki;15040607
Дім і сад;Декор;Світильники;Комплектуючі для світильників;https://prom.ua/ua/Komplektuyuschie-dlya-lyustr;15040603
Дім і сад;Декор;Світильники;Лампочки;https://prom.ua/ua/Lampochki;150402
Дім і сад;Декор;Світильники;Настільні лампи і нічники;https://prom.ua/ua/Nastolnye-lampy;39050509
Дім і сад;Декор;Світильники;Розумні світильники;https://prom.ua/ua/Umnye-svetilniki;15040608
Дім і сад;Декор;Світильники;"Світильники, загальне";https://prom.ua/ua/Drugie-osvetitelnye-pribory-dlya-doma;39050599
Дім і сад;Декор;Світильники;Стельові світильники;https://prom.ua/ua/Potolochnye-svetilniki-1;15040605
Дім і сад;Декор;Світильники;Торшери;https://prom.ua/ua/Napolnoe-osveschenie;39050506
Дім і сад;Декор;Світильники;Точкові світильники та трек-системи;https://prom.ua/ua/Tochechnye-svetilniki-;39050503
Дім і сад;Декор;Штучні квіти і рослини;Муляжі продуктів;https://prom.ua/ua/Mulyazhi-produktov;371023
Дім і сад;Декор;Штучні квіти і рослини;Стабілізовані квіти і рослини;https://prom.ua/ua/Rasteniya-stabilizirovannye;1140505
Дім і сад;Декор;Штучні квіти і рослини;"Сушені квіти, рослини";https://prom.ua/ua/Sushenye-tsvety-rasteniya;1140507
Дім і сад;Декор;Штучні квіти і рослини;Штучні дерева і бонсаї;https://prom.ua/ua/Derevya-iskusstvennye-bonsai-iskusstvennye;371009
Дім і сад;Декор;Штучні квіти і рослини;Штучні квіти і гілки;https://prom.ua/ua/Iskusstvennye-tsvety-vetki-i-kompozitsii;371008
Дім і сад;Декор;Штучні квіти і рослини;"Штучні квіти і рослини, загальне";https://prom.ua/ua/Drugie-iskusstvennye-tsvety-i-rasteniya;371010
Дім і сад;Декор;Штучні квіти і рослини;Штучні ялини і сосни;https://prom.ua/ua/Iskusstvennye-eli-i-sosny;371011
Дім і сад;Догляд за будинком;"Догляд за будинком, загальне";;https://prom.ua/ua/Drugaya-bytovaya-himiya;82106
Дім і сад;Догляд за будинком;Догляд за кімнатними рослинами;"Догляд за кімнатними рослинами, загальне";https://prom.ua/ua/Uhod-za-komnatnymi-rasteniyami-obschee;8211401
Дім і сад;Догляд за будинком;Догляд за кімнатними рослинами;Лійки для рослин;https://prom.ua/ua/Lejki-dlya-rastenij;1250338
Дім і сад;Догляд за будинком;Догляд за кімнатними рослинами;Пульверизатори для кімнатних рослин;https://prom.ua/ua/Pulverizatory-dlya-komnatnyh-rastenij;12517
Дім і сад;Догляд за будинком;Догляд за меблями;Воски для дерева і дерев'яних виробів;https://prom.ua/ua/Vosk-dlya-mebeli;15031502
Дім і сад;Догляд за будинком;Догляд за меблями;"Догляд за меблями, загальне";https://prom.ua/ua/Drugie-tovary-dlya-remonta-i-uhoda-za-mebelyu;15031503
Дім і сад;Догляд за будинком;Догляд за меблями;Поліролі для меблів;https://prom.ua/ua/Poliroli-dlya-mebeli;15031501
Дім і сад;Догляд за будинком;Догляд за особистими речами;Антистатики та просочення для одягу;https://prom.ua/ua/Propitki-dlya-odezhdy;82111
Дім і сад;Догляд за будинком;Догляд за особистими речами;Взуттєві щітки і губки;https://prom.ua/ua/Obuvnye-schetki;322100303
Дім і сад;Догляд за будинком;Догляд за особистими речами;Дезодоранти для взуття;https://prom.ua/ua/Dezodoranty-dlya-obuvi;322100301
Дім і сад;Догляд за будинком;Догляд за особистими речами;"Догляд за особистими речами, загальне";https://prom.ua/ua/Drugie-sredstva-po-uhodu-za-obuvyu;322100399
Дім і сад;Догляд за будинком;Догляд за особистими речами;Засоби для чищення дорогоцінних металів;https://prom.ua/ua/Sredstva-dlya-chistki-dragotsennyh-metallov;8210512
Дім і сад;Догляд за будинком;Догляд за особистими речами;Креми та просочення для взуття;https://prom.ua/ua/Krem-dlya-obuvi;322100302
Дім і сад;Догляд за будинком;Догляд за особистими речами;Ложки для взуття;https://prom.ua/ua/Lozhki-dlya-obuvi;3221022
Дім і сад;Догляд за будинком;Догляд за особистими речами;Машини для чищення взуття;https://prom.ua/ua/Mashiny-dlya-chistki-obuvi;322100304
Дім і сад;Догляд за будинком;Догляд за особистими речами;Набори по догляду за взуттям;https://prom.ua/ua/Nabory-uhodu-obuvyu;3221023
Дім і сад;Догляд за будинком;Догляд за особистими речами;Фарба для взуття;https://prom.ua/ua/Kraska-dlya-obuvi;3220906
Дім і сад;Догляд за будинком;Догляд за особистими речами;Щітки для одягу;https://prom.ua/ua/Schetki-dlya-odezhdy;151605
Дім і сад;Догляд за будинком;Догляд за побутовою технікою;"Догляд за побутовою технікою, загальне";https://prom.ua/ua/Uhod-za-bytovoj-tehnikoj-obschee;8211301
Дім і сад;Догляд за будинком;Догляд за побутовою технікою;Засоби для очищення побутової техніки;https://prom.ua/ua/Sredstva-dlya-bytovoj-tehniki;8210510
Дім і сад;Догляд за будинком;Захист від комах і гризунів;Відлякувачі тварин;https://prom.ua/ua/Otpugivateli-sobak;301904
Дім і сад;Догляд за будинком;Захист від комах і гризунів;Відлякувачі і пастки для комах;https://prom.ua/ua/Lovushki-dlya-nasekomyh;151802
Дім і сад;Догляд за будинком;Захист від комах і гризунів;Засоби від гризунів і птахів;https://prom.ua/ua/Otpugivateli-gryzunov;12508
Дім і сад;Догляд за будинком;Захист від комах і гризунів;Засоби від комах;https://prom.ua/ua/Aerozoli-ot-nasekomyh;151804
Дім і сад;Догляд за будинком;Захист від комах і гризунів;"Захист від комах і гризунів, загальне";https://prom.ua/ua/Zaschita-ot-nasekomyh-obschee;1520
Дім і сад;Догляд за будинком;Захист від комах і гризунів;Москітні пологи;https://prom.ua/ua/Moskitnye-pologi-i-setki;40508
Дім і сад;Догляд за будинком;Захист від комах і гризунів;Мухобойки для будинку;https://prom.ua/ua/Muhobojki-dlya-doma;151801
Дім і сад;Догляд за будинком;Прання і прасування;Господарські тази ;https://prom.ua/ua/Tazy-hozyajstvennye;151407
Дім і сад;Догляд за будинком;Прання і прасування;Засоби для прання;https://prom.ua/ua/Sredstva-po-uhodu-za-odezhdoj;82104
Дім і сад;Догляд за будинком;Прання і прасування;Кошики для білизни;https://prom.ua/ua/Korziny-dlya-belya;151606
Дім і сад;Догляд за будинком;Прання і прасування;"Мішки, кулі, сітки для прання";https://prom.ua/ua/Meshki-shary-setki-dlya-stirki-i-glazhki-belya;151609
Дім і сад;Догляд за будинком;Прання і прасування;"Прання і прасування, загальне";https://prom.ua/ua/Drugie-tovary-dlya-stirki-i-sushki-belya;151699
Дім і сад;Догляд за будинком;Прання і прасування;Прасувальні дошки;https://prom.ua/ua/Gladilnye-doski;151602
Дім і сад;Догляд за будинком;Прання і прасування;Прищіпки;https://prom.ua/ua/Prischepki;151607
Дім і сад;Догляд за будинком;Прання і прасування;Сушарки для білизни;https://prom.ua/ua/Napolnye-sushilki-dlya-belya;151604
Дім і сад;Догляд за будинком;Прибирання;Відра для сміття;https://prom.ua/ua/Musornye-vedra;151412
Дім і сад;Догляд за будинком;Прибирання;Ганчірки і серветки для прибирання;https://prom.ua/ua/Tryapochki;151403
Дім і сад;Догляд за будинком;Прибирання;Господарські відра ;https://prom.ua/ua/Vedra;151413
Дім і сад;Догляд за будинком;Прибирання;Господарські рукавички ;https://prom.ua/ua/Perchatki-hozyajstvennye;151406
Дім і сад;Догляд за будинком;Прибирання;Губки для посуду;https://prom.ua/ua/Gubki-i-mochalki;151409
Дім і сад;Догляд за будинком;Прибирання;Дозатори для миючих засобів;https://prom.ua/ua/Dozatory-dlya-moyuschih-sredstv;151415
Дім і сад;Догляд за будинком;Прибирання;Засоби для миття посуду;https://prom.ua/ua/Moyuschie-sredstva-dlya-posudy;8210502
Дім і сад;Догляд за будинком;Прибирання;Засоби для прибирання шерсті;https://prom.ua/ua/Sredstva-dlya-uborki-shersti;151404
Дім і сад;Догляд за будинком;Прибирання;Мийні та чистячі засоби;https://prom.ua/ua/Moyuschie-sredstva;82105
Дім і сад;Догляд за будинком;Прибирання;Освіжувачі повітря;https://prom.ua/ua/Osvezhiteli-vozduha;613
Дім і сад;Догляд за будинком;Прибирання;Поглиначі вологи;https://prom.ua/ua/Poglotiteli-vlagi;151416
Дім і сад;Догляд за будинком;Прибирання;Портативні розпилювачі;https://prom.ua/ua/Portativnye-raspyliteli;151414
Дім і сад;Догляд за будинком;Прибирання;"Прибирання, загальне";https://prom.ua/ua/Drugie-tovary-dlya-uborki-doma;151499
Дім і сад;Догляд за будинком;Прибирання;Швабри і запасні насадки;https://prom.ua/ua/Shvabry;151408
Дім і сад;Догляд за будинком;Прибирання;Щітки для підлоги;https://prom.ua/ua/Schetki;151402
Дім і сад;Догляд за будинком;Прибирання;Щітки та скребачки для прибирання;https://prom.ua/ua/Schetki-dlya-chistki;151405
Дім і сад;Меблі;Ковані меблі;;https://prom.ua/ua/Komplekty-kovanoj-mebeli;150322
Дім і сад;Меблі;Комоди;;https://prom.ua/ua/Komody;37032005
Дім і сад;Меблі;Комплектуючі для меблів; меблеві подушки;https://prom.ua/ua/Mebelnye-podushki;15030325
Дім і сад;Меблі;Комплектуючі для меблів;Висувні ящики для ліжок;https://prom.ua/ua/Vydvizhnye-yaschiki-dlya;370828
Дім і сад;Меблі;Комплектуючі для меблів;Гардеробні системи;https://prom.ua/ua/Garderobnye-sistemy;370812
Дім і сад;Меблі;Комплектуючі для меблів;Декор для меблів;https://prom.ua/ua/Dekor-dlya-mebeli;370826
Дім і сад;Меблі;Комплектуючі для меблів;"Комплектуючі для меблів, загальне";https://prom.ua/ua/Drugie-mebelnye-komplektuyuschie;3708099
Дім і сад;Меблі;Комплектуючі для меблів;Меблева кромка ;https://prom.ua/ua/Kromka;15030603
Дім і сад;Меблі;Комплектуючі для меблів;Меблева фурнітура;https://prom.ua/ua/Furnitura-dlya-mebeli;370827
Дім і сад;Меблі;Комплектуючі для меблів;Меблеві амортизатори і демпфери;https://prom.ua/ua/Amortizatory-i-dempfery;15030616
Дім і сад;Меблі;Комплектуючі для меблів;Меблеві гачки і підвіси;https://prom.ua/ua/Mebelnye-kryuki-podvesy;371105
Дім і сад;Меблі;Комплектуючі для меблів;Меблеві заглушки;https://prom.ua/ua/Mebelnye-zaglushki;371102
Дім і сад;Меблі;Комплектуючі для меблів;Меблеві замки і магніти;https://prom.ua/ua/Mebelnye-zamki;371106
Дім і сад;Меблі;Комплектуючі для меблів;"Меблеві каркаси, ніжки і опори";https://prom.ua/ua/Mebelnye-karkasy;370802
Дім і сад;Меблі;Комплектуючі для меблів;Меблеві направляючі та комплектуючі;https://prom.ua/ua/Napravlyayuschie;371107
Дім і сад;Меблі;Комплектуючі для меблів;Меблеві петлі ;https://prom.ua/ua/Petli-mebelnye;15030604
Дім і сад;Меблі;Комплектуючі для меблів;Меблеві ролики і колеса;https://prom.ua/ua/Mebelnye-roliki-kolesa;371103
Дім і сад;Меблі;Комплектуючі для меблів;Меблеві ручки;https://prom.ua/ua/Mebelnye-ruchki;371104
Дім і сад;Меблі;Комплектуючі для меблів;Меблеві світильники;https://prom.ua/ua/Mebelnye-svetilniki;370825
Дім і сад;Меблі;Комплектуючі для меблів;Меблеві стяжки і кутники;https://prom.ua/ua/Mebelnye-styazhki;15030601
Дім і сад;Меблі;Комплектуючі для меблів;Меблеві труби і комплектуючі;https://prom.ua/ua/Mebelnye-truby-i-ih-komplektuyuschie;370813
Дім і сад;Меблі;Комплектуючі для меблів;Меблеві фасади;https://prom.ua/ua/Mebelnye-fasady;370805
Дім і сад;Меблі;Комплектуючі для меблів;Механізми для меблів;https://prom.ua/ua/Mehanizmy-podemnye-dlya-mebeli;370808
Дім і сад;Меблі;Комплектуючі для меблів;Наповнення для шаф;https://prom.ua/ua/Napolnenie-dlya-shkafov-kupe;370801
Дім і сад;Меблі;Комплектуючі для меблів;Наповнювачі для безкаркасних меблів;https://prom.ua/ua/Napolnitel-dlya-beskarkasnoj-mebeli;370811
Дім і сад;Меблі;Комплектуючі для меблів;Ортопедичні каркаси та ламелі для ліжок;https://prom.ua/ua/Karkasy-dlya-krovatej;370807
Дім і сад;Меблі;Комплектуючі для меблів;"Полицетримачі, склотримачі";https://prom.ua/ua/Polkoderzhateli;15030602
Дім і сад;Меблі;Комплектуючі для меблів;Поролон;https://prom.ua/ua/Porolon-mebelnyj;370810
Дім і сад;Меблі;Комплектуючі для меблів;Рейлінгові і барні системи;https://prom.ua/ua/Relingovye-sistemy;370815
Дім і сад;Меблі;Комплектуючі для меблів;Реставраційні матеріали для меблів;https://prom.ua/ua/Restavratsionnye-materialy-dlya-mebeli;15030618
Дім і сад;Меблі;Комплектуючі для меблів;Системи для шаф купе;https://prom.ua/ua/Dveri-dlya-shkafov-kupe;370806
Дім і сад;Меблі;Комплектуючі для меблів;Спинки для ліжок;https://prom.ua/ua/Spinki-dlya-krovatej;370809
Дім і сад;Меблі;Комплектуючі для меблів;Стільниці та комплектуючі;https://prom.ua/ua/Stoleshnitsy-dlya-kuhni;37035002
Дім і сад;Меблі;Комплектуючі для меблів;Стінові панелі для кухні;https://prom.ua/ua/Kuhonnye-stenovye-paneli;15030303
Дім і сад;Меблі;Комплектуючі для меблів;Сушки для посуду;https://prom.ua/ua/Kuhonnye-sushki;370823
Дім і сад;Меблі;Комплектуючі для меблів;Фарби для меблів;https://prom.ua/ua/Kraski-dlya-mebeli;81105
Дім і сад;Меблі;Кухонні меблі;Готові кухні;https://prom.ua/ua/Kuhni;37035003
Дім і сад;Меблі;Кухонні меблі;Кухонні куточки;https://prom.ua/ua/Kuhonnye-ugolki-lavki;15030302
Дім і сад;Меблі;Кухонні меблі;"Кухонні меблі, загальне";https://prom.ua/ua/Drugaya-kuhonnaya-mebel;37035001
Дім і сад;Меблі;Кухонні меблі;Кухонні модулі;https://prom.ua/ua/Otdelnye-elementy-kuhon;15030304
Дім і сад;Меблі;Кухонні меблі;Обідні групи;https://prom.ua/ua/Obedennye-gruppy;15030308
Дім і сад;Меблі;Ліжка;"Ліжка, загальне";https://prom.ua/ua/Krovati-obschee;15034001
Дім і сад;Меблі;М'які меблі;Дивани;https://prom.ua/ua/Divany-tahty;37034013
Дім і сад;Меблі;М'які меблі;Комплекти м'яких меблів;https://prom.ua/ua/Komplekty-myagkoj-mebeli;15030316
Дім і сад;Меблі;М'які меблі;"М'які меблі, загальне";https://prom.ua/ua/Myagkaya-mebel-dlya-doma-obschee;15030320
Дім і сад;Меблі;Меблі для ванних;Комплекти меблів для ванної;https://prom.ua/ua/Komplekty-mebeli-dlya-vannyh-komnat;13018001
Дім і сад;Меблі;Меблі для ванних;"Меблі для ванної, загальне";https://prom.ua/ua/Mebel-dlya-vannyh-komnat-obschee;13018002
Дім і сад;Меблі;Меблі для ванних;Полки і етажерки для ванних кімнат;https://prom.ua/ua/Polki-dlya-vannyh-komnat;13018005
Дім і сад;Меблі;Меблі для ванних;Тумби під раковину;https://prom.ua/ua/Tumby-pod-rakovinu;13018004
Дім і сад;Меблі;Меблі для ванних;Шафи і пенали для ванних кімнат;https://prom.ua/ua/Shkafy-i-penaly-dlya-vannyh-komnat;13018003
Дім і сад;Меблі;Меблі для вітальні;Бари для будинку;https://prom.ua/ua/Bary-dlya-doma;37034005
Дім і сад;Меблі;Меблі для вітальні;Вітрини для вітальні;https://prom.ua/ua/Vitriny-dlya-gostinyh;37034014
Дім і сад;Меблі;Меблі для вітальні;Етажерки і тумби;https://prom.ua/ua/Etazherki;1503030102
Дім і сад;Меблі;Меблі для вітальні;"Меблі для вітальні, загальне";https://prom.ua/ua/Drugaya-mebel-dlya-gostinoj;37034099
Дім і сад;Меблі;Меблі для вітальні;Медальниці;https://prom.ua/ua/Medalnitsy;370342
Дім і сад;Меблі;Меблі для вітальні;Стінки для вітальні;https://prom.ua/ua/Gostinnye;37034012
Дім і сад;Меблі;Меблі для передпокоїв;Вішалки для одягу;https://prom.ua/ua/Veshalki-dlya-odezhdy;37034006
Дім і сад;Меблі;Меблі для передпокоїв;"Меблі для передпокоїв, загальне";https://prom.ua/ua/Drugaya-mebel-dlya-prihozhej;1503030103
Дім і сад;Меблі;Меблі для передпокоїв;Підставки для сумок;https://prom.ua/ua/Podstavki-dlya-sumok;15030326
Дім і сад;Меблі;Меблі для передпокоїв;Стійки для парасольок;https://prom.ua/ua/Podstavki-dlya-zontov;15030904
Дім і сад;Меблі;Меблі для спальні;Ліжка;https://prom.ua/ua/Krovati;37032004
Дім і сад;Меблі;Меблі для спальні;Ліжка розкладачки;https://prom.ua/ua/Skladnaya-mebel;3705
Дім і сад;Меблі;Меблі для спальні;Матраци;https://prom.ua/ua/Matratsy;15030701
Дім і сад;Меблі;Меблі для спальні;"Меблі для спалень, загальне";https://prom.ua/ua/Drugaya-mebel-dlya-spalnyh-komnat;37032099
Дім і сад;Меблі;Меблі для спальні;Скрині;https://prom.ua/ua/Sunduki;370321
Дім і сад;Меблі;Меблі для спальні;Спальні гарнітури;https://prom.ua/ua/Spalni;37032003
Дім і сад;Меблі;Меблі для спальні;Футони та топери;https://prom.ua/ua/Futony-toppery;370322
Дім і сад;Меблі;"Меблі, загальне";;https://prom.ua/ua/Drugaya-mebel;150399
Дім і сад;Меблі;Надувні меблі;Аксесуари для надувних меблів;https://prom.ua/ua/Aksessuary-dlya-naduvnoj-mebeli;370605
Дім і сад;Меблі;Надувні меблі;Надувні матраци;https://prom.ua/ua/Matratsy-naduvnye;2010
Дім і сад;Меблі;Надувні меблі;"Надувні меблі, загальне";https://prom.ua/ua/Naduvnaya-mebel-obschee;370604
Дім і сад;Меблі;Плетені меблі;;https://prom.ua/ua/Komplekty-pletenoj-mebeli;15031001
Дім і сад;Меблі;Полиці;Книжкові шафи й полиці;https://prom.ua/ua/Knizhnye-shkafy-i-polki;37034001
Дім і сад;Меблі;Полиці;Полиці навісні і надбудови для столів;https://prom.ua/ua/Polki-navesnye;15030307
Дім і сад;Меблі;Полиці;"Полиці, загальне";https://prom.ua/ua/Polki-obschee;15033901
Дім і сад;Меблі;Садові й пляжні меблі;Гамаки;https://prom.ua/ua/Gamaki;12509
Дім і сад;Меблі;Садові й пляжні меблі;Лавки;https://prom.ua/ua/Sadovye-skamejki-stulya;37042001
Дім і сад;Меблі;Садові й пляжні меблі;Набори садових меблів;https://prom.ua/ua/Nabory-sadovoj-mebeli;15030201
Дім і сад;Меблі;Садові й пляжні меблі;Підставки для парасольок;https://prom.ua/ua/Podstavki-dlya-ulichnyh-zontov;15030202
Дім і сад;Меблі;Садові й пляжні меблі;Садові гойдалки;https://prom.ua/ua/Sadovye-kacheli;37042007
Дім і сад;Меблі;Садові й пляжні меблі;"Садові й пляжні меблі, загальне";https://prom.ua/ua/Drugaya-sadovaya-mebel;370499
Дім і сад;Меблі;Садові й пляжні меблі;Садові та пляжні парасольки;https://prom.ua/ua/Sadovye-zonty;37042005
Дім і сад;Меблі;Садові й пляжні меблі;Шезлонги та лежаки;https://prom.ua/ua/Shezlongi-plyazhnye;15030901
Дім і сад;Меблі;Столи;Журнальні столики;https://prom.ua/ua/Kofejnye-stoliki;37034007
Дім і сад;Меблі;Столи;Комп'ютерні столи;https://prom.ua/ua/Kompyuternye-stoly;37013001
Дім і сад;Меблі;Столи;Обідні столи ;https://prom.ua/ua/Stoly-obedennye;15030313
Дім і сад;Меблі;Столи;Письмові столи;https://prom.ua/ua/Stoly-pismennye;15033702
Дім і сад;Меблі;Столи;"Столи, загальне";https://prom.ua/ua/Stoly-obschee;15033701
Дім і сад;Меблі;Столи;Столики для сніданку;https://prom.ua/ua/Servirovochnye-stoliki;37034010
Дім і сад;Меблі;Столи;Туалетні столики;https://prom.ua/ua/Tualetnye-stoliki;15030306
Дім і сад;Меблі;Стільці;Банкетки і пуфики;https://prom.ua/ua/Pufiki;15030315
Дім і сад;Меблі;Стільці;Крісла-гойдалки;https://prom.ua/ua/Kresla-kachalki-1;15030321
Дім і сад;Меблі;Стільці;Крісла-мішки;https://prom.ua/ua/Beskarkasnye-pufy;150319
Дім і сад;Меблі;Стільці;Кухонні стільці і табуретки;https://prom.ua/ua/Kuhonnye-taburetki;37033003
Дім і сад;Меблі;Стільці;М'які крісла;https://prom.ua/ua/Kresla;37034004
Дім і сад;Меблі;Стільці;Офісні та комп'ютерні крісла;https://prom.ua/ua/Kompyuternye-kresla;15030309
Дім і сад;Меблі;Стільці;"Стільці та крісла, загальне";https://prom.ua/ua/Stulya-kresla-obschee;15033801
Дім і сад;Меблі;Стільці;Стільці і крісла;https://prom.ua/ua/Stulya-kuhonnye;37033002
Дім і сад;Меблі;Тумби та тумбочки;Приліжкові тумбочки;https://prom.ua/ua/Tumbochki;37032006
Дім і сад;Меблі;Тумби та тумбочки;Тумби;https://prom.ua/ua/Tumby;15033602
Дім і сад;Меблі;Тумби та тумбочки;Тумби під телевізор;https://prom.ua/ua/Podstavki-dlya-televizorov;37034011
Дім і сад;Меблі;Тумби та тумбочки;"Тумби та тумбочки, загальне";https://prom.ua/ua/Tumby-tumbochki-obschee;15033601
Дім і сад;Меблі;Тумби та тумбочки;Тумби та шафи для взуття;https://prom.ua/ua/Shkafy-dlya-obuvi;37034008
Дім і сад;Меблі;Туристичні меблі;Набори туристичних складаних меблів;https://prom.ua/ua/Nabory-turisticheskoj-skladnoj-mebeli;240422
Дім і сад;Меблі;Туристичні меблі;Садові столи;https://prom.ua/ua/Sadovye-stoly;240463
Дім і сад;Меблі;Туристичні меблі;Садові стільці та крісла;https://prom.ua/ua/Sadovye-stulya-kresla;240462
Дім і сад;Меблі;Туристичні меблі;"Туристичні меблі, загальне";https://prom.ua/ua/Turisticheskaya-mebel-obschee;240423
Дім і сад;Меблі;Туристичні меблі;Туристичні розкладачки;https://prom.ua/ua/Raskladushki-turisticheskie;240456
Дім і сад;Меблі;Туристичні меблі;Туристичні складані столи;https://prom.ua/ua/Stoly-turisticheskie;240421
Дім і сад;Меблі;Туристичні меблі;Туристичні складані стільці;https://prom.ua/ua/Kresla-i-stulya-turisticheskie;240420
Дім і сад;Меблі;Шафи;Буфети і серванти;https://prom.ua/ua/Bufety-i-servanty;37033001
Дім і сад;Меблі;Шафи;Передпокої;https://prom.ua/ua/Prihozhie;1503030101
Дім і сад;Меблі;Шафи;Розпашні шафи;https://prom.ua/ua/Garderoby-i-shkafy;37032002
Дім і сад;Меблі;Шафи;Шафи купе;https://prom.ua/ua/Shkafy-kupe;37034003
Дім і сад;Меблі;Шафи;"Шафи, загальне";https://prom.ua/ua/Shkafy-obschee;15033501
Дім і сад;Посуд;Аксесуари для бару;"Аксесуари для бару, загальне";https://prom.ua/ua/Drugie-aksessuary-dlya-bara;152906
Дім і сад;Посуд;Аксесуари для бару;Багаторазовий лід;https://prom.ua/ua/Mnogorazovyj-led;152912
Дім і сад;Посуд;Аксесуари для бару;Бочки та діжки;https://prom.ua/ua/Bochki-dlya-vina;152911
Дім і сад;Посуд;Аксесуари для бару;Винні набори;https://prom.ua/ua/Vinnye-nabory;152908
Дім і сад;Посуд;Аксесуари для бару;Відерця і щипці для льоду;https://prom.ua/ua/Vederki-dlya-lda;15230407
Дім і сад;Посуд;Аксесуари для бару;Набори для бару;https://prom.ua/ua/Nabory-dlya-bara;152910
Дім і сад;Посуд;Аксесуари для бару;Насадки і корки для пляшок;https://prom.ua/ua/Nasadki-na-butylku;152903
Дім і сад;Посуд;Аксесуари для бару;Шейкери для коктейлів;https://prom.ua/ua/Shejkery-dlya-koktejlej;15230402
Дім і сад;Посуд;Аксесуари для бару;"Штопори, відкривачки, закупорщики для пляшок";https://prom.ua/ua/Shtopory;152904
Дім і сад;Посуд;Кухонне приладдя;Аксесуари для обробки м'яса;https://prom.ua/ua/Molotki-dlya-myasa;15230434
Дім і сад;Посуд;Кухонне приладдя;Виймачі кісточок;https://prom.ua/ua/Vynimateli-kostochek;15230427
Дім і сад;Посуд;Кухонне приладдя;Вимірювальні ємності;https://prom.ua/ua/Izmeritelnye-emkosti;15230420
Дім і сад;Посуд;Кухонне приладдя;Вінчики;https://prom.ua/ua/Venchiki;15230416
Дім і сад;Посуд;Кухонне приладдя;Деки;https://prom.ua/ua/Protivni;15230430
Дім і сад;Посуд;Кухонне приладдя;Качалки;https://prom.ua/ua/Skalki;15230505
Дім і сад;Посуд;Кухонне приладдя;Кондитерські інструменти та аксесуари;https://prom.ua/ua/Konditerskie-instrumenty-i-aksessuary;15230431
Дім і сад;Посуд;Кухонне приладдя;Консервні ножі;https://prom.ua/ua/Konservnye-nozhi;15230426
Дім і сад;Посуд;Кухонне приладдя;"Кухонне приладдя, загальне";https://prom.ua/ua/Drugie-aksessuary-dlya-kuhni;15230499
Дім і сад;Посуд;Кухонне приладдя;Кухонні дошки ;https://prom.ua/ua/Doski-razdelochnye;15230405
Дім і сад;Посуд;Кухонне приладдя;"Кухонні лопатки і ложки, кухонні вилки";https://prom.ua/ua/Kuhonnye-lopatki;15230422
Дім і сад;Посуд;Кухонне приладдя;Кухонні ножиці;https://prom.ua/ua/Kuhonnye-nozhnitsy;15230412
Дім і сад;Посуд;Кухонне приладдя;Кухонні ножі та підставки;https://prom.ua/ua/Kuhonnye-nozhi-i-podstavki;15230410
Дім і сад;Посуд;Кухонне приладдя;Кухонні таймери;https://prom.ua/ua/Kuhonnye-tajmery;15230441
Дім і сад;Посуд;Кухонне приладдя;Кухонні термометри ;https://prom.ua/ua/Termometry;15230404
Дім і сад;Посуд;Кухонне приладдя;Кухонні щипці ;https://prom.ua/ua/Schiptsy-kuhonnye;15230439
Дім і сад;Посуд;Кухонне приладдя;Лопати для піци;https://prom.ua/ua/Lopaty-dlya-pitstsy;15230449
Дім і сад;Посуд;Кухонне приладдя;Машинки для ролів і голубців;https://prom.ua/ua/Mashinki-dlya-rollov-i-golubtsov;15230445
Дім і сад;Посуд;Кухонне приладдя;Набори кухонного приладдя;https://prom.ua/ua/Kuhonnye-prinadlezhnosti;15230409
Дім і сад;Посуд;Кухонне приладдя;"Овочерізки, яйцерізки";https://prom.ua/ua/Ovoscherezki;15230408
Дім і сад;Посуд;Кухонне приладдя;"Овочечистки, шкребки для рибної луски";https://prom.ua/ua/Kartofelechistki;15230421
Дім і сад;Посуд;Кухонне приладдя;"Ополоники, шумівки, картоплем'ялки";https://prom.ua/ua/Polovniki-i-shumovki;15230425
Дім і сад;Посуд;Кухонне приладдя;Побутові запальнички ;https://prom.ua/ua/Zazhigalki-bytovye;15230432
Дім і сад;Посуд;Кухонне приладдя;"Побутові лійки, воронки ";https://prom.ua/ua/Lejki-voronki-bytovye;15230440
Дім і сад;Посуд;Кухонне приладдя;"Побутові спагетниці, локшинорізки, тісторозкатки";https://prom.ua/ua/Spagetnitsy-lapsherezki-testoraskatki-bytovye;15230435
Дім і сад;Посуд;Кухонне приладдя;Побутові форми для приготування напівфабрикатів;https://prom.ua/ua/Bytovye-formy-dlya;15230448
Дім і сад;Посуд;Кухонне приладдя;"Преси, горіхоколи";https://prom.ua/ua/Pressy-dlya-chesnoka;15230423
Дім і сад;Посуд;Кухонне приладдя;Приладдя для спецій;https://prom.ua/ua/Melnitsy-dlya-spetsij;15230403
Дім і сад;Посуд;Кухонне приладдя;Підставки для кухонних і столових приладів;https://prom.ua/ua/Podstavki-dlya-kuhonnyh-i-stolovyh-prinadlezhnostej;15230447
Дім і сад;Посуд;Кухонне приладдя;Підставки для посуду;https://prom.ua/ua/Podstavki-pod-goryachee;15230436
Дім і сад;Посуд;Кухонне приладдя;Ручні соковитискачі ;https://prom.ua/ua/Sokovyzhimalki-ruchnye;15230443
Дім і сад;Посуд;Кухонне приладдя;"Сита, друшляки";https://prom.ua/ua/Sita-durshlagi;15230415
Дім і сад;Посуд;Кухонне приладдя;Сифони для напоїв;https://prom.ua/ua/Sifony-dlya-gazirovaniya-vody;63015
Дім і сад;Посуд;Кухонне приладдя;Ступки;https://prom.ua/ua/Stupki;15230424
Дім і сад;Посуд;Кухонне приладдя;"Тертки, шатківниці";https://prom.ua/ua/Terki;15230418
Дім і сад;Посуд;Кухонне приладдя;Точила для ножів;https://prom.ua/ua/Tochilki-dlya-nozhej;15230433
Дім і сад;Посуд;Кухонне приладдя;Форми для випікання;https://prom.ua/ua/Formy-dlya-vypechki;15230414
Дім і сад;Посуд;Кухонне приладдя;Форми для льоду;https://prom.ua/ua/Emkosti-dlya-lda;15230419
Дім і сад;Посуд;Кухонне приладдя;Форми для салатів і гарнірів;https://prom.ua/ua/Formy-dlya-salatov;15230450
Дім і сад;Посуд;Кухонне приладдя;Форми і розбивателі для яєць;https://prom.ua/ua/Formy-i-razbivateli-dlya-yaits;15230446
Дім і сад;Посуд;Кухонне приладдя;"Харчова плівка, пергамент, фольга";https://prom.ua/ua/Pischevaya-plenka;15230502
Дім і сад;Посуд;Кухонний посуд;Автоклави побутові;https://prom.ua/ua/Avtoklavy-sterilizatory-bytovye;151902
Дім і сад;Посуд;Кухонний посуд;Гусятниці;https://prom.ua/ua/Frityurnitsy-gusyatnitsy;15230314
Дім і сад;Посуд;Кухонний посуд;Кавові турки;https://prom.ua/ua/Kofejnye-turki;6300406
Дім і сад;Посуд;Кухонний посуд;Каструлі;https://prom.ua/ua/Kastryuli;15230307
Дім і сад;Посуд;Кухонний посуд;Каструлі-пароварки;https://prom.ua/ua/Kastryuli-parovarki;15230317
Дім і сад;Посуд;Кухонний посуд;Комплектуючі для кухонного посуду;https://prom.ua/ua/Komplektuyuschie-dlya-kuhonnoj-posudy;15230302
Дім і сад;Посуд;Кухонний посуд;"Кухонний посуд, загальне";https://prom.ua/ua/Drugaya-kuhonnaya-posuda;15230399
Дім і сад;Посуд;Кухонний посуд;Кухонні ковші;https://prom.ua/ua/Kuhonnye-kovshi-i-kokotnitsy;15230316
Дім і сад;Посуд;Кухонний посуд;Миски;https://prom.ua/ua/Miski;152202
Дім і сад;Посуд;Кухонний посуд;Набори кухонного посуду;https://prom.ua/ua/Nabory-kuhonnoj-posudy;15230303
Дім і сад;Посуд;Кухонний посуд;Набори фондю;https://prom.ua/ua/Nabory-fondyu;15230315
Дім і сад;Посуд;Кухонний посуд;Посуд для духових і мікрохвильових печей;https://prom.ua/ua/Posuda-dlya-svch;150202
Дім і сад;Посуд;Кухонний посуд;Самовари;https://prom.ua/ua/Samovary;15230312
Дім і сад;Посуд;Кухонний посуд;"Сковорідки, сотейники, жаровні";https://prom.ua/ua/Skovorodki;15230304
Дім і сад;Посуд;Кухонний посуд;Скороварки;https://prom.ua/ua/Skorovarki;15230306
Дім і сад;Посуд;Кухонний посуд;Соковарки;https://prom.ua/ua/Sokovarki;15230318
Дім і сад;Посуд;Кухонний посуд;Чайники;https://prom.ua/ua/Chajniki;15230305
Дім і сад;Посуд;Кухонний посуд;Шинниця;https://prom.ua/ua/Vetchinnitsy;15230322
Дім і сад;Посуд;"Посуд, загальне";;https://prom.ua/ua/Drugaya-posuda;150203
Дім і сад;Посуд;Столовий посуд;"Блюда, стійки для тортів";https://prom.ua/ua/Blyuda;152301
Дім і сад;Посуд;Столовий посуд;Вилки;https://prom.ua/ua/Vilki-stolovye;152216
Дім і сад;Посуд;Столовий посуд;"Графини, глечики, питні набори";https://prom.ua/ua/Butylki-flyagi-butyli;152102
Дім і сад;Посуд;Столовий посуд;"Кавники, заварювальні чайники та аксесуари";https://prom.ua/ua/Kofejniki-i-chajniki;152208
Дім і сад;Посуд;Столовий посуд;Кавові і чайні сервізи;https://prom.ua/ua/Chajniki-i-chajnye-servizy;152105
Дім і сад;Посуд;Столовий посуд;Келихи і фужери;https://prom.ua/ua/Bokaly-fuzhery;152108
Дім і сад;Посуд;Столовий посуд;"Креманки, соусниці, лимонниці";https://prom.ua/ua/Kremanki;152210
Дім і сад;Посуд;Столовий посуд;Кухонні маслянки ;https://prom.ua/ua/Maslenki-kuhonnye;152209
Дім і сад;Посуд;Столовий посуд;Ланч бокси;https://prom.ua/ua/Lanchboksy;150207
Дім і сад;Посуд;Столовий посуд;Ложки;https://prom.ua/ua/Lozhki-stolovye;152218
Дім і сад;Посуд;Столовий посуд;"Менажниці, дошки, кошики для подачі";https://prom.ua/ua/Menazhnitsy;152215
Дім і сад;Посуд;Столовий посуд;Молочники і сливочники;https://prom.ua/ua/Molochniki-i-slivochniki;15230319
Дім і сад;Посуд;Столовий посуд;Набори столових приладів;https://prom.ua/ua/Stolovye-pribory;152206
Дім і сад;Посуд;Столовий посуд;Одноразовий посуд;https://prom.ua/ua/Odnorazovaya-posuda;150201
Дім і сад;Посуд;Столовий посуд;Пляшки для напоїв і води;https://prom.ua/ua/Butylki-dlya-napitkov-i-vody;152221
Дім і сад;Посуд;Столовий посуд;Посуд для східної кухні;https://prom.ua/ua/Posuda-dlya-yaponskoj-kuhni;150206
Дім і сад;Посуд;Столовий посуд;Підноси;https://prom.ua/ua/Podnosy;240607
Дім і сад;Посуд;Столовий посуд;Підставки для яєць;https://prom.ua/ua/Podstavki-dlya-yaits;152220
Дім і сад;Посуд;Столовий посуд;Салатниці;https://prom.ua/ua/Salatniki;152212
Дім і сад;Посуд;Столовий посуд;"Серветниці, кільця для серветок, підставки для зубочисток";https://prom.ua/ua/Salfetnitsy;152207
Дім і сад;Посуд;Столовий посуд;Стакани;https://prom.ua/ua/Stakany;152104
Дім і сад;Посуд;Столовий посуд;"Столовий посуд, загальне";https://prom.ua/ua/Drugie-stolovye-pribory;152299
Дім і сад;Посуд;Столовий посуд;Столові ножі ;https://prom.ua/ua/Nozhi-stolovye;152217
Дім і сад;Посуд;Столовий посуд;Столові сервізи;https://prom.ua/ua/Stolovaya-posuda;152203
Дім і сад;Посуд;Столовий посуд;Супниці;https://prom.ua/ua/Supnitsy;15230309
Дім і сад;Посуд;Столовий посуд;Тарілки і піали;https://prom.ua/ua/Tarelki;152201
Дім і сад;Посуд;Столовий посуд;Фляги;https://prom.ua/ua/Flyagi;152107
Дім і сад;Посуд;Столовий посуд;"Фруктовниці, цукерниці";https://prom.ua/ua/Korzinki-dlya-fruktov;15230406
Дім і сад;Посуд;Столовий посуд;Цукорниці;https://prom.ua/ua/Saharnitsy;152219
Дім і сад;Посуд;Столовий посуд;Чарки і стопки;https://prom.ua/ua/Ryumki;152101
Дім і сад;Посуд;Столовий посуд;Чашки і кружки;https://prom.ua/ua/Chashki;152103
Дім і сад;Приналежності для ванної та туалету;Аксесуари для ванних кімнат;;https://prom.ua/ua/Prinadlezhnosti-dlya-vannoj;154003
Дім і сад;Приналежності для ванної та туалету;Вантузи;;https://prom.ua/ua/Vantusy;154010
Дім і сад;Приналежності для ванної та туалету;Дзеркала для ванних кімнат;;https://prom.ua/ua/Zerkala-dlya-vannyh-komnat;130102
Дім і сад;Приналежності для ванної та туалету;Йоржики для унітазу;;https://prom.ua/ua/Ershiki-dlya-unitaza;154001
Дім і сад;Приналежності для ванної та туалету;Карнизи для ванної;;https://prom.ua/ua/Karnizy-dlya-vann;154008
Дім і сад;Приналежності для ванної та туалету;Лазневі губки і мочалки ;;https://prom.ua/ua/Gubki-i-mochalki-bannye;154007
Дім і сад;Приналежності для ванної та туалету;Мильниці;;https://prom.ua/ua/Mylnitsy;130121
Дім і сад;Приналежності для ванної та туалету;"Приналежності для ванної та туалету, загальне";;https://prom.ua/ua/Drugie-tovary-dlya-vannoj-i-tualeta;154099
Дім і сад;Приналежності для ванної та туалету;Підставки і стакани для зубних щіток;;https://prom.ua/ua/Podstavki-dlya-zubnyh-schetok;154009
Дім і сад;Приналежності для ванної та туалету;Термометри для ванної;;https://prom.ua/ua/Termometry-dlya-vannoj;154012
Дім і сад;Приналежності для ванної та туалету;Тримачі для паперу;;https://prom.ua/ua/Derzhateli-dlya-bumagi;130115
Дім і сад;Приналежності для ванної та туалету;Тримачі рушників;;https://prom.ua/ua/Derzhateli-polotenets;130122
Дім і сад;Приналежності для ванної та туалету;Шапочки для душа;;https://prom.ua/ua/Shapochki-dlya-dusha;154005
Дім і сад;Приналежності для ванної та туалету;Шторки для ванни і душу;;https://prom.ua/ua/Zanaveski-dlya-dusha;154006
Дім і сад;Рішення для зберігання;Ємності для зберігання харчових продуктів;;https://prom.ua/ua/Kuhonnaya-posuda-iz-plastika;150204
Дім і сад;Рішення для зберігання;Вакуумні системи зберігання;;https://prom.ua/ua/Vakkumnye-sistemy-hraneniya;15230501
Дім і сад;Рішення для зберігання;"Кошики, плетені вироби";;https://prom.ua/ua/Pletenye-izdeliya;1708
Дім і сад;Рішення для зберігання;Мішки для зберігання;;https://prom.ua/ua/Meshki-dlya-hraneniya;154101
Дім і сад;Рішення для зберігання;Органайзери для зберігання речей;;https://prom.ua/ua/Tumby-dlya-hraneniya;154102
Дім і сад;Рішення для зберігання;Організація місця в гаражі і коморі;;https://prom.ua/ua/Organizatsiya-mesta-v-garazhe-i-kladovoj;154106
Дім і сад;Рішення для зберігання;Пакети і мішки для сміття;;https://prom.ua/ua/Musornye-pakety-i-meshki;15230442
Дім і сад;Рішення для зберігання;Плечики;;https://prom.ua/ua/Plechiki;151601
Дім і сад;Рішення для зберігання;Підставки і органайзери для косметики;;https://prom.ua/ua/Podstavki-i-organajzery-dlya-kosmetiki;154108
Дім і сад;Рішення для зберігання;"Рішення для зберігання, загальне";;https://prom.ua/ua/Drugie-tovary-dlya-domashnego-hraneniya;154105
Дім і сад;Рішення для зберігання;Хлібниці;;https://prom.ua/ua/Hlebnitsy;15230503
Дім і сад;Рішення для зберігання;"Чохли для одягу, взуття";;https://prom.ua/ua/Chehly-dlya-odezhdy;380410
Дім і сад;Рішення для зберігання;Ящики і кошики для зберігання;;https://prom.ua/ua/Yaschiki-dlya-hraneniya;154103
Дім і сад;Сад;Інструмент для скошування трави;"Інструмент для скошування трави, загальне";https://prom.ua/ua/Drugoj-instrument-dlya-skashivaniya-travy;1250322
Дім і сад;Сад;Інструмент для скошування трави;Газонокосарки;https://prom.ua/ua/Gazonokosilki;1250308
Дім і сад;Сад;Інструмент для скошування трави;Запчастини для тримерів і газонокосарок;https://prom.ua/ua/Zapchasti-dlya-trimmerov;1250357
Дім і сад;Сад;Інструмент для скошування трави;Мотокоси і тримери;https://prom.ua/ua/Motokosy-benzinovye;1250321
Дім і сад;Сад;Інструмент для скошування трави;"Серпи, коси";https://prom.ua/ua/Serpy-kosy;1250315
Дім і сад;Сад;Інструменти для обробки грунту;"Інструменти для обробки грунту, загальне";https://prom.ua/ua/Instrumenty-dlya-obrabotki-pochvy-obschee;1250326
Дім і сад;Сад;Інструменти для обробки грунту;"Аератори, скарифікатори";https://prom.ua/ua/Aeratory-pochvy;1250341
Дім і сад;Сад;Інструменти для обробки грунту;Вила;https://prom.ua/ua/Vily;1250303
Дім і сад;Сад;Інструменти для обробки грунту;Граблі;https://prom.ua/ua/Grabli;1250313
Дім і сад;Сад;Інструменти для обробки грунту;Держаки для інструменту;https://prom.ua/ua/Cherenki-dlya-lopat;1250319
Дім і сад;Сад;Інструменти для обробки грунту;Кирки;https://prom.ua/ua/Kirki;1250310
Дім і сад;Сад;Інструменти для обробки грунту;Лопати;https://prom.ua/ua/Lopaty;14201602
Дім і сад;Сад;Інструменти для обробки грунту;"Мотики, сапи, сапки";https://prom.ua/ua/Motygi-tyapki;1250307
Дім і сад;Сад;Інструменти для обробки грунту;Набори садових інструментів;https://prom.ua/ua/Nabory-sadovyh-instrumentov;1250355
Дім і сад;Сад;Інструменти для обробки грунту;"Посадочні совки, вилки";https://prom.ua/ua/Sadovye-sovki;1250305
Дім і сад;Сад;Інструменти для обробки грунту;"Ручні культиватори, плуги";https://prom.ua/ua/Kultivatory-ruchnye;7081201
Дім і сад;Сад;Інструменти для обробки грунту;Ручні садові бури;https://prom.ua/ua/Zemlebury-ruchnye;1250337
Дім і сад;Сад;Інструменти для обробки грунту;Ручні сівалки;https://prom.ua/ua/Sadovye-seyalki;1250314
Дім і сад;Сад;Інструменти для обробки грунту;Садові катки;https://prom.ua/ua/Katki-sadovye;1250352
Дім і сад;Сад;Інструменти для обрізки;"Інструменти для обрізки, загальне";https://prom.ua/ua/Instrumenty-dlya-obrezki-obschee;1250328
Дім і сад;Сад;Інструменти для обрізки;Бензопили і електропили;https://prom.ua/ua/Pily-benzopily;1250302
Дім і сад;Сад;Інструменти для обрізки;Кущорізи;https://prom.ua/ua/Kustorezy;1250301
Дім і сад;Сад;Інструменти для обрізки;Пили для обрізки гілок;https://prom.ua/ua/Pily-dlya-obrezki-vetvej;1250311
Дім і сад;Сад;Інструменти для обрізки;Садові  подрібнювачі;https://prom.ua/ua/Sadovye-drobilki;1250304
Дім і сад;Сад;Інструменти для обрізки;"Садові ножиці, секатори, ножі";https://prom.ua/ua/Sadovye-nozhnitsy;1250312
Дім і сад;Сад;Аксесуари для барбекю;Аксесуари та витратні матеріали для запальничок;https://prom.ua/ua/Aksessuary-i-rashodnye-materialy-dlya-zazhigalok;152609
Дім і сад;Сад;Аксесуари для барбекю;"Барбекю приналежності, загальне";https://prom.ua/ua/Grili-barbekyu-mangaly-i-prinadlezhnosti-obschee;151701
Дім і сад;Сад;Аксесуари для барбекю;Запальнички;https://prom.ua/ua/Zazhigalki;152605
Дім і сад;Сад;Аксесуари для барбекю;Засоби для розпалювання вогню;https://prom.ua/ua/Sredstva-dlya-rozzhiga-ognya;240428
Дім і сад;Сад;Аксесуари для барбекю;"Мангали, грилі і барбекю";https://prom.ua/ua/Mangaly;1506
Дім і сад;Сад;Аксесуари для барбекю;Набори та приладдя для гриля;https://prom.ua/ua/Prinadlezhnosti-dlya-grilya;15230313
Дім і сад;Сад;Аксесуари для барбекю;Решітки для гриля і барбекю;https://prom.ua/ua/Reshetki-dlya-grilya-i-barbekyu;152302
Дім і сад;Сад;Аксесуари для барбекю;Сумки та набори для пікніка;https://prom.ua/ua/Sumki-dlya-piknika;380610
Дім і сад;Сад;Аксесуари для барбекю;Сірники;https://prom.ua/ua/Spichki;152607
Дім і сад;Сад;Аксесуари для барбекю;Тандири;https://prom.ua/ua/Tandyry;1515
Дім і сад;Сад;Аксесуари для барбекю;Тріска для копчення;https://prom.ua/ua/Schepa-dlya-kopcheniya;1008
Дім і сад;Сад;Аксесуари для барбекю;"Шампури, вертіла";https://prom.ua/ua/Shampury;15230311
Дім і сад;Сад;Ландшафтні будови;Канатні комплекси;https://prom.ua/ua/Kanatnye-kompleksy;130126
Дім і сад;Сад;Ландшафтні будови;Клумби і грядки;https://prom.ua/ua/Klumby-i-gryadki;130127
Дім і сад;Сад;Ландшафтні будови;Колодязі;https://prom.ua/ua/Kolodtsy;12513
Дім і сад;Сад;Ландшафтні будови;"Ландшафтні будови, загальне";https://prom.ua/ua/Drugie-landshaftnye-arhitekturnye-formy;130123
Дім і сад;Сад;Ландшафтні будови;Малі архітектурні форми;https://prom.ua/ua/Formy-malye-arhitekturnye;130104
Дім і сад;Сад;Ландшафтні будови;Садові павільйони та альтанки;https://prom.ua/ua/Besedki-i-navesy;12506
Дім і сад;Сад;Ландшафтні будови;"Хозблоки, сараї для саду";https://prom.ua/ua/Hozbloki-sarai-dlya-sada;1252203
Дім і сад;Сад;Мобільні басейни;Каркасні басейни;https://prom.ua/ua/Karkasnye-bassejny;180806
Дім і сад;Сад;Мобільні басейни;"Мобільні басейни, загальне";https://prom.ua/ua/Bassejny-dlya-dachi-obschee;1252301
Дім і сад;Сад;Мобільні басейни;Надувні басейни;https://prom.ua/ua/Naduvnye-bassejny;1804
Дім і сад;Сад;Мінісільгосптехніка;Адаптери до мотоблоків;https://prom.ua/ua/Adaptery-k-motoblokam;125031805
Дім і сад;Сад;Мінісільгосптехніка;"Думпери, міні-самоскиди";https://prom.ua/ua/Dumpery-mini-samosvaly;1250360
Дім і сад;Сад;Мінісільгосптехніка;Комплектуючі для мінісільгосптехніки;https://prom.ua/ua/Komplektuyuschie-dlya-miniselhoztehniki;1250349
Дім і сад;Сад;Мінісільгосптехніка;Мотоблоки та культиватори;https://prom.ua/ua/Motobloki;125031801
Дім і сад;Сад;Мінісільгосптехніка;"Мінісільгосптехніка, загальне";https://prom.ua/ua/Drugaya-miniselhoztehnika;125031803
Дім і сад;Сад;Мінісільгосптехніка;Мінітрактори;https://prom.ua/ua/Minitraktory;125031806
Дім і сад;Сад;Мінісільгосптехніка;Навісне обладнання для мінісільгосптехніки;https://prom.ua/ua/Navesnoe-oborudovanie-dlya-motoblokov;1250340
Дім і сад;Сад;Мінісільгосптехніка;Причепи до мотоблоків;https://prom.ua/ua/Pritsepy-k-motoblokam;125031804
Дім і сад;Сад;Мінісільгосптехніка;"Трактори-газонокосарки, райдери";https://prom.ua/ua/Traktory-gazonokosilki-rajdery;14090203
Дім і сад;Сад;Обладнання для поливу;"Все для поливу, загальне";https://prom.ua/ua/Polivochnyj-inventar-obschee;1250330
Дім і сад;Сад;Обладнання для поливу;"Дощувателі, зрошувачі, крапельниці для поливу";https://prom.ua/ua/Dozhdevateli-i-orositeli-dlya-poliva;1250342
Дім і сад;Сад;Обладнання для поливу;"Котушки, візки для шлангів";https://prom.ua/ua/Katushki-telezhki-dlya-shlangov;1250339
Дім і сад;Сад;Обладнання для поливу;Набори для крапельного поливу;https://prom.ua/ua/Nabory-dlya-kapelnogo;1250359
Дім і сад;Сад;Обладнання для поливу;Обладнання автоматичного поливу;https://prom.ua/ua/Sistemy-orosheniya;12502
Дім і сад;Сад;Обладнання для поливу;Обладнання внесення добрив для систем зрошення;https://prom.ua/ua/Oborudovanie-vneseniya-udobrenij-dlya-sistem-orosheniya;1250347
Дім і сад;Сад;Обладнання для поливу;Пістолети і насадки для поливу;https://prom.ua/ua/Pistolety-i-nasadki-dlya-poliva;1250343
Дім і сад;Сад;Обладнання для поливу;Садові обприскувачі;https://prom.ua/ua/Sadovye-opryskivateli;1250317
Дім і сад;Сад;Обладнання для поливу;Фітинги та крани для поливальних систем;https://prom.ua/ua/Fitingi-i-krany-dlya-polivochnyh-sistem;1250346
Дім і сад;Сад;Обладнання для поливу;Шланги для поливу;https://prom.ua/ua/Polivochnye-shlangi;1250354
Дім і сад;Сад;Обладнання для саун і лазень;Комплектуючі для лазневого обладнання;https://prom.ua/ua/Komplektuyuschie-dlya-bannogo;150515
Дім і сад;Сад;Обладнання для саун і лазень;Купелі для саун і лазень;https://prom.ua/ua/Kupeli-dlya-saun-i-ban-1;150509
Дім і сад;Сад;Обладнання для саун і лазень;Меблі для саун і лазень;https://prom.ua/ua/Mebel-dlya-saun-i-ban;150332
Дім і сад;Сад;Обладнання для саун і лазень;Мобільні лазні;https://prom.ua/ua/Mobilnye-bani;150506
Дім і сад;Сад;Обладнання для саун і лазень;"Обладнання для саун і лазень, загальне";https://prom.ua/ua/Drugoe-dlya-saun;150503
Дім і сад;Сад;Обладнання для саун і лазень;Парогенератори для саун і лазень;https://prom.ua/ua/Parogeneratory-dlya-saun-i-ban;150504
Дім і сад;Сад;Обладнання для саун і лазень;Сауни;https://prom.ua/ua/Infrakrasnye-sauny;150507
Дім і сад;Сад;Обладнання для саун і лазень;Світильники для саун і лазень;https://prom.ua/ua/Svetilniki-dlya-saun-i-ban;150510
Дім і сад;Сад;Обладнання для фермерських продуктів;"Інкубатори побутові, обладнання для побутових інкубаторів";https://prom.ua/ua/Inkubatory-bytovye-oborudovanie-dlya-bytovyh-inkubatorov;151901
Дім і сад;Сад;Обладнання для фермерських продуктів;Дистилятори побутові та комплектуючі до них;https://prom.ua/ua/Distillyatory-bytovye;151907
Дім і сад;Сад;Обладнання для фермерських продуктів;Коптильні;https://prom.ua/ua/Koptilni;6300402
Дім і сад;Сад;Обладнання для фермерських продуктів;Обладнання для виробництва комбікормів;https://prom.ua/ua/Zernodrobilki-bytovye;151903
Дім і сад;Сад;Обладнання для фермерських продуктів;Обладнання для домашнього виноробства;https://prom.ua/ua/Oborudovanie-dlya-vinodeliya;12819
Дім і сад;Сад;Обладнання для фермерських продуктів;"Обладнання для фермерських продуктів, загальне";https://prom.ua/ua/Oborudovanie-dlya-fermerskih-produktov-obschee;151909
Дім і сад;Сад;Обладнання для фермерських продуктів;Побутові маслопреси ;https://prom.ua/ua/Maslopressy-bytovye;151904
Дім і сад;Сад;Обладнання для фермерських продуктів;Побутові сепаратори і олійниці;https://prom.ua/ua/Separatory-i-maslobojki-bytovye;6300412
Дім і сад;Сад;Обладнання для фермерських продуктів;"Поїлки, годівниці для домашньої птиці";https://prom.ua/ua/Poilki-kormushki-dlya-domashnej-ptitsy;151905
Дім і сад;Сад;Обладнання для фермерських продуктів;Сітки для сушки;https://prom.ua/ua/Sushilki-dlya-fermerskih-produktov;151910
Дім і сад;Сад;Обладнання для фермерських продуктів;Теплиці і комплектуючі до них;https://prom.ua/ua/Parniki;311703
Дім і сад;Сад;Плодознімачі і плодозбирачі;;https://prom.ua/ua/Plodosemniki-plodosborniki;12526
Дім і сад;Сад;"Сад, загальне";;https://prom.ua/ua/Drugie-tovary-dlya-sada;12599
Дім і сад;Сад;Садовий декор;Вазони садові;https://prom.ua/ua/Vazony-parkovye;130111
Дім і сад;Сад;Садовий декор;Декоративна тріска;https://prom.ua/ua/Dekorativnaya-schepa;151908
Дім і сад;Сад;Садовий декор;Ландшафтний камінь;https://prom.ua/ua/Landshaftnyj-kamen;1252402
Дім і сад;Сад;Садовий декор;"Обладнання та аксесуари для ставків, фонтанів";https://prom.ua/ua/Oborudovanie-i-aksessuary-dlya-prudov;130125
Дім і сад;Сад;Садовий декор;"Садовий декор, загальне";https://prom.ua/ua/Sadovyj-dekor-obschee;1252401
Дім і сад;Сад;Садовий декор;"Садові арки, шпалери і декоративні паркани ";https://prom.ua/ua/Sadovye-arki-shpalery;1252403
Дім і сад;Сад;Садовий декор;"Садові годівниці, шпаківні";https://prom.ua/ua/Kormushki-dlya-ptits;1250402
Дім і сад;Сад;Садовий декор;Садові доріжки;https://prom.ua/ua/Formy-dlya-sadovyh-dorozhek;1250350
Дім і сад;Сад;Садовий декор;"Садові, паркові скульптури";https://prom.ua/ua/Sadovye-parkovye-skulptury;130109
Дім і сад;Сад;Садовий декор;Фонтани садові;https://prom.ua/ua/Fontany;13120701
Дім і сад;Сад;Садовий інвентар і освітлення;Гасові та газові лампи;https://prom.ua/ua/Kerosinovye-lampy;152306
Дім і сад;Сад;Садовий інвентар і освітлення;Підв'язка та маркування рослин;https://prom.ua/ua/Podvyazka-rastenij;1250353
Дім і сад;Сад;Садовий інвентар і освітлення;"Садовий інвентар і освітлення, загальне";https://prom.ua/ua/Drugoj-selskohozyajstvennyj-i-sadovyj-instrument;1250399
Дім і сад;Сад;Садовий інвентар і освітлення;Садово-будівельні тачки;https://prom.ua/ua/Tachki-sadovo-stroitelnye;1250323
Дім і сад;Сад;Садовий інвентар і освітлення;Садові компостери;https://prom.ua/ua/Sadovye-kompostery;12521
Дім і сад;Сад;Садовий інвентар і освітлення;"Садові пилосмокти, повітродувки";https://prom.ua/ua/Pylesos-sadovyj;1250309
Дім і сад;Сад;Садовий інвентар і освітлення;Садові сітки;https://prom.ua/ua/Setki-plastikovye;800507
Дім і сад;Сад;Садові рослини і ґрунти; щеплення для рослин;https://prom.ua/ua/Privivka-dlya-rastenij;12412
Дім і сад;Сад;Садові рослини і ґрунти;Газони рулонні;https://prom.ua/ua/Gazony-rulonnye;1140108
Дім і сад;Сад;Садові рослини і ґрунти;Насіння і бульби трав і квітів;https://prom.ua/ua/Semena-tsvetov;1140216
Дім і сад;Сад;Садові рослини і ґрунти;"Насіння, саджанці та розсада";https://prom.ua/ua/Ovoschnye-kultury;12102
Дім і сад;Сад;Садові рослини і ґрунти;Розсада і саджанці квітів та трав;https://prom.ua/ua/Rassada-tsvetov;1140115
Дім і сад;Сад;Садові рослини і ґрунти;Рослини для ставка;https://prom.ua/ua/Rasteniya-dlya-pruda;12409
Дім і сад;Сад;Садові рослини і ґрунти;Саджанці дерев і чагарників;https://prom.ua/ua/Kustarniki-dekorativnye;1140105
Дім і сад;Сад;Садові рослини і ґрунти;"Садові рослини і ґрунти, загальне";https://prom.ua/ua/Drugie-rasteniya-komnatnye-i-tsvety;12406
Дім і сад;Сад;Садові рослини і ґрунти;"Субстрати, компости для рослин";https://prom.ua/ua/Substraty-komposty-dlya-rastenij;12520
Дім і сад;Сад;Садові рослини і ґрунти;"Термоізоляційні настили для рослин, агроволокно";https://prom.ua/ua/Termoizolyatsionnye-nastily-dlya-rastenij;12514
Дім і сад;Сад;Садові рослини і ґрунти;Фітостіни і фітомодулі;https://prom.ua/ua/Fitosteny-i-fitomoduli;11406
Дім і сад;Сад;Садові рослини і ґрунти;"Ялини, сосни натуральні";https://prom.ua/ua/Eli-sosny-naturalnye;11404
Дім і сад;Сад;Санвузли дачні;Ємності для душа;https://prom.ua/ua/Emkosti-dlya-dusha;13240210
Дім і сад;Сад;Санвузли дачні;Душові кабіни дачні та рукомийники;https://prom.ua/ua/Dushevye-kabiny-dachnye;13240209
Дім і сад;Сад;Санвузли дачні;"Санвузли дачні, загальне";https://prom.ua/ua/Sanuzly-dachnye-obschee;1252501
Дім і сад;Сад;Снігоприбиральний інвентар;Вуличні льодоруби;https://prom.ua/ua/Sadovye-ledoruby-ruchnye;1250332
Дім і сад;Сад;Снігоприбиральний інвентар;"Снігоприбиральний інвентар, загальне";https://prom.ua/ua/Snegouborochnyj-inventar-obschee;1250333
Дім і сад;Сад;Снігоприбиральний інвентар;Снігоприбирачі;https://prom.ua/ua/Snegouborschiki;1250316
Дім і сад;Сучасний будинок;Аксесуари для домофонного обладнання;;https://prom.ua/ua/Aksessuary-dlya-domofonnogo;153502
Дім і сад;Сучасний будинок;Датчики для розумного будинку;;https://prom.ua/ua/Datchiki-dlya-umnogo;153504
Дім і сад;Сучасний будинок;Домофони;;https://prom.ua/ua/Domofony-videodomofony;3029
Дім і сад;Сучасний будинок;Кодонабірні клавіатури;;https://prom.ua/ua/Klaviatury-kodonabornye;301305
Дім і сад;Сучасний будинок;Контролери розумного будинку;;https://prom.ua/ua/Kontrollery-umnogo-doma;153503
Дім і сад;Сучасний будинок;Охоронні системи та сигналізації;;https://prom.ua/ua/Ohrannye-sistemy-i-signalizatsii;302306
Дім і сад;Сучасний будинок;Системи відеонагляду;;https://prom.ua/ua/Sistema-videonablyudeniya;300410
Дім і сад;Сучасний будинок;Стаціонарні відеореєстратори;;https://prom.ua/ua/Videoregistratory;301101
Дім і сад;Сучасний будинок;"Сучасний будинок, загальне";;https://prom.ua/ua/Sovremennyj-dom-obschee;153501
Дім і сад;Текстиль;Декорація вікон;Аксесуари для штор;https://prom.ua/ua/Aksessuary-dlya-shtor;4050206
Дім і сад;Текстиль;Декорація вікон;Гардини;https://prom.ua/ua/Gardiny;4050202
Дім і сад;Текстиль;Декорація вікон;"Декорація вікон, загальне";https://prom.ua/ua/Drugie-okonnye-rollety-zhalyuzi-i-dekoratsiya-okon;153804
Дім і сад;Текстиль;Декорація вікон;Карнизи для штор;https://prom.ua/ua/Karnizy-dlya-shtor;15380302
Дім і сад;Текстиль;Декорація вікон;Комплектуючі для карнизів;https://prom.ua/ua/Aksessuary-i-komplektuyuschie-dlya-karnizov;15380322
Дім і сад;Текстиль;Декорація вікон;Ламбрекени;https://prom.ua/ua/Lambrekeny;4050203
Дім і сад;Текстиль;Декорація вікон;Панельні штори;https://prom.ua/ua/Panelnye-shtory;4050208
Дім і сад;Текстиль;Декорація вікон;Римські штори;https://prom.ua/ua/Rimskie-shtory;153807
Дім і сад;Текстиль;Декорація вікон;Рулонні штори;https://prom.ua/ua/Rulonnye-shtory;153805
Дім і сад;Текстиль;Декорація вікон;Фіранки з ниток і намистин;https://prom.ua/ua/Zanavesi-iz-nitej;4050205
Дім і сад;Текстиль;Декорація вікон;"Штори, портьєри";https://prom.ua/ua/Shtory;4050201
Дім і сад;Текстиль;Килими і килимки;Захисні килимки під крісла;https://prom.ua/ua/Zaschitnye-kovriki-pod-kresla;1523
Дім і сад;Текстиль;Килими і килимки;Килими;https://prom.ua/ua/Kovry-iz-sinteticheskih-materialov-;4050702
Дім і сад;Текстиль;Килими і килимки;"Килими та килимки, загальне";https://prom.ua/ua/Kovry-i-kovriki-obschee;4050701
Дім і сад;Текстиль;Килими і килимки;Килимки для ванної та туалету;https://prom.ua/ua/Kovriki-dlya-vannoj;154002
Дім і сад;Текстиль;Килими і килимки;Придверні килимки ;https://prom.ua/ua/Kovriki-pridvernye;40506
Дім і сад;Текстиль;Постільні приналежності;Електричні простирадла та ковдри;https://prom.ua/ua/Elektricheskie-prostyni-elektroodeyalo;16252401
Дім і сад;Текстиль;Постільні приналежності;Ковдри;https://prom.ua/ua/Odeyala;40602
Дім і сад;Текстиль;Постільні приналежності;Комплекти постільної білизни;https://prom.ua/ua/Postelnoe-bele;40601
Дім і сад;Текстиль;Постільні приналежності;Наволочки;https://prom.ua/ua/Navolochki;40608
Дім і сад;Текстиль;Постільні приналежності;Наматрацники;https://prom.ua/ua/Chehly-dlya-matrasov;15030704
Дім і сад;Текстиль;Постільні приналежності;Пледи та покривала;https://prom.ua/ua/Pledy;40501
Дім і сад;Текстиль;Постільні приналежності;Подушки;https://prom.ua/ua/Podushki;40603
Дім і сад;Текстиль;Постільні приналежності;"Постільна білизна, загальне";https://prom.ua/ua/Drugie-postelnye-prinadlezhnosti;40699
Дім і сад;Текстиль;Постільні приналежності;Простирадла;https://prom.ua/ua/Prostyni;40605
Дім і сад;Текстиль;Постільні приналежності;Підковдри;https://prom.ua/ua/Pododeyalniki;40609
Дім і сад;Текстиль;Рушники;Банні рушники;https://prom.ua/ua/Bannye-polotentsa;40305
Дім і сад;Текстиль;Рушники;Носові хустинки;https://prom.ua/ua/Nosovye-platki;40301
Дім і сад;Текстиль;Рушники;"Рушники, загальне";https://prom.ua/ua/Drugie-polotentsa;40310
Дім і сад;Текстиль;Текстиль для кухні;"Кухонні рукавиці, прихватки, грілки для чайників";https://prom.ua/ua/Rukavitsy-kuhonnye;15230413
Дім і сад;Текстиль;Текстиль для кухні;Кухонні рушники;https://prom.ua/ua/Kuhonnye-i-vafelnye-polotentsa;40303
Дім і сад;Текстиль;Текстиль для кухні;"Сервіровочні килимки, підставки";https://prom.ua/ua/Servirovochnye-kovriki-podstavki;4050705
Дім і сад;Текстиль;Текстиль для кухні;"Сервірувальні скатертини, серветки ";https://prom.ua/ua/Skaterti;40505
Дім і сад;Текстиль;Текстиль для кухні;"Текстиль для кухні, загальне";https://prom.ua/ua/Tekstil-dlya-kuhni-obschee;4051001
Дім і сад;Текстиль;Текстиль для кухні;Фартухи;https://prom.ua/ua/Fartuki-peredniki;15230401
Дім і сад;Текстиль;"Текстиль, загальне";;https://prom.ua/ua/Drugoj-domashnij-tekstil;40599
Дім і сад;Текстиль;Чохли для меблів;;https://prom.ua/ua/Mebelnye-chehly;370824
Електрообладнання;Батареї та акумулятори;Акумулятори загального призначення;;https://prom.ua/ua/Akkumulyatornye-bloki;5280501
Електрообладнання;Батареї та акумулятори;"Батарейні, акумуляторні відсіки";;https://prom.ua/ua/Batarejnye-akkumulyatornye-otseki;52810
Електрообладнання;Батареї та акумулятори;"Батареї та акумулятори, загальне";;https://prom.ua/ua/Drugie-batarei;52807
Електрообладнання;Батареї та акумулятори;Зарядні пристрої для акумуляторів;;https://prom.ua/ua/Zaryadnye-ustrojstva-dlya-akkumulyatorov;410201
Електрообладнання;Батареї та акумулятори;Тягові акумулятори;;https://prom.ua/ua/Tyagovye-akkmulyatory;52809
Електрообладнання;Генератори та електростанції;"Генератори та електростанції, загальне";;https://prom.ua/ua/Drugie-generatory;410499
Електрообладнання;Генератори та електростанції;Електрогенератори;;https://prom.ua/ua/Dizel-generatory;410402
Електрообладнання;Генератори та електростанції;Комплектуючі генераторів;;https://prom.ua/ua/Komplektuyuschie-generatorov;410405
Електрообладнання;Електродвигуни;;;https://prom.ua/ua/Servodvigateli;140405
Електрообладнання;Електронні компоненти;Активні компоненти;Інтегральні мікросхеми;https://prom.ua/ua/Integralnye-mikroshemy;400103
Електрообладнання;Електронні компоненти;Активні компоненти;"Активні компоненти, загальне";https://prom.ua/ua/Drugie-aktivnye-komponenty;400199
Електрообладнання;Електронні компоненти;Активні компоненти;Діоди;https://prom.ua/ua/Diody;400101
Електрообладнання;Електронні компоненти;Активні компоненти;Електровакуумні та електронно-променеві прилади;https://prom.ua/ua/Elektrovakuumnye-pribory;50201
Електрообладнання;Електронні компоненти;Активні компоненти;Тиристори та симістори;https://prom.ua/ua/Tiristory;400106
Електрообладнання;Електронні компоненти;Активні компоненти;Транзистори;https://prom.ua/ua/Tranzistory;400107
Електрообладнання;Електронні компоненти;"Електронні компоненти, загальне";;https://prom.ua/ua/Drugie-elektronnye-komponenty;4099
Електрообладнання;Електронні компоненти;Пасивні компоненти;Вентилятори та охолоджувачі для силових напівпровідників;https://prom.ua/ua/Ventilyatory-i-ohladiteli-dlya-silovyh-poluprovodnikov;400505
Електрообладнання;Електронні компоненти;Пасивні компоненти;Дроселі;https://prom.ua/ua/Drosseli;400501
Електрообладнання;Електронні компоненти;Пасивні компоненти;Друковані плати;https://prom.ua/ua/Pechatnye-platy;521
Електрообладнання;Електронні компоненти;Пасивні компоненти;Кварцові резонатори;https://prom.ua/ua/Kvartsevye-rezonatory;400507
Електрообладнання;Електронні компоненти;Пасивні компоненти;Конденсатори;https://prom.ua/ua/Kondensatory;141908
Електрообладнання;Електронні компоненти;Пасивні компоненти;"Контакти, роз'єми для плат";https://prom.ua/ua/Kontakty-razemy-i-kontaktnye-materialy;141915
Електрообладнання;Електронні компоненти;Пасивні компоненти;"Пасивні компоненти, загальне";https://prom.ua/ua/Drugie-passivnye-komponenty;400599
Електрообладнання;Електронні компоненти;Пасивні компоненти;Резистори;https://prom.ua/ua/Rezistory;400503
Електрообладнання;Електронні компоненти;Пасивні компоненти;Термозапобіжники;https://prom.ua/ua/Termopredohraniteli;400504
Електрообладнання;Електронні компоненти;Пасивні компоненти;Ферити та феритові вироби;https://prom.ua/ua/Ferrity-ferritovye-izdeliya;400506
Електрообладнання;"Електрообладнання, загальне";;;https://prom.ua/ua/Drugoe-elektrooborudovanie;516
Електрообладнання;Комплектуючі електрообладнання;;;https://prom.ua/ua/Komplektuyuschie-elektrooborudovaniya;141913
Електрообладнання;Компоненти асутп;"Комплектуючі для контакторів, пускачів";;https://prom.ua/ua/Komplektuyuschie-dlya-kontaktorov-puskatelej;51406
Електрообладнання;Компоненти асутп;Контактори та пускачі;;https://prom.ua/ua/Kontaktory;526
Електрообладнання;Компоненти асутп;Перетворювачі;Інвертори;https://prom.ua/ua/Invertory;5140401
Електрообладнання;Компоненти асутп;Перетворювачі;Конвертери;https://prom.ua/ua/Konvertory;5140402
Електрообладнання;Компоненти асутп;Перетворювачі;Перетворювачі частоти;https://prom.ua/ua/Preobrazovateli-chastoty;5140404
Електрообладнання;Компоненти асутп;Перетворювачі;"Перетворювачі, загальне";https://prom.ua/ua/Preobrazovateli-obschee;5140403
Електрообладнання;Компоненти асутп;Пристрої плавного пуску;;https://prom.ua/ua/Ustrojstva-plavnogo-puska;141501
Електрообладнання;Компоненти асутп;Програматори мікросхем;;https://prom.ua/ua/Programmatory-mikroshem;400302
Електрообладнання;Компоненти асутп;Програмовані контролери;;https://prom.ua/ua/Programmiruemye-kontrollery;504
Електрообладнання;Компоненти асутп;Регулятори співвідношення;;https://prom.ua/ua/Regulyatory-sootnosheniya;51402
Електрообладнання;Компоненти асутп;Реле;Імпульсні реле;https://prom.ua/ua/Rele-impulsnye;14190908
Електрообладнання;Компоненти асутп;Реле;"Автоматичні вимикачі, пзв";https://prom.ua/ua/Rele-differentsialnye;14190906
Електрообладнання;Компоненти асутп;Реле;Електромагнітне реле;https://prom.ua/ua/Elektromagnitnoe-rele;14190914
Електрообладнання;Компоненти асутп;Реле;Мікропроцесорні реле;https://prom.ua/ua/Rele-mikroprotsessornye;14190902
Електрообладнання;Компоненти асутп;Реле;Перемикачі потоків;https://prom.ua/ua/Pereklyuchateli-potokov-rele-rashoda;410602
Електрообладнання;Компоненти асутп;Реле;Проміжні реле;https://prom.ua/ua/Rele-promezhutochnye;14190907
Електрообладнання;Компоненти асутп;Реле;Радіатори для твердотільних реле;https://prom.ua/ua/Hadiatory-dlya-tverdotelnyh-rele;14190913
Електрообладнання;Компоненти асутп;Реле;Реле напруги;https://prom.ua/ua/Rele-napryazheniya;14190901
Електрообладнання;Компоненти асутп;Реле;Реле струму;https://prom.ua/ua/Rele-toka;14190903
Електрообладнання;Компоненти асутп;Реле;Реле температури;https://prom.ua/ua/Rele-temperatury;14190905
Електрообладнання;Компоненти асутп;Реле;Реле частоти;https://prom.ua/ua/Rele-chastoty;14190911
Електрообладнання;Компоненти асутп;Реле;Реле часу;https://prom.ua/ua/Rele-vremeni;410610
Електрообладнання;Компоненти асутп;Реле;Реле швидкості;https://prom.ua/ua/Rele-skorosti;14190909
Електрообладнання;Компоненти асутп;Реле;"Реле, загальне";https://prom.ua/ua/Drugie-rele;14190904
Електрообладнання;Компоненти асутп;Реле;Твердотільні реле;https://prom.ua/ua/Tverdotelnye-rele;14190912
Електрообладнання;Компоненти асутп;Реле;Фотореле;https://prom.ua/ua/Fotorele;14190910
Електрообладнання;Компоненти асутп;Системи автоматичного управління;;https://prom.ua/ua/Sistemy-avtomaticheskogo-upravleniya;51401
Електрообладнання;Монтажне обладнання;Арматура для леп;;https://prom.ua/ua/Armatura-dlya-lep;14190427
Електрообладнання;Монтажне обладнання;"Дріт, кабель, системи з'єднання";"Дріт, кабель, системи з'єднання, загальне";https://prom.ua/ua/Drugie-provoda-i-sistemy-soedineniya;14190499
Електрообладнання;Монтажне обладнання;"Дріт, кабель, системи з'єднання";Кабель для систем зв'язку;https://prom.ua/ua/Kabel-telefonnyj;7190605
Електрообладнання;Монтажне обладнання;"Дріт, кабель, системи з'єднання";Кабельні маркери;https://prom.ua/ua/Kabelnye-markery;14190442
Електрообладнання;Монтажне обладнання;"Дріт, кабель, системи з'єднання";Роз'єми та конектори;https://prom.ua/ua/Razemy-i-konnektory;14190406
Електрообладнання;Монтажне обладнання;"Дріт, кабель, системи з'єднання";"Силові кабелі, перемички";https://prom.ua/ua/Silovoj-kabel;14190408
Електрообладнання;Монтажне обладнання;"Дріт, кабель, системи з'єднання";"Шнури, перехідники";https://prom.ua/ua/Shnur-pitaniya;14190409
Електрообладнання;Монтажне обладнання;Електроізолятори;Електроізоляційні стрічки та трубки;https://prom.ua/ua/Elektroizolyatsionnaya-lenta;14190303
Електрообладнання;Монтажне обладнання;Елементи кріплення кабелю;;https://prom.ua/ua/Krepezhnye-materialy;5092905
Електрообладнання;Монтажне обладнання;Кабеленесучі системи;;https://prom.ua/ua/Korobki-montazhnye;5092913
Електрообладнання;Монтажне обладнання;Клавішні панелі;;https://prom.ua/ua/Klavishnye-paneli;525
Електрообладнання;Монтажне обладнання;Корпуси приладів;;https://prom.ua/ua/Pribornye-korpusa;5092916
Електрообладнання;Монтажне обладнання;Магістральні шинопроводи;;https://prom.ua/ua/Magistralnye-shinoprovody;5092914
Електрообладнання;Монтажне обладнання;"Монтажне обладнання, загальне";;https://prom.ua/ua/Drugoe-montazhnoe-oborudovanie;5092906
Електрообладнання;Монтажне обладнання;Монтажні шафи;;https://prom.ua/ua/Shkafy-servernye;70306
Електрообладнання;Монтажне обладнання;Мікроклімат для шаф;;https://prom.ua/ua/Mikroklimat-dlya-shkafov;5092915
Електрообладнання;Обладнання для електропостачання;"Ізолятори, розрядники";;https://prom.ua/ua/Razryadniki;410515
Електрообладнання;Обладнання для електропостачання;Блоки живлення;"Блоки живлення, загальне";https://prom.ua/ua/Drugie-bloki-pitaniya;14191108
Електрообладнання;Обладнання для електропостачання;Блоки живлення;Джерела безперебійного живлення (дбж);https://prom.ua/ua/Istochnik-besperebojnogo-pitaniya-ibp;14191106
Електрообладнання;Обладнання для електропостачання;Блоки живлення;"Комплектуючі для блоків живлення, дбж";https://prom.ua/ua/Zapchasti-i-komplektuyuschie-dlya-blokov-pitaniya-ibp;14191109
Електрообладнання;Обладнання для електропостачання;Блоки живлення;Промислові та побутові джерела живлення;https://prom.ua/ua/Promyshlennye-istochniki-pitaniya;14191103
Електрообладнання;Обладнання для електропостачання;Блоки живлення;Стабілізатори напруги;https://prom.ua/ua/Stabilizatoryregulyatory-napryazheniya;14191107
Електрообладнання;Обладнання для електропостачання;Запобіжники та їх компоненти;Аксесуари для запобіжників;https://prom.ua/ua/Aksessuary-dlya-predohranitelej;54003
Електрообладнання;Обладнання для електропостачання;Запобіжники та їх компоненти;Високовольтні запобіжники;https://prom.ua/ua/Vysokovoltnye-predohraniteli;54001
Електрообладнання;Обладнання для електропостачання;Запобіжники та їх компоненти;Низьковольтні запобіжники;https://prom.ua/ua/Nizkovoltnye-predohraniteli;54002
Електрообладнання;Обладнання для електропостачання;Компенсатори реактивної потужності;;https://prom.ua/ua/Kondensatornye-ustanovki;410514
Електрообладнання;Обладнання для електропостачання;"Обладнання для електропостачання, загальне";;https://prom.ua/ua/Drugoe-oborudovanie-dlya-elektrosnabzheniya;410502
Електрообладнання;Обладнання для електропостачання;Обладнання економії електроенергії;;https://prom.ua/ua/Oborudovanie-ekonomii-elektroenergii;410519
Електрообладнання;Обладнання для електропостачання;Трансформатори;Автотрансформатори;https://prom.ua/ua/Avtotransformatory;14190701
Електрообладнання;Обладнання для електропостачання;Трансформатори;Комплектуючі для трансформаторів;https://prom.ua/ua/Komplektuyuschie-dlya-transformatorov;14190710
Електрообладнання;Обладнання для електропостачання;Трансформатори;Трансформатори напруги;https://prom.ua/ua/Transformator-napryazheniya;14190703
Електрообладнання;Обладнання для електропостачання;Трансформатори;Трансформатори силові;https://prom.ua/ua/Transformatory-silovye;14190706
Електрообладнання;Обладнання для електропостачання;Трансформатори;Трансформатори струму;https://prom.ua/ua/Transformatory-toka;14190702
Електрообладнання;Обладнання для електропостачання;Трансформатори;"Трансформатори, загальне";https://prom.ua/ua/Drugie-transformatory;14190704
Електрообладнання;Обладнання для електропостачання;Трансформатори;Трансформаторні підстанції;https://prom.ua/ua/Transformatornye-podstantsii-komplektnye;410501
Електрообладнання;Обладнання для електропостачання;Щитове обладнання;;https://prom.ua/ua/Raspredelitelnye-schity;50904
Електрообладнання;"Освітлення, електрика";Led освітлення;;https://prom.ua/ua/Led-osveschenie;150426
Електрообладнання;"Освітлення, електрика";Аварійне освітлення;;https://prom.ua/ua/Avarijnoe-osveschenie;150411
Електрообладнання;"Освітлення, електрика";Вуличне освітлення;;https://prom.ua/ua/Naruzhnoe-osveschenie;150401
Електрообладнання;"Освітлення, електрика";Комплектуючі для освітлення та електрики;Електричні вилки;https://prom.ua/ua/Vilki-elektricheskie;53005
Електрообладнання;"Освітлення, електрика";Комплектуючі для освітлення та електрики;Електричні подовжувачі;https://prom.ua/ua/Udliniteli-elektricheskie;513
Електрообладнання;"Освітлення, електрика";Комплектуючі для освітлення та електрики;"Комплектуючі для освітлення та електрики, загальне";https://prom.ua/ua/Drugie-komplektuyuschie-dlya-svetovyh-priborov;53099
Електрообладнання;"Освітлення, електрика";Комплектуючі для освітлення та електрики;Контролери для світлодіодних стрічок;https://prom.ua/ua/Kontrollery-dlya-svetodiodnyh-lent;53007
Електрообладнання;"Освітлення, електрика";Комплектуючі для освітлення та електрики;Патрони для ламп;https://prom.ua/ua/Derzhateli-dlya-lamp;390201
Електрообладнання;"Освітлення, електрика";Комплектуючі для освітлення та електрики;"Плафони, абажури для ламп";https://prom.ua/ua/Plafony-dlya-lamp;53002
Електрообладнання;"Освітлення, електрика";Комплектуючі для освітлення та електрики;Пускорегулюючі апарати;https://prom.ua/ua/Ballast;150413
Електрообладнання;"Освітлення, електрика";Комплектуючі для освітлення та електрики;"Світлодіодні пікселі, модулі";https://prom.ua/ua/Svetodiodnye-pikseli-moduli;53008
Електрообладнання;"Освітлення, електрика";Опори зовнішнього освітлення;;https://prom.ua/ua/Opory-naruzhnogo-osvescheniya;150425
Електрообладнання;"Освітлення, електрика";"Освітлення, електрика, загальне";;https://prom.ua/ua/Osveschenie-elektrika-obschee;3999
Електрообладнання;"Освітлення, електрика";Офісно-торгове освітлення;;https://prom.ua/ua/Ofisno-administrativnoe-osveschenie;150417
Електрообладнання;"Освітлення, електрика";Промислове освітлення;;https://prom.ua/ua/Promyshlennoe-osveschenie;150405
Електрообладнання;Технічні вимикачі;Dip перемикачі;;https://prom.ua/ua/Dip-pereklyuchateli;410601
Електрообладнання;Технічні вимикачі;Високовольтні вимикачі;;https://prom.ua/ua/Vakuumnye-vyklyuchateli;14190601
Електрообладнання;Технічні вимикачі;Двохпозиційні перемикачі;;https://prom.ua/ua/Dvuhpozitsionnye-pereklyuchateli;410607
Електрообладнання;Технічні вимикачі;Дистанційні вимикачі;;https://prom.ua/ua/Distantsionnye-vyklyuchateli;410606
Електрообладнання;Технічні вимикачі;Кнопкові вимикачі;;https://prom.ua/ua/Knopochnye-vyklyuchateli;410605
Електрообладнання;Технічні вимикачі;Кінцеві вимикачі;;https://prom.ua/ua/Kontsevye-vyklyuchateli;410603
Електрообладнання;Технічні вимикачі;Пакетні вимикачі;;https://prom.ua/ua/Paketnye-vyklyuchateli;410608
Електрообладнання;Технічні вимикачі;Пневматичні вимикачі;;https://prom.ua/ua/Pnevmaticheskie-vyklyuchateli;410604
Електрообладнання;Технічні вимикачі;Повзункові вимикачі;;https://prom.ua/ua/Polzunkovye-vyklyuchateli;410609
Електрообладнання;Технічні вимикачі;Роз'єднувачі;;https://prom.ua/ua/Razediniteli;410516
Електрообладнання;Технічні вимикачі;Рубильники;;https://prom.ua/ua/Rubilniki;14190603
Електрообладнання;Технічні вимикачі;"Технічні вимикачі, загальне";;https://prom.ua/ua/Drugie-vyklyuchateli;410699
Електрообладнання;Технічні вимикачі;Тумблери;;https://prom.ua/ua/Tumblery;410611
Захист навколишнього середовища;"Захист навколишнього середовища, загальне";;;https://prom.ua/ua/Drugaya-zaschita-okruzhayuschej-sredy;1107
Захист навколишнього середовища;Послуги аналізу та очищення води;;;https://prom.ua/ua/Ochistka-vody;1101
Захист навколишнього середовища;Прийом та переробка вторсировини;;;https://prom.ua/ua/Lom-metalla;110502
Захист навколишнього середовища;Утилізація відходів;;;https://prom.ua/ua/Utilizatsiya-othodov;1104
Зоотовари;Ветеринарія;Ветеринарне обладнання;;https://prom.ua/ua/Oborudovanie-veterinarnoe;2704
Зоотовари;Ветеринарія;Ветеринарні засоби та препарати;Антигістамінні ветеринарні препарати;https://prom.ua/ua/Antigistaminnye-veterinarnye-preparaty;270502
Зоотовари;Ветеринарія;Ветеринарні засоби та препарати;Антипаразитарні засоби для тварин;https://prom.ua/ua/Antiparazitarnye-veterinarnye-preparaty;270523
Зоотовари;Ветеринарія;Ветеринарні засоби та препарати;Антисептичні ветеринарні препарати;https://prom.ua/ua/Antisepticheskie-veterinarnye-preparaty;270524
Зоотовари;Ветеринарія;Ветеринарні засоби та препарати;Вакцини для тварин;https://prom.ua/ua/Vaktsiny-dlya-zhivotnyh;270525
Зоотовари;Ветеринарія;Ветеринарні засоби та препарати;Ветеринарні антибіотики та антимікробні препарати;https://prom.ua/ua/Veterinarnye-antibiotiki;270501
Зоотовари;Ветеринарія;Ветеринарні засоби та препарати;Ветеринарні засоби для очей і вух;https://prom.ua/ua/Veterinarnye-sredstva-dlya-glaz-i-ushej;270521
Зоотовари;Ветеринарія;Ветеринарні засоби та препарати;"Ветеринарні засоби та препарати, загальне";https://prom.ua/ua/Veterinarnye-sredstva-i-preparaty-obschee;270522
Зоотовари;Ветеринарія;Ветеринарні засоби та препарати;Ветеринарні контрацептиви;https://prom.ua/ua/Veterinarnye-kontratseptivy;270509
Зоотовари;Ветеринарія;Ветеринарні засоби та препарати;Ветеринарні препарати для лікування сечокам'яної хвороби;https://prom.ua/ua/Veterinarnye-preparaty-dlya-lecheniya-mochekamennoj-b-ni;270514
Зоотовари;Ветеринарія;Ветеринарні засоби та препарати;Ветеринарні препарати для опорно-рухового апарату;https://prom.ua/ua/Veterinarnye-preparaty-dlya-oporno-dvigatelnogo-apparata;270515
Зоотовари;Ветеринарія;Ветеринарні засоби та препарати;Ветеринарні імуностимулятори;https://prom.ua/ua/Veterinarnye-immunostimulyatory;270506
Зоотовари;Ветеринарія;Ветеринарні засоби та препарати;Вітаміни для тварин;https://prom.ua/ua/Vitaminnye-veterinarnye-preparaty;270503
Зоотовари;Ветеринарія;Ветеринарні засоби та препарати;Гепатопротектори для тварин;https://prom.ua/ua/Gepatoprotektory;270504
Зоотовари;Ветеринарія;Ветеринарні засоби та препарати;Гомеопатичні ветеринарні препарати;https://prom.ua/ua/Gomeopaticheskie-veterinarnye-preparaty;270505
Зоотовари;Ветеринарія;Ветеринарні засоби та препарати;"Гормональні, маткові і протимаститні препарати";https://prom.ua/ua/Gormonalnye-matochnye-i-protivomastitnye-preparaty;270526
Зоотовари;Ветеринарія;Ветеринарні засоби та препарати;Кардіопротектори для тварин;https://prom.ua/ua/Kardioprotektory-dlya-zhivotnyh;270507
Зоотовари;Ветеринарія;Ветеринарні засоби та препарати;Кортикостероїди для тварин;https://prom.ua/ua/Kortikosteroidy-dlya-zhivotnyh;270508
Зоотовари;Ветеринарія;Ветеринарні засоби та препарати;Мазі для тварин;https://prom.ua/ua/Mazi-dlya-zhivotnyh;270510
Зоотовари;Ветеринарія;Ветеринарні засоби та препарати;Нестероїдні протизапальні препарати для тварин;https://prom.ua/ua/Nesteroidnye-protivovospalitelnye-preparaty-dlya-zhivotnyh;270511
Зоотовари;Ветеринарія;Ветеринарні засоби та препарати;Пробіотики для тварин;https://prom.ua/ua/Probiotiki-dlya-zhivotnyh;270518
Зоотовари;Ветеринарія;Ветеринарні засоби та препарати;Протигрибкові ветеринарні препарати;https://prom.ua/ua/Protivogribkovye-veterinarnye-preparaty;270516
Зоотовари;Ветеринарія;Ветеринарні засоби та препарати;Протипухлинні ветеринарні препарати;https://prom.ua/ua/Protivoopuholevye-veterinarnye-preparaty;270517
Зоотовари;Ветеринарія;Ветеринарні засоби та препарати;Післяопераційні засоби догляду за тваринами;https://prom.ua/ua/Posleoperatsionnye-sredstva-uhoda-za-zhivotnymi;270513
Зоотовари;Ветеринарія;Ветеринарні засоби та препарати;Седативні препарати для тварин;https://prom.ua/ua/Sedativnye-preparaty-dlya-zhivotnyh;270519
Зоотовари;Ветеринарія;Ветеринарні засоби та препарати;Спазмолітики для тварин;https://prom.ua/ua/Spazmolitiki-dlya-zhivotnyh;270520
Зоотовари;Ветеринарія;Ветеринарні інструменти та інвентар;;https://prom.ua/ua/Veterinarnye-instrumenty;2714
Зоотовари;Ветеринарія;"Ветеринарія, загальне";;https://prom.ua/ua/Veterinariya-obschee;271701
Зоотовари;"Домашні тварини та зоотовари, загальне";;;https://prom.ua/ua/Drugie-domashnie-zhivotnye-i-nasekomye;2710
Зоотовари;Домашні тварини та комахи;;;https://prom.ua/ua/Domashnie-ptitsy;2709
Зоотовари;"Нашийники від бліх, кліщів для тварин";;;https://prom.ua/ua/Oshejniki-bloh-kleschej;2718
Зоотовари;Товари для домашніх тварин і птахів;Автомобільні підстилки і гамаки для собак;;https://prom.ua/ua/Avtomobilnye-podstilki-gamaki;270259
Зоотовари;Товари для домашніх тварин і птахів;Аксесуари для дресирування собак;;https://prom.ua/ua/Aksessuary-dlya-ohotnichih-sobak;180305
Зоотовари;Товари для домашніх тварин і птахів;Будки і вольєри для тварин;;https://prom.ua/ua/Budki;181203
Зоотовари;Товари для домашніх тварин і птахів;Годування домашніх тварин і птахів;"Годування домашніх тварин і птахів, загальне";https://prom.ua/ua/Kormlenie-obschee;270249
Зоотовари;Товари для домашніх тварин і птахів;Годування домашніх тварин і птахів;"Годівниці, поїлки та миски для домашніх тварин і птахів";https://prom.ua/ua/Kormushki-poilki-dlya-domashnih-zhivotnyh;270204
Зоотовари;Товари для домашніх тварин і птахів;Годування домашніх тварин і птахів;Корми та ласощі для домашніх тварин і птахів;https://prom.ua/ua/Korma-dlya-domashnih-zhivotnyh;2701
Зоотовари;Товари для домашніх тварин і птахів;Обладнання для майданчиків для вигулу і тренувань тварин;;https://prom.ua/ua/Ploschadki-dlya-vygula-zhivotnyh;270206
Зоотовари;Товари для домашніх тварин і птахів;Одяг для домашніх тварин;Біжутерія і аксесуари для тварин;https://prom.ua/ua/Bizhuteriya-zakolki-bantiki-dlya-zhivotnyh;270219
Зоотовари;Товари для домашніх тварин і птахів;Одяг для домашніх тварин;Взуття та шкарпетки для тварин;https://prom.ua/ua/Obuv-nosochki-tapochki-dlya-zhivotnyh;270220
Зоотовари;Товари для домашніх тварин і птахів;Одяг для домашніх тварин;"Головні убори, шарфи для тварин";https://prom.ua/ua/Golovnye-ubory-dlya-zhivotnyh;270223
Зоотовари;Товари для домашніх тварин і птахів;Одяг для домашніх тварин;"Куртки, комбінезони та дощовики для тварин";https://prom.ua/ua/Kurtochki-zimnie-demisezonnye-dlya-zhivotnyh;270210
Зоотовари;Товари для домашніх тварин і птахів;Одяг для домашніх тварин;"Одяг для домашніх тварин, загальне";https://prom.ua/ua/Odezhda-dlya-domashnih-zhivotnyh-obschee;270224
Зоотовари;Товари для домашніх тварин і птахів;Одяг для домашніх тварин;Светри і футболки для тварин;https://prom.ua/ua/Tolstovki-svitera-dlya-zhivotnyh;270215
Зоотовари;Товари для домашніх тварин і птахів;Одяг для домашніх тварин;"Сукні, брюки і костюми для тварин";https://prom.ua/ua/Platya-dlya-zhivotnyh;270217
Зоотовари;Товари для домашніх тварин і птахів;Ритуальні товари для тварин;;https://prom.ua/ua/Urna-dlya-praha;270261
Зоотовари;Товари для домашніх тварин і птахів;Товари для догляду за домашніми тваринами;Засоби для гігієни тварин;https://prom.ua/ua/Sredstva-uhoda-za-zhivotnymi;2703
Зоотовари;Товари для домашніх тварин і птахів;Товари для догляду за домашніми тваринами;Наповнювачі для туалетів і кліток;https://prom.ua/ua/Napolniteli-dlya-tualetov;270205
Зоотовари;Товари для домашніх тварин і птахів;Товари для догляду за домашніми тваринами;Обладнання та інструменти для грумінгу;https://prom.ua/ua/Oborudovanie-i-instrumenty-dlya-gruminga;181204
Зоотовари;Товари для домашніх тварин і птахів;Товари для догляду за домашніми тваринами;Розумні спреї;https://prom.ua/ua/Umnye-sprei;270256
Зоотовари;Товари для домашніх тварин і птахів;Товари для догляду за домашніми тваринами;"Товари для догляду за домашніми тваринами, загальне";https://prom.ua/ua/Tovary-dlya-uhoda-za-domashnimi-zhivotnymi-obschee;270253
Зоотовари;Товари для домашніх тварин і птахів;Товари для догляду за домашніми тваринами;Туалетні лотки для тварин і аксесуари;https://prom.ua/ua/Tualetnye-lotki-dlya-zhivotnyh;270225
Зоотовари;Товари для домашніх тварин і птахів;"Товари для домашніх тварин і птахів, загальне";;https://prom.ua/ua/Drugie-zootovary;270207
Зоотовари;Товари для домашніх тварин і птахів;Товари для комфорту домашніх тварин;Іграшки для домашніх тварин;https://prom.ua/ua/Igrushki-dlya-domashnih-zhivotnyh;270202
Зоотовари;Товари для домашніх тварин і птахів;Товари для комфорту домашніх тварин;Будиночки для домашніх тварин;https://prom.ua/ua/Domiki-dlya-domashnih-zhivotnyh;181208
Зоотовари;Товари для домашніх тварин і птахів;Товари для комфорту домашніх тварин;Дверцята для собак і кішок;https://prom.ua/ua/Dveri-dlya-sobak-koshek;181209
Зоотовари;Товари для домашніх тварин і птахів;Товари для комфорту домашніх тварин;Клітки та аксесуари для гризунів і птахів;https://prom.ua/ua/Kletki-dlya-zhivotnyh;270201
Зоотовари;Товари для домашніх тварин і птахів;Товари для комфорту домашніх тварин;Кігтеточки;https://prom.ua/ua/Kogtetochki-1;270228
Зоотовари;Товари для домашніх тварин і птахів;Товари для комфорту домашніх тварин;Спальні місця для домашніх тварин;https://prom.ua/ua/Lezhanki-i-podstilki-dlya-domashnih-zhivotnyh;181206
Зоотовари;Товари для домашніх тварин і птахів;Товари для комфорту домашніх тварин;"Товари для комфорт домашніх тварин, загальне";https://prom.ua/ua/Domashnij-uyut-obschee;270255
Зоотовари;Товари для домашніх тварин і птахів;Товари для прогулянок і подорожей з тваринами;"Медальйони, адресники для домашніх тварин";https://prom.ua/ua/Medalony-adresniki-dlya-domashnih-zhivotnyh;270258
Зоотовари;Товари для домашніх тварин і птахів;Товари для прогулянок і подорожей з тваринами;"Повідки, нашийники, намордники, шлейки";https://prom.ua/ua/Povodki-oshejniki;181205
Зоотовари;Товари для домашніх тварин і птахів;Товари для прогулянок і подорожей з тваринами;Сумки і контейнери для перенесення домашніх тварин;https://prom.ua/ua/Sumki-dlya-perenosa-domashnih-zhivotnyh;181201
Зоотовари;Товари для домашніх тварин і птахів;Товари для прогулянок і подорожей з тваринами;Тактична амуніція для тварин;https://prom.ua/ua/Takticheskaya-odezhda-obuv-dlya-zhivotnyh;270260
Зоотовари;Товари для домашніх тварин і птахів;Товари для прогулянок і подорожей з тваринами;"Товари для прогулянок і подорожей з тваринами, загальне";https://prom.ua/ua/Progulki-i-puteshestviya-obschee;270251
Зоотовари;Товари для рептилій і комах;Мурашині ферми і комплектуючі до них;;https://prom.ua/ua/Muravinye-fermy-i-komplektuyuschie-k-nim;271612
Зоотовари;Товари для рептилій і комах;Тераріуми та приналежності до них;Інвентар для тераріуму;https://prom.ua/ua/Inventar-dlya-terrariuma;271604
Зоотовари;Товари для рептилій і комах;Тераріуми та приналежності до них;Корми для рептилій та комах;https://prom.ua/ua/Korma-dlya-reptilij-i-nasekomyh;271606
Зоотовари;Товари для рептилій і комах;Тераріуми та приналежності до них;Освітлення і обігрів для тераріуму;https://prom.ua/ua/Osveschenie-i-obogrev-dlya-terrariumov;271602
Зоотовари;Товари для рептилій і комах;Тераріуми та приналежності до них;Прилади для підтримки і контролю вологості в тераріумі;https://prom.ua/ua/Pribory-dlya-podderzhaniya-i-kontrolya-vlazhnosti-v-terrariume;271603
Зоотовари;Товари для рептилій і комах;Тераріуми та приналежності до них;"Рослини, декорації і наповнювачі для тераріуму";https://prom.ua/ua/Rasteniya-dekoratsii-i-napolniteli-dlya-terrariuma;271605
Зоотовари;Товари для рептилій і комах;Тераріуми та приналежності до них;Тераріуми;https://prom.ua/ua/Terrariumy;271607
Зоотовари;Товари для рептилій і комах;Тераріуми та приналежності до них;"Тераріуми і приналежності до них, загальне";https://prom.ua/ua/Terrariumy-i-prinadlezhnosti-k-nim-obschee;271608
Зоотовари;Товари для рептилій і комах;"Товари для домашніх риб, рептилійта комах, загальне";;https://prom.ua/ua/Tovary-dlya-domashnih-ryb-reptilij-i-nasekomyh-obschee;271610
Зоотовари;Товари для риб;Інвентар для акваріума;;https://prom.ua/ua/Inventar-dlya-akvariuma;270239
Зоотовари;Товари для риб;Акваріуми;;https://prom.ua/ua/Akvariumy;371004
Зоотовари;Товари для риб;Акваріумна хімія;;https://prom.ua/ua/Akvariumnaya-himiya;270242
Зоотовари;Товари для риб;Корми для риб;;https://prom.ua/ua/Korma-dlya-akvariumnyh-ryb;270245
Зоотовари;Товари для риб;"Насоси, помпи і компресори для акваріума";;https://prom.ua/ua/Nasosy-pompy-i-kompressory-dlya-akvariuma;270238
Зоотовари;Товари для риб;Обігрів і охолодження акваріума;;https://prom.ua/ua/Obogrevateli-dlya-akvariumov;270236
Зоотовари;Товари для риб;Освітлення для акваріумів;;https://prom.ua/ua/Osveschenie-dlya-akvariumov;270234
Зоотовари;Товари для риб;"Рослини, декорації, грунти для акваріума";;https://prom.ua/ua/Rasteniya-dekoratsii-grunty-dlya-akvariuma;270237
Зоотовари;Товари для риб;Со2 обладнання для акваріума;;https://prom.ua/ua/So2-oborudovanie-dlya-akvariuma;270240
Зоотовари;Товари для риб;Ставкова хімія;;https://prom.ua/ua/Prudovaya-himiya;270257
Зоотовари;Товари для риб;Стерилізатори для акваріума;;https://prom.ua/ua/Uv-sterilizatory-dlya-akvariuma;270241
Зоотовари;Товари для риб;"Товари для риб, загальне";;https://prom.ua/ua/Tovary-dlya-akvariuma-obschee;270233
Зоотовари;Товари для риб;Тумби та піддони під акваріум;;https://prom.ua/ua/Tumby-pod-akvarium;270247
Зоотовари;Товари для риб;Фільтри для акваріума;;https://prom.ua/ua/Filtry-dlya-akvariuma;270235
Канцтовари;Витратні матеріали для офісу;"Витратні матеріали для офісу, загальне";;https://prom.ua/ua/Drugie-rashodnye-materialy-dlya-ofisa;211302
Канцтовари;Витратні матеріали для офісу;Гумки для грошей;;https://prom.ua/ua/Rezinki-dlya-deneg;211124
Канцтовари;Витратні матеріали для офісу;Діркопробивачі;;https://prom.ua/ua/Dyrokoly-kantselyarskie;211127
Канцтовари;Витратні матеріали для офісу;Канцелярський клей ;;https://prom.ua/ua/Klej-kantselyarskij;211121
Канцтовари;Витратні матеріали для офісу;Канцелярський і пакувальний скотч ;;https://prom.ua/ua/Skotch-i-klej;211108
Канцтовари;Витратні матеріали для офісу;Канцелярські ножі і ножиці ;;https://prom.ua/ua/Nozhnitsy-kantselyarskie;211116
Канцтовари;Витратні матеріали для офісу;Канцелярські скріпки/кнопки ;;https://prom.ua/ua/Skrepki-i-steplery;211101
Канцтовари;Витратні матеріали для офісу;Канцелярські степлери ;;https://prom.ua/ua/Steplery-kantselyarskie;211126
Канцтовари;Витратні матеріали для офісу;Скоби для канцелярських степлерів;;https://prom.ua/ua/Skoby-dlya-steplera;211122
Канцтовари;Все для діловодства;Бейджі і аксесуари до них;;https://prom.ua/ua/Bejdzhi-i-aksessuary;211112
Канцтовари;Все для діловодства;Бланки документів;;https://prom.ua/ua/Buhgalterskie-knigi-i-blanki;211301
Канцтовари;Все для діловодства;"Все для діловодства, загальне";;https://prom.ua/ua/Drugie-kantstovary;211199
Канцтовари;Все для діловодства;Датери;;https://prom.ua/ua/Datiruyuschee-ustrojstva-datery;143201
Канцтовари;Все для діловодства;Диспенсери для скріпок і скотча;;https://prom.ua/ua/Dispensery-dlya-skrepok;211131
Канцтовари;Все для діловодства;Канцелярське покриття на стіл;;https://prom.ua/ua/Kantselyarskie-pokrytiya-na-stol;211132
Канцтовари;Все для діловодства;Канцелярські лотки ;;https://prom.ua/ua/Nastolnye-prinadlezhnosti;211114
Канцтовари;Все для діловодства;Набори канцтоварів;;https://prom.ua/ua/Podarochnye-nabory-kantstovarov;21110711
Канцтовари;Все для діловодства;Тубуси для паперу і креслень;;https://prom.ua/ua/Tubusy-dlya-bumagi-i-chertezhej;211137
Канцтовари;Все для діловодства;Файли і папки;;https://prom.ua/ua/Fajly-i-papki;211110
Канцтовари;Все для діловодства;Штемпельна продукція;;https://prom.ua/ua/Shtempelnye-kraski;211304
Канцтовари;"Канцтовари, загальне";;;https://prom.ua/ua/Kantstovary-obschee;9201
Канцтовари;Папір та паперові вироби;Конверти ;;https://prom.ua/ua/Konverty;211103
Канцтовари;Папір та паперові вироби;"Органайзери, щоденники, блокноти";;https://prom.ua/ua/Bloknoty-ezhednevniki;211105
Канцтовари;Папір та паперові вироби;Офісний та поліграфічний папір;;https://prom.ua/ua/Ofisnaya-bumaga;2112
Канцтовари;Папір та паперові вироби;"Паперові вироби для офісу, загальне";;https://prom.ua/ua/Bumazhnye-izdeliya-dlya-ofisa-obschee;212201
Канцтовари;Папір та паперові вироби;Стікери;;https://prom.ua/ua/Naklejki-stikery;211104
Канцтовари;Письмове приладдя;Аксесуари для ручок і олівців;;https://prom.ua/ua/Aksessuary-dlya-ruchek-i-karandashej;21110709
Канцтовари;Письмове приладдя;Гумки;;https://prom.ua/ua/Lastiki-stiratelnye-rezinki;211201
Канцтовари;Письмове приладдя;Канцелярські ручки ;;https://prom.ua/ua/Ruchki-kantselyarskie;211129
Канцтовари;Письмове приладдя;Коректори;;https://prom.ua/ua/Korrektory;211109
Канцтовари;Письмове приладдя;"Маркери, фломастери";;https://prom.ua/ua/Markery;21110705
Канцтовари;Письмове приладдя;Олівці;;https://prom.ua/ua/Karandashi;21110708
Канцтовари;Письмове приладдя;"Письмове приладдя, загальне";;https://prom.ua/ua/Pismennye-prinadlezhnosti-obschee;212101
Канцтовари;Письмове приладдя;Підставки для канцелярського приладдя;;https://prom.ua/ua/Podstavki-dlya-kantselyarskih-prinadlezhnostej;212102
Канцтовари;Шкільне приладдя;"Закладки для книг, наліпки";;https://prom.ua/ua/Zakladki-dlya-knig;211119
Канцтовари;Шкільне приладдя;Зошити і щоденники;;https://prom.ua/ua/Tetradi-uchenicheskie;211118
Канцтовари;Шкільне приладдя;Лінійки і кутники;;https://prom.ua/ua/Linejki-i-ugolniki;21111113
Канцтовари;Шкільне приладдя;Набори першокласника;;https://prom.ua/ua/Nabory-pervoklassnika;15011908
Канцтовари;Шкільне приладдя;Нотні зошити;;https://prom.ua/ua/Notnye-tetradi;15011906
Канцтовари;Шкільне приладдя;"Обкладинки для книжок, зошитів";;https://prom.ua/ua/Oblozhki-dlya-knig-tetradej;15011907
Канцтовари;Шкільне приладдя;Підставки для книг;;https://prom.ua/ua/Podstavki-dlya-knig;15011901
Канцтовари;Шкільне приладдя;"Циркулі, готовальні";;https://prom.ua/ua/Tsirkuli;21111104
Канцтовари;Шкільне приладдя;"Шкільне приладдя, загальне";;https://prom.ua/ua/Shkolnye-prinadlezhnosti-obschee;920201
Канцтовари;Шкільне приладдя;Шкільні папки;;https://prom.ua/ua/Papki-portfeli-destkie;15011910
Канцтовари;Шкільне приладдя;Шкільні пенали ;;https://prom.ua/ua/Penaly;211113
Контрольно-вимірювальні прилади;Вагове обладнання;Ваги автомобільні;;https://prom.ua/ua/Vesy-avtomobilnye;15371101
Контрольно-вимірювальні прилади;Вагове обладнання;Ваги бункерні;;https://prom.ua/ua/Vesy-bunkernye;15371110
Контрольно-вимірювальні прилади;Вагове обладнання;Ваги для зважування тварин;;https://prom.ua/ua/Vesy-dlya-vzveshivaniya-zhivotnyh;15371106
Контрольно-вимірювальні прилади;Вагове обладнання;"Ваги медичні, ростоміри";;https://prom.ua/ua/Vesy-meditsinskie;15371117
Контрольно-вимірювальні прилади;Вагове обладнання;Ваги рахункові;;https://prom.ua/ua/Vesy-schetnye;15371102
Контрольно-вимірювальні прилади;Вагове обладнання;Ваги торгові;;https://prom.ua/ua/Vesy-torgovye;15371107
Контрольно-вимірювальні прилади;Вагове обладнання;Ваги чекодрукуючі;;https://prom.ua/ua/Vesy-chekopechatayuschie;15371120
Контрольно-вимірювальні прилади;Вагове обладнання;Ваги ювелірні;;https://prom.ua/ua/Vesy-yuvelirnye;15371103
Контрольно-вимірювальні прилади;Вагове обладнання;"Ваги, загальне";;https://prom.ua/ua/Drugie-vesy;15371109
Контрольно-вимірювальні прилади;Вагове обладнання;Вагонні ваги;;https://prom.ua/ua/Vagonnye-vesy;15371105
Контрольно-вимірювальні прилади;Вагове обладнання;Дорожні ваги;;https://prom.ua/ua/Dorozhnye-vesy;15371122
Контрольно-вимірювальні прилади;Вагове обладнання;Комплектуючі для ваг;Ваговимірювальні датчики;https://prom.ua/ua/Vesoizmeritelnye-datchiki;15371115
Контрольно-вимірювальні прилади;Вагове обладнання;Комплектуючі для ваг;Вагові індикатори;https://prom.ua/ua/Vesovye-indikatory;15371114
Контрольно-вимірювальні прилади;Вагове обладнання;Комплектуючі для ваг;Гирі еталонні;https://prom.ua/ua/Giri-etalonnye;15371113
Контрольно-вимірювальні прилади;Вагове обладнання;Комплектуючі для ваг;"Комплектуючі для ваг, загальне";https://prom.ua/ua/Drugie-komplektuyuschie-dlya-vesov;15371116
Контрольно-вимірювальні прилади;Вагове обладнання;Конвеєрні ваги та комплектуючі до них;;https://prom.ua/ua/Konvejernye-vesy-komplektuyuschie;15371121
Контрольно-вимірювальні прилади;Вагове обладнання;Кранові ваги;;https://prom.ua/ua/Kranovye-vesy;15371119
Контрольно-вимірювальні прилади;Вимірювальний і калібрувальний інструмент;"Вимірювальний інструмент, загальне";;https://prom.ua/ua/Drugoj-izmeritelnyj-instrument;14200699
Контрольно-вимірювальні прилади;Вимірювальний і калібрувальний інструмент;Гідрорівні;;https://prom.ua/ua/Gidrouroveni;14200607
Контрольно-вимірювальні прилади;Вимірювальний і калібрувальний інструмент;Калібри;;https://prom.ua/ua/Kalibry;14200609
Контрольно-вимірювальні прилади;Вимірювальний і калібрувальний інструмент;Координатно-вимірювальні машини;;https://prom.ua/ua/Koordinatno-izmeritelnye-mashiny;14200606
Контрольно-вимірювальні прилади;Вимірювальний і калібрувальний інструмент;Кінцеві міри довжини;;https://prom.ua/ua/Kontsevye-mery-dliny;14200611
Контрольно-вимірювальні прилади;"Вимірювальні прилади, загальне";;;https://prom.ua/ua/Drugie-izmeritelnye-pribory;153712
Контрольно-вимірювальні прилади;Вимірювачі фізичних параметрів;Адгезіметром;;https://prom.ua/ua/Adgezimetry;15370610
Контрольно-вимірювальні прилади;Вимірювачі фізичних параметрів;Вимірювачі сили натяжіння;;https://prom.ua/ua/Izmeriteli-sily-natyazheniya;15370620
Контрольно-вимірювальні прилади;Вимірювачі фізичних параметрів;"Вимірювачі фізичних параметрів, загальне";;https://prom.ua/ua/Drugie-izmeriteli-fizicheskih-parametrov;15370699
Контрольно-вимірювальні прилади;Вимірювачі фізичних параметрів;Віскозиметри і пікнометри;;https://prom.ua/ua/Viskozimetry;15370621
Контрольно-вимірювальні прилади;Вимірювачі фізичних параметрів;Густиноміри;;https://prom.ua/ua/Plotnomery;15370627
Контрольно-вимірювальні прилади;Вимірювачі фізичних параметрів;"Гігрометри, психрометри";;https://prom.ua/ua/Gigrometry-psihrometry;15370606
Контрольно-вимірювальні прилади;Вимірювачі фізичних параметрів;Люксметри;;https://prom.ua/ua/Lyuksmetry;12110609
Контрольно-вимірювальні прилади;Вимірювачі фізичних параметрів;Метеорологічне і гідрологічне устаткування;;https://prom.ua/ua/Meteorologicheskie-i-gidrologicheskie-oborudovaniya;15370616
Контрольно-вимірювальні прилади;Вимірювачі фізичних параметрів;Метроштоки;;https://prom.ua/ua/Metroshtoki;15370622
Контрольно-вимірювальні прилади;Вимірювачі фізичних параметрів;"Силоміри, динамометри";;https://prom.ua/ua/Silomery-dinamometry;15370601
Контрольно-вимірювальні прилади;Вимірювачі фізичних параметрів;Тахографи;;https://prom.ua/ua/Tahografy;15370625
Контрольно-вимірювальні прилади;Вимірювачі фізичних параметрів;Твердоміри;;https://prom.ua/ua/Tverdomery;15370602
Контрольно-вимірювальні прилади;Вимірювачі фізичних параметрів;Товщиноміри;;https://prom.ua/ua/Tolschinomery;15370605
Контрольно-вимірювальні прилади;Вимірювачі фізичних параметрів;Центрователі;;https://prom.ua/ua/Tsentrovschiki;15370618
Контрольно-вимірювальні прилади;Вимірювачі фізичних параметрів;Шумоміри;;https://prom.ua/ua/Shumomery;12110610
Контрольно-вимірювальні прилади;"Витратоміри, лічильники";Витратоміри рідин;;https://prom.ua/ua/Rashodomery-zhidkostej;15370401
Контрольно-вимірювальні прилади;"Витратоміри, лічильники";"Витратоміри, загальне";;https://prom.ua/ua/Drugie-rashodometry;15370499
Контрольно-вимірювальні прилади;"Витратоміри, лічильники";Датчики витрати;;https://prom.ua/ua/Datchiki-rashoda;15370402
Контрольно-вимірювальні прилади;"Витратоміри, лічильники";Лічильники електроенергії;;https://prom.ua/ua/Schetchiki-elektroenergii;15370304
Контрольно-вимірювальні прилади;"Витратоміри, лічильники";Лічильники імпульсів;;https://prom.ua/ua/Schetchiki;153702
Контрольно-вимірювальні прилади;"Витратоміри, лічильники";Регулятори витрати;;https://prom.ua/ua/Regulyatory-rashoda;13100638
Контрольно-вимірювальні прилади;"Витратоміри, лічильники";"Тахометри, спідометри";;https://prom.ua/ua/Tahometry-spidometry-tahografy;15370604
Контрольно-вимірювальні прилади;Геодезичне обладнання;"Геодезичне обладнання, загальне";;https://prom.ua/ua/Geodezicheskoe-oborudovanie-obschee;153725
Контрольно-вимірювальні прилади;Геодезичне обладнання;Геодезичні вимірювальні рулетки;;https://prom.ua/ua/Geodezicheskie-izmeritelnye-ruletki;13040908
Контрольно-вимірювальні прилади;Геодезичне обладнання;Курвіметри;;https://prom.ua/ua/Kurvimetry-dorozhnye;13040907
Контрольно-вимірювальні прилади;Геодезичне обладнання;Нівелірні рейки та віхи;;https://prom.ua/ua/Vehi-i-rejki-nivelirnye;13040909
Контрольно-вимірювальні прилади;Геодезичне обладнання;Польові контролери;;https://prom.ua/ua/Polevye-kontrollery;13040904
Контрольно-вимірювальні прилади;Геодезичне обладнання;Тахеометри;;https://prom.ua/ua/Taheometry;13040902
Контрольно-вимірювальні прилади;Геодезичне обладнання;Теодоліти;;https://prom.ua/ua/Teodolity;13040901
Контрольно-вимірювальні прилади;Геодезичне обладнання;Трасошукачі;;https://prom.ua/ua/Trassoiskateli;13040910
Контрольно-вимірювальні прилади;Датчики;Анемометри;;https://prom.ua/ua/Anemometry;153720
Контрольно-вимірювальні прилади;Датчики;Гігростати;;https://prom.ua/ua/Gigrostaty;153721
Контрольно-вимірювальні прилади;Датчики;Датчики безконтактні;;https://prom.ua/ua/Datchiki-beskontaktnye;14200610
Контрольно-вимірювальні прилади;Датчики;Датчики вологості і температури;;https://prom.ua/ua/Datchiki-vlazhnosti-i-temperatury;14200612
Контрольно-вимірювальні прилади;Датчики;Датчики руху;;https://prom.ua/ua/Datchiki-dvizheniya;1420060202
Контрольно-вимірювальні прилади;Датчики;Датчики якості повітря;;https://prom.ua/ua/Datchiki-kachestva-vozduha;153719
Контрольно-вимірювальні прилади;Датчики;"Датчики, загальне";;https://prom.ua/ua/Drugie-datchiki;1420060201
Контрольно-вимірювальні прилади;Датчики;Рівнеміри й сигналізатори рівня;;https://prom.ua/ua/Urovnemery-i-signalizatory-urovnya;153726
Контрольно-вимірювальні прилади;Електровимірювальні прилади;Амперметри;;https://prom.ua/ua/Ampermetry;15370302
Контрольно-вимірювальні прилади;Електровимірювальні прилади;Багатофункціональні калібратори;;https://prom.ua/ua/Mnogofunktsionalnye-kalibratory;15370318
Контрольно-вимірювальні прилади;Електровимірювальні прилади;Вольтметри;;https://prom.ua/ua/Voltmetry;15370310
Контрольно-вимірювальні прилади;Електровимірювальні прилади;"Електровимірювальні прилади, загальне";;https://prom.ua/ua/Drugie-elektroizmeritelnye-pribory;15370399
Контрольно-вимірювальні прилади;Електровимірювальні прилади;Комплектуючі до електровимірювальних приладів;;https://prom.ua/ua/Komplektuyuschie-elektroizmeritelnym-priboram;15370321
Контрольно-вимірювальні прилади;Електровимірювальні прилади;"Магазини опору, індуктивності і ємностей";;https://prom.ua/ua/Mery-i-magaziny-soprotivleniya;15370303
Контрольно-вимірювальні прилади;Електровимірювальні прилади;Мультиметри;;https://prom.ua/ua/Multimetry;15370306
Контрольно-вимірювальні прилади;Електровимірювальні прилади;Омметри;;https://prom.ua/ua/Ommetry;15370309
Контрольно-вимірювальні прилади;Електровимірювальні прилади;Покажчики та індикатори напруги;;https://prom.ua/ua/Ukazateli-i-indikatory-napryazheniya;14200608
Контрольно-вимірювальні прилади;Електровимірювальні прилади;Потенціометри;;https://prom.ua/ua/Potentsiometry-1;15370307
Контрольно-вимірювальні прилади;Електровимірювальні прилади;Прилади контролю якості електроенергії;;https://prom.ua/ua/Analizatory-kachestva-elektroenergii;15370111
Контрольно-вимірювальні прилади;Електровимірювальні прилади;Реєстратори даних;;https://prom.ua/ua/Registratory-elektronnye;153724
Контрольно-вимірювальні прилади;Електровимірювальні прилади;Тестери для акумуляторів;;https://prom.ua/ua/Testery-dlya-akkumulyatorov;52802
Контрольно-вимірювальні прилади;Електровимірювальні прилади;Фазометри;;https://prom.ua/ua/Fazometry;15370312
Контрольно-вимірювальні прилади;Електровимірювальні прилади;Циферблатні індикатори;;https://prom.ua/ua/Tsiferblatnye-indikatory;14200601
Контрольно-вимірювальні прилади;Електровимірювальні прилади;Шунти;;https://prom.ua/ua/Shunty;506
Контрольно-вимірювальні прилади;Комплектуючі вимірювальних приладів;;;https://prom.ua/ua/Komplektuyuschie-izmeritelnyh-priborov;153713
Контрольно-вимірювальні прилади;"Лабораторне, випробувальне обладнання";Аналізатори;Аналізатори води;https://prom.ua/ua/Analizatory-vody;15370117
Контрольно-вимірювальні прилади;"Лабораторне, випробувальне обладнання";Аналізатори;Аналізатори вуглецю і сірки;https://prom.ua/ua/Analizatory-ugleroda;15370101
Контрольно-вимірювальні прилади;"Лабораторне, випробувальне обладнання";Аналізатори;Аналізатори грунту;https://prom.ua/ua/Analizatory-pochvy;15370116
Контрольно-вимірювальні прилади;"Лабораторне, випробувальне обладнання";Аналізатори;"Аналізатори, загальне";https://prom.ua/ua/Drugie-analizatory;15370199
Контрольно-вимірювальні прилади;"Лабораторне, випробувальне обладнання";Аналізатори;Апарати для розгону нафтопродуктів;https://prom.ua/ua/Apparaty-dlya-razgonki-nefteproduktov;15370112
Контрольно-вимірювальні прилади;"Лабораторне, випробувальне обладнання";Аналізатори;Ареометри;https://prom.ua/ua/Areometry;15370103
Контрольно-вимірювальні прилади;"Лабораторне, випробувальне обладнання";Аналізатори;Білизномір;https://prom.ua/ua/Beliznomery;15370114
Контрольно-вимірювальні прилади;"Лабораторне, випробувальне обладнання";Аналізатори;Вимірювачі ph;https://prom.ua/ua/Izmeriteli-ph;15370106
Контрольно-вимірювальні прилади;"Лабораторне, випробувальне обладнання";Аналізатори;Вологоміри;https://prom.ua/ua/Vlagomery;15370105
Контрольно-вимірювальні прилади;"Лабораторне, випробувальне обладнання";Аналізатори;Газоаналізатори;https://prom.ua/ua/Gazoanalizatory;15370104
Контрольно-вимірювальні прилади;"Лабораторне, випробувальне обладнання";Аналізатори;Кондуктометри;https://prom.ua/ua/Konduktometry;15370113
Контрольно-вимірювальні прилади;"Лабораторне, випробувальне обладнання";Аналізатори;"Концентратоміри, дозиметри";https://prom.ua/ua/Kontsentratomery-dozimetry;15370102
Контрольно-вимірювальні прилади;"Лабораторне, випробувальне обладнання";Аналізатори;Овп-метри;https://prom.ua/ua/Ovp-metry;15370115
Контрольно-вимірювальні прилади;"Лабораторне, випробувальне обладнання";Аналізатори;Оксиметри;https://prom.ua/ua/Oksimetry;15370107
Контрольно-вимірювальні прилади;"Лабораторне, випробувальне обладнання";Аналізатори;Течошукачі;https://prom.ua/ua/Techeiskateli;15370110
Контрольно-вимірювальні прилади;"Лабораторне, випробувальне обладнання";Випробувальне обладнання;;https://prom.ua/ua/Ispytatelnoe-oborudovanie;153710
Контрольно-вимірювальні прилади;"Лабораторне, випробувальне обладнання";Кліматичні камери для росту рослин;;https://prom.ua/ua/Klimaticheskie-kamery-dlya;15373204
Контрольно-вимірювальні прилади;"Лабораторне, випробувальне обладнання";"Лабораторне, випробувальне обладнання, загальне";;https://prom.ua/ua/Laboratornoe-ispytatelnoe-oborudovanie-obschee;15373201
Контрольно-вимірювальні прилади;"Лабораторне, випробувальне обладнання";Обладнання для пробопідготовки ;;https://prom.ua/ua/Laboratornoe-ispytatelnoe-oborudovanie-1;15373203
Контрольно-вимірювальні прилади;Оптичні прилади і системи;Геодезичні призми і відбивачі;;https://prom.ua/ua/Prizmy;15370707
Контрольно-вимірювальні прилади;Оптичні прилади і системи;Збільшувальне скло;;https://prom.ua/ua/Uvelichitelnye-stekla;190405
Контрольно-вимірювальні прилади;Оптичні прилади і системи;Комплектуючі для оптичних приладів;;https://prom.ua/ua/Komplektuyuschie-dlya-opticheskih-priborov;190407
Контрольно-вимірювальні прилади;Оптичні прилади і системи;Лазерні далекоміри;;https://prom.ua/ua/Lazernye-dalnomery;190403
Контрольно-вимірювальні прилади;Оптичні прилади і системи;Лінзи;;https://prom.ua/ua/Linzy;190404
Контрольно-вимірювальні прилади;Оптичні прилади і системи;Мікроскопи;;https://prom.ua/ua/Mikroskopy;1912
Контрольно-вимірювальні прилади;Оптичні прилади і системи;Оптичні нівеліри;;https://prom.ua/ua/Niveliry;153705
Контрольно-вимірювальні прилади;Оптичні прилади і системи;"Оптичні прилади і елементи, загальне";;https://prom.ua/ua/Drugie-opticheskie-pribory-i-elementy;15370799
Контрольно-вимірювальні прилади;Оптичні прилади і системи;Рефлектометри;;https://prom.ua/ua/Reflektometry;15370710
Контрольно-вимірювальні прилади;Оптичні прилади і системи;Рефрактометри;;https://prom.ua/ua/Refraktometry;15370708
Контрольно-вимірювальні прилади;Оптичні прилади і системи;Спектрометри;;https://prom.ua/ua/Spektrometr;15370709
Контрольно-вимірювальні прилади;Оптичні прилади і системи;Телескопи;;https://prom.ua/ua/Teleskopy;190410
Контрольно-вимірювальні прилади;Оптичні прилади і системи;"Технічні ендоскопи, відеоскопи";;https://prom.ua/ua/Tehnicheskie-endoskopy-videoskopy;190408
Контрольно-вимірювальні прилади;Оптичні прилади і системи;Штативи для вимірювального обладнання;;https://prom.ua/ua/Shtativy-dlya-geodezicheskogo-oborudovaniya;13040903
Контрольно-вимірювальні прилади;Прилади вимірювання часу;"Прилади вимірювання часу, загальне";;https://prom.ua/ua/Pribory-izmereniya-vremeni-obschee;15373101
Контрольно-вимірювальні прилади;Прилади вимірювання часу;Секундоміри;;https://prom.ua/ua/Sekundomery;153717
Контрольно-вимірювальні прилади;Прилади вимірювання часу;Таймери;;https://prom.ua/ua/Tajmery;620
Контрольно-вимірювальні прилади;"Прилади вимірювання, регулювання температури";Датчики температури;;https://prom.ua/ua/Termopary;153718
Контрольно-вимірювальні прилади;"Прилади вимірювання, регулювання температури";Кімнатні та віконні термометри;;https://prom.ua/ua/Termometry-okonnye;153722
Контрольно-вимірювальні прилади;"Прилади вимірювання, регулювання температури";"Прилади вимірювання, регулювання температури, загальне";;https://prom.ua/ua/Pribory-izmereniya-regulirovaniya-temperatury-obschee;15373001
Контрольно-вимірювальні прилади;"Прилади вимірювання, регулювання температури";Термометри опору;;https://prom.ua/ua/Termometry-soprotivleniya;15373003
Контрольно-вимірювальні прилади;"Прилади вимірювання, регулювання температури";"Термометри, пірометри, тепловізори";;https://prom.ua/ua/Termometry-pirometry-teplovizory;153709
Контрольно-вимірювальні прилади;"Прилади вимірювання, регулювання температури";Терморегулятори промислові;;https://prom.ua/ua/Termoregulyatory-promyshlennye;15373002
Контрольно-вимірювальні прилади;Прилади для вимірювання тиску;Датчики тиску;;https://prom.ua/ua/Datchiki-davleniya;15370804
Контрольно-вимірювальні прилади;Прилади для вимірювання тиску;Комплектуючі для пристроїв вимірювання тиску;;https://prom.ua/ua/Komplektuyuschie-dlya-ustrojstv-izmereniya-davleniya;15370807
Контрольно-вимірювальні прилади;Прилади для вимірювання тиску;Манометри;;https://prom.ua/ua/Manometry;15370801
Контрольно-вимірювальні прилади;Прилади для вимірювання тиску;Монітори тиску;;https://prom.ua/ua/Monitory-davleniya;15370802
Контрольно-вимірювальні прилади;Прилади для вимірювання тиску;"Прилади для вимірювання тиску, загальне";;https://prom.ua/ua/Drugie-pribory-dlya-izmereniya-davleniya;15370899
Контрольно-вимірювальні прилади;Прилади для вимірювання тиску;Регулятори тиску;;https://prom.ua/ua/Regulyatory-davleniya;15370803
Контрольно-вимірювальні прилади;Прилади лінійно-кутових вимірювань;Індикатори годинного типу;;https://prom.ua/ua/Indikatory-chasovogo-tipa;15373302
Контрольно-вимірювальні прилади;Прилади лінійно-кутових вимірювань;Висотоміри;;https://prom.ua/ua/Vysotomery;15370603
Контрольно-вимірювальні прилади;Прилади лінійно-кутових вимірювань;Кутоміри;;https://prom.ua/ua/Uglomery;15370711
Контрольно-вимірювальні прилади;Прилади лінійно-кутових вимірювань;Мікрометри;;https://prom.ua/ua/Mikrometry;14200603
Контрольно-вимірювальні прилади;Прилади лінійно-кутових вимірювань;"Прилади лінійно-кутових вимірювань, загальне";;https://prom.ua/ua/Pribory-linejno-uglovyh-izmerenij-obschee;15373301
Контрольно-вимірювальні прилади;Прилади неруйнівного контролю;Апарати рентгеноскопічного контролю;;https://prom.ua/ua/Apparaty-rentgenoskopicheskogo-kontrolya;15370615
Контрольно-вимірювальні прилади;Прилади неруйнівного контролю;Вимірювачі теплопровідності і теплового потоку;;https://prom.ua/ua/Izmeriteli-teploprovodnosti-i-teplovogo-potoka;15370619
Контрольно-вимірювальні прилади;Прилади неруйнівного контролю;Комплектуючі для приладів неруйнівного контролю;;https://prom.ua/ua/Komplektuyuschee-dlya-priborov-nerazrushayuschego-kontrolya;15370626
Контрольно-вимірювальні прилади;Прилади неруйнівного контролю;Магнітометри;;https://prom.ua/ua/Magnitometry;15370609
Контрольно-вимірювальні прилади;Прилади неруйнівного контролю;"Обладнання для неруйнівного контролю, загальне";;https://prom.ua/ua/Drugoe-oborudovanie-dlya-nerazrushayuschego-kontrolya;15370611
Контрольно-вимірювальні прилади;Прилади неруйнівного контролю;Оптоволоконні високоточні вимірювальні прилади та системи;;https://prom.ua/ua/Optovolokonnye-vysokotochnye-izmeriteli-i-sistemy;15370628
Контрольно-вимірювальні прилади;Прилади неруйнівного контролю;Прилади вихретокового контролю;;https://prom.ua/ua/Pribory-vihretokovogo-kontrolya;15370612
Контрольно-вимірювальні прилади;Прилади неруйнівного контролю;Прилади візуально-оптичного контролю;;https://prom.ua/ua/Pribory-vizualno-opticheskogo-kontrolya;15370614
Контрольно-вимірювальні прилади;Прилади неруйнівного контролю;Прилади магнітного контролю;;https://prom.ua/ua/Pribory-magnitnogo-kontrolya;15370613
Контрольно-вимірювальні прилади;Прилади неруйнівного контролю;Ультразвукові дефектоскопи;;https://prom.ua/ua/Ultrazvukovye-defektoskopy;15370608
Контрольно-вимірювальні прилади;Пробовідбірники;;;https://prom.ua/ua/Probootborniki;153728
Контрольно-вимірювальні прилади;Радіовимірювальні прилади;Акселерометри;;https://prom.ua/ua/Akselerometry;153716
Контрольно-вимірювальні прилади;Радіовимірювальні прилади;Аксесуари та комплектуючі для радіовимірюючих пристроїв;;https://prom.ua/ua/Aksessuary-komplektuyuschie-dlya-1;50501
Контрольно-вимірювальні прилади;Радіовимірювальні прилади;"Аналізатори спектру, шуму";;https://prom.ua/ua/Analizatory-spektra;50504
Контрольно-вимірювальні прилади;Радіовимірювальні прилади;Атенюатори та прилади для вимірювання ослаблення;;https://prom.ua/ua/Attenyuatory-i-pribory-dlya-izmereniya-oslablenij;15370313
Контрольно-вимірювальні прилади;Радіовимірювальні прилади;Ватметри;;https://prom.ua/ua/Vattmetr;15370308
Контрольно-вимірювальні прилади;Радіовимірювальні прилади;Вимірювальні пристрої коаксіальних і хвилеводних трактів;;https://prom.ua/ua/Izmeritelnye-ustrojstva-koaksialnyh-i-volnovodnyh-traktov;15370314
Контрольно-вимірювальні прилади;Радіовимірювальні прилади;Вимірювачі амплітудно-частотних характеристик;;https://prom.ua/ua/Izmeriteli-amplitudno-chastotnyh-harakteristik;15370316
Контрольно-вимірювальні прилади;Радіовимірювальні прилади;Вимірювачі ксхн;;https://prom.ua/ua/Izmeriteli-ksvn;15370317
Контрольно-вимірювальні прилади;Радіовимірювальні прилади;Вимірювачі імітансу;;https://prom.ua/ua/Izmeriteli-immitansa;15370315
Контрольно-вимірювальні прилади;Радіовимірювальні прилади;Генератори сигналів;;https://prom.ua/ua/Generatory-signalov;50503
Контрольно-вимірювальні прилади;Радіовимірювальні прилади;Генератори імпульсів;;https://prom.ua/ua/Generatory-impulsov;14190202
Контрольно-вимірювальні прилади;Радіовимірювальні прилади;Детектори прихованої проводки;;https://prom.ua/ua/Detektory-skrytoj-provodki;15370320
Контрольно-вимірювальні прилади;Радіовимірювальні прилади;"Металошукачі, металодетектори";;https://prom.ua/ua/Metallodetektory;50505
Контрольно-вимірювальні прилади;Радіовимірювальні прилади;Осцилографи;;https://prom.ua/ua/Ostsillografy;50502
Контрольно-вимірювальні прилади;Радіовимірювальні прилади;"Радіовимірювальні прилади, загальне";;https://prom.ua/ua/Drugie-elektronnye-izmeritelnye-pribory;50599
Контрольно-вимірювальні прилади;Радіовимірювальні прилади;Частотоміри;;https://prom.ua/ua/Chastotometr;15370305
Контрольно-вимірювальні прилади;Шафи для квп;;;https://prom.ua/ua/Shkafy-dlya-kipia;153727
Краса та здоров'я;Все для епіляції і депіляції;"Все для епіляції і депіляції, загальне";;https://prom.ua/ua/Vse-dlya-epilyatsii-i-depilyatsii-obschee;163701
Краса та здоров'я;Все для епіляції і депіляції;Засоби для депіляції;;https://prom.ua/ua/Sredstva-dlya-depilyatsii;330617
Краса та здоров'я;Все для епіляції і депіляції;Набори для депіляції;;https://prom.ua/ua/Nabory-dlya-depilyatsii;331503
Краса та здоров'я;Все для манікюру і педикюру;"Все для манікюру і педикюру, загальне";;https://prom.ua/ua/Materialy-i-prisposobleniya-dlya-manikyura-pedikyura-i-nogtevogo-dizajna-obschee;161804
Краса та здоров'я;Все для манікюру і педикюру;Гель-лаки;;https://prom.ua/ua/Gel-laki;16180115
Краса та здоров'я;Все для манікюру і педикюру;Запчастини і комплектуючі до обладнання для манікюру та педикюру;;https://prom.ua/ua/Zapchasti-komplektuyuschie-oborudovaniyu;161813
Краса та здоров'я;Все для манікюру і педикюру;Засоби для зняття лаку;;https://prom.ua/ua/Sredstva-dlya-snyatiya-i-rastvoreniya-laka-dlya-nogtej;161808
Краса та здоров'я;Все для манікюру і педикюру;Засоби по догляду за нігтями і кутикулою;;https://prom.ua/ua/Sredstva-po-uhodu-za-nogtyami;3308
Краса та здоров'я;Все для манікюру і педикюру;Лаки для нігтів;;https://prom.ua/ua/Lak-dlya-nogtej;161807
Краса та здоров'я;Все для манікюру і педикюру;Лампи для манікюру;;https://prom.ua/ua/Oborudovanie-dlya-sushki-nogtej;282909
Краса та здоров'я;Все для манікюру і педикюру;"Манікюрно-педикюрні ножиці, кусачки, кніпсери";;https://prom.ua/ua/Manikyurno-pedikyurnye-nozhnitsy-knipsery;16180103
Краса та здоров'я;Все для манікюру і педикюру;Манікюрно-педикюрні інструменти;;https://prom.ua/ua/Manikyurno-pedikyurnye-nabory;16180114
Краса та здоров'я;Все для манікюру і педикюру;Манікюрні пилочки і бафи ;;https://prom.ua/ua/Pilki-bafy-dlya-professionalnogo-manikyura;16180104
Краса та здоров'я;Все для манікюру і педикюру;"Манікюрні та педикюрні кюретки, лопатки ";;https://prom.ua/ua/Kyuretki-dlya-manikyura-i-pedikyura;16180107
Краса та здоров'я;Все для манікюру і педикюру;Матеріали для дизайну нігтів;;https://prom.ua/ua/Materialy-dlya-nogtevogo-dizajna;161806
Краса та здоров'я;Все для манікюру і педикюру;Накладні нігті;;https://prom.ua/ua/Nakladnye-nogti;161810
Краса та здоров'я;Все для манікюру і педикюру;"Основи, закріплювачі та сушки для лаку";;https://prom.ua/ua/Osnovy-zakrepiteli-i-sushki-dlya-laka;161811
Краса та здоров'я;Все для манікюру і педикюру;"Пемзи, терки і набори для педикюру";;https://prom.ua/ua/Pemzy-dlya-pedikyura;161809
Краса та здоров'я;Все для манікюру і педикюру;Стартові набори для манікюру;;https://prom.ua/ua/Startovye-nabory-dlya-manikyura;161812
Краса та здоров'я;Гігієнічні вироби та засоби;Антисептичні засоби для шкіри;;https://prom.ua/ua/Antisepticheskie-sredstva-dlya-kozhi;151312
Краса та здоров'я;Гігієнічні вироби та засоби;Ватно-гігієнічна продукція;"Ватно-гігієнічна продукція, загальне";https://prom.ua/ua/Vatno-gigienicheskaya-produktsiya-obschee;15130803
Краса та здоров'я;Гігієнічні вироби та засоби;Ватно-гігієнічна продукція;Ватні диски;https://prom.ua/ua/Vatnye-diski;15130802
Краса та здоров'я;Гігієнічні вироби та засоби;Ватно-гігієнічна продукція;Ватні палички;https://prom.ua/ua/Vatnye-palochki;15130801
Краса та здоров'я;Гігієнічні вироби та засоби;Ватно-гігієнічна продукція;Гігієнічні вкладиші для пахв;https://prom.ua/ua/Gigienicheskie-vkladyshi-dlya-podmyshek;15130804
Краса та здоров'я;Гігієнічні вироби та засоби;"Гігієнічні вироби, загальне";;https://prom.ua/ua/Drugie-gigienicheskie-izdeliya;151399
Краса та здоров'я;Гігієнічні вироби та засоби;Засоби для ванни та душу;"Засоби для ванни та душу, загальне";https://prom.ua/ua/Sredstva-dlya-dusha-i-vanny-obschee;330408
Краса та здоров'я;Гігієнічні вироби та засоби;Засоби для ванни та душу;Засоби для душа;https://prom.ua/ua/Geli-dlya-dusha;330622
Краса та здоров'я;Гігієнічні вироби та засоби;Засоби для ванни та душу;Засоби для прийняття ванн;https://prom.ua/ua/Sredstva-dlya-prinyatiya-vann;330623
Краса та здоров'я;Гігієнічні вироби та засоби;Засоби для ванни та душу;Рідке мило;https://prom.ua/ua/Zhidkoe-mylo;330402
Краса та здоров'я;Гігієнічні вироби та засоби;Засоби для ванни та душу;Туалетне мило;https://prom.ua/ua/Mylo;82103
Краса та здоров'я;Гігієнічні вироби та засоби;Засоби для гігієни порожнини рота;Жувальні гумки;https://prom.ua/ua/Zhevatelnye-rezinki;330509
Краса та здоров'я;Гігієнічні вироби та засоби;Засоби для гігієни порожнини рота;Засоби для відбілювання зубів;https://prom.ua/ua/Sredstva-dlya-otbelivaniya-zubov;330511
Краса та здоров'я;Гігієнічні вироби та засоби;Засоби для гігієни порожнини рота;"Засоби для гігієни порожнини рота, загальне";https://prom.ua/ua/Sredstva-dlya-gigieny-polosti-rta-obschee;330508
Краса та здоров'я;Гігієнічні вироби та засоби;Засоби для гігієни порожнини рота;Засоби для догляду за зубними протезами;https://prom.ua/ua/Sredstva-dlya-uhoda-za-zubnymi-protezami;330512
Краса та здоров'я;Гігієнічні вироби та засоби;Засоби для гігієни порожнини рота;Зубний порошок;https://prom.ua/ua/Zubnoj-poroshok;330510
Краса та здоров'я;Гігієнічні вироби та засоби;Засоби для гігієни порожнини рота;Зубні нитки і йоржики;https://prom.ua/ua/Zubnye-niti;330506
Краса та здоров'я;Гігієнічні вироби та засоби;Засоби для гігієни порожнини рота;Зубні пасти;https://prom.ua/ua/Zubnye-pasty;330503
Краса та здоров'я;Гігієнічні вироби та засоби;Засоби для гігієни порожнини рота;Зубні щітки;https://prom.ua/ua/Zubnye-schetki;330502
Краса та здоров'я;Гігієнічні вироби та засоби;Засоби для гігієни порожнини рота;Зубочистки;https://prom.ua/ua/Zubochistki;330505
Краса та здоров'я;Гігієнічні вироби та засоби;Засоби для гігієни порожнини рота;Ополіскувачі для порожнини рота;https://prom.ua/ua/Opolaskivateli-dlya-polosti-rta;330501
Краса та здоров'я;Гігієнічні вироби та засоби;Засоби для гігієни порожнини рота;Освіжувачі дихання;https://prom.ua/ua/Osvezhiteli-dyhaniya;330504
Краса та здоров'я;Гігієнічні вироби та засоби;Засоби жіночої гігієни;Жіночі прокладки і тампони;https://prom.ua/ua/Zhenskie-gigienicheskie-prokladki;15131001
Краса та здоров'я;Гігієнічні вироби та засоби;Засоби жіночої гігієни;Засоби для інтимної гігієни;https://prom.ua/ua/Gel-dlya-intimnoj-gigieny;330619
Краса та здоров'я;Гігієнічні вироби та засоби;Засоби жіночої гігієни;"Засоби жіночої гігієни, загальне";https://prom.ua/ua/Sredstva-zhenskoj-gigieny-obschee;15131002
Краса та здоров'я;Гігієнічні вироби та засоби;Засоби жіночої гігієни;Менструальні чаші;https://prom.ua/ua/Menstrualnye-chashi;15131004
Краса та здоров'я;Гігієнічні вироби та засоби;Паперово-гігієнічна продукція;Вологі серветки;https://prom.ua/ua/Vlazhnye-salfetki;151301
Краса та здоров'я;Гігієнічні вироби та засоби;Паперово-гігієнічна продукція;Одноразові накладки на унітаз;https://prom.ua/ua/Odnorazovye-nakladki-na-unitaz;15130902
Краса та здоров'я;Гігієнічні вироби та засоби;Паперово-гігієнічна продукція;"Паперово-гігієнічна продукція, загальне";https://prom.ua/ua/Bumazhno-gigienicheskaya-produktsiya-obschee;15130901
Краса та здоров'я;Гігієнічні вироби та засоби;Паперово-гігієнічна продукція;Паперові рушники;https://prom.ua/ua/Bumazhnye-polotentsa;151307
Краса та здоров'я;Гігієнічні вироби та засоби;Паперово-гігієнічна продукція;Паперові серветки;https://prom.ua/ua/Bumazhnye-salfetki;151305
Краса та здоров'я;Гігієнічні вироби та засоби;Паперово-гігієнічна продукція;Туалетний папір;https://prom.ua/ua/Tualetnaya-bumaga;151304
Краса та здоров'я;Декоративна косметика;Аксесуари для макіяжу;"Косметичні аксесуари, загальне";https://prom.ua/ua/Kosmeticheskie-aksessuary-obschee;331203
Краса та здоров'я;Декоративна косметика;Аксесуари для макіяжу;Косметичні дзеркала ;https://prom.ua/ua/Zerkala-kosmeticheskie;170705
Краса та здоров'я;Декоративна косметика;Аксесуари для макіяжу;Косметичні пензлі та аплікатори;https://prom.ua/ua/Kosmeticheskie-kisti-i-applikatory;331202
Краса та здоров'я;Декоративна косметика;Аксесуари для макіяжу;Косметичні пінцети;https://prom.ua/ua/Kosmeticheskie-pintsety;331204
Краса та здоров'я;Декоративна косметика;Аксесуари для макіяжу;Косметичні спонжи та губки;https://prom.ua/ua/Kosmeticheskij-sponzhi-i-gubki;331201
Краса та здоров'я;Декоративна косметика;Аксесуари для макіяжу;Косметичні точила;https://prom.ua/ua/Kosmeticheskie-tochilki;331207
Краса та здоров'я;Декоративна косметика;Аксесуари для макіяжу;Прилади для завивки вій;https://prom.ua/ua/Pribory-dlya-zavivki-resnits;331205
Краса та здоров'я;Декоративна косметика;Аксесуари для макіяжу;Трафарети для макіяжу;https://prom.ua/ua/Trafarety-dlya-brovej;331206
Краса та здоров'я;Декоративна косметика;"Декоративна косметика, загальне";;https://prom.ua/ua/Drugaya-dekorativnaya-kosmetika;8210101
Краса та здоров'я;Декоративна косметика;Макіяж брів;Засоби для укладання брів;https://prom.ua/ua/Sredstva-dlya-ukladki;8210131
Краса та здоров'я;Декоративна косметика;Макіяж брів;Лікувальний догляд за бровами і віями;https://prom.ua/ua/Sredstva-dlya-ukrepleniya-i-rosta-brovej-i-resnits;3320
Краса та здоров'я;Декоративна косметика;Макіяж брів;"Макіяж брів, загальне";https://prom.ua/ua/Makiyazh-brovej-obschee;8210125
Краса та здоров'я;Декоративна косметика;Макіяж брів;"Олівці, тіні, туші для брів";https://prom.ua/ua/Karandashi-dlya-brovej;8210127
Краса та здоров'я;Декоративна косметика;Макіяж брів;Фарбування брів і вій;https://prom.ua/ua/Okrashivanie-brovej-i-resnits;8210129
Краса та здоров'я;Декоративна косметика;Макіяж губ;Блиск для губ;https://prom.ua/ua/Blesk-dlya-gub;8210108
Краса та здоров'я;Декоративна косметика;Макіяж губ;Засоби по догляду за шкірою губ;https://prom.ua/ua/Sredstva-dlya-kozhi-gub;330610
Краса та здоров'я;Декоративна косметика;Макіяж губ;"Макіяж губ, загальне";https://prom.ua/ua/Makiyazh-gub-obschee;8210123
Краса та здоров'я;Декоративна косметика;Макіяж губ;Олівці для губ;https://prom.ua/ua/Karandashi-dlya-gub;8210128
Краса та здоров'я;Декоративна косметика;Макіяж губ;Помади;https://prom.ua/ua/Pomada;8210107
Краса та здоров'я;Декоративна косметика;Макіяж обличчя;Коригувальні та маскуючі засоби для обличчя;https://prom.ua/ua/Korrektiruyuschie-i-maskiruyuschie-sredstva-dlya-litsa;8210114
Краса та здоров'я;Декоративна косметика;Макіяж обличчя;Косметична пудра ;https://prom.ua/ua/Pudra-kosmeticheskaya;8210106
Краса та здоров'я;Декоративна косметика;Макіяж обличчя;"Макіяж обличчя, загальне";https://prom.ua/ua/Makiyazh-litsa-obschee;8210121
Краса та здоров'я;Декоративна косметика;Макіяж обличчя;Основа під макіяж;https://prom.ua/ua/Osnova-pod-makiyazh;8210110
Краса та здоров'я;Декоративна косметика;Макіяж обличчя;Рум'яна;https://prom.ua/ua/Rumyana;8210105
Краса та здоров'я;Декоративна косметика;Макіяж обличчя;Тональний крем;https://prom.ua/ua/Tonalnyj-krem;8210109
Краса та здоров'я;Декоративна косметика;Макіяж обличчя;Фіксатори макіяжу;https://prom.ua/ua/Fiksatory-makiyazha;8210132
Краса та здоров'я;Декоративна косметика;Макіяж очей;Клей для накладних вій;https://prom.ua/ua/Klej-dlya-nakladnyh-resnits;8210117
Краса та здоров'я;Декоративна косметика;Макіяж очей;"Макіяж очей, загальне";https://prom.ua/ua/Makiyazh-glaz-obschee;8210120
Краса та здоров'я;Декоративна косметика;Макіяж очей;Накладні вії;https://prom.ua/ua/Nakladnye-resnitsy;8210116
Краса та здоров'я;Декоративна косметика;Макіяж очей;Олівці для очей;https://prom.ua/ua/Kosmeticheskie-karandashi;8210103
Краса та здоров'я;Декоративна косметика;Макіяж очей;Палітри для макіяжу;https://prom.ua/ua/Palitry-dlya-makiyazha-professionalnye;8210113
Краса та здоров'я;Декоративна косметика;Макіяж очей;Підводка для повік;https://prom.ua/ua/Podvodka-dlya-vek;8210112
Краса та здоров'я;Декоративна косметика;Макіяж очей;Туш для вій;https://prom.ua/ua/Tush-dlya-resnits;8210102
Краса та здоров'я;Декоративна косметика;Макіяж очей;Тіні для повік;https://prom.ua/ua/Teni-dlya-vek;8210104
Краса та здоров'я;Декоративна косметика;Набори декоративної косметики;;https://prom.ua/ua/Kosmeticheskie-nabory;8210111
Краса та здоров'я;Дитяча косметика;Дитяча декоративна косметика;;https://prom.ua/ua/Detskaya-dekorativnaya-kosmetika-;330109
Краса та здоров'я;Дитяча косметика;Дитяча зубна паста;;https://prom.ua/ua/Detskaya-zubnaya-pasta;330106
Краса та здоров'я;Дитяча косметика;Дитяча присипка;;https://prom.ua/ua/Sredstva-po-uhodu-za-kozhej-mladentsev;15010504
Краса та здоров'я;Дитяча косметика;Дитяча сонцезахисна косметика;;https://prom.ua/ua/Detskaya-solntsezaschitnaya-kosmetika;330107
Краса та здоров'я;Дитяча косметика;Дитяче мило;;https://prom.ua/ua/Detskoe-mylo;330105
Краса та здоров'я;Дитяча косметика;"Дитячий крем, молочко, масло";;https://prom.ua/ua/Detskij-krem-molochko-maslo;330108
Краса та здоров'я;Дитяча косметика;Дитячі гелі для душу і пінки для купання;;https://prom.ua/ua/Detskie-geli-dlya-dusha;330103
Краса та здоров'я;Дитяча косметика;Дитячі набори по догляду;;https://prom.ua/ua/Detskie-nabory-po-uhodu;330110
Краса та здоров'я;Дитяча косметика;Дитячі шампуні;;https://prom.ua/ua/Detskie-shampuni;330101
Краса та здоров'я;Дитяча косметика;"Засоби догляду за дитиною, загальне";;https://prom.ua/ua/Drugie-sredstva-uhoda-za-rebenkom;330102
Краса та здоров'я;Косметика по догляду;Догляд за волоссям;Бальзами і кондиціонери для волосся;https://prom.ua/ua/Balzamy-dlya-volos;330704
Краса та здоров'я;Косметика по догляду;Догляд за волоссям;Відтінкові засоби для волосся;https://prom.ua/ua/Ottenochnye-sredstva-dlya-volos;330716
Краса та здоров'я;Косметика по догляду;Догляд за волоссям;Гребінці та щітки для волосся;https://prom.ua/ua/Rascheski-dlya-volos;331702
Краса та здоров'я;Косметика по догляду;Догляд за волоссям;Засоби для видалення фарби з волосся і шкіри голови;https://prom.ua/ua/Sredstva-dlya-udaleniya-kraski-s-volos-i-kozhi-golovy;330715
Краса та здоров'я;Косметика по догляду;Догляд за волоссям;Засоби для завивки волосся;https://prom.ua/ua/Sredstva-dlya-himicheskoj-zavivki-volos;330725
Краса та здоров'я;Косметика по догляду;Догляд за волоссям;Засоби для лікування волосся і шкіри голови;https://prom.ua/ua/Kompleksy-dlya-lecheniya-volos-i-kozhi-golovy;330707
Краса та здоров'я;Косметика по догляду;Догляд за волоссям;Засоби для освітлення волосся;https://prom.ua/ua/Osvetliteli-dlya-volos;330712
Краса та здоров'я;Косметика по догляду;Догляд за волоссям;Засоби для укладання волосся;https://prom.ua/ua/Sredstva-dlya-ukladki-volos;330710
Краса та здоров'я;Косметика по догляду;Догляд за волоссям;"Засоби по догляду за волоссям, загальне";https://prom.ua/ua/Drugie-sredstva-po-uhodu-za-volosami;330702
Краса та здоров'я;Косметика по догляду;Догляд за волоссям;Кератин для волосся;https://prom.ua/ua/Keratin-dlya-volos;330727
Краса та здоров'я;Косметика по догляду;Догляд за волоссям;Крейда для волосся;https://prom.ua/ua/Melki-dlya-volos;330724
Краса та здоров'я;Косметика по догляду;Догляд за волоссям;Лосьйони для волосся;https://prom.ua/ua/Losony-dlya-volos;330718
Краса та здоров'я;Косметика по догляду;Догляд за волоссям;Маски для волосся;https://prom.ua/ua/Maski-dlya-volos;330703
Краса та здоров'я;Косметика по догляду;Догляд за волоссям;Окислювачі для фарбування волосся;https://prom.ua/ua/Okisliteli-dlya-okrashivaniya-volos;330719
Краса та здоров'я;Косметика по догляду;Догляд за волоссям;Сонцезахисні засоби для волосся;https://prom.ua/ua/Solntsezaschitnye-sredstva-dlya-volos;330713
Краса та здоров'я;Косметика по догляду;Догляд за волоссям;Термобігуді і бігуді;https://prom.ua/ua/Termobigudi-i-bigudi-dlya-ukladki-volos;331705
Краса та здоров'я;Косметика по догляду;Догляд за волоссям;Фарби для волосся;https://prom.ua/ua/Stojkie-krem-kraski-dlya-volos;330706
Краса та здоров'я;Косметика по догляду;Догляд за волоссям;Шампуні для волосся;https://prom.ua/ua/Shampuni-dlya-volos;330701
Краса та здоров'я;Косметика по догляду;Догляд за обличчям;Антивіковий та лікувальний догляд за шкірою;https://prom.ua/ua/Antivozrastnye-sredstva-dlya-uhoda-za-kozhej;330613
Краса та здоров'я;Косметика по догляду;Догляд за обличчям;Засоби для вмивання та очищення обличчя;https://prom.ua/ua/Sredstva-dlya-umyvaniya;330603
Краса та здоров'я;Косметика по догляду;Догляд за обличчям;Засоби для демакіяжу;https://prom.ua/ua/Sredstva-dlya-demakiyazha;330602
Краса та здоров'я;Косметика по догляду;Догляд за обличчям;Засоби для пілінгу обличчя;https://prom.ua/ua/Sredstva-dlya-pillinga-litsa;330607
Краса та здоров'я;Косметика по догляду;Догляд за обличчям;Засоби по догляду за шкірою навколо очей;https://prom.ua/ua/Sredstva-po-uhodu-za-kozhej-vokrug-glaz;330608
Краса та здоров'я;Косметика по догляду;Догляд за обличчям;"Засоби по догляду за шкірою обличчя, загальне";https://prom.ua/ua/Drugie-sredstva-po-uhodu-za-kozhej-litsa;330601
Краса та здоров'я;Косметика по догляду;Догляд за обличчям;Косметична глина;https://prom.ua/ua/Kosmeticheskaya-glina;3322
Краса та здоров'я;Косметика по догляду;Догляд за обличчям;Крем для обличчя;https://prom.ua/ua/Krem-dlya-litsa;330606
Краса та здоров'я;Косметика по догляду;Догляд за обличчям;Лосьйони і бальзами для обличчя;https://prom.ua/ua/Losony-dlya-litsa;330605
Краса та здоров'я;Косметика по догляду;Догляд за обличчям;Маски для шкіри обличчя;https://prom.ua/ua/Maski-dlya-kozhi-litsa;330609
Краса та здоров'я;Косметика по догляду;Догляд за обличчям;Патчі для обличчя;https://prom.ua/ua/Patchi;330626
Краса та здоров'я;Косметика по догляду;Догляд за обличчям;Сироватки для обличчя;https://prom.ua/ua/Syvorotki-dlya-litsa;330625
Краса та здоров'я;Косметика по догляду;Догляд за обличчям;Спреї для шкіри обличчя і тіла;https://prom.ua/ua/Sprej-dlya-kozhi-litsa-i-tela;330616
Краса та здоров'я;Косметика по догляду;Догляд за обличчям;Тонізуючі засоби для обличчя;https://prom.ua/ua/Toniziruyuschie-sredstva-dlya-litsa;330604
Краса та здоров'я;Косметика по догляду;Догляд за тілом;Дезодоранти;https://prom.ua/ua/Dezodoranty;3302
Краса та здоров'я;Косметика по догляду;Догляд за тілом;Засоби для догляду за грудьми;https://prom.ua/ua/Sredstva-dlya-uhoda-za-grudyu;3310
Краса та здоров'я;Косметика по догляду;Догляд за тілом;Засоби для пілінгу тіла;https://prom.ua/ua/Skrab-dlya-tela;330615
Краса та здоров'я;Косметика по догляду;Догляд за тілом;Засоби по догляду за шкірою ніг;https://prom.ua/ua/Sredstva-po-uhodu-za-kozhej-nog;330620
Краса та здоров'я;Косметика по догляду;Догляд за тілом;Засоби по догляду за шкірою рук;https://prom.ua/ua/Krem-dlya-ruk;330618
Краса та здоров'я;Косметика по догляду;Догляд за тілом;"Засоби по догляду за шкірою тіла, загальне";https://prom.ua/ua/Drugie-sredstva-dlya-vannoj-komnaty;330401
Краса та здоров'я;Косметика по догляду;Догляд за тілом;Косметичний вазелін ;https://prom.ua/ua/Vazelin-kosmeticheskij;330409
Краса та здоров'я;Косметика по догляду;Догляд за тілом;Креми і лосьйони для тіла;https://prom.ua/ua/Krem-dlya-tela;330403
Краса та здоров'я;Косметика по догляду;Догляд за тілом;Масажні косметичні засоби;https://prom.ua/ua/Massazhnyj-krem;16221301
Краса та здоров'я;Косметика по догляду;Догляд за тілом;Маски для тіла та обгортання;https://prom.ua/ua/Maski-dlya-tela-i-obertyvaniya;330405
Краса та здоров'я;Косметика по догляду;Догляд за тілом;Набори косметики по догляду;https://prom.ua/ua/Nabory-uhazhivayuschej-kosmetiki;3303
Краса та здоров'я;Косметика по догляду;Догляд за тілом;Тальк для тіла;https://prom.ua/ua/Talk-dlya-tela;330406
Краса та здоров'я;Косметика по догляду;Засоби для засмаги;Засоби для автозасмаги;https://prom.ua/ua/Sredstva-dlya-avtozagara;331801
Краса та здоров'я;Косметика по догляду;Засоби для засмаги;"Засоби для засмаги, загальне";https://prom.ua/ua/Sredstva-dlya-zagara-obschee;331803
Краса та здоров'я;Косметика по догляду;Засоби для засмаги;Засоби після засмаги;https://prom.ua/ua/Sredstva-posle-zagara;331802
Краса та здоров'я;Косметика по догляду;Засоби для засмаги;Сонцезахисні засоби для шкіри;https://prom.ua/ua/Solntsezaschitnye-sredstva-dlya-kozhi;330621
Краса та здоров'я;Косметика по догляду;"Косметика по догляду, загальне";;https://prom.ua/ua/Kosmetika-po-uhodu-obschee;163801
Краса та здоров'я;Косметика по догляду;Косметичні та ефірні масла;Ефірні олії;https://prom.ua/ua/Efirnye-masla;162401
Краса та здоров'я;Косметика по догляду;Косметичні та ефірні масла;Косметичні масла;https://prom.ua/ua/Kosmeticheskie-masla;331901
Краса та здоров'я;Косметика по догляду;Косметичні та ефірні масла;"Косметичні, ефірні, масажні масла, загальне";https://prom.ua/ua/Kosmeticheskie-efirnye-massazhnye-masla-obschee;331903
Краса та здоров'я;"Краса і здоров'я, загальне";;;https://prom.ua/ua/Drugie-tovary-dlya-krasoty-i-zdorovya;1619
Краса та здоров'я;"Обладнання та матеріали для манікюру, педикюру";Ємності для манікюру/педикюру;;https://prom.ua/ua/Emkosti-dlya-manikyurapedikyura;16180111
Краса та здоров'я;"Обладнання та матеріали для манікюру, педикюру";Аксесуари для нарощування нігтів;;https://prom.ua/ua/Aksessuary-dlya-naraschivaniya-nogtej;16180116
Краса та здоров'я;"Обладнання та матеріали для манікюру, педикюру";Витяжки манікюрні;;https://prom.ua/ua/Vytyazhki-manikyurnye;16180102
Краса та здоров'я;"Обладнання та матеріали для манікюру, педикюру";Манікюрно-педикюрні щітки ;;https://prom.ua/ua/Schetki-dlya-manikyurapedikyura;16180112
Краса та здоров'я;"Обладнання та матеріали для манікюру, педикюру";Матеріали для нарощування нігтів;;https://prom.ua/ua/Materialy-dlya-naraschivaniya-nogtej;161803
Краса та здоров'я;"Обладнання та матеріали для манікюру, педикюру";"Обладнання та матеріали для манікюру, педикюру, загальне";;https://prom.ua/ua/Vse-dlya-manikyura-i-pedikyura-obschee;283022
Краса та здоров'я;"Обладнання та матеріали для манікюру, педикюру";Пензлики для манікюру;;https://prom.ua/ua/Kistochki-dlya-naraschivaniya-nogtej-i-dizajna;16180110
Краса та здоров'я;"Обладнання та матеріали для манікюру, педикюру";Прилади та інструменти для апаратного манікюру та педикюру;;https://prom.ua/ua/Apparaty-dlya-mehanicheskogo-manikyura-i-pedikyura;161805
Краса та здоров'я;Оптика для зору;" очні пластирі, окклюдери";;https://prom.ua/ua/Glaznye-plastyri-okklyudery;162304
Краса та здоров'я;Оптика для зору;Іміджеві окуляри;;https://prom.ua/ua/Imidzhevye-ochki;162305
Краса та здоров'я;Оптика для зору;Аксесуари для окулярів і контактних лінз;Аксесуари для контактних лінз;https://prom.ua/ua/Kontejnery-dlya-kontaktnyh-linz;36127020
Краса та здоров'я;Оптика для зору;Аксесуари для окулярів і контактних лінз;Аксесуари для окулярів;https://prom.ua/ua/Futlyary-dlya-ochkov;36127040
Краса та здоров'я;Оптика для зору;Аксесуари для окулярів і контактних лінз;"Аксесуари для окулярів, загальне";https://prom.ua/ua/Drugie-aksessuary-dlya-ochkov;36127099
Краса та здоров'я;Оптика для зору;Аксесуари для окулярів і контактних лінз;Засоби по догляду за контактними лінзами;https://prom.ua/ua/Sredstva-po-uhodu-za-kontaktnymi-linzami;36127010
Краса та здоров'я;Оптика для зору;Аксесуари для окулярів і контактних лінз;Товари для догляду за окулярами;https://prom.ua/ua/Tovary-po-uhodu-za-ochkami;36127030
Краса та здоров'я;Оптика для зору;Комплектуючі для окулярів;"Комплектуючі для окулярів, загальне";https://prom.ua/ua/Komplektuyuschie-dlya-ochkov-obschee;162303
Краса та здоров'я;Оптика для зору;Комплектуючі для окулярів;Лінзи для окулярів;https://prom.ua/ua/Linzy-dlya-ochkov;361260
Краса та здоров'я;Оптика для зору;Комплектуючі для окулярів;Оправи для окулярів;https://prom.ua/ua/Opravy-dlya-ochkov;361250
Краса та здоров'я;Оптика для зору;Контактні лінзи;;https://prom.ua/ua/Kontaktnye-linzy;361210
Краса та здоров'я;Оптика для зору;Окуляри для корекції зору;;https://prom.ua/ua/Ochki-dlya-korrektsii-zreniya;361220
Краса та здоров'я;Оптика для зору;"Оптика для корекції і захисту зору, загальне";;https://prom.ua/ua/Optika-dlya-korrektsii-i-zaschity-zreniya-obschee;162302
Краса та здоров'я;Парфумерія;Жіноча парфумерія ;;https://prom.ua/ua/Parfyumeriya-zhenskaya;161601
Краса та здоров'я;Парфумерія;Наливна парфумерія;;https://prom.ua/ua/Nalivnaya-parfyumeriya;161607
Краса та здоров'я;Парфумерія;Парфумерні набори;;https://prom.ua/ua/Parfyumernye-nabory;161609
Краса та здоров'я;Парфумерія;Парфумерні олії;;https://prom.ua/ua/Parfyumernye-masla;161605
Краса та здоров'я;Парфумерія;Парфумерія для дітей;;https://prom.ua/ua/Parfyumeriya-dlya-detej;161611
Краса та здоров'я;Парфумерія;Парфумерія з феромонами;;https://prom.ua/ua/Parfyumeriya-s-feromonami;161610
Краса та здоров'я;Парфумерія;"Парфумерія, загальне";;https://prom.ua/ua/Drugaya-parfyumeriya;161603
Краса та здоров'я;Парфумерія;Розпив парфумерії;;https://prom.ua/ua/Raspiv;161612
Краса та здоров'я;Парфумерія;Унісекс парфумерія ;;https://prom.ua/ua/Parfyumeriya-uniseks;161604
Краса та здоров'я;Парфумерія;Чоловіча парфумерія ;;https://prom.ua/ua/Muzhskaya-parfyumeriya;161602
Краса та здоров'я;Товари для вагітних і годуючих;До- та післяпологові бандажі ;;https://prom.ua/ua/Bandazhi-do-i-poslerodovye;163301
Краса та здоров'я;Товари для вагітних і годуючих;Косметичні засоби для вагітних;;https://prom.ua/ua/Kosmeticheskie-sredstva-dlya-beremennyh;330404
Краса та здоров'я;Товари для вагітних і годуючих;Набори в пологовий будинок;;https://prom.ua/ua/Nabory-v-roddom-dlya-mamy;163302
Краса та здоров'я;Товари для вагітних і годуючих;Накладки на груди;;https://prom.ua/ua/Nakladki-na-grud;15131003
Краса та здоров'я;Товари для вагітних і годуючих;Подушки для вагітних і годування дитини;;https://prom.ua/ua/Podushki-dlya-beremennyh-i-kormleniya-rebenka;15010106
Краса та здоров'я;Товари для вагітних і годуючих;"Товари для вагітних, загальне";;https://prom.ua/ua/Tovary-dlya-beremennyh;1630
Краса та здоров'я;Товари для здоров'я;Біодобавки;;https://prom.ua/ua/Biodobavki;23005
Краса та здоров'я;Товари для здоров'я;Домашня медична техніка;Інсулінові помпи;https://prom.ua/ua/Insulinovye-pompy;162533
Краса та здоров'я;Товари для здоров'я;Домашня медична техніка;Активатори води;https://prom.ua/ua/Aktivatory-vody;162539
Краса та здоров'я;Товари для здоров'я;Домашня медична техніка;Алкометри;https://prom.ua/ua/Alkometry-domashnie;162504
Краса та здоров'я;Товари для здоров'я;Домашня медична техніка;Витратні матеріали для домашньої медтехніки;https://prom.ua/ua/Rashodnye-materialy-dlya-domashnej-medtehniki;162508
Краса та здоров'я;Товари для здоров'я;Домашня медична техніка;Глюкометри;https://prom.ua/ua/Glyukometry-domashnie;162501
Краса та здоров'я;Товари для здоров'я;Домашня медична техніка;Дихальні тренажери;https://prom.ua/ua/Dyhatelnye-trenazhery;162527
Краса та здоров'я;Товари для здоров'я;Домашня медична техніка;"Домашня медтехніка, загальне";https://prom.ua/ua/Drugaya-domashnyaya-medtehnika;162502
Краса та здоров'я;Товари для здоров'я;Домашня медична техніка;Домашні кварцеві лампи і опромінювачі ;https://prom.ua/ua/Kvartsevye-lampy-i-obluchateli-domashnie;162505
Краса та здоров'я;Товари для здоров'я;Домашня медична техніка;Домашні прилади біорезонансної терапії ;https://prom.ua/ua/Pribory-biorezonansnoj-terapii-domashnie;162506
Краса та здоров'я;Товари для здоров'я;Домашня медична техніка;Домашні прилади для детоксикації;https://prom.ua/ua/Domashnie-pribory-dlya-detoksikatsii;162510
Краса та здоров'я;Товари для здоров'я;Домашня медична техніка;Домашні тонометри ;https://prom.ua/ua/Tonometry-elektronnye;162528
Краса та здоров'я;Товари для здоров'я;Домашня медична техніка;Домашні інгалятори ;https://prom.ua/ua/Ingalyatory-domashnie;162503
Краса та здоров'я;Товари для здоров'я;Домашня медична техніка;Електричні грілки;https://prom.ua/ua/Elektrogrelki-domashnie;162512
Краса та здоров'я;Товари для здоров'я;Домашня медична техніка;Засоби від хропіння;https://prom.ua/ua/Pribory-antihrap;162534
Краса та здоров'я;Товари для здоров'я;Домашня медична техніка;Комплектуючі для домашньої медичної техніки;https://prom.ua/ua/Komplektuyuschie-dlya-domashnej;162537
Краса та здоров'я;Товари для здоров'я;Домашня медична техніка;Комплектуючі для слухових апаратів;https://prom.ua/ua/Komplektuyuschie-dlya-sluhovyh;162538
Краса та здоров'я;Товари для здоров'я;Домашня медична техніка;Комплектуючі до тонометрів;https://prom.ua/ua/Komplektuyuschie-k-tonometram;162530
Краса та здоров'я;Товари для здоров'я;Домашня медична техніка;Осрібнювач води;https://prom.ua/ua/Oserebriteli-vody;162536
Краса та здоров'я;Товари для здоров'я;Домашня медична техніка;Прилади для краси та здоров'я;https://prom.ua/ua/Domashnie-pribory-dlya-darsonvalizatsii;162511
Краса та здоров'я;Товари для здоров'я;Домашня медична техніка;Прилади захисту функціонального стану організму;https://prom.ua/ua/Pribory-zaschity-funktsionalnogo-sostoyaniya-organizma;162535
Краса та здоров'я;Товари для здоров'я;Домашня медична техніка;Слухові апарати;https://prom.ua/ua/Sluhovye-apparaty;1620
Краса та здоров'я;Товари для здоров'я;Домашня медична техніка;Сольові грілки;https://prom.ua/ua/Solevye-grelki;16252405
Краса та здоров'я;Товари для здоров'я;Домашня медична техніка;Стетоскопи;https://prom.ua/ua/Stetoskopy;162526
Краса та здоров'я;Товари для здоров'я;Домашня медична техніка;Тест-смужки до глюкометрів та ланцети;https://prom.ua/ua/Test-poloski-k-glyukometram;16252501
Краса та здоров'я;Товари для здоров'я;Компресійний трикотаж;;https://prom.ua/ua/Kompressionnyj-trikotazh;1629
Краса та здоров'я;Товари для здоров'я;Магнітні прикраси;;https://prom.ua/ua/Magnitnye-ukrasheniya;36090307
Краса та здоров'я;Товари для здоров'я;Масажери;Аплікатори;https://prom.ua/ua/Applikatory;162211
Краса та здоров'я;Товари для здоров'я;Масажери;Бамбукові палички для масажу;https://prom.ua/ua/Bambukovye-palochki-dlya-massazha;162228
Краса та здоров'я;Товари для здоров'я;Масажери;Віброплатформи;https://prom.ua/ua/Vibroplatformy;162225
Краса та здоров'я;Товари для здоров'я;Масажери;Гідромасажери;https://prom.ua/ua/Gidromassazhery;162205
Краса та здоров'я;Товари для здоров'я;Масажери;Електростимулятори для м'язів;https://prom.ua/ua/Elektrostimulyatory-dlya-myshts;162219
Краса та здоров'я;Товари для здоров'я;Масажери;Космодиски;https://prom.ua/ua/Kosmodiski;162222
Краса та здоров'я;Товари для здоров'я;Масажери;Масажери для ніг;https://prom.ua/ua/Massazhery-dlya-nog;162206
Краса та здоров'я;Товари для здоров'я;Масажери;Масажери для очей і голови;https://prom.ua/ua/Massazhery-dlya-glaz;162210
Краса та здоров'я;Товари для здоров'я;Масажери;Масажери для шиї і плечей;https://prom.ua/ua/Massazhery-dlya-shei-i-plech;162224
Краса та здоров'я;Товари для здоров'я;Масажери;Масажери і тренажери для обличчя;https://prom.ua/ua/Massazhery-dlya-litsa;162221
Краса та здоров'я;Товари для здоров'я;Масажери;"Масажери, загальне";https://prom.ua/ua/Drugie-massazhery;162204
Краса та здоров'я;Товари для здоров'я;Масажери;"Масажери-їжачки, масажери «антистрес»";https://prom.ua/ua/Massazhery-dlya-golovy-i-tela-antistress;162217
Краса та здоров'я;Товари для здоров'я;Масажери;Масажні апарати;https://prom.ua/ua/Massazhnye-apparaty;162515
Краса та здоров'я;Товари для здоров'я;Масажери;Масажні банки;https://prom.ua/ua/Massazhnye-banki;162226
Краса та здоров'я;Товари для здоров'я;Масажери;Масажні доріжки і килимки;https://prom.ua/ua/Massazhnye-dorozhki-i-kovriki;162214
Краса та здоров'я;Товари для здоров'я;Масажери;Масажні крісла;https://prom.ua/ua/Massazhnye-kresla;162203
Краса та здоров'я;Товари для здоров'я;Масажери;Масажні ліжка;https://prom.ua/ua/Massazhnye-krovati;162514
Краса та здоров'я;Товари для здоров'я;Масажери;"Масажні накидки, мати, подушки";https://prom.ua/ua/Massazhnye-nakidki;162201
Краса та здоров'я;Товари для здоров'я;Масажери;Масажні пояси;https://prom.ua/ua/Vibratsionnye-poyasa;162208
Краса та здоров'я;Товари для здоров'я;Масажери;Масажні щітки;https://prom.ua/ua/Massazhnye-schetki;162218
Краса та здоров'я;Товари для здоров'я;Масажери;Ручні масажери для тіла;https://prom.ua/ua/Ruchnye-massazhery;162209
Краса та здоров'я;Товари для здоров'я;Масажери;Стрічкові вібромасажери для тіла;https://prom.ua/ua/Vibromassazhery;162202
Краса та здоров'я;Товари для здоров'я;Оздоровчі товари з турмаліном і шунгитом;Аксесуари з турмаліном і шунгитом;https://prom.ua/ua/Aksessuary-s-turmalinom;163502
Краса та здоров'я;Товари для здоров'я;Оздоровчі товари з турмаліном і шунгитом;Одяг і нижню білизну з турмаліном;https://prom.ua/ua/Odezhda-i-nizhnee-bele-s-turmalinom;163501
Краса та здоров'я;Товари для здоров'я;Оздоровчі товари з турмаліном і шунгитом;Ортопедичні товари з турмаліном і шунгитом;https://prom.ua/ua/Ortopedicheskie-tovary-s-turmalinom;163503
Краса та здоров'я;Товари для здоров'я;"Товари для здоров'я, загальне";;https://prom.ua/ua/Tovary-dlya-zdorovya-obschee;163601
Краса та здоров'я;Товари для схуднення;"Відео, аудіо та література для схуднення";;https://prom.ua/ua/Programmy-dlya-pohudeniya;163404
Краса та здоров'я;Товари для схуднення;Косметичні засоби для схуднення;;https://prom.ua/ua/Kosmeticheskie-sredstva-dlya-pohudeniya;1609
Краса та здоров'я;Товари для схуднення;Одяг для схуднення;;https://prom.ua/ua/Odezhda-dlya-pohudeniya;163402
Краса та здоров'я;Товари для схуднення;"Товари для схуднення, загальне";;https://prom.ua/ua/Tovary-dlya-pohudeniya-obschee;163403
Краса та здоров'я;Чоловіча косметика та аксесуари для гоління;Аксесуари та змінні касети для гоління;;https://prom.ua/ua/Aksessuary-dlya-britya;330901
Краса та здоров'я;Чоловіча косметика та аксесуари для гоління;Бритви;;https://prom.ua/ua/Britvy-i-soputstvuyuschie-tovary;3309
Краса та здоров'я;Чоловіча косметика та аксесуари для гоління;Засоби по догляду за бородою;;https://prom.ua/ua/Sredstva-uhodu-borodoj;332103
Краса та здоров'я;Чоловіча косметика та аксесуари для гоління;Засоби по догляду за шкірою тіла та обличчя для чоловіків;;https://prom.ua/ua/Sredstva-po-uhodu-za-kozhej-dlya-muzhchin;330624
Краса та здоров'я;Чоловіча косметика та аксесуари для гоління;Косметика для гоління;;https://prom.ua/ua/Kosmetika-dlya-britya;331502
Краса та здоров'я;Чоловіча косметика та аксесуари для гоління;"Косметика для догляду для чоловіків, загальне";;https://prom.ua/ua/Uhazhivayuschaya-kosmetika-dlya-muzhchin-obschee;332102
Краса та здоров'я;Чоловіча косметика та аксесуари для гоління;Чоловіча косметика по догляду за волоссям;;https://prom.ua/ua/Muzhskaya-kosmetika-po-uhodu-za-volosami;332101
Логістичні та складські послуги;Брокерські послуги;;;https://prom.ua/ua/Brokerskie-uslugi;28070906
Логістичні та складські послуги;Кур'єрські послуги;;;https://prom.ua/ua/Kurerskie-uslugi;280711
Логістичні та складські послуги;"Логістичні та складські послуги, загальне";;;https://prom.ua/ua/Drugie-logisticheskie-i-skladskie-uslugi;280799
Логістичні та складські послуги;Послуги складського зберігання;;;https://prom.ua/ua/Uslugi-skladskogo-hraneniya;28071002
Логістичні та складські послуги;Транспортні послуги;Вантажні перевезення;;https://prom.ua/ua/Gruzovye-perevozki;282405
Логістичні та складські послуги;Транспортні послуги;Викуп автомобілів;;https://prom.ua/ua/Vykup-avtomobilej;280572
Логістичні та складські послуги;Транспортні послуги;Пасажирські перевезення;;https://prom.ua/ua/Passazhyrskiye-perevozki;282409
Логістичні та складські послуги;Транспортні послуги;Послуги перегону транспортних засобів;;https://prom.ua/ua/Uslugi-peregona-transportnyh-sredstv;282709
Логістичні та складські послуги;Транспортні послуги;"Транспортні послуги, загальне";;https://prom.ua/ua/Drugie-transportnye-uslugi;282708
Матеріали для ремонту;Аксесуари та фурнітура для вікон і дверей;Аксесуари та комплектуючі для замків;;https://prom.ua/ua/Aksessuary-dlya-dvernyh-zamkov;15380325
Матеріали для ремонту;Аксесуари та фурнітура для вікон і дверей;"Аксесуари та фурнітура для вікон і дверей, загальне";;https://prom.ua/ua/Drugie-aksessuary-i-furnitura-dlya-okon-i-dverej;15380399
Матеріали для ремонту;Аксесуари та фурнітура для вікон і дверей;Антимоскітні сітки та комплектуючі до них;;https://prom.ua/ua/Antimoskitnye-setki-na-okna;153809
Матеріали для ремонту;Аксесуари та фурнітура для вікон і дверей;Відкоси;;https://prom.ua/ua/Otkosy;135710
Матеріали для ремонту;Аксесуари та фурнітура для вікон і дверей;"Віконниці, рольставні для вікон і дверей";;https://prom.ua/ua/Okonnye-rollety;153806
Матеріали для ремонту;Аксесуари та фурнітура для вікон і дверей;Дверний погонаж;;https://prom.ua/ua/Dvernoj-pogonazh;130516
Матеріали для ремонту;Аксесуари та фурнітура для вікон і дверей;Дверні відеоглазки;;https://prom.ua/ua/Dvernye-videoglazki;301306
Матеріали для ремонту;Аксесуари та фурнітура для вікон і дверей;Дверні вічка;;https://prom.ua/ua/Dvernye-glazki;15380314
Матеріали для ремонту;Аксесуари та фурнітура для вікон і дверей;Дверні дзвінки;;https://prom.ua/ua/Dvernye-zvonki;1336
Матеріали для ремонту;Аксесуари та фурнітура для вікон і дверей;Дверні накладки;;https://prom.ua/ua/Dvernye-nakladki;15380305
Матеріали для ремонту;Аксесуари та фурнітура для вікон і дверей;Дверні обмежувачі;;https://prom.ua/ua/Dvernye-ogranichiteli;15380313
Матеріали для ремонту;Аксесуари та фурнітура для вікон і дверей;Дверні та віконні петлі;;https://prom.ua/ua/Dvernye-i-okonnye-petli;15380307
Матеріали для ремонту;Аксесуари та фурнітура для вікон і дверей;Дверні та віконні ручки;;https://prom.ua/ua/Dvernye-i-okonnye-ruchki;15380306
Матеріали для ремонту;Аксесуари та фурнітура для вікон і дверей;Доводчики дверей;;https://prom.ua/ua/Dovodchiki-dverej;15380311
Матеріали для ремонту;Аксесуари та фурнітура для вікон і дверей;Жалюзі для вікон і дверей;;https://prom.ua/ua/Okonnye-zhalyuzi;153802
Матеріали для ремонту;Аксесуари та фурнітура для вікон і дверей;Замки та клямки;Замки;https://prom.ua/ua/Mehanicheskie-zamki;301010
Матеріали для ремонту;Аксесуари та фурнітура для вікон і дверей;Замки та клямки;Замки та клямки загальне;https://prom.ua/ua/Drugie-zamki;301007
Матеріали для ремонту;Аксесуари та фурнітура для вікон і дверей;Клямки;;https://prom.ua/ua/Zaschelki;301011
Матеріали для ремонту;Аксесуари та фурнітура для вікон і дверей;Комплектуючі для вікон і дверей пвх;;https://prom.ua/ua/Komplektuyuschie-dlya-okon-pvh;15380316
Матеріали для ремонту;Аксесуари та фурнітура для вікон і дверей;Механізми і автоматика для вікон і дверей;;https://prom.ua/ua/Mehanizmy-dlya-avtomaticheskih-dverej;15380301
Матеріали для ремонту;Аксесуари та фурнітура для вікон і дверей;Профіль для виробництва металопластикових конструкцій;;https://prom.ua/ua/Profil-dlya-proizvodstva-metalloplastikovyh-konstruktsij;130517
Матеріали для ремонту;Аксесуари та фурнітура для вікон і дверей;Підвіконня і відливи;;https://prom.ua/ua/Podokonniki-i-otlivy;15380310
Матеріали для ремонту;Аксесуари та фурнітура для вікон і дверей;Решітки на вікна та двері;;https://prom.ua/ua/Reshetki-okonnye;130733
Матеріали для ремонту;Аксесуари та фурнітура для вікон і дверей;"Ущільнювачі для вікон, дверей";;https://prom.ua/ua/Uplotniteli-dlya-okon;15380327
Матеріали для ремонту;Аксесуари та фурнітура для вікон і дверей;Фурнітура та аксесуари для ролет та жалюзі;;https://prom.ua/ua/Furnitura-dlya-okonnyh-rollet-i-zhalyuzi;153808
Матеріали для ремонту;Аксесуари та фурнітура для вікон і дверей;Шпінгалети та засуви;;https://prom.ua/ua/Shpingalety-i-zasovy;15380331
Матеріали для ремонту;Вікна та двері;Балконні блоки;;https://prom.ua/ua/Balkonnye-bloki;135709
Матеріали для ремонту;Вікна та двері;Вхідні групи;;https://prom.ua/ua/Vhodnye-gruppy;130506
Матеріали для ремонту;Вікна та двері;Вхідні двері;;https://prom.ua/ua/Dveri-bronirovannye;130507
Матеріали для ремонту;Вікна та двері;Вікна;;https://prom.ua/ua/Okna-metalloplastikovye;135701
Матеріали для ремонту;Вікна та двері;"Вікна і двері, загальне";;https://prom.ua/ua/Okna-dveri-oformlenie-proemov-obschee;130509
Матеріали для ремонту;Вікна та двері;Двері для саун і лазень;;https://prom.ua/ua/Dveri-dlya-saun-i-ban;130510
Матеріали для ремонту;Вікна та двері;Міжкімнатні арки;;https://prom.ua/ua/Arki-mezhkomnatnye;130512
Матеріали для ремонту;Вікна та двері;Міжкімнатні двері;;https://prom.ua/ua/Dveri-vnutrennie-mezhkomnatnye;130503
Матеріали для ремонту;Герметики і монтажна піна;"Герметики і монтажна піна, загальне";;https://prom.ua/ua/Germetiki-i-montazhnaya-pena-obschee;810801
Матеріали для ремонту;Герметики і монтажна піна;Герметики і силікони;;https://prom.ua/ua/Germetiki;82210
Матеріали для ремонту;Герметики і монтажна піна;Монтажна піна;;https://prom.ua/ua/Montazhnaya-pena;13070501
Матеріали для ремонту;Декор для стін;Декоративна ліпнина і архітектурні елементи;;https://prom.ua/ua/Dekorativnaya-lepnina;13070106
Матеріали для ремонту;Декор для стін;Декоративні куточки;;https://prom.ua/ua/Izdeliya-stolyarnye;131108
Матеріали для ремонту;Декор для стін;"Декоративні матеріали та елементи, загальне";;https://prom.ua/ua/Dekorativnye-materialy-i-elementy-obschee;13261301
Матеріали для ремонту;Декор для стін;Декоративні панелі;;https://prom.ua/ua/Dekorativnye-paneli;13070115
Матеріали для ремонту;Декор для стін;Декоративні фрески;;https://prom.ua/ua/Dekorativnye-freski;13070107
Матеріали для ремонту;Декор для стін;Декоративні штукатурки;;https://prom.ua/ua/Dekorativnye-shtukaturki;13070105
Матеріали для ремонту;Декор для стін;Дерев'яні елементи для декорування;;https://prom.ua/ua/Derevyannye-elementy-dlya-dekorirovaniya;13261303
Матеріали для ремонту;Декор для стін;Коркові покриття для стін;;https://prom.ua/ua/Probkovye-pokrytiya-dlya-sten;13261402
Матеріали для ремонту;Декор для стін;Склоблоки;;https://prom.ua/ua/Stekloblok;131504
Матеріали для ремонту;Декор для стін;Сусальне золото і поталь;;https://prom.ua/ua/Susalnoe-zoloto-i-potal;13070108
Матеріали для ремонту;Декор для стін;Трафарети для декорування;;https://prom.ua/ua/Trafarety-dlya-dekorirovaniya;13261304
Матеріали для ремонту;Декор для стін;Функціональна і декоративна плівка;;https://prom.ua/ua/Dekorativnaya-plenka;1343
Матеріали для ремонту;Електрика;"Електрика, загальне";;https://prom.ua/ua/Elektrika-obschee;810701
Матеріали для ремонту;Електрика;Настінні вимикачі;;https://prom.ua/ua/Nastennye-vyklyuchateli;410612
Матеріали для ремонту;Електрика;Розетки електричні;;https://prom.ua/ua/Rozetki-elektricheskie;53004
Матеріали для ремонту;Електрика;Силові вилки та розетки;;https://prom.ua/ua/Vilki-i-rozetki;141905
Матеріали для ремонту;"Матеріали для ремонту, загальне";;;https://prom.ua/ua/Remont-obschee;810101
Матеріали для ремонту;Матеріали та комплектуючі для улаштування стель;Комплектуючі для стель;;https://prom.ua/ua/Komplektuyuschie-dlya-potolkov;134209
Матеріали для ремонту;Матеріали та комплектуючі для улаштування стель;Матеріали для влаштування стель;;https://prom.ua/ua/Natyazhnye-potolki;134208
Матеріали для ремонту;Матеріали та комплектуючі для улаштування стель;"Стелі, загальне";;https://prom.ua/ua/Drugie-potolki;134206
Матеріали для ремонту;Облицювальна плитка;Затирка для швів;;https://prom.ua/ua/Zatirka-dlya-plitki;13073206
Матеріали для ремонту;Облицювальна плитка;Комплектуючі для плиткових робіт;;https://prom.ua/ua/Komplektuyuschie-dlya-plitochnyh-rabot;13073204
Матеріали для ремонту;Облицювальна плитка;Облицювальна мозаїка;;https://prom.ua/ua/Mozaika-oblitsovochnaya;13070103
Матеріали для ремонту;Облицювальна плитка;Плитка для підлоги і стін;;https://prom.ua/ua/Kafelnaya-plitka;13070110
Матеріали для ремонту;Облицювальна плитка;Плитка для східців;;https://prom.ua/ua/Keramicheskie-stupeni;13073207
Матеріали для ремонту;Облицювальна плитка;"Плитка, загальне";;https://prom.ua/ua/Plitka;1346
Матеріали для ремонту;Облицювальна плитка;Фасадна плитка;;https://prom.ua/ua/Plitka-fasadnaya;13073201
Матеріали для ремонту;Опалення та тепла підлога;Аксесуари для системи опалення;Колектори;https://prom.ua/ua/Kollektory;13240211
Матеріали для ремонту;Опалення та тепла підлога;Аксесуари для системи опалення;Розширювальні баки;https://prom.ua/ua/Rasshiritelnye-baki;13240113
Матеріали для ремонту;Опалення та тепла підлога;Опалювальні котли;Комбіновані котли;https://prom.ua/ua/Kotly-kombinirovannye;13240120
Матеріали для ремонту;Опалення та тепла підлога;Опалювальні котли;"Котли опалення, загальне";https://prom.ua/ua/Kotly-otopleniya-obschee;810302
Матеріали для ремонту;Опалення та тепла підлога;Опалювальні котли;Твердопаливні котли;https://prom.ua/ua/Kotly-tverdotoplivnye;14210103
Матеріали для ремонту;Опалення та тепла підлога;Тепла підлога;Комплектуючі та аксесуари для теплої підлоги;https://prom.ua/ua/Komplektuyuschie-aksessuary-dlya;810305
Матеріали для ремонту;Опалення та тепла підлога;Тепла підлога;Обігрівальні термоплівки;https://prom.ua/ua/Termoplenki-obogrevatelnye;13240112
Матеріали для ремонту;Опалення та тепла підлога;Тепла підлога;"Тепла підлога, загальне";https://prom.ua/ua/Poly-teplye;13240101
Матеріали для ремонту;Печі та каміни;Аксесуари для печей і камінів;;https://prom.ua/ua/Aksessuary-dlya-pechej-i-kaminov;13240305
Матеріали для ремонту;Печі та каміни;Димоходи та комплектуючі;;https://prom.ua/ua/Dymohody;13240302
Матеріали для ремонту;Печі та каміни;Засоби для видалення кіпоті та сажі;;https://prom.ua/ua/Sredstva-dlya-udaleniya-kopoti-i-sazhi;80323
Матеріали для ремонту;Печі та каміни;Каміни;;https://prom.ua/ua/Kaminy;1364
Матеріали для ремонту;Печі та каміни;Камінні портали;;https://prom.ua/ua/Kaminnye-portaly;13120707
Матеріали для ремонту;Печі та каміни;Камінні топки;;https://prom.ua/ua/Topka-kaminnaya;136404
Матеріали для ремонту;Печі та каміни;Комплектуючі для печей і камінів;;https://prom.ua/ua/Komplektuyuschie-dlya-pechej-i-kaminov;1363
Матеріали для ремонту;Печі та каміни;Печі;;https://prom.ua/ua/Pechi;13240306
Матеріали для ремонту;Печі та каміни;"Печі, каміни, топки, димоходи, загальне";;https://prom.ua/ua/Drugie-pechi-kaminy-topki-dymohody;13240301
Матеріали для ремонту;Печі та каміни;Печі-каміни;;https://prom.ua/ua/Pechi-kaminy;13240303
Матеріали для ремонту;Побутова вентиляція;Витяжні вентилятори;;https://prom.ua/ua/Ventilyatory-vytyazhnye;14220108
Матеріали для ремонту;Побутова вентиляція;"Побутова вентиляція, загальне";;https://prom.ua/ua/Bytovaya-ventilyatsiya-obschee;810201
Матеріали для ремонту;Побутова вентиляція;Повітророзподільники;;https://prom.ua/ua/Vozduhoraspredeliteli;142202
Матеріали для ремонту;Побутова вентиляція;Провітрювачі;;https://prom.ua/ua/Provetrivateli;600
Матеріали для ремонту;Побутова вентиляція;Системи контролю мікроклімату;;https://prom.ua/ua/Sistemy-kontrolya-mikroklimata;142210
Матеріали для ремонту;Побутова вентиляція;Стельові вентилятори;;https://prom.ua/ua/Ventilyatory-potolochnye;63016
Матеріали для ремонту;Побутове водопостачання;Водонагрівачі та комплектуючі;"Водонагрівачі, бойлери, колонки";https://prom.ua/ua/Bojlery;607
Матеріали для ремонту;Побутове водопостачання;Водонагрівачі та комплектуючі;"Водонагрівачі, загальне";https://prom.ua/ua/Vodonagrevateli-obschee;13241105
Матеріали для ремонту;Побутове водопостачання;Водонагрівачі та комплектуючі;Комплектуючі для водонагрівачів;https://prom.ua/ua/Komplektuyuschie-dlya-vodonagrevatelej-1;13241102
Матеріали для ремонту;Побутове водопостачання;Водонагрівачі та комплектуючі;Проточні водонагрівачі;https://prom.ua/ua/Vodonagrevateli-protochnye;13241106
Матеріали для ремонту;Побутове водопостачання;Водонагрівачі та комплектуючі;Теплові акумулятори;https://prom.ua/ua/Teplovye-akkumulyatory;13241103
Матеріали для ремонту;Побутове водопостачання;Гідроакумулятори;;https://prom.ua/ua/Gidroakkumulyatory;13240412
Матеріали для ремонту;Побутове водопостачання;"Побутове водопостачання, загальне";;https://prom.ua/ua/Bytovoe-vodosnabzhenie-obschee;810102
Матеріали для ремонту;Побутове водопостачання;Побутове очищення води;Комплектуючі для гідроакумуляторів;https://prom.ua/ua/Komplektuyuschie-dlya-gidroakkumulyatorov;13240414
Матеріали для ремонту;Побутове водопостачання;Побутове очищення води;Комплектуючі до побутових фільтрів;https://prom.ua/ua/Komplektuyuschie-k-bytovym-filtram;13240409
Матеріали для ремонту;Побутове водопостачання;Побутове очищення води;"Обладнання для водопостачання, загальне";https://prom.ua/ua/Drugoe-oborudovanie-dlya-vodosnabzheniya;13240407
Матеріали для ремонту;Побутове водопостачання;Побутове очищення води;Побутові магістральні фільтри;https://prom.ua/ua/Bytovye-magistralnye-filtry;13240416
Матеріали для ремонту;Побутове водопостачання;Побутове очищення води;Побутові проточні фільтри;https://prom.ua/ua/Bytovye-filtry-pod-mojku;13240402
Матеріали для ремонту;Побутове водопостачання;Побутове очищення води;Побутові фільтри зворотного осмосу;https://prom.ua/ua/Sistemy-ochistki-vody;13240408
Матеріали для ремонту;Побутове водопостачання;Побутове очищення води;Побутові фільтри комплексного очищення води;https://prom.ua/ua/Bytovye-filtry-kompleksnoj-ochistki-vody;13240415
Матеріали для ремонту;Побутове водопостачання;Побутове очищення води;Пом'якшувачі води;https://prom.ua/ua/Umyagchiteli-vody;13240405
Матеріали для ремонту;Побутове водопостачання;Побутове очищення води;Пристрої магнітної обробки води;https://prom.ua/ua/Ustrojstva-magnitnoj-obrabotki-vody;13100639
Матеріали для ремонту;Побутове водопостачання;Побутове очищення води;Фільтри-глечики;https://prom.ua/ua/Bytovye-filtry-dlya-vody;621
Матеріали для ремонту;Побутове водопостачання;"Побутові насоси для водопостачання, водовідведення";Запчастини та аксесуари для насосів;https://prom.ua/ua/Zapchasti-i-aksessuary-dlya-nasosov;13241405
Матеріали для ремонту;Побутове водопостачання;"Побутові насоси для водопостачання, водовідведення";Побутові насоси;https://prom.ua/ua/Bytovye-skvazhinnye-nasosy;13241401
Матеріали для ремонту;Побутове водопостачання;"Побутові насоси для водопостачання, водовідведення";"Побутові насоси для водопостачання, загальне";https://prom.ua/ua/Bytovye-nasosy-dlya-vodosnabzheniya-obschee;13241404
Матеріали для ремонту;Побутове водопостачання;Помпи для води;;https://prom.ua/ua/Pompy-dlya-vody;810103
Матеріали для ремонту;Підлогові покриття;Брудозахисні покриття для підлоги;;https://prom.ua/ua/Gryazezaschitnoe-pokrytie-dlya-pola;130722
Матеріали для ремонту;Підлогові покриття;Вінілове і пвх покриття для підлоги;;https://prom.ua/ua/Vinilovoe-pokrytie-dlya-pola;130719
Матеріали для ремонту;Підлогові покриття;Гумове покриття для підлоги;;https://prom.ua/ua/Rezinovoe-napolnoe-pokrytie;130739
Матеріали для ремонту;Підлогові покриття;Ковролін і килимова плитка;;https://prom.ua/ua/Kovrovaya-plitka;13073202
Матеріали для ремонту;Підлогові покриття;Комплектуючі для підлогових покриттів;;https://prom.ua/ua/Komplektuyuschie-dlya-napolnyh;13070121
Матеріали для ремонту;Підлогові покриття;Ламінат;;https://prom.ua/ua/Laminat;130713
Матеріали для ремонту;Підлогові покриття;Лінолеум;;https://prom.ua/ua/Linoleum;130714
Матеріали для ремонту;Підлогові покриття;Матеріали для облаштування промислових підлог;;https://prom.ua/ua/Nalivnye-poly;13070506
Матеріали для ремонту;Підлогові покриття;Матеріали для пристрою фальшполов;;https://prom.ua/ua/Materialy-dlya-ustrojstva-falshpolov;13073501
Матеріали для ремонту;Підлогові покриття;Паркет та підлогова дошка;;https://prom.ua/ua/Parket;130712
Матеріали для ремонту;Підлогові покриття;Плінтуси та комплектуючі до них;;https://prom.ua/ua/Plintusy-derevyannye;13073101
Матеріали для ремонту;Підлогові покриття;"Покриття для підлоги, загальне";;https://prom.ua/ua/Drugoe-pokrytie-dlya-pola;130718
Матеріали для ремонту;Підлогові покриття;Пороги для підлоги;;https://prom.ua/ua/Porogi-dlya-pola;130730
Матеріали для ремонту;Підлогові покриття;Пробкові підлоги;;https://prom.ua/ua/Probkovoe-pokrytie-dlya-pola;130716
Матеріали для ремонту;Підлогові покриття;Підкладки і настили для підлоги;;https://prom.ua/ua/Podlozhki-i-nastily-dlya-pola;130725
Матеріали для ремонту;Підлогові покриття;Сухі суміші для стяжки підлоги;;https://prom.ua/ua/Suhie-smesi-dlya-styazhki;13070507
Матеріали для ремонту;Підлогові покриття;Терасове покриття;;https://prom.ua/ua/Terrasnaya-doska;130724
Матеріали для ремонту;Радіатори та обігрівачі;Водяні конвектори;;https://prom.ua/ua/Vodyanye-konvektory;62610
Матеріали для ремонту;Радіатори та обігрівачі;Газові конвектори;;https://prom.ua/ua/Gazovye-konvektory;62608
Матеріали для ремонту;Радіатори та обігрівачі;Запчастини і комплектуючі для радіаторів;;https://prom.ua/ua/Zapchasti-dlya-radiatorov-batarej;13240115
Матеріали для ремонту;Радіатори та обігрівачі;Радіатори опалення;;https://prom.ua/ua/Radiatory-stalnye-batarei;13240104
Матеріали для ремонту;Радіатори та обігрівачі;"Радіатори та обігрівачі, загальне";;https://prom.ua/ua/Radiatory-i-obogrevateli-obschee;13241301
Матеріали для ремонту;Сантехніка;Інсталяційні системи;;https://prom.ua/ua/Installyatsionnye-sistemy;13240222
Матеріали для ремонту;Сантехніка;Аксесуари для кухонних мийок;;https://prom.ua/ua/Aksessuary-dlya-moek;13240224
Матеріали для ремонту;Сантехніка;Біде;;https://prom.ua/ua/Bide;130113
Матеріали для ремонту;Сантехніка;Ванни;;https://prom.ua/ua/Vanny-drugie;130101
Матеріали для ремонту;Сантехніка;Виливи;;https://prom.ua/ua/Izlivy;13240216
Матеріали для ремонту;Сантехніка;Гнучкі шланги для підключення води та газу;;https://prom.ua/ua/Gibkie-shlangi-dlya-podklyucheniya-vody-i-gaza;13240206
Матеріали для ремонту;Сантехніка;Гігієнічні душі;;https://prom.ua/ua/Gigienicheskie-dushi;13240225
Матеріали для ремонту;Сантехніка;Душові кабіни;;https://prom.ua/ua/Dushevye-kabiny;130107
Матеріали для ремонту;Сантехніка;Душові набори й системи;;https://prom.ua/ua/Dushevye-nabory;130119
Матеріали для ремонту;Сантехніка;Душові піддони;;https://prom.ua/ua/Dushevye-poddony;130120
Матеріали для ремонту;Сантехніка;Душові штанги;;https://prom.ua/ua/Dushevye-stojki;130183
Матеріали для ремонту;Сантехніка;Запчастини для змішувачів;;https://prom.ua/ua/Zapchasti-dlya-smesitelej;13240217
Матеріали для ремонту;Сантехніка;"Комплектуючі, запчастини та витратні матеріали для сантехніки";;https://prom.ua/ua/Zapchasti-i-rashodnye-materialy-dlya-santehniki;13240219
Матеріали для ремонту;Сантехніка;"Крани, змішувачі";;https://prom.ua/ua/Krany-smesiteli;130103
Матеріали для ремонту;Сантехніка;Кришки для унітазів;;https://prom.ua/ua/Kryshki-unitaza;130184
Матеріали для ремонту;Сантехніка;Кухонні мийки;;https://prom.ua/ua/Kuhonnye-mojki;1302
Матеріали для ремонту;Сантехніка;Лійки для душу;;https://prom.ua/ua/Nasadki-dlya-dusha;130106
Матеріали для ремонту;Сантехніка;Насадки і перехідники для сантехнічного обладнання;;https://prom.ua/ua/Nasadki-i-perehodniki;130116
Матеріали для ремонту;Сантехніка;"Огорожі та перегородки для ванної, душа, туалету";;https://prom.ua/ua/Dveri-dlya-dusha;13240220
Матеріали для ремонту;Сантехніка;Пісуари;;https://prom.ua/ua/Pissuary;130124
Матеріали для ремонту;Сантехніка;"Сантехніка, загальне";;https://prom.ua/ua/Drugoe-santehnicheskoe-oborudovanie;13240201
Матеріали для ремонту;Сантехніка;Сантехнічні троси;;https://prom.ua/ua/Trosy-santehnicheskie;13240510
Матеріали для ремонту;Сантехніка;"Сифони, сантехнічні трапи";;https://prom.ua/ua/Sifony-santehnicheskie;13240208
Матеріали для ремонту;Сантехніка;Сушарки для рушників;;https://prom.ua/ua/Polotentsesushiteli;13240205
Матеріали для ремонту;Сантехніка;Умивальники і п'єдестали;;https://prom.ua/ua/Umyvalniki;130110
Матеріали для ремонту;Сантехніка;"Унітази, бачки";;https://prom.ua/ua/Unitazy;130108
Матеріали для ремонту;Сантехніка;Шланги для душу;;https://prom.ua/ua/Shlangi-dlya-dusha;13240223
Матеріали для ремонту;Скріплювальні вироби;Анкера;;https://prom.ua/ua/Ankera;420501
Матеріали для ремонту;Скріплювальні вироби;Дюбелі;;https://prom.ua/ua/Dyubelya;420510
Матеріали для ремонту;Скріплювальні вироби;Заклепки;;https://prom.ua/ua/Zaklepki;420505
Матеріали для ремонту;Скріплювальні вироби;Кронштейни;;https://prom.ua/ua/Kronshtejny;4201
Матеріали для ремонту;Скріплювальні вироби;"Кріпильні вироби, загальне";;https://prom.ua/ua/Drugie-krepezhnye-detali;420508
Матеріали для ремонту;Скріплювальні вироби;Кріпильні шпонки;;https://prom.ua/ua/Shponki-krepezhnye;420527
Матеріали для ремонту;Скріплювальні вироби;Кріпильні штифти;;https://prom.ua/ua/Shtifty-krepezhnye;420515
Матеріали для ремонту;Скріплювальні вироби;Метричне кріплення;Болти;https://prom.ua/ua/Bolty;420502
Матеріали для ремонту;Скріплювальні вироби;Метричне кріплення;Гайки;https://prom.ua/ua/Gajki;420504
Матеріали для ремонту;Скріплювальні вироби;Метричне кріплення;Кріпильні гвинти;https://prom.ua/ua/Vinty;420512
Матеріали для ремонту;Скріплювальні вироби;Метричне кріплення;Різьбові шпильки;https://prom.ua/ua/Shpilka-rezbovaya;420513
Матеріали для ремонту;Скріплювальні вироби;Метричне кріплення;"Шайби, гровер";https://prom.ua/ua/Shajby-grovera;420507
Матеріали для ремонту;Скріплювальні вироби;Монтажні клини;;https://prom.ua/ua/Klinya-montazhnye;420526
Матеріали для ремонту;Скріплювальні вироби;Монтажні патрони;;https://prom.ua/ua/Montazhnye-patrony;420517
Матеріали для ремонту;Скріплювальні вироби;"Скоби, цвяхи для будівельних степлерів";;https://prom.ua/ua/Skoby-gvozdi-dlya-steplerov;14201515
Матеріали для ремонту;Скріплювальні вироби;Стопорні кільця;;https://prom.ua/ua/Koltsa-stopornye;420516
Матеріали для ремонту;Скріплювальні вироби;Такелаж;Вантажопідйомні гаки;https://prom.ua/ua/Kryuki;4203
Матеріали для ремонту;Скріплювальні вироби;Такелаж;Канатні затискачі;https://prom.ua/ua/Zazhimy-kanatnye;420522
Матеріали для ремонту;Скріплювальні вироби;Такелаж;Коуши;https://prom.ua/ua/Koushi;42020203
Матеріали для ремонту;Скріплювальні вироби;Такелаж;Ланцюги;https://prom.ua/ua/Tsepi;421004
Матеріали для ремонту;Скріплювальні вироби;Такелаж;Підйомні ланки;https://prom.ua/ua/Zvenya-podemnye;420511
Матеріали для ремонту;Скріплювальні вироби;Такелаж;"Рим-болти, рим-гайки";https://prom.ua/ua/Rym-bolty-rym-gajki;420523
Матеріали для ремонту;Скріплювальні вироби;Такелаж;"Сталеві канати, троси";https://prom.ua/ua/Stalnye-kanaty-trosy;421001
Матеріали для ремонту;Скріплювальні вироби;Такелаж;Такелажні блоки;https://prom.ua/ua/Bloki-takelazhnye;420524
Матеріали для ремонту;Скріплювальні вироби;Такелаж;Такелажні скоби і карабіни;https://prom.ua/ua/Takelazhnye-skoby;420521
Матеріали для ремонту;Скріплювальні вироби;Такелаж;Талрепи;https://prom.ua/ua/Talrepy;420520
Матеріали для ремонту;Скріплювальні вироби;"Хомути, затискачі";;https://prom.ua/ua/Homuty-zazhimy;420509
Матеріали для ремонту;Скріплювальні вироби;Цвяхи;;https://prom.ua/ua/Gvoizdi;420503
Матеріали для ремонту;Скріплювальні вироби;Шплінти;;https://prom.ua/ua/Shplinty;420514
Матеріали для ремонту;Скріплювальні вироби;"Шурупи, саморізи";;https://prom.ua/ua/Shurupy-samorezy;420506
Матеріали для ремонту;Шпалери;Рулонні шпалери;;https://prom.ua/ua/Vinilovye-oboi;130303
Матеріали для ремонту;Шпалери;Рідкі шпалери та домішки до них;;https://prom.ua/ua/Zhidkie-oboi;130302
Матеріали для ремонту;Шпалери;Фотошпалери;;https://prom.ua/ua/Fotooboi;130301
Матеріали для ремонту;Шпалери;"Шпалери, загальне";;https://prom.ua/ua/Oboi-obschee;130312
Матеріали для ремонту;Шпалери;Шпалерний клей;;https://prom.ua/ua/Klej-obojnyj;131903
Медикаменти та медичні товари;Лікарські засоби;Антипаразитарні речовини;;https://prom.ua/ua/Protivoparazitarnye-preparaty;160405
Медикаменти та медичні товари;Лікарські засоби;"Вітаміни, амінокислоти і коферменти";;https://prom.ua/ua/Vitaminy-aminokisloty-i-kofermenty;160417
Медикаменти та медичні товари;Лікарські засоби;Дерматологічні засоби;"Дерматологічні засоби, загальне";https://prom.ua/ua/Dermatologicheskie-sredstva-obshee;401230
Медикаменти та медичні товари;Лікарські засоби;Дерматологічні засоби;Препарати для загоювання ран;https://prom.ua/ua/Ranozazhivlyayushie-preparaty;401240
Медикаменти та медичні товари;Лікарські засоби;Дерматологічні засоби;Препарати для лікування акне;https://prom.ua/ua/Preparaty-dlya-lecheniya-akne;401231
Медикаменти та медичні товари;Лікарські засоби;Дерматологічні засоби;"Препарати для лікування дерматитів, екземи та псоріазу";https://prom.ua/ua/Preparaty-dlya-lecheniya-dermatitov-ekzemy-i-psoriaza;401232
Медикаменти та медичні товари;Лікарські засоби;Дерматологічні засоби;Препарати для лікування педикульозу;https://prom.ua/ua/Preparaty-dlya-lecheniya-pedikuleza;401233
Медикаменти та медичні товари;Лікарські засоби;Дерматологічні засоби;Протиалергічні речовини;https://prom.ua/ua/Protivozudnye-i-antigistaminnye-preparaty;160401
Медикаменти та медичні товари;Лікарські засоби;Засоби діагностики захворювань;;https://prom.ua/ua/Sredstva-diagnostiki-zabolevanij;162403
Медикаменти та медичні товари;Лікарські засоби;Знеболюючі та протизапальні препарати;;https://prom.ua/ua/Obezbolivayushie-i-protivovospalitelnye-preparaty;160406
Медикаменти та медичні товари;Лікарські засоби;"Лікарські засоби, загальне";;https://prom.ua/ua/Lekarstvennyiesredstva-obschee;401202
Медикаменти та медичні товари;Лікарські засоби;Нервова система;Депресанти та стимулятори центральної нервової системи;https://prom.ua/ua/Depressanty-i-stimulyatory-tsentralnoj-nervnoj-sistemy;160410
Медикаменти та медичні товари;Лікарські засоби;Нервова система;"Нервова система, загальна";https://prom.ua/ua/Nervnaya-sistema-obshee;401223
Медикаменти та медичні товари;Лікарські засоби;Нервова система;Препарати від алкоголізму і тютюнової залежності;https://prom.ua/ua/Preparaty-ot-alkogolizma-i-nikotinovoj-zavisimosti;160321
Медикаменти та медичні товари;Лікарські засоби;Опорно-рухова система;" опорно-рухова система, загальне";https://prom.ua/ua/Oporno-dvigatelnaya-sistema-obshee;401225
Медикаменти та медичні товари;Лікарські засоби;Опорно-рухова система; препарати від м'язового болю;https://prom.ua/ua/Preparaty-ot-myshechnoj-boli;160333
Медикаменти та медичні товари;Лікарські засоби;Опорно-рухова система;Препарати для лікування суглобів і кісток;https://prom.ua/ua/Preparaty-dlya-lecheniya-sustavov-i-kostej;160308
Медикаменти та медичні товари;Лікарські засоби;Опорно-рухова система;Хондропротектори;https://prom.ua/ua/Hondroprotektory;401228
Медикаменти та медичні товари;Лікарські засоби;Органи чуття;Лікувально-профілактичні засоби для очей;https://prom.ua/ua/Preparaty-dlya-lecheniya-glaznyh-boleznj;160312
Медикаменти та медичні товари;Лікарські засоби;Органи чуття;"Органи чуття, загальне";https://prom.ua/ua/Organy-chuvstv-obshee;401235
Медикаменти та медичні товари;Лікарські засоби;Органи чуття;Препарати для лікування вушних захворювань;https://prom.ua/ua/Preparaty-dlya-lecheniya-ushnyh-zabolevanij;160325
Медикаменти та медичні товари;Лікарські засоби;Препарати для імунної системи;Імуномодулятори;https://prom.ua/ua/Immunomodulyatory;1608
Медикаменти та медичні товари;Лікарські засоби;Препарати для імунної системи;"Препарати для імунної системи, загальне";https://prom.ua/ua/Preparatyi-dlya-immunnoy-sistemyi-obschee;401212
Медикаменти та медичні товари;Лікарські засоби;Препарати ендокринної системи;;https://prom.ua/ua/Preparaty-dlya-endokrinnoj-sistemy;160412
Медикаменти та медичні товари;Лікарські засоби;Протиінфекційні препарати;" протиінфекційні препарати, загальна";https://prom.ua/ua/Protivoinfektsionnyie-preparatyi-obschee;401208
Медикаменти та медичні товари;Лікарські засоби;Протиінфекційні препарати;Антимікробні препарати;https://prom.ua/ua/Antimikrobnyie-preparatyi;401209
Медикаменти та медичні товари;Лікарські засоби;Протиінфекційні препарати;Препарати при захворюваннях ротової порожнини;https://prom.ua/ua/Preparaty-pri-zabolevaniyah-polosti-rta;401241
Медикаменти та медичні товари;Лікарські засоби;Протиінфекційні препарати;Протигрибкові препарати;https://prom.ua/ua/Protivogribkovyie-preparatyi;401210
Медикаменти та медичні товари;Лікарські засоби;Респіраторна система;Ліки від застуди та грві;https://prom.ua/ua/Lekarstva-ot-prostudyi-i-orvi;401205
Медикаменти та медичні товари;Лікарські засоби;Респіраторна система;Ліки від кашлю;https://prom.ua/ua/Lekarstva-ot-kashlya;401204
Медикаменти та медичні товари;Лікарські засоби;Респіраторна система;"Респіраторна система, загальне";https://prom.ua/ua/Respiratornayasistema-obschee;401203
Медикаменти та медичні товари;Лікарські засоби;Серцево-судинна система;Препарати для судин;https://prom.ua/ua/Preparaty-dlya-sosudov;401239
Медикаменти та медичні товари;Лікарські засоби;Серцево-судинна система;"Серцево-судинна система, загальне";https://prom.ua/ua/Serdechno-sosudistaya-sistema-obshee;401220
Медикаменти та медичні товари;Лікарські засоби;Серцево-судинна система;Серцево-судинні препарати;https://prom.ua/ua/Serdechnye-preparaty;160409
Медикаменти та медичні товари;Лікарські засоби;Сечостатева система;Препарати для лікування гінекологічних захворювань;https://prom.ua/ua/Preparaty-dlya-lecheniya-ginekologicheskih-zabolevanij;160304
Медикаменти та медичні товари;Лікарські засоби;Сечостатева система;Препарати для лікування урологічних захворювань;https://prom.ua/ua/Preparaty-dlya-lecheniya-urologicheskih-zabolevanij;160305
Медикаменти та медичні товари;Лікарські засоби;Сечостатева система;"Сечостатева система, загальне";https://prom.ua/ua/Mochepolovaya-sistema-obshee;401237
Медикаменти та медичні товари;Лікарські засоби;Травна система та обмін речовин;Препарати для лікування жовчного міхура і печінки;https://prom.ua/ua/Preparatyi-dlya-lecheniya-jelchnogo-puzyirya-i-pecheni;160319
Медикаменти та медичні товари;Лікарські засоби;Травна система та обмін речовин;Препарати для лікування цукрового діабету;https://prom.ua/ua/Preparaty-dlya-lecheniya-diabeta;160314
Медикаменти та медичні товари;Лікарські засоби;Травна система та обмін речовин;Препарати для підшлункової залози;https://prom.ua/ua/Preparatyi-dlya-podjeludochnoy-jelezyi;401218
Медикаменти та медичні товари;Лікарські засоби;Травна система та обмін речовин;"Травна система та обмін речовин, загальне";https://prom.ua/ua/Pischevaritelnaya-sistema-i-obmen-veschestv-obschee;401215
Медикаменти та медичні товари;Лікарські засоби;Травна система та обмін речовин;Шлунково-кишкові препарати;https://prom.ua/ua/Zheludochno-kishechnye-preparaty;160413
Медикаменти та медичні товари;"Медикаменти та медичні товари, загальне";;;https://prom.ua/ua/Medikamenty-i-medicinskie-tovary-obshchee;16701
Медикаменти та медичні товари;Натуральні препарати;Антипаразитарні натуральні препарати;;https://prom.ua/ua/Antiparazitarnye-naturalnye-preparaty;160316
Медикаменти та медичні товари;Натуральні препарати;Натуральні дерматологічні засоби;;https://prom.ua/ua/Naturalnye-dermatologicheskie-sredstva;160320
Медикаменти та медичні товари;Натуральні препарати;Натуральні знеболюючі препарати;;https://prom.ua/ua/Naturalnye-obezbolivayuschie-preparaty;160331
Медикаменти та медичні товари;Натуральні препарати;Натуральні препарати від алергії;;https://prom.ua/ua/Naturalnye-preparaty-ot-allergii;160330
Медикаменти та медичні товари;Натуральні препарати;Натуральні препарати від куріння та алкоголізму;;https://prom.ua/ua/Naturalnyepreparatyotkureniyaialkogolizma;160335
Медикаменти та медичні товари;Натуральні препарати;Натуральні препарати для жінок;;https://prom.ua/ua/Naturalnye-preparaty-dlya-zhenschin;160317
Медикаменти та медичні товари;Натуральні препарати;Натуральні препарати для лікування варикозного розширення вен;;https://prom.ua/ua/Naturalnye-preparaty-ot-varikoznogo-rasshireniya-ven;160324
Медикаменти та медичні товари;Натуральні препарати;Натуральні препарати для лікування дихальної системи;;https://prom.ua/ua/Preparaty-dlya-dyhatelnoj-sistemy;160416
Медикаменти та медичні товари;Натуральні препарати;Натуральні препарати для лікування захворювань щитовидної залози;;https://prom.ua/ua/Naturalnye-preparaty-schitovidnoj-zhelezy;160315
Медикаменти та медичні товари;Натуральні препарати;Натуральні препарати для лікування нервової системи;;https://prom.ua/ua/Naturalnye-preparaty-dlya-nervnoj-sistemy;160303
Медикаменти та медичні товари;Натуральні препарати;Натуральні препарати для лікування нирок і сечовивідних шляхів;;https://prom.ua/ua/Naturalnye-preparaty-dlya-pochek-i-mochevyvodyaschih-putej;160327
Медикаменти та медичні товари;Натуральні препарати;Натуральні препарати для лікування серцево-судинних захворювань;;https://prom.ua/ua/Naturalnye-preparaty-dlya-serdechno-sosudistoj-sistemy;160301
Медикаменти та медичні товари;Натуральні препарати;Натуральні препарати для лікування урологічних захворювань;;https://prom.ua/ua/Naturalnye-preparaty-dlya-muzhchin;160307
Медикаменти та медичні товари;Натуральні препарати;Натуральні препарати для лікування хвороб опорно-рухової системи;;https://prom.ua/ua/Naturalnye-preparaty-dlya;160336
Медикаменти та медичні товари;Натуральні препарати;Натуральні препарати для лікування шлунково-кишкового тракту;;https://prom.ua/ua/Naturalnye-preparaty-dlya-zheludochno-kishechnogo-trakta;160309
Медикаменти та медичні товари;Натуральні препарати;Натуральні препарати для поліпшення мозкового кровообігу;;https://prom.ua/ua/Naturalnye-preparaty-dlya-uluchsheniya-mozgovogo-krovoobrascheniya;160311
Медикаменти та медичні товари;Натуральні препарати;Натуральні препарати для поліпшення процесів регенерації;;https://prom.ua/ua/Naturalnye-preparaty-dlya-regeneratsii;160318
Медикаменти та медичні товари;Натуральні препарати;"Натуральні препарати, загальне";;https://prom.ua/ua/Drugie-naturalnye-preparaty;160302
Медикаменти та медичні товари;Натуральні препарати;Продукти бджільництва;;https://prom.ua/ua/Pchelinaya-pyltsa;160326
Медикаменти та медичні товари;Натуральні препарати;Рослинні і тваринні екстракти;;https://prom.ua/ua/Rastitelnye-i-zhivotnye-ekstrakty;118
Медикаменти та медичні товари;Натуральні препарати;Трав'яні збори та фіточаї;;https://prom.ua/ua/Travyanye-sbory;1602
Медикаменти та медичні товари;Ортопедичні товари;Бандажі грижові та при опущенні внутрішніх органів;;https://prom.ua/ua/Bandazhi-gryzhevye;401003
Медикаменти та медичні товари;Ортопедичні товари;Бандажі післяопераційні і зігріваючі пояси;;https://prom.ua/ua/Bandazhi-poyasnichnye;401005
Медикаменти та медичні товари;Ортопедичні товари;Зігріваючі шерстяні пояси;;https://prom.ua/ua/Sogrevayuschie-sherstyanye-poyasa;401012
Медикаменти та медичні товари;Ортопедичні товари;Коректори для стопи;;https://prom.ua/ua/Korrektory-dlya-stopy;3221020
Медикаменти та медичні товари;Ортопедичні товари;Коректори постави;;https://prom.ua/ua/Korrektory-osanki;401001
Медикаменти та медичні товари;Ортопедичні товари;"Ортопедичні товари, загальне";;https://prom.ua/ua/Ortopedicheskie-tovary-obschee;161205
Медикаменти та медичні товари;Ортопедичні товари;Ортопедичні фіксатори для новонароджених;;https://prom.ua/ua/Ortopedicheskie-fiksatory-dlya-novorozhdennyh;401002
Медикаменти та медичні товари;Ортопедичні товари;Фіксатори гомілковостопного суглоба;;https://prom.ua/ua/Fiksatory-golenostopnogo-sustava;401004
Медикаменти та медичні товари;Ортопедичні товари;Фіксатори колінного суглоба;;https://prom.ua/ua/Fiksatory-kolennogo-sustava;401006
Медикаменти та медичні товари;Ортопедичні товари;Фіксатори плечового і ліктьового суглоба;;https://prom.ua/ua/Fiksatory-plechevogo-i-loktevogo-sustava;401008
Медикаменти та медичні товари;Ортопедичні товари;Фіксатори променево-зап'ясткового суглоба та пальців кисті;;https://prom.ua/ua/Fiksatory-luchezapyastnogo-sustava-i-paltsev-kisti;401009
Медикаменти та медичні товари;Ортопедичні товари;Фіксатори стегна;;https://prom.ua/ua/Fiksatory-bedra;401011
Медикаменти та медичні товари;Ортопедичні товари;Фіксатори шиї;;https://prom.ua/ua/Fiksatory-shei;401007
Медикаменти та медичні товари;Препарати для схуднення;Засоби для схуднення;;https://prom.ua/ua/Kapsuly-dlya-pohudeniya;16030601
Медикаменти та медичні товари;Препарати для схуднення;"Препарати для схуднення, загальне";;https://prom.ua/ua/Drugie-preparaty-dlya-pohudeniya;16030606
Медикаменти та медичні товари;Товари для людей з інвалідністю;Інвалідні коляски;;https://prom.ua/ua/Invalidnye-kolyaski;400901
Медикаменти та медичні товари;Товари для людей з інвалідністю;Аксесуари та комплектуючі для реабілітаційної техніки;;https://prom.ua/ua/Aksessuary-i-komplektuyuschie-dlya-reabilitatsionnoj-tehniki;400912
Медикаменти та медичні товари;Товари для людей з інвалідністю;Вертикалізатори;;https://prom.ua/ua/Vertikalizatory;400911
Медикаменти та медичні товари;Товари для людей з інвалідністю;Засоби для догляду за лежачими хворими;;https://prom.ua/ua/Sredstva-uhodu-lezhachimi;400917
Медикаменти та медичні товари;Товари для людей з інвалідністю;Медичні ходунки ;;https://prom.ua/ua/Hodunki;400904
Медикаменти та медичні товари;Товари для людей з інвалідністю;Милиці;;https://prom.ua/ua/Kostyli;400903
Медикаменти та медичні товари;Товари для людей з інвалідністю;Пандуси для людей з інвалідністю;;https://prom.ua/ua/Pandusy-dlya-invalidov;400910
Медикаменти та медичні товари;Товари для людей з інвалідністю;Протипролежневі системи;;https://prom.ua/ua/Protivoprolezhnevye-sistemy;400906
Медикаменти та медичні товари;Товари для людей з інвалідністю;Підгузки для дорослих;;https://prom.ua/ua/Pampersy-dlya-vzroslyh;151306
Медикаменти та медичні товари;Товари для людей з інвалідністю;Підйомники для людей з інвалідністю;;https://prom.ua/ua/Podemniki-dlya-invalidov;400907
Медикаменти та медичні товари;Товари для людей з інвалідністю;Реабілітаційна меблі для дітей;;https://prom.ua/ua/Reabilitatsionnaya-mebel-dlya-detej;371318
Медикаменти та медичні товари;Товари для людей з інвалідністю;Реабілітаційні тренажери;;https://prom.ua/ua/Reabilitatsionnye-trenazhery;200923
Медикаменти та медичні товари;Товари для людей з інвалідністю;Санітарні пристосування для людей з інвалідністю;;https://prom.ua/ua/Tualetnye-stulya-dlya-invalidov;400905
Медикаменти та медичні товари;Товари для людей з інвалідністю;"Товари для людей з обмеженими можливостями, загальне";;https://prom.ua/ua/Tovary-dlya-invalidov-obschee;1607
Медикаменти та медичні товари;Товари для людей з інвалідністю;Товари після мастектомії;Протези молочної залози;https://prom.ua/ua/Protezy-molochnoj-zhelezy;400908
Медикаменти та медичні товари;Товари для людей з інвалідністю;Товари після мастектомії;"Товари після мастектомії, загальне";https://prom.ua/ua/Tovary-posle-mastektomii-obschee;400914
Медикаменти та медичні товари;Товари для людей з інвалідністю;Тростини;;https://prom.ua/ua/Trosti;400902
Медикаменти та медичні товари;Товари для людей з інвалідністю;Урологічні прокладки;;https://prom.ua/ua/Urologicheskie-prokladki;400916
Медикаменти та медичні товари;Товари медичного призначення;Аптечки;;https://prom.ua/ua/Aptechki;161307
Медикаменти та медичні товари;Товари медичного призначення;Водяні грілки і кріопакети;;https://prom.ua/ua/Grelki-vodyanye;161218
Медикаменти та медичні товари;Товари медичного призначення;"Голки, шприци";;https://prom.ua/ua/Igly-shpritsy-lantsety;161204
Медикаменти та медичні товари;Товари медичного призначення;Експрес-тести;;https://prom.ua/ua/Ekspress-testy;161311
Медикаменти та медичні товари;Товари медичного призначення;Контейнери для збору аналізів;;https://prom.ua/ua/Kontejnery-dlya-sbora-analizov;161216
Медикаменти та медичні товари;Товари медичного призначення;Контейнери для таблеток;;https://prom.ua/ua/Kontejnery-dlya-tabletok;161314
Медикаменти та медичні товари;Товари медичного призначення;Контрацептиви;"Контрацептиви, загальне";https://prom.ua/ua/Kontratseptivy-obschee;16131203
Медикаменти та медичні товари;Товари медичного призначення;Контрацептиви;Спіралі внутрішньоматкові;https://prom.ua/ua/Spirali-vnutrimatochnye;16131202
Медикаменти та медичні товари;Товари медичного призначення;Медичні термометри ;;https://prom.ua/ua/Termometry-meditsinskie;162516
Медикаменти та медичні товари;Товари медичного призначення;Порожні капсули для ліків;;https://prom.ua/ua/Pustye-kapsuly-dlya;161222
Медикаменти та медичні товари;Товари медичного призначення;Піпетки;;https://prom.ua/ua/Pipetki-1;161215
Медикаменти та медичні товари;Товари медичного призначення;Спринцівки;;https://prom.ua/ua/Sprintsovki;161217
Медикаменти та медичні товари;Товари медичного призначення;"Товари медичного призначення, загальне";;https://prom.ua/ua/Tovary-medicinskogo-naznacheniya-obshee;161201
Медичне обладнання та витратні матеріали;Контрольні матеріали і калібратори;;;https://prom.ua/ua/Kontrolnye-materialy-i-kalibratory;4011
Медичне обладнання та витратні матеріали;Медичне обладнання;Акушерське та гінекологічне обладнання;;https://prom.ua/ua/Akusherskoe-i-ginekologicheskoe-oborudovanie;161108
Медичне обладнання та витратні матеріали;Медичне обладнання;Витратні матеріали для медичного обладнання;Витратні матеріали для діагностичного обладнання;https://prom.ua/ua/Rashodnye-materialy-dlya-diagnosticheskogo-oborudovaniya;16111405
Медичне обладнання та витратні матеріали;Медичне обладнання;Витратні матеріали для медичного обладнання;Витратні матеріали для кардіологічного обладнання;https://prom.ua/ua/Rashodnye-materialy-kardio-oborudovaniya;16110906
Медичне обладнання та витратні матеріали;Медичне обладнання;Витратні матеріали для медичного обладнання;"Витратні матеріали для медичного устаткування, загальне";https://prom.ua/ua/Rashodnye-materialy-dlya-drugogo-meditsinskogo-oborudovaniya;16130801
Медичне обладнання та витратні матеріали;Медичне обладнання;Витратні матеріали для медичного обладнання;Витратні матеріали для фізіотерапевтичного обладнання;https://prom.ua/ua/Rashodnye-materialy-dlya-fizioterapevticheskogo-oborudovaniya;16110410
Медичне обладнання та витратні матеріали;Медичне обладнання;Гістологічне обладнання;;https://prom.ua/ua/Gistologicheskoe-oborudovanie;161122
Медичне обладнання та витратні матеріали;Медичне обладнання;Діагностичне обладнання;"Діагностичне обладнання, загальне";https://prom.ua/ua/Drugoe-diagnosticheskoe-oborudovanie;16111402
Медичне обладнання та витратні матеріали;Медичне обладнання;Діагностичне обладнання;Ендоскопічне обладнання;https://prom.ua/ua/Endoskopicheskoe-oborudovanie;16111403
Медичне обладнання та витратні матеріали;Медичне обладнання;Діагностичне обладнання;Обладнання та інструменти для подології;https://prom.ua/ua/Oborudovanie-dlya-podologii;16111407
Медичне обладнання та витратні матеріали;Медичне обладнання;Діагностичне обладнання;Обладнання ультразвукової діагностики;https://prom.ua/ua/Oborudovanie-ultrazvukovoj-diagnostiki;16111401
Медичне обладнання та витратні матеріали;Медичне обладнання;Діагностичне обладнання;Прилади для комп'ютерної діагностики організму;https://prom.ua/ua/Pribory-dlya-kompyuternoj-diagnostiki-organizma;16111406
Медичне обладнання та витратні матеріали;Медичне обладнання;Діагностичне обладнання;Рентгенологічне обладнання;https://prom.ua/ua/Rentgenovskoe-oborudovanie;161111
Медичне обладнання та витратні матеріали;Медичне обладнання;Діагностичне обладнання;Спіроаналізатори;https://prom.ua/ua/Spiroanalizatory;161125
Медичне обладнання та витратні матеріали;Медичне обладнання;Діагностичне обладнання;Томографічне обладнання;https://prom.ua/ua/Tomograficheskoe-oborudovanie;16111404
Медичне обладнання та витратні матеріали;Медичне обладнання;Кардіологічне обладнання;Електрокардіографи;https://prom.ua/ua/Elektrokardiografy;16110901
Медичне обладнання та витратні матеріали;Медичне обладнання;Кардіологічне обладнання;"Кардіологічне обладнання, загальна";https://prom.ua/ua/Drugoe-kardiologicheskoe-oborudovanie;16110905
Медичне обладнання та витратні матеріали;Медичне обладнання;Кардіологічне обладнання;Монітори кардіологічні;https://prom.ua/ua/Monitory-kardiologicheskie;16110903
Медичне обладнання та витратні матеріали;Медичне обладнання;Кардіологічне обладнання;Пульсоксіметри;https://prom.ua/ua/Pulsoksimetry;16110904
Медичне обладнання та витратні матеріали;Медичне обладнання;Кардіологічне обладнання;Стрес-тест системи;https://prom.ua/ua/Stress-test-sistemy;16110908
Медичне обладнання та витратні матеріали;Медичне обладнання;Кардіологічне обладнання;Холтерівські системи;https://prom.ua/ua/Holterovskie-sistemy;16110907
Медичне обладнання та витратні матеріали;Медичне обладнання;Кисневе медичне обладнання;Генератори кисню;https://prom.ua/ua/Generatory-kisloroda-1;16112304
Медичне обладнання та витратні матеріали;Медичне обладнання;Кисневе медичне обладнання;"Кисневе медичне обладнання, загальне";https://prom.ua/ua/Kislorodnoe-oborudovanie;161113
Медичне обладнання та витратні матеріали;Медичне обладнання;Кисневе медичне обладнання;Кисневі балончики;https://prom.ua/ua/Kislorodnye-ballonchiki;16112303
Медичне обладнання та витратні матеріали;Медичне обладнання;Кисневе медичне обладнання;Кисневі коктейлери і міксери;https://prom.ua/ua/Kislorodnye-koktejlery-i-miksery;16112301
Медичне обладнання та витратні матеріали;Медичне обладнання;Кисневе медичне обладнання;Комплектуючі для кисневого медичного обладнання;https://prom.ua/ua/Komplektuyuschie-dlya-kislorodnogo-meditsinskogo-oborudovaniya;16112305
Медичне обладнання та витратні матеріали;Медичне обладнання;Кисневе медичне обладнання;Концентратори кисню;https://prom.ua/ua/Kontsentratory-kisloroda;622
Медичне обладнання та витратні матеріали;Медичне обладнання;Комплектуючі та запчастини для медичного обладнання;;https://prom.ua/ua/Komplektuyuschie-zapchasti-dlya;161131
Медичне обладнання та витратні матеріали;Медичне обладнання;Кріохірургічне обладнання;;https://prom.ua/ua/Kriohirurgicheskoe-oborudovanie;161120
Медичне обладнання та витратні матеріали;Медичне обладнання;Лабораторне обладнання; вакуумні насоси та системи лабораторні;https://prom.ua/ua/Vakuumnye-nasosy-i-sistemy-laboratornye;82626
Медичне обладнання та витратні матеріали;Медичне обладнання;Лабораторне обладнання;Ваги лабораторні;https://prom.ua/ua/Vesy-laboratornye;15371104
Медичне обладнання та витратні матеріали;Медичне обладнання;Лабораторне обладнання;Колбонагрівачі;https://prom.ua/ua/Kolbonagrevateli;82625
Медичне обладнання та витратні матеріали;Медичне обладнання;Лабораторне обладнання;"Лабораторне обладнання, загальне";https://prom.ua/ua/Drugoe-laboratornoe-oborudovanie;82699
Медичне обладнання та витратні матеріали;Медичне обладнання;Лабораторне обладнання;Лабораторний посуд;https://prom.ua/ua/Laboratornaya-posuda;82607
Медичне обладнання та витратні матеріали;Медичне обладнання;Лабораторне обладнання;Лабораторні бані;https://prom.ua/ua/Laboratornye-ballony;82612
Медичне обладнання та витратні матеріали;Медичне обладнання;Лабораторне обладнання;Лабораторні плити;https://prom.ua/ua/Laboratornye-plity;82613
Медичне обладнання та витратні матеріали;Медичне обладнання;Лабораторне обладнання;"Лабораторні штативи, затискачі";https://prom.ua/ua/Laboratornye-tiski;82611
Медичне обладнання та витратні матеріали;Медичне обладнання;Лабораторне обладнання;Ламінарні бокси;https://prom.ua/ua/Laminarnye-boksy;82616
Медичне обладнання та витратні матеріали;Медичне обладнання;Лабораторне обладнання;Магнітні мішалки;https://prom.ua/ua/Magnitnye-meshalki;82618
Медичне обладнання та витратні матеріали;Медичне обладнання;Лабораторне обладнання;Перистальтичні насоси;https://prom.ua/ua/Peristalticheskie-nasosy;82622
Медичне обладнання та витратні матеріали;Медичне обладнання;Лабораторне обладнання;Печі лабораторні;https://prom.ua/ua/Pechi-laboratornye;82606
Медичне обладнання та витратні матеріали;Медичне обладнання;Лабораторне обладнання;Помольне обладнання;https://prom.ua/ua/Pomolnoe-oborudovanie;141605
Медичне обладнання та витратні матеріали;Медичне обладнання;Лабораторне обладнання;Термостати лабораторні;https://prom.ua/ua/Termostaty-laboratornye;82605
Медичне обладнання та витратні матеріали;Медичне обладнання;Лабораторне обладнання;Хроматографічне обладнання;https://prom.ua/ua/Hromatograficheskoe-oborudovanie;82601
Медичне обладнання та витратні матеріали;Медичне обладнання;Лабораторне обладнання;Центрифуги лабораторні;https://prom.ua/ua/Tsentrifugi-laboratornye;82614
Медичне обладнання та витратні матеріали;Медичне обладнання;Лор-обладнання;;https://prom.ua/ua/Lor-oborudovanie;161127
Медичне обладнання та витратні матеріали;Медичне обладнання;Масажне обладнання;Валики для масажних столів;https://prom.ua/ua/Valiki-dlya-massazhnyh-stolov;16111702
Медичне обладнання та витратні матеріали;Медичне обладнання;Масажне обладнання;"Масажне обладнання, загальне";https://prom.ua/ua/Drugoe-massazhnoe-oborudovanie;16111701
Медичне обладнання та витратні матеріали;Медичне обладнання;"Медичне обладнання, загальне";;https://prom.ua/ua/Drugoe-meditsinskoe-oborudovanie;161105
Медичне обладнання та витратні матеріали;Медичне обладнання;Медичні ванни;;https://prom.ua/ua/Meditsinskie-vanny;161128
Медичне обладнання та витратні матеріали;Медичне обладнання;Медичні та лабораторні аналізатори;;https://prom.ua/ua/Meditsinskie-i-laboratornye-analizatory;161101
Медичне обладнання та витратні матеріали;Медичне обладнання;Медичні тренажери і моделі;;https://prom.ua/ua/Meditsinskie-trenazhery-i-modeli;161130
Медичне обладнання та витратні матеріали;Медичне обладнання;Неонатологічне обладнання;;https://prom.ua/ua/Neonatologicheskoe-oborudovanie;161116
Медичне обладнання та витратні матеріали;Медичне обладнання;Обладнання для утилізації медичних відходів;;https://prom.ua/ua/Oborudovanie-dlya-utilizatsii-meditsinskih-othodov;161126
Медичне обладнання та витратні матеріали;Медичне обладнання;Обладнання для іммобілізації;Каталки для переміщення пацієнтів;https://prom.ua/ua/Katalki-dlya-peremescheniya-patsientov;37021002
Медичне обладнання та витратні матеріали;Медичне обладнання;Обладнання для іммобілізації;Носилки і щити санітарні;https://prom.ua/ua/Nosilki-sanitarnye;16112401
Медичне обладнання та витратні матеріали;Медичне обладнання;Обладнання для іммобілізації;Шини та коміри іммобілізаційні;https://prom.ua/ua/Shiny-i-vorotniki-immobilizatsionnye;16112402
Медичне обладнання та витратні матеріали;Медичне обладнання;Операційне обладнання та інструмент;"Операційне обладнання та інструмент, загальне";https://prom.ua/ua/Drugoe-operatsionnoe-oborudovanie-i-instrument;16111002
Медичне обладнання та витратні матеріали;Медичне обладнання;Операційне обладнання та інструмент;Хірургічне обладнання;https://prom.ua/ua/Hirurgicheskoe-oborudovanie;16111001
Медичне обладнання та витратні матеріали;Медичне обладнання;Офтальмологічне обладнання;;https://prom.ua/ua/Oftalmologicheskoe-oborudovanie;161107
Медичне обладнання та витратні матеріали;Медичне обладнання;Патологоанатомічне обладнання;;https://prom.ua/ua/Patologoanatomicheskoe-oborudovanie;161121
Медичне обладнання та витратні матеріали;Медичне обладнання;Прилади для самодіагностики;;https://prom.ua/ua/Pribory-dlya-samodiagnostiki;161102
Медичне обладнання та витратні матеріали;Медичне обладнання;Реанімаційне обладнання;;https://prom.ua/ua/Reanimatsionnoe-oborudovanie;161112
Медичне обладнання та витратні матеріали;Медичне обладнання;Стерилізаційне обладнання;;https://prom.ua/ua/Sterilizatsionnoe-oborudovanie;161118
Медичне обладнання та витратні матеріали;Медичне обладнання;Стоматологічне обладнання;;https://prom.ua/ua/Stomatologicheskoe-oborudovanie;161106
Медичне обладнання та витратні матеріали;Медичне обладнання;Стоматологічні установки і крісла;;https://prom.ua/ua/Mebel-dlya-stomatologij;37021010
Медичне обладнання та витратні матеріали;Медичне обладнання;Урологічне обладнання;;https://prom.ua/ua/Urologicheskoe-oborudovanie;161115
Медичне обладнання та витратні матеріали;Медичне обладнання;Фізіотерапевтичне обладнання;Інгалятори;https://prom.ua/ua/Ingalyatory-1;16110405
Медичне обладнання та витратні матеріали;Медичне обладнання;Фізіотерапевтичне обладнання;Апарати квантової терапії;https://prom.ua/ua/Apparaty-kvantovoj-terapii;16110409
Медичне обладнання та витратні матеріали;Медичне обладнання;Фізіотерапевтичне обладнання;Апарати лазерної терапії;https://prom.ua/ua/Apparaty-lazernoj-terapii;16110407
Медичне обладнання та витратні матеріали;Медичне обладнання;Фізіотерапевтичне обладнання;Апарати магнітотерапії;https://prom.ua/ua/Apparaty-magnitoterapii;16110403
Медичне обладнання та витратні матеріали;Медичне обладнання;Фізіотерапевтичне обладнання;Апарати увч-терапії;https://prom.ua/ua/Apparaty-uvch-terapii;16110402
Медичне обладнання та витратні матеріали;Медичне обладнання;Фізіотерапевтичне обладнання;Опромінювачі фізіотерапевтичні;https://prom.ua/ua/Obluchateli-fizioterapevticheskie;16110408
Медичне обладнання та витратні матеріали;Медичне обладнання;Фізіотерапевтичне обладнання;Сипап апарати;https://prom.ua/ua/Sipap-apparaty;16110411
Медичне обладнання та витратні матеріали;Медичне обладнання;Фізіотерапевтичне обладнання;"Фізіотерапевтичне устаткування, загальне";https://prom.ua/ua/Drugoe-fizioterapevticheskoe-oborudovanie;16110401
Медичне обладнання та витратні матеріали;Медичне обладнання;Фізіотерапевтичне обладнання;Фізіотерапевтичні апарати;https://prom.ua/ua/Apparaty-fizeoterapevticheskie;16110404
Медичне обладнання та витратні матеріали;Медичне обладнання;Холодильники медичні;;https://prom.ua/ua/Holodilnoe-oborudovanie-dlya-aptek;400703
Медичне обладнання та витратні матеріали;"Медичні товари, загальне";;;https://prom.ua/ua/Drugie-meditsinskie-tovary;4006
Медичне обладнання та витратні матеріали;Медичні інструменти та витратні матеріали;Антибактеріальні килимки;;https://prom.ua/ua/Antibakterialnye-kovriki;161316
Медичне обладнання та витратні матеріали;Медичні інструменти та витратні матеріали;Гінекологічні приналежності;;https://prom.ua/ua/Ginekologicheskie-prinadlezhnosti;161309
Медичне обладнання та витратні матеріали;Медичні інструменти та витратні матеріали;Дренажі медичні;;https://prom.ua/ua/Drenazhi-meditsinskie;161202
Медичне обладнання та витратні матеріали;Медичні інструменти та витратні матеріали;Зонди і катетери;;https://prom.ua/ua/Zondy-i-katetery;161203
Медичне обладнання та витратні матеріали;Медичні інструменти та витратні матеріали;"Кало-, сечоприймачі";;https://prom.ua/ua/Kalo-mochepriemniki;161219
Медичне обладнання та витратні матеріали;Медичні інструменти та витратні матеріали;Лотки медичні;;https://prom.ua/ua/Lotki-meditsinskie;161206
Медичне обладнання та витратні матеріали;Медичні інструменти та витратні матеріали;М'який медичний інвентар;;https://prom.ua/ua/Myagkij-meditsinskij-inventar;161207
Медичне обладнання та витратні матеріали;Медичні інструменти та витратні матеріали;"Медичне приладдя, загальне";;https://prom.ua/ua/Drugie-meditsinskie-prinadlezhnosti;161303
Медичне обладнання та витратні матеріали;Медичні інструменти та витратні матеріали;Медичні витратні матеріали;Медична вата ;https://prom.ua/ua/Vata-meditsinskaya;16131301
Медичне обладнання та витратні матеріали;Медичні інструменти та витратні матеріали;Медичні витратні матеріали;Медична марля ;https://prom.ua/ua/Marlya-meditsinskaya;16131303
Медичне обладнання та витратні матеріали;Медичні інструменти та витратні матеріали;Медичні витратні матеріали;Медичні бинти ;https://prom.ua/ua/Perevyazochnyj-material;161302
Медичне обладнання та витратні матеріали;Медичні інструменти та витратні матеріали;Медичні витратні матеріали;"Медичні витратні матеріали, загальне";https://prom.ua/ua/Meditsinskie-rashodnye-materialy-obschee;16131304
Медичне обладнання та витратні матеріали;Медичні інструменти та витратні матеріали;Медичні витратні матеріали;Медичні пластирі ;https://prom.ua/ua/Plastyri-meditsinskie;16131305
Медичне обладнання та витратні матеріали;Медичні інструменти та витратні матеріали;Медичні витратні матеріали;Пакети для стерилізації;https://prom.ua/ua/Pakety-dlya-sterilizatsii;16131306
Медичне обладнання та витратні матеріали;Медичні інструменти та витратні матеріали;Медичні витратні матеріали;Пов'язки для лікування ран;https://prom.ua/ua/Povyazki-dlya-lecheniya-ran;16131307
Медичне обладнання та витратні матеріали;Медичні інструменти та витратні матеріали;Медичні витратні матеріали;Серветки медичні;https://prom.ua/ua/Salfetki-meditsinskie;16131302
Медичне обладнання та витратні матеріали;Медичні інструменти та витратні матеріали;Медичні дезінфікуючі засоби;;https://prom.ua/ua/Meditsinskie-dezinfitsiruyuschie-sredstva;161317
Медичне обладнання та витратні матеріали;Медичні інструменти та витратні матеріали;Медичні джгути;;https://prom.ua/ua/Meditsinskaya-rezina;801205
Медичне обладнання та витратні матеріали;Медичні інструменти та витратні матеріали;Медичні маски і респіратори;;https://prom.ua/ua/Meditsinskie-maski-i-respiratory;161305
Медичне обладнання та витратні матеріали;Медичні інструменти та витратні матеріали;Медичні рукавички ;;https://prom.ua/ua/Meditsinskie-perchatki;161304
Медичне обладнання та витратні матеріали;Медичні інструменти та витратні матеріали;Медичні імпланти;;https://prom.ua/ua/Meditsinskie-implanty;4008
Медичне обладнання та витратні матеріали;Медичні інструменти та витратні матеріали;Медичні інструменти для огляду;;https://prom.ua/ua/Meditsinskie-instrumenty-dlya-osmotra;161212
Медичне обладнання та витратні матеріали;Медичні інструменти та витратні матеріали;Набори медичних інструментів;;https://prom.ua/ua/Nabory-meditsinskih-instrumentov;161209
Медичне обладнання та витратні матеріали;Медичні інструменти та витратні матеріали;Одноразовий одяг і взуття;;https://prom.ua/ua/Odnorazovaya-odezhda-i-bele-dlya-meditsinskih-uchrezhdenij-i-salonov-krasoty;161310
Медичне обладнання та витратні матеріали;Медичні інструменти та витратні матеріали;Офтальмологічні інструменти;;https://prom.ua/ua/Oftalmologicheskie-instrumenty;161210
Медичне обладнання та витратні матеріали;Медичні інструменти та витратні матеріали;Простирадла медичні;;https://prom.ua/ua/Prostyni-meditsinskie;161315
Медичне обладнання та витратні матеріали;Медичні інструменти та витратні матеріали;Підперчатки;;https://prom.ua/ua/Podperchatki;161319
Медичне обладнання та витратні матеріали;Медичні інструменти та витратні матеріали;Стерилізаційний інвентар;;https://prom.ua/ua/Sterilizatsionnyj-inventar;161208
Медичне обладнання та витратні матеріали;Медичні інструменти та витратні матеріали;Стоматологічні інструменти та інвентар;;https://prom.ua/ua/Stomatologicheskie-instrumenty-i-inventar;161211
Медичне обладнання та витратні матеріали;Медичні інструменти та витратні матеріали;Сумки та укладки медичні;;https://prom.ua/ua/Sumki-meditsinskie;161213
Медичне обладнання та витратні матеріали;Медичні інструменти та витратні матеріали;Хірургічні інструменти;;https://prom.ua/ua/Hirurgicheskie-instrumenty;161103
Медичне обладнання та витратні матеріали;Медичні інструменти та витратні матеріали;Шовний матеріал;;https://prom.ua/ua/Shovnyj-material;161301
Медичне обладнання та витратні матеріали;Стерилізаційне та мийне обладнання;;;https://prom.ua/ua/Sterilizatory-farmatsevticheskie;16151702
Медичне обладнання та витратні матеріали;Стоматологічні матеріали;Адгезивні системи;;https://prom.ua/ua/Adgezivnye-sistemy;161702
Медичне обладнання та витратні матеріали;Стоматологічні матеріали;Відбиткові матеріали;;https://prom.ua/ua/Ottisknye-materialy-1;161708
Медичне обладнання та витратні матеріали;Стоматологічні матеріали;Ендодонтичні матеріали;;https://prom.ua/ua/Endodonticheskie-materialy;161710
Медичне обладнання та витратні матеріали;Стоматологічні матеріали;Змінні вініри для зубів;;https://prom.ua/ua/Semnye-viniry-dlya;161711
Медичне обладнання та витратні матеріали;Стоматологічні матеріали;Комплектуючі та елементи зубних протезів;;https://prom.ua/ua/Komplektuyuschie-i-elementy-zubnyh-protezov;161709
Медичне обладнання та витратні матеріали;Стоматологічні матеріали;Композитні стоматологічні матеріали;;https://prom.ua/ua/Plombirovochnye-stomatologicheskie-materialy;161704
Медичне обладнання та витратні матеріали;Стоматологічні матеріали;Лікувальні стоматологічні матеріали;;https://prom.ua/ua/Lechebnye-stomatologicheskie-materialy;161706
Медичне обладнання та витратні матеріали;Стоматологічні матеріали;Ортодонтичні матеріали;;https://prom.ua/ua/Ottisknye-materialy;161707
Медичне обладнання та витратні матеріали;Стоматологічні матеріали;Прокладочні стоматологічні матеріали;;https://prom.ua/ua/Prokladochnye-stomatologicheskie-materialy;161705
Медичне обладнання та витратні матеріали;Стоматологічні матеріали;Стоматологічні витратні матеріали;;https://prom.ua/ua/Stomatologicheskie-rashodnye-materialy;161712
Медичне обладнання та витратні матеріали;Стоматологічні матеріали;"Стоматологічні матеріали, загальне";;https://prom.ua/ua/Stomatologicheskie-materialy-obschee;161701
Медичне обладнання та витратні матеріали;Стоматологічні матеріали;Стоматологічні цементи;;https://prom.ua/ua/Stomatologicheskie-tsementy;161703
Неліквідні запаси (стоки);"Сток одягу і взуття, секонд хенд";;;https://prom.ua/ua/Odezhda-sekond-hend;337
Нерухомість;Виробничі будівлі;;;https://prom.ua/ua/Proizvodstvennye-zdaniya;3107
Нерухомість;Житлові будівлі;;;https://prom.ua/ua/Osobnyaki-villy;3111
Нерухомість;Каплиці;;;https://prom.ua/ua/Kaplitsy-chasovni;172409
Нерухомість;"Нерухомість, загальне";;;https://prom.ua/ua/Drugaya-nedvizhimost;3109
Нерухомість;Торгові будівлі та споруди;;;https://prom.ua/ua/Magaziny;3106
Обладнання та товари для надання послуг;Horeca&fast-food;"Horeca&fast-food, загальне";;https://prom.ua/ua/Drugoe-oborudovanie-dlya-restoranov-i-gostinnits;240699
Обладнання та товари для надання послуг;Horeca&fast-food;Аксесуари бариста;;https://prom.ua/ua/Aksessuary-barista;240681
Обладнання та товари для надання послуг;Horeca&fast-food;Аксесуари для барменів;"Аксесуари для барменів, загальне";https://prom.ua/ua/Aksessuary-dlya-barmenov-obschee;240679
Обладнання та товари для надання послуг;Horeca&fast-food;Аксесуари для барменів;Аксесуари для флейринга;https://prom.ua/ua/Aksessuary-dlya-flejringa;152907
Обладнання та товари для надання послуг;Horeca&fast-food;Аксесуари для барменів;"Барні килимки, барні сітки";https://prom.ua/ua/Barnye-kovriki;240615
Обладнання та товари для надання послуг;Horeca&fast-food;Аксесуари для барменів;Прикраси для напоїв і їжі;https://prom.ua/ua/Solominki-dlya-napitkov;152901
Обладнання та товари для надання послуг;Horeca&fast-food;Дошки-меню;;https://prom.ua/ua/Doski-menyu;240676
Обладнання та товари для надання послуг;Horeca&fast-food;Електромеханічне обладнання horeca&fast-food;"Електромеханічне обладнання horeca&fast-food, загальне";https://prom.ua/ua/Elektromehanicheskoe-oborudovanie-horeca-and-fast-food-obschee;240646
Обладнання та товари для надання послуг;Horeca&fast-food;Електромеханічне обладнання horeca&fast-food;Котлетні автомати;https://prom.ua/ua/Kotletnye-avtomaty;240658
Обладнання та товари для надання послуг;Horeca&fast-food;Електромеханічне обладнання horeca&fast-food;"Кутери, м'ясорубки професійні";https://prom.ua/ua/Kuttery-myasorubki-professionalnye;240647
Обладнання та товари для надання послуг;Horeca&fast-food;Електромеханічне обладнання horeca&fast-food;Міксери і тістоміси професійні;https://prom.ua/ua/Miksery-i-blendery-professionalnye;240627
Обладнання та товари для надання послуг;Horeca&fast-food;Електромеханічне обладнання horeca&fast-food;Овочерізки та овочечистки професійні;https://prom.ua/ua/Ovoscherezki-professionalnye;240650
Обладнання та товари для надання послуг;Horeca&fast-food;Електромеханічне обладнання horeca&fast-food;Пилососи центральні;https://prom.ua/ua/Pylesosy-tsentralnye;62710
Обладнання та товари для надання послуг;Horeca&fast-food;Електромеханічне обладнання horeca&fast-food;Подрібнювачі льоду;https://prom.ua/ua/Izmelchiteli-lda;240609
Обладнання та товари для надання послуг;Horeca&fast-food;Електромеханічне обладнання horeca&fast-food;Прес для піци;https://prom.ua/ua/Press-dlya-pitstsy;2200904
Обладнання та товари для надання послуг;Horeca&fast-food;Електромеханічне обладнання horeca&fast-food;Професійні посудомийні машини ;https://prom.ua/ua/Professionalnye-posudomoechnye-mashiny;240630
Обладнання та товари для надання послуг;Horeca&fast-food;Електромеханічне обладнання horeca&fast-food;Сиротерки;https://prom.ua/ua/Syroterki;240662
Обладнання та товари для надання послуг;Horeca&fast-food;Електромеханічне обладнання horeca&fast-food;Тісторозкатувальні машини;https://prom.ua/ua/Testoraskatochnye-mashiny;2200903
Обладнання та товари для надання послуг;Horeca&fast-food;Електромеханічне обладнання horeca&fast-food;Фонтани для напоїв;https://prom.ua/ua/Shokoladnye-fontany;240622
Обладнання та товари для надання послуг;Horeca&fast-food;Електромеханічне обладнання horeca&fast-food;Хліборізки професійні;https://prom.ua/ua/Hleborezki-professionalnye;240648
Обладнання та товари для надання послуг;Horeca&fast-food;Запчастини до обладнання horeca&fast-food;Запчастини для електромеханічного обладнання horeca&fast-food;https://prom.ua/ua/Zapchasti-dlya-elektromehanicheskogo-oborudovaniya-horeca-and-fast-food;240671
Обладнання та товари для надання послуг;Horeca&fast-food;Запчастини до обладнання horeca&fast-food;Запчастини для нейтрального обладнання horeca&fast-food;https://prom.ua/ua/Zapchasti-dlya-nejtralnogo-oborudovaniya-horeca-and-fast-food;240670
Обладнання та товари для надання послуг;Horeca&fast-food;Запчастини до обладнання horeca&fast-food;Запчастини для теплового обладнання horeca&fast-food;https://prom.ua/ua/Komlektuyuschie-k-oborudovaniyu-horeca-and-fast-food;240661
Обладнання та товари для надання послуг;Horeca&fast-food;Запчастини до обладнання horeca&fast-food;Запчастини для холодильного обладнання horeca&fast-food;https://prom.ua/ua/Zapchasti-dlya-holodilnogo-oborudovaniya-horeca-and-fast-food;240668
Обладнання та товари для надання послуг;Horeca&fast-food;Запчастини до обладнання horeca&fast-food;"Запчастини до обладнання horeca&fast-food, загальне";https://prom.ua/ua/Zapchasti-k-oborudovaniyu-horeca-and-fast-food-obschee;240667
Обладнання та товари для надання послуг;Horeca&fast-food;Лінії роздачі;;https://prom.ua/ua/Linii-razdachi;240624
Обладнання та товари для надання послуг;Horeca&fast-food;Маркізи;;https://prom.ua/ua/Markizy;153810
Обладнання та товари для надання послуг;Horeca&fast-food;Нейтральне обладнання horeca&fast-food;Ванни мийні;https://prom.ua/ua/Vanny-moechnye;240617
Обладнання та товари для надання послуг;Horeca&fast-food;Нейтральне обладнання horeca&fast-food;Візки для horeca;https://prom.ua/ua/Telezhki-servirovochnye;2200928
Обладнання та товари для надання послуг;Horeca&fast-food;Нейтральне обладнання horeca&fast-food;Гастроємності;https://prom.ua/ua/Gastroemkosti-korziny;240654
Обладнання та товари для надання послуг;Horeca&fast-food;Нейтральне обладнання horeca&fast-food;"Нейтральне обладнання horeca&fast-food, загальне";https://prom.ua/ua/Nejtralnoe-oborudovanie-horeca-and-fast-food-obschee;240652
Обладнання та товари для надання послуг;Horeca&fast-food;Одноразова продукція для готелів;;https://prom.ua/ua/Odnorazovaya-produktsiya-dlya-gostinits;240636
Обладнання та товари для надання послуг;Horeca&fast-food;Опромінювачі та рециркулятори приміщень;;https://prom.ua/ua/Obluchateli-i-retsirkulyatory-pomeschenij;240663
Обладнання та товари для надання послуг;Horeca&fast-food;Пивоварні для horeca;;https://prom.ua/ua/Pivovarni-dlya-horeca;240660
Обладнання та товари для надання послуг;Horeca&fast-food;Прибиральний інвентар та засоби для horeca;"Віники, мітли, совки";https://prom.ua/ua/Veniki-metly-sovki;151401
Обладнання та товари для надання послуг;Horeca&fast-food;Прибиральний інвентар та засоби для horeca;"Прибиральний інвентар та засоби для horeca, загальне";https://prom.ua/ua/Uborochnye-inventar-i-sredstva-dlya-horeca-obschee;240674
Обладнання та товари для надання послуг;Horeca&fast-food;Санітарно-гігієнічне обладнання;Диспенсери;https://prom.ua/ua/Dispensery;130105
Обладнання та товари для надання послуг;Horeca&fast-food;Санітарно-гігієнічне обладнання;"Санітарно-гігієнічне обладнання, загальне";https://prom.ua/ua/Sanitarno-gigienicheskoe-oborudovanie-obschee;240614
Обладнання та товари для надання послуг;Horeca&fast-food;Санітарно-гігієнічне обладнання;Станції гігієни;https://prom.ua/ua/Stantsii-gigieny;240669
Обладнання та товари для надання послуг;Horeca&fast-food;Санітарно-гігієнічне обладнання;Сушарки для рук;https://prom.ua/ua/Sushilki-dlya-ruk;614
Обладнання та товари для надання послуг;Horeca&fast-food;Санітарно-гігієнічне обладнання;"Урни, баки та кесони";https://prom.ua/ua/Kontejnery-dlya-musora;151411
Обладнання та товари для надання послуг;Horeca&fast-food;Системи виклику персоналу;;https://prom.ua/ua/Sistemy-vyzova-personala;240604
Обладнання та товари для надання послуг;Horeca&fast-food;Текстиль для horeca;;https://prom.ua/ua/Tekstil-dlya-horeca;240680
Обладнання та товари для надання послуг;Horeca&fast-food;"Темпери, нок-бокси";;https://prom.ua/ua/Tempery-nok-boksy;240683
Обладнання та товари для надання послуг;Horeca&fast-food;Теплове обладнання horeca&fast-food;Електричні шашличниці;https://prom.ua/ua/Shashlychnitsy-elektricheskie;2200933
Обладнання та товари для надання послуг;Horeca&fast-food;Теплове обладнання horeca&fast-food;"Електрокип'ятильники, роздавальники чаю";https://prom.ua/ua/Kipyatilniki-elektricheskie;240625
Обладнання та товари для надання послуг;Horeca&fast-food;Теплове обладнання horeca&fast-food;Жарові й пекарські шафи;https://prom.ua/ua/Zharochnye-shkafy;240623
Обладнання та товари для надання послуг;Horeca&fast-food;Теплове обладнання horeca&fast-food;Конвекційні печі;https://prom.ua/ua/Konvektsionnye-pechi;240616
Обладнання та товари для надання послуг;Horeca&fast-food;Теплове обладнання horeca&fast-food;Кукурудзоварки професійні;https://prom.ua/ua/Kukuruzovarki-professionalnye;240664
Обладнання та товари для надання послуг;Horeca&fast-food;Теплове обладнання horeca&fast-food;Макароноварки професійні;https://prom.ua/ua/Makaronovarki;2200917
Обладнання та товари для надання послуг;Horeca&fast-food;Теплове обладнання horeca&fast-food;"Марміти, чафіндіши";https://prom.ua/ua/Marmity;240602
Обладнання та товари для надання послуг;Horeca&fast-food;Теплове обладнання horeca&fast-food;Печі для піци;https://prom.ua/ua/Pechi-dlya-pitstsy;2200905
Обладнання та товари для надання послуг;Horeca&fast-food;Теплове обладнання horeca&fast-food;Печі ротаційні;https://prom.ua/ua/Pechi-rotatsionnye;240682
Обладнання та товари для надання послуг;Horeca&fast-food;Теплове обладнання horeca&fast-food;Плити професійні;https://prom.ua/ua/Plity-professionalnye;240629
Обладнання та товари для надання послуг;Horeca&fast-food;Теплове обладнання horeca&fast-food;Поверхні для смаження;https://prom.ua/ua/Zharochnye-poverhnosti;2200918
Обладнання та товари для надання послуг;Horeca&fast-food;Теплове обладнання horeca&fast-food;Розстоєчні шафи;https://prom.ua/ua/Shkafy-rasstoechnye;2200926
Обладнання та товари для надання послуг;Horeca&fast-food;Теплове обладнання horeca&fast-food;Сковороди професійні;https://prom.ua/ua/Elektricheskie-skovorody;2200932
Обладнання та товари для надання послуг;Horeca&fast-food;Теплове обладнання horeca&fast-food;Стерилізатори і шафи для підігріву посуду;https://prom.ua/ua/Shkafy-dlya-podogreva-posudy;240631
Обладнання та товари для надання послуг;Horeca&fast-food;Теплове обладнання horeca&fast-food;"Столи, шафи теплові";https://prom.ua/ua/Stoly-teplovye;2200927
Обладнання та товари для надання послуг;Horeca&fast-food;Теплове обладнання horeca&fast-food;"Теплове обладнання horeca&fast-food, загальне";https://prom.ua/ua/Teplovoe-oborudovanie-horeca-and-fast-food-obschee;240641
Обладнання та товари для надання послуг;Horeca&fast-food;Теплове обладнання horeca&fast-food;Теплові вітрини ;https://prom.ua/ua/Vitriny-teplovye;240643
Обладнання та товари для надання послуг;Horeca&fast-food;Теплове обладнання horeca&fast-food;Фритюрниці та чебуречниці професійні;https://prom.ua/ua/Frityurnitsy-professionalnye;2200915
Обладнання та товари для надання послуг;Horeca&fast-food;Теплове обладнання horeca&fast-food;Харчоварильні котли;https://prom.ua/ua/Pischevarochnye-kotly;240619
Обладнання та товари для надання послуг;Horeca&fast-food;Теплове обладнання horeca&fast-food;Шоколадниці;https://prom.ua/ua/Apparaty-dlya-prigotovleniya-goryachego-shokolada;240635
Обладнання та товари для надання послуг;Horeca&fast-food;Термоконтейнери для їжі;;https://prom.ua/ua/Termokontejnery-dlya-edy;283060
Обладнання та товари для надання послуг;Horeca&fast-food;Фуршетні стійки;;https://prom.ua/ua/Furshetnye-stojki;240672
Обладнання та товари для надання послуг;Horeca&fast-food;Холодильне обладнання horeca&fast-food;Льодогенератори;https://prom.ua/ua/Ldogeneratory;240606
Обладнання та товари для надання послуг;Horeca&fast-food;Холодильне обладнання horeca&fast-food;Морозильне обладнання для horeca і торгівлі;https://prom.ua/ua/Morozilnoe-oborudovanie;283039
Обладнання та товари для надання послуг;Horeca&fast-food;Холодильне обладнання horeca&fast-food;"Фрізери, гранітори";https://prom.ua/ua/Frizery;240620
Обладнання та товари для надання послуг;Horeca&fast-food;Холодильне обладнання horeca&fast-food;"Холодильне обладнання horeca&fast-food, загальне";https://prom.ua/ua/Holodilnoe-oborudovanie-horeca-and-fast-food-obschee;240656
Обладнання та товари для надання послуг;Horeca&fast-food;Холодильне обладнання horeca&fast-food;Холодильне обладнання для horeca і торгівлі;https://prom.ua/ua/Torgovoe-holodilnoe-oborudovanie;2200902
Обладнання та товари для надання послуг;Банківське обладнання;"Банківське обладнання, загальне";;https://prom.ua/ua/Drugoe-bankovskoe-oborudovanie;51099
Обладнання та товари для надання послуг;Банківське обладнання;Банківські витратні матеріали;;https://prom.ua/ua/Bankovskie-rashodnye-materialy;51009
Обладнання та товари для надання послуг;Банківське обладнання;Депозитні скриньки;;https://prom.ua/ua/Depozitnye-sejfy-yachejki;51008
Обладнання та товари для надання послуг;Банківське обладнання;Детектори валют;;https://prom.ua/ua/Detektor-valyut;51004
Обладнання та товари для надання послуг;Банківське обладнання;Запчастини і комплектуючі для банківського обладнання;;https://prom.ua/ua/Zapchasti-i-komplektuyuschie-dlya-bankovskogo-oborudovaniya;51010
Обладнання та товари для надання послуг;Банківське обладнання;Лічильники банкнот і монет;;https://prom.ua/ua/Schetchiki-banknot;51003
Обладнання та товари для надання послуг;Банківське обладнання;Платіжні термінали;;https://prom.ua/ua/Platezhnye-terminaly;51007
Обладнання та товари для надання послуг;Вендінгове і розважальне обладнання;Інвентар для більярду;"Інвентар для більярду, загальне";https://prom.ua/ua/Inventar-dlya-bilyarda-obschee;203213
Обладнання та товари для надання послуг;Вендінгове і розважальне обладнання;Інвентар для більярду;Аксесуари та комплектуючі для більярду;https://prom.ua/ua/Komplektuyuschie-dlya-bilyardnyh-stolov;203215
Обладнання та товари для надання послуг;Вендінгове і розважальне обладнання;Інвентар для більярду;Більярдні киї;https://prom.ua/ua/Bilyardnye-kii;203203
Обладнання та товари для надання послуг;Вендінгове і розважальне обладнання;Інвентар для більярду;Більярдні кулі;https://prom.ua/ua/Bilyardnye-shary;203202
Обладнання та товари для надання послуг;Вендінгове і розважальне обладнання;Інвентар для більярду;Більярдні столи і стільці;https://prom.ua/ua/Bilyardnye-stoly;203201
Обладнання та товари для надання послуг;Вендінгове і розважальне обладнання;Інвентар для більярду;Чистячі засоби і інструменти для більярдного інвентарю;https://prom.ua/ua/Chistyaschie-sredstva-dlya-bilyardnogo-inventarya;203214
Обладнання та товари для надання послуг;Вендінгове і розважальне обладнання;"Вендінгове і розважальне обладнання, загальна";;https://prom.ua/ua/Oborudovanie-sfery-razvlechenij-obschee;283054
Обладнання та товари для надання послуг;Вендінгове і розважальне обладнання;Все для боулінгу;;https://prom.ua/ua/Bouling;2002
Обладнання та товари для надання послуг;Вендінгове і розважальне обладнання;Гардеробні номерки;;https://prom.ua/ua/Garderobnye-nomerki;282944
Обладнання та товари для надання послуг;Вендінгове і розважальне обладнання;Гральні автомати;;https://prom.ua/ua/Igrovye-avtomaty;282905
Обладнання та товари для надання послуг;Вендінгове і розважальне обладнання;Комплектуючі до вендингові обладнання та гральних автоматів;;https://prom.ua/ua/Zapchasti-k-vendingovomu-oborudovaniyu;283029
Обладнання та товари для надання послуг;Вендінгове і розважальне обладнання;Надувні атракціони та аксесуари до них;;https://prom.ua/ua/Sani-vodnye-naduvnye-akula-banan;12070401
Обладнання та товари для надання послуг;Вендінгове і розважальне обладнання;Обладнання для заходів і клубів;Генератори спецефектів;https://prom.ua/ua/Generatory-spetseffektov;282915
Обладнання та товари для надання послуг;Вендінгове і розважальне обладнання;Обладнання для заходів і клубів;Дзеркальні кулі;https://prom.ua/ua/Zerkalnye-shary;283017
Обладнання та товари для надання послуг;Вендінгове і розважальне обладнання;Обладнання для заходів і клубів;Караоке системи;https://prom.ua/ua/Karaoke-sistemy;283056
Обладнання та товари для надання послуг;Вендінгове і розважальне обладнання;Обладнання для заходів і клубів;Комплектуючі та аксесуари до концертного і клубному обладнання;https://prom.ua/ua/Komplektuyuschie-i-aksessuary-k-kontsertnomu-i-klubnomu-oborudovaniyu;283042
Обладнання та товари для надання послуг;Вендінгове і розважальне обладнання;Обладнання для заходів і клубів;Обладнання для dj;https://prom.ua/ua/Oborudovanie-dlya-dj;180508
Обладнання та товари для надання послуг;Вендінгове і розважальне обладнання;Обладнання для заходів і клубів;"Обладнання для концертів та клубів, загальне";https://prom.ua/ua/Drugoe-oborudovanie-dlya-kontsertov-i-klubov;282916
Обладнання та товари для надання послуг;Вендінгове і розважальне обладнання;Обладнання для заходів і клубів;"Освітлення для концертів, клубів і шоу";https://prom.ua/ua/Professionalnoe-osveschenie;390504
Обладнання та товари для надання послуг;Вендінгове і розважальне обладнання;Обладнання для заходів і клубів;Пульти управління світлом;https://prom.ua/ua/Pulty-upravleniya-svetom;283068
Обладнання та товари для надання послуг;Вендінгове і розважальне обладнання;Обладнання для сенсорних кімнат;Кульки для басейнів;https://prom.ua/ua/Shariki-dlya-bassejna;264803
Обладнання та товари для надання послуг;Вендінгове і розважальне обладнання;Обладнання для сенсорних кімнат;М'які ігрові модулі;https://prom.ua/ua/Suhie-basseny;180805
Обладнання та товари для надання послуг;Вендінгове і розважальне обладнання;Обладнання для сенсорних кімнат;"Обладнання для сенсорних кімнат, загальне";https://prom.ua/ua/Oborudovanie-dlya-sensornyh-komnat-obschee;283078
Обладнання та товари для надання послуг;Вендінгове і розважальне обладнання;"Обладнання для театрів, кінотеатрів";;https://prom.ua/ua/Oborudovanie-dlya-kinoteatrov;282934
Обладнання та товари для надання послуг;Вендінгове і розважальне обладнання;Сцени;;https://prom.ua/ua/Stseny;283055
Обладнання та товари для надання послуг;Вендінгове і розважальне обладнання;Торгові автомати;;https://prom.ua/ua/Torgovye-avtomaty;282947
Обладнання та товари для надання послуг;Вендінгове і розважальне обладнання;"Цирковий, фокусний реквізит";;https://prom.ua/ua/Tsirkovoj-rekvizit;282966
Обладнання та товари для надання послуг;Все для салонів краси;"Все для татуювання, боді-арту, пірсингу"; засоби для перманентного макіяжу;https://prom.ua/ua/Sredstva-dlya-permanentnogo-makiyazha;283091
Обладнання та товари для надання послуг;Все для салонів краси;"Все для татуювання, боді-арту, пірсингу";"Інструменти для пірсингу, татуювань і татуажу";https://prom.ua/ua/Instrumenty-dlya-pirsinga-tatuirovok-i-permanentnogo-makiyazha-tatuazha;161401
Обладнання та товари для надання послуг;Все для салонів краси;"Все для татуювання, боді-арту, пірсингу";Аксесуари для тату і боді-арту;https://prom.ua/ua/Aksessuary-dlya-tatuirovok-i-pirsinga;282973
Обладнання та товари для надання послуг;Все для салонів краси;"Все для татуювання, боді-арту, пірсингу";"Все для татуювання, боді-арту, пірсингу, загальне";https://prom.ua/ua/Oborudovanie-i-instrumenty-dlya-tatu-tatuazha-pirsinga-obschee;282988
Обладнання та товари для надання послуг;Все для салонів краси;"Все для татуювання, боді-арту, пірсингу";"Засоби для татуювання, боді-арту, пірсингу";https://prom.ua/ua/Sredstva-dlya-tatu-tatuazha-pirsinga;283028
Обладнання та товари для надання послуг;Все для салонів краси;"Все для татуювання, боді-арту, пірсингу";"Обладнання та комплектуючі для тату, татуажу";https://prom.ua/ua/Oborudovanie-dlya-tatuazha;28290603
Обладнання та товари для надання послуг;Все для салонів краси;"Все для татуювання, боді-арту, пірсингу";Фарби та пігменти для тату і татуажу;https://prom.ua/ua/Kraski-pigmenty-dlya;283090
Обладнання та товари для надання послуг;Все для салонів краси;Обладнання та матеріали для косметології;"Інструменти для видалення вугрів, прищів";https://prom.ua/ua/Instrumenty-dlya-udaleniya-ugrej-pryschej;283020
Обладнання та товари для надання послуг;Все для салонів краси;Обладнання та матеріали для косметології;Інструменти і засоби для мезотерапії;https://prom.ua/ua/Instrumenty-dlya-mezoterapii;283019
Обладнання та товари для надання послуг;Все для салонів краси;Обладнання та матеріали для косметології;Вапорізатори;https://prom.ua/ua/Vaporizatory;282993
Обладнання та товари для надання послуг;Все для салонів краси;Обладнання та матеріали для косметології;Запчастини та комплектуючі до косметологічних апаратів;https://prom.ua/ua/Zapchasti-i-komplektuyuschie-k-kosmetologicheskim-apparatam;283080
Обладнання та товари для надання послуг;Все для салонів краси;Обладнання та матеріали для косметології;Косметологічні апарати для салонів краси;https://prom.ua/ua/Kombajny-kosmetologicheskie;282991
Обладнання та товари для надання послуг;Все для салонів краси;Обладнання та матеріали для косметології;Лампи-лупи косметологічні;https://prom.ua/ua/Lampy-lupy-kosmetologicheskie;282992
Обладнання та товари для надання послуг;Все для салонів краси;Обладнання та матеріали для косметології;"Обладнання та матеріали для косметології, загальне";https://prom.ua/ua/Vse-dlya-kosmetologii-obschee;161403
Обладнання та товари для надання послуг;Все для салонів краси;Обладнання та матеріали для косметології;"Шпателі, кисті, мисочки для косметології";https://prom.ua/ua/Shpateli-kisti-misochki-dlya-kosmetologii;283021
Обладнання та товари для надання послуг;Все для салонів краси;Обладнання та матеріали для салонів краси;Аксесуари для перукарських інструментів;https://prom.ua/ua/Zapchasti-i-aksessuary-dlya-parikmaherskih-instrumentov;283010
Обладнання та товари для надання послуг;Все для салонів краси;Обладнання та матеріали для салонів краси;Витратні матеріали для салонів краси;https://prom.ua/ua/Rashodnye-materialy-dlya-salonov-krasoty;161405
Обладнання та товари для надання послуг;Все для салонів краси;Обладнання та матеріали для салонів краси;Все для нарощування вій та брів;https://prom.ua/ua/Materialy-dlya-naraschivaniya-i-dekorirovaniya-resnits;161407
Обладнання та товари для надання послуг;Все для салонів краси;Обладнання та матеріали для салонів краси;Все для нарощування та плетіння волосся;https://prom.ua/ua/Instrumenty-dlya-naraschivaniya-volos;283023
Обладнання та товари для надання послуг;Все для салонів краси;Обладнання та матеріали для салонів краси;"Все для салонів краси, загальне";https://prom.ua/ua/Vse-dlya-salonov-krasoty-obschee;28290202
Обладнання та товари для надання послуг;Все для салонів краси;Обладнання та матеріали для салонів краси;Грим і косметика для спецефектів;https://prom.ua/ua/Grim-i-kosmetika-dlya-spetseffektov;161608
Обладнання та товари для надання послуг;Все для салонів краси;Обладнання та матеріали для салонів краси;Засоби для ламінування і біозавивки;https://prom.ua/ua/Sredstva-dlya-laminirovaniya;283093
Обладнання та товари для надання послуг;Все для салонів краси;Обладнання та матеріали для салонів краси;Кейси та валізи для майстра;https://prom.ua/ua/Kejsy-i-chemodany-dlya-mastera;283082
Обладнання та товари для надання послуг;Все для салонів краси;Обладнання та матеріали для салонів краси;Матеріали і засоби для парафінотерапії;https://prom.ua/ua/Materialy-i-sredstva-dlya-parafinoterapii;161408
Обладнання та товари для надання послуг;Все для салонів краси;Обладнання та матеріали для салонів краси;Мийки перукарні;https://prom.ua/ua/Mojki-parikmaherskie;282975
Обладнання та товари для надання послуг;Все для салонів краси;Обладнання та матеріали для салонів краси;Міні холодильники для косметики;https://prom.ua/ua/Mini-holodilniki-dlya;283094
Обладнання та товари для надання послуг;Все для салонів краси;Обладнання та матеріали для салонів краси;Обладнання для епіляції;https://prom.ua/ua/Oborudovanie-dlya-epilyatsii;283024
Обладнання та товари для надання послуг;Все для салонів краси;Обладнання та матеріали для салонів краси;Обладнання для парафінотерапії;https://prom.ua/ua/Oborudovanie-dlya-parafinoterapii;283025
Обладнання та товари для надання послуг;Все для салонів краси;Обладнання та матеріали для салонів краси;Обладнання та професійні засоби для депіляції;https://prom.ua/ua/Oborudovanie-dlya-depilyatsii;282977
Обладнання та товари для надання послуг;Все для салонів краси;Обладнання та матеріали для салонів краси;Одяг для перукарень та салонів краси;https://prom.ua/ua/Odezhda-dlya-parikmaherskih;282938
Обладнання та товари для надання послуг;Все для салонів краси;Обладнання та матеріали для салонів краси;Професійні інструменти для стрижки волосся;https://prom.ua/ua/Nozhnitsy-parikmaherskie;282983
Обладнання та товари для надання послуг;Все для салонів краси;Обладнання та матеріали для салонів краси;Робочі місця перукарів і візажистів;https://prom.ua/ua/Rabochie-mesta-parikmaherov;15030817
Обладнання та товари для надання послуг;Все для салонів краси;Обладнання та матеріали для салонів краси;Стерилізатори і дезінфікуючі засоби;https://prom.ua/ua/Sterilizatory-manikyurnyh-pedikyurnyh-instrumentov;28290606
Обладнання та товари для надання послуг;Все для салонів краси;Обладнання та матеріали для салонів краси;"Сушуари, клімазони";https://prom.ua/ua/Sushuary-klimazony;282976
Обладнання та товари для надання послуг;Все для салонів краси;Товари для spa та соляріїв;;https://prom.ua/ua/Materialy-i-sredstva-dlya-solyariev;161406
Обладнання та товари для надання послуг;Детектори брехні та поліграфи;;;https://prom.ua/ua/Detektory-lzhi-i-poligraf;3001
Обладнання та товари для надання послуг;Комерційні меблі;Запчастини і комплектуючі для комерційних меблів;;https://prom.ua/ua/Zapchasti-i-komplektuyuschie-dlya-kommercheskoj-mebeli;15030124
Обладнання та товари для надання послуг;Комерційні меблі;"Комерційні меблі, загальне";;https://prom.ua/ua/Drugaya-kommercheskaya-mebel;370199
Обладнання та товари для надання послуг;Комерційні меблі;Меблі для fast-food;"Меблі для fast-food, загальне";https://prom.ua/ua/Mebel-dlya-fast-food-obschee;15030126
Обладнання та товари для надання послуг;Комерційні меблі;Меблі для fast-food;Столи для ресторанів і кафе;https://prom.ua/ua/Stoly-dlya-restoranov-i-kafe;15030106
Обладнання та товари для надання послуг;Комерційні меблі;Меблі для horeca;Винні комоди і стелажі;https://prom.ua/ua/Vinnyj-shkafy;152909
Обладнання та товари для надання послуг;Комерційні меблі;Меблі для horeca;Комплекти меблів horeca&fast-food;https://prom.ua/ua/Komplekty-mebeli-dlya-restoranov-i-kafe;15030104
Обладнання та товари для надання послуг;Комерційні меблі;Меблі для horeca;М'які меблі для ресторанів і кафе;https://prom.ua/ua/Myagkaya-mebel-dlya-restoranov-i-kafe;15030108
Обладнання та товари для надання послуг;Комерційні меблі;Меблі для horeca;"Меблі для horeca, загальне";https://prom.ua/ua/Mebel-dlya-restoranov-i-kafe-obschee;15030109
Обладнання та товари для надання послуг;Комерційні меблі;Меблі для horeca;Меблі для готелів;https://prom.ua/ua/Mebel-dlya-otelej;150390
Обладнання та товари для надання послуг;Комерційні меблі;Меблі для horeca;Станції бармена;https://prom.ua/ua/Stantsii-barmena;37011002
Обладнання та товари для надання послуг;Комерційні меблі;Меблі для horeca;"Столи, шафи, стелажі виробничі";https://prom.ua/ua/Stoly-proizvodstvennye;240608
Обладнання та товари для надання послуг;Комерційні меблі;Меблі для horeca;Стійки барні;https://prom.ua/ua/Stojki-barnye;37011001
Обладнання та товари для надання послуг;Комерційні меблі;Меблі для дошкільних установ;Ігрові меблі;https://prom.ua/ua/Igrovaya-mebel;371310
Обладнання та товари для надання послуг;Комерційні меблі;Меблі для дошкільних установ;Декорації;https://prom.ua/ua/Dekoratsii;15030827
Обладнання та товари для надання послуг;Комерційні меблі;Меблі для дошкільних установ;Дитячі вішалки для рушників;https://prom.ua/ua/Detskie-veshalki-dlya-polotenets;15030815
Обладнання та товари для надання послуг;Комерційні меблі;Меблі для дошкільних установ;"Меблі для дошкільних установ, загальне";https://prom.ua/ua/Mebel-dlya-doshkolnyh-uchrezhdenij-obschee;15030805
Обладнання та товари для надання послуг;Комерційні меблі;Меблі для дошкільних установ;Шафи і стелажі для дитячих садків;https://prom.ua/ua/Shkafy-dlya-detskih-sadov;15030807
Обладнання та товари для надання послуг;Комерційні меблі;Меблі для навчальних закладів;Аксесуари до парт;https://prom.ua/ua/Aksessuary-partam;370242
Обладнання та товари для надання послуг;Комерційні меблі;Меблі для навчальних закладів;Дитячі і шкільні парти;https://prom.ua/ua/Party-shkolnye;37024002
Обладнання та товари для надання послуг;Комерційні меблі;Меблі для навчальних закладів;Дошки аудиторні;https://prom.ua/ua/Doski-auditornye;37024001
Обладнання та товари для надання послуг;Комерційні меблі;Меблі для навчальних закладів;Комплекти шкільних меблів;https://prom.ua/ua/Komplekty-shkolnoj-mebeli;370243
Обладнання та товари для надання послуг;Комерційні меблі;Меблі для навчальних закладів;"Меблі для навчальних закладів, загальне";https://prom.ua/ua/Drugaya-mebel-dlya-uchebnyh-zavedenij;37024003
Обладнання та товари для надання послуг;Комерційні меблі;Меблі для навчальних закладів;Стільці учнівські;https://prom.ua/ua/Stulya-shkolnye;370230
Обладнання та товари для надання послуг;Комерційні меблі;Меблі для навчальних закладів;Трибуни для виступів;https://prom.ua/ua/Tribuny-dlya-vystuplenij;370241
Обладнання та товари для надання послуг;Комерційні меблі;Меблі для салонів краси;Валики для манікюрного столу;https://prom.ua/ua/Valiki-dlya-manikyurnogo-stola;15030828
Обладнання та товари для надання послуг;Комерційні меблі;Меблі для салонів краси;Крісла і пуфи для відвідувачів;https://prom.ua/ua/Banketki-i-pufy-dlya-ofisa;15030413
Обладнання та товари для надання послуг;Комерційні меблі;Меблі для салонів краси;Лабораторії для салонів краси;https://prom.ua/ua/Laboratorii-dlya-salonov-krasoty;15030826
Обладнання та товари для надання послуг;Комерційні меблі;Меблі для салонів краси;Манікюрні столи;https://prom.ua/ua/Mebel-dlya-manikyura-i-pedikyura;161802
Обладнання та товари для надання послуг;Комерційні меблі;Меблі для салонів краси;Масажні стільці;https://prom.ua/ua/Massazhnye-stulya;15030824
Обладнання та товари для надання послуг;Комерційні меблі;Меблі для салонів краси;"Меблі для салонів краси, загальне";https://prom.ua/ua/Drugaya-mebel-dlya-parikmaherskih-i-salonov-krasoty;1503080103
Обладнання та товари для надання послуг;Комерційні меблі;Меблі для салонів краси;Педикюрні крісла;https://prom.ua/ua/Pedikyurnye-kresla;15030816
Обладнання та товари для надання послуг;Комерційні меблі;Меблі для салонів краси;Перукарські крісла;https://prom.ua/ua/Mebel-dlya-parikmaherskih;1503080101
Обладнання та товари для надання послуг;Комерційні меблі;Меблі для салонів краси;Перукарські та косметологічні візки;https://prom.ua/ua/Parikmaherskie-i-kosmetologicheskie-telezhki;15030818
Обладнання та товари для надання послуг;Комерційні меблі;Меблі для салонів краси;Процедурні крісла і кушетки;https://prom.ua/ua/Mebel-dlya-kosmetologicheskih-kabinetov;1503080102
Обладнання та товари для надання послуг;Комерційні меблі;Меблі для салонів краси;Підставки для ніг;https://prom.ua/ua/Podstavki-dlya-nog;15030825
Обладнання та товари для надання послуг;Комерційні меблі;Меблі для салонів краси;Стільці майстра;https://prom.ua/ua/Stulya-mastera;15030819
Обладнання та товари для надання послуг;Комерційні меблі;Меблі для сфери розваг;"Меблі для сфери розваг, загальне";https://prom.ua/ua/Mebel-dlya-sfery-razvlechenij-obschee;15030123
Обладнання та товари для надання послуг;Комерційні меблі;Меблі для сфери розваг;Секційні крісла;https://prom.ua/ua/Kresla-dlya-ozhidanij;370250
Обладнання та товари для надання послуг;Комерційні меблі;Меблі для установ;Лавки для установ;https://prom.ua/ua/Skamejki-lavki-dlya-razdevalok-i-garderobov;15030118
Обладнання та товари для надання послуг;Комерційні меблі;Меблі для установ;Ліжка армійські;https://prom.ua/ua/Armejskaya-mebel;15030810
Обладнання та товари для надання послуг;Комерційні меблі;Меблі для установ;"Меблі для установ, загальне";https://prom.ua/ua/Mebel-dlya-razdevalok-i-garderobov-obschee;15030116
Обладнання та товари для надання послуг;Комерційні меблі;Меблі для установ;Шафи для роздягалень і гардеробів;https://prom.ua/ua/Shkafy-dlya-razdevalok-i-garderobov;15030114
Обладнання та товари для надання послуг;Комерційні меблі;Медичні меблі;Акушерсько-гінекологічні крісла і кушетки;https://prom.ua/ua/Akushersko-ginekologicheskaya-mebel;37021004
Обладнання та товари для надання послуг;Комерційні меблі;Медичні меблі;Візки і столики медичні;https://prom.ua/ua/Telezhki-meditsinskie;15030823
Обладнання та товари для надання послуг;Комерційні меблі;Медичні меблі;Лабораторні меблі;https://prom.ua/ua/Laboratornaya-mebel;370220
Обладнання та товари для надання послуг;Комерційні меблі;Медичні меблі;Ліжка медичні для пацієнтів;https://prom.ua/ua/Mebel-dlya-palaty-patsienta;37021001
Обладнання та товари для надання послуг;Комерційні меблі;Медичні меблі;Масажні столи;https://prom.ua/ua/Mebel-dlya-massazhnyh-kabinetov;37021011
Обладнання та товари для надання послуг;Комерційні меблі;Медичні меблі;"Медичні меблі, загальне";https://prom.ua/ua/Drugaya-meditsinskaya-mebel;37021007
Обладнання та товари для надання послуг;Комерційні меблі;Медичні меблі;Медичні шафи;https://prom.ua/ua/Mebel-dlya-medkabinetov;37021003
Обладнання та товари для надання послуг;Комерційні меблі;Медичні меблі;Мийки хірургічні;https://prom.ua/ua/Mojki-hirurgicheskie;370212
Обладнання та товари для надання послуг;Комерційні меблі;Медичні меблі;Операційні столи;https://prom.ua/ua/Mebel-dlya-operatsionnyh;37021006
Обладнання та товари для надання послуг;Комерційні меблі;Медичні меблі;"Рентгенозахисні вікна, двері";https://prom.ua/ua/Rentgenozaschitnye-okna-dveri;370211
Обладнання та товари для надання послуг;Комерційні меблі;Медичні меблі;Стільці для лікарів;https://prom.ua/ua/Stulya-dlya-vrachej;15030812
Обладнання та товари для надання послуг;Комерційні меблі;Медичні меблі;Стільці донорські;https://prom.ua/ua/Stulya-donorskie;15030813
Обладнання та товари для надання послуг;Комерційні меблі;Медичні меблі;Ширми медичні;https://prom.ua/ua/Shirmy-meditsinskie;15030803
Обладнання та товари для надання послуг;Комерційні меблі;Офісні меблі;Бухгалтерські та архівні шафи;https://prom.ua/ua/Arhivnye-i-buhgalterskie-shkafy;15030415
Обладнання та товари для надання послуг;Комерційні меблі;Офісні меблі;Кабінети для керівників;https://prom.ua/ua/Kabinety-dlya-rukovoditelej;15030407
Обладнання та товари для надання послуг;Комерційні меблі;Офісні меблі;Картотеки і файлові шафи;https://prom.ua/ua/Kartoteki;15030804
Обладнання та товари для надання послуг;Комерційні меблі;Офісні меблі;Комплекти офісних меблів;https://prom.ua/ua/Kollektsii-ofisnoj-mebeli;15030404
Обладнання та товари для надання послуг;Комерційні меблі;Офісні меблі;Офісні дивани та м'які крісла;https://prom.ua/ua/Divany-dlya-ofisa;15030412
Обладнання та товари для надання послуг;Комерційні меблі;Офісні меблі;"Офісні меблі, загальне";https://prom.ua/ua/Drugaya-ofisnaya-mebel;37013099
Обладнання та товари для надання послуг;Комерційні меблі;Офісні меблі;Офісні стільці;https://prom.ua/ua/Ofisnye-stulya-kresla;37013006
Обладнання та товари для надання послуг;Комерційні меблі;Офісні меблі;Офісні тумби;https://prom.ua/ua/Ofisnye-tumby;15030402
Обладнання та товари для надання послуг;Комерційні меблі;Офісні меблі;Перегородки для офісу та дому;https://prom.ua/ua/Ofisnye-peregorodki;37013007
Обладнання та товари для надання послуг;Комерційні меблі;Офісні меблі;Підставки під системний блок;https://prom.ua/ua/Podstavki-pod-sistemnyj-blok;15030416
Обладнання та товари для надання послуг;Комерційні меблі;Офісні меблі;Стійки-ресепшн;https://prom.ua/ua/Stojki-resepshn;15030403
Обладнання та товари для надання послуг;Комерційні меблі;Офісні меблі;Шафи для офісів і навчальних кабінетів;https://prom.ua/ua/Shkafy-ofisnye;37013003
Обладнання та товари для надання послуг;Комерційні меблі;Промислові меблі;"Промислові меблі, загальне";https://prom.ua/ua/Promyshlennaya-mebel-obschee;15030121
Обладнання та товари для надання послуг;Комерційні меблі;Промислові меблі;"Шафи, тумби і візки інструментальні";https://prom.ua/ua/Shkafy-tumby-i-telezhki-instrumentalnye;15031602
Обладнання та товари для надання послуг;Комерційні меблі;Торгові меблі;Стелажі торгові і аксесуари;https://prom.ua/ua/Polki-dlya-magazinov;28290301
Обладнання та товари для надання послуг;Комерційні меблі;Торгові меблі;"Торгові меблі, загальне";https://prom.ua/ua/Torgovaya-mebel-obschee;15030111
Обладнання та товари для надання послуг;Комерційні меблі;Торгові меблі;Торгові прилавки і вітрини;https://prom.ua/ua/Vitriny;282911
Обладнання та товари для надання послуг;Комерційні меблі;Торгові меблі;Шафи для зберігання особистих речей;https://prom.ua/ua/Shkafchiki;28290304
Обладнання та товари для надання послуг;Обладнання для автосервісу;Інструменти для автосервісу;"Інструменти для автосервісу, загальне";https://prom.ua/ua/Instrument-dlya-avtoservisa-obschee;12111801
Обладнання та товари для надання послуг;Обладнання для автосервісу;Інструменти для автосервісу;Інструменти для демонтажу авто-стекол;https://prom.ua/ua/Instrumenty-dlya-demontazha-avto-stekol;12110210
Обладнання та товари для надання послуг;Обладнання для автосервісу;Інструменти для автосервісу;Інструменти для ремонту і відновлення шин;https://prom.ua/ua/Instrument-dlya-shinoremonta;12110202
Обладнання та товари для надання послуг;Обладнання для автосервісу;Інструменти для автосервісу;Лежаки автослюсарні підкатні;https://prom.ua/ua/Lezhaki-avtoslesarnye-podkatnye;12110209
Обладнання та товари для надання послуг;Обладнання для автосервісу;Інструменти для автосервісу;Магнітний інструмент;https://prom.ua/ua/Magnitnyj-instrument;12110211
Обладнання та товари для надання послуг;Обладнання для автосервісу;Інструменти для автосервісу;Оправлення для випрессовкі/запрессовки;https://prom.ua/ua/Opravki-dlya-vypressovkizapressovki;12110208
Обладнання та товари для надання послуг;Обладнання для автосервісу;Інструменти для автосервісу;Рихтувальні інструменти;https://prom.ua/ua/Rihtovochnye-instrumenty;12110212
Обладнання та товари для надання послуг;Обладнання для автосервісу;Інструменти для автосервісу;Шприци масляні та змащувальні;https://prom.ua/ua/Shpritsy-maslyannye;12110207
Обладнання та товари для надання послуг;Обладнання для автосервісу;Верстати для проточки дисків і барабанів;;https://prom.ua/ua/Stanki-dlya-protochki-diskov-i-barabanov;121116
Обладнання та товари для надання послуг;Обладнання для автосервісу;Гідравлічні підлогові преси;;https://prom.ua/ua/Gidravlicheskie-pressy-napolnye;14200912
Обладнання та товари для надання послуг;Обладнання для автосервісу;Матеріали для ремонту і відновлення шин;;https://prom.ua/ua/Materialy-dlya-shinoremonta;121109
Обладнання та товари для надання послуг;Обладнання для автосервісу;Обладнання для автомийок;Автомийні комплекси;https://prom.ua/ua/Avtomoechnye-kompleksy;12111402
Обладнання та товари для надання послуг;Обладнання для автосервісу;Обладнання для автомийок;Апарати високого тиску;https://prom.ua/ua/Mojki-vysokogo-davleniya;121105
Обладнання та товари для надання послуг;Обладнання для автосервісу;Обладнання для автомийок;Комплектуючі для апаратів високого тиску;https://prom.ua/ua/Komplektuyuschie-dlya-apparatov-vysokogo-davleniya;121111
Обладнання та товари для надання послуг;Обладнання для автосервісу;Обладнання для автомийок;Комплектуючі та аксесуари для автомийок;https://prom.ua/ua/Komplektuyuschie-i-aksessuary-dlya-avtomoek;12111404
Обладнання та товари для надання послуг;Обладнання для автосервісу;Обладнання для автомийок;"Обладнання для автомийок, загальне";https://prom.ua/ua/Oborudovanie-dlya-avtomoek-obschee;12111401
Обладнання та товари для надання послуг;Обладнання для автосервісу;Обладнання для автомийок;Обладнання для мийок;https://prom.ua/ua/Oborudovanie-dlya-moek;12111403
Обладнання та товари для надання послуг;Обладнання для автосервісу;Обладнання для автомийок;Піногенератори;https://prom.ua/ua/Penogeneratory;13040101
Обладнання та товари для надання послуг;Обладнання для автосервісу;"Обладнання для автосервісу, загальне";;https://prom.ua/ua/Drugoe-oborudovanie-dlya-avtoservisa;121110
Обладнання та товари для надання послуг;Обладнання для автосервісу;Обладнання для заміни мастил та змащувачів;;https://prom.ua/ua/Oborudovanie-dlya-zameny-masel-i-smazok;121108
Обладнання та товари для надання послуг;Обладнання для автосервісу;Обладнання для малярних цехів;;https://prom.ua/ua/Oborudovanie-dlya-malyarnyh-tsehov;121117
Обладнання та товари для надання послуг;Обладнання для автосервісу;Обладнання для обслуговування автомобільних кондиціонерів;;https://prom.ua/ua/Oborudovanie-dlya-obsluzhivaniya-avtomobilnyh-konditsionerov;121112
Обладнання та товари для надання послуг;Обладнання для автосервісу;Обладнання для ремонту двс;;https://prom.ua/ua/Oborudovanie-dlya-remonta-dvs;121115
Обладнання та товари для надання послуг;Обладнання для автосервісу;Обладнання для ремонту ходової;;https://prom.ua/ua/Oborudovanie-dlya-remonta-hodovoj;121119
Обладнання та товари для надання послуг;Обладнання для автосервісу;Обладнання для техогляду і контрольне обладнання;Автомобільні діагностичні сканери;https://prom.ua/ua/Avtomobilnye-diagnosticheskie-skanery;12110611
Обладнання та товари для надання послуг;Обладнання для автосервісу;Обладнання для техогляду і контрольне обладнання;Автомобільні стетоскопи;https://prom.ua/ua/Avtomobilnye-stetoskopy;12110613
Обладнання та товари для надання послуг;Обладнання для автосервісу;Обладнання для техогляду і контрольне обладнання;Гальмівні стенди;https://prom.ua/ua/Tormoznye-stendy;12110605
Обладнання та товари для надання послуг;Обладнання для автосервісу;Обладнання для техогляду і контрольне обладнання;Димоміри портативні;https://prom.ua/ua/Dymomery-portativnye-dlya-izmereniya-dymnosti-otrabotavshih-gazov;12110602
Обладнання та товари для надання послуг;Обладнання для автосервісу;Обладнання для техогляду і контрольне обладнання;Діагностичні лінії;https://prom.ua/ua/Diagnosticheskie-linii;12110607
Обладнання та товари для надання послуг;Обладнання для автосервісу;Обладнання для техогляду і контрольне обладнання;Компресометри і масломіри автомобільні;https://prom.ua/ua/Kompressometry-i-maslomery-avtomobilnye;12110614
Обладнання та товари для надання послуг;Обладнання для автосервісу;Обладнання для техогляду і контрольне обладнання;Люфтомери і люфт-детектори;https://prom.ua/ua/Lyuftomery-i-lyuft-detektory;12110603
Обладнання та товари для надання послуг;Обладнання для автосервісу;Обладнання для техогляду і контрольне обладнання;Обладнання для діагностики і очищення паливних систем;https://prom.ua/ua/Oborudovanie-dlya-diagnostiki-toplivnyh-sistem;12110604
Обладнання та товари для надання послуг;Обладнання для автосервісу;Обладнання для техогляду і контрольне обладнання;"Обладнання та прилади для техогляду, загальне";https://prom.ua/ua/Drugoe-oborudovanie-i-pribory-dlya-tehosmotra;12110606
Обладнання та товари для надання послуг;Обладнання для автосервісу;Обладнання для техогляду і контрольне обладнання;Прилади для перевірки і регулювання світла фар;https://prom.ua/ua/Pribory-dlya-proverki-i-regulirovki-sveta-far;12110608
Обладнання та товари для надання послуг;Обладнання для автосервісу;Обладнання для техогляду і контрольне обладнання;Програматори автоключів;https://prom.ua/ua/Programmatory-avtoklyuchej;12110615
Обладнання та товари для надання послуг;Обладнання для автосервісу;Обладнання для техогляду і контрольне обладнання;Стенди регулювання розвал-сходження коліс;https://prom.ua/ua/Stendy-regulirovki-razval-shozhdeniya-koles;12110102
Обладнання та товари для надання послуг;Обладнання для автосервісу;Обладнання ремонту акпп;;https://prom.ua/ua/Oborudovanie-remonta-akpp;121120
Обладнання та товари для надання послуг;Обладнання для автосервісу;Обладнання рихтувальне;;https://prom.ua/ua/Oborudovanie-rihtovochnoe;121107
Обладнання та товари для надання послуг;Обладнання для автосервісу;Підйомне устаткування;Гідравлічні підкатні крани;https://prom.ua/ua/Gidravlicheskie-podkatnye-krany;12110307
Обладнання та товари для надання послуг;Обладнання для автосервісу;Підйомне устаткування;Запчастини для підйомного обладнання;https://prom.ua/ua/Zapchasti-dlya-podemnogo;12110309
Обладнання та товари для надання послуг;Обладнання для автосервісу;Підйомне устаткування;"Підйомне устаткування, загальне";https://prom.ua/ua/Drugoe-podemnoe-oborudovanie;12110305
Обладнання та товари для надання послуг;Обладнання для автосервісу;Підйомне устаткування;Підйомники автомобільні;https://prom.ua/ua/Podemniki-avtomobilnye;12110301
Обладнання та товари для надання послуг;Обладнання для автосервісу;Підйомне устаткування;Трансмісійні стійки;https://prom.ua/ua/Transmissionnye-stojki;12110306
Обладнання та товари для надання послуг;Обладнання для автосервісу;Системи видалення вихлопних газів;;https://prom.ua/ua/Sistemy-udaleniya-vyhlopnyh-gazov;121113
Обладнання та товари для надання послуг;Обладнання для автосервісу;"Ультразвукові ванни, мийки, очисники";;https://prom.ua/ua/Ultrazvukovye-vanny-mojki-ochistiteli;646
Обладнання та товари для надання послуг;Обладнання для автосервісу;Шиномонтажне обладнання;Інструменти для нарізки протектора;https://prom.ua/ua/Instrumenty-dlya-narezki-protektora;12110110
Обладнання та товари для надання послуг;Обладнання для автосервісу;Шиномонтажне обладнання;Інфлятори шиномонтажні;https://prom.ua/ua/Inflyatory-shinomontazhnye;12110112
Обладнання та товари для надання послуг;Обладнання для автосервісу;Шиномонтажне обладнання;Балансувальні верстати;https://prom.ua/ua/Balansirovochnoe-oborudovanie;121104
Обладнання та товари для надання послуг;Обладнання для автосервісу;Шиномонтажне обладнання;Борторозширювачі;https://prom.ua/ua/Bortorasshiriteli;12110105
Обладнання та товари для надання послуг;Обладнання для автосервісу;Шиномонтажне обладнання;Ванни для перевірки коліс;https://prom.ua/ua/Vanny-dlya-proverki-koles;12110106
Обладнання та товари для надання послуг;Обладнання для автосервісу;Шиномонтажне обладнання;Верстати для рихтування дисків;https://prom.ua/ua/Stanki-dlya-rihtovki-diskov;12110103
Обладнання та товари для надання послуг;Обладнання для автосервісу;Шиномонтажне обладнання;Вулканізатори для автомобільних шин і камер;https://prom.ua/ua/Vulkanizatory-dlya-avtomobilnyh-shin-i-kamer;12110109
Обладнання та товари для надання послуг;Обладнання для автосервісу;Шиномонтажне обладнання;"Візки, підставки для коліс";https://prom.ua/ua/Telezhki-podstavki-dlya-koles;12110113
Обладнання та товари для надання послуг;Обладнання для автосервісу;Шиномонтажне обладнання;Комплектуючі для шиномонтажу;https://prom.ua/ua/Komplektuyuschie-dlya-shinomontazha;120208
Обладнання та товари для надання послуг;Обладнання для автосервісу;Шиномонтажне обладнання;Обладнання та комплектуючі для відновлення шин;https://prom.ua/ua/Oborudovanie-i-komplektuyuschie-dlya-vosstanovleniya-shin;12110114
Обладнання та товари для надання послуг;Обладнання для автосервісу;Шиномонтажне обладнання;"Шиномонтажне обладнання, загальне";https://prom.ua/ua/Drugoe-shinomontazhnoe-oborudovanie;12110108
Обладнання та товари для надання послуг;Обладнання для автосервісу;Шиномонтажне обладнання;Шиномонтажні верстати;https://prom.ua/ua/Stanki-shinomontazhnye;12110101
Обладнання та товари для надання послуг;Обладнання для навчальних закладів;Інформаційні стенди;;https://prom.ua/ua/Informatsionnye-stendy;282917
Обладнання та товари для надання послуг;Обладнання для навчальних закладів;Глобуси;;https://prom.ua/ua/Globusy;282941
Обладнання та товари для надання послуг;Обладнання для навчальних закладів;Навчальні плакати;;https://prom.ua/ua/Uchebnye-plakaty;282942
Обладнання та товари для надання послуг;Обладнання для навчальних закладів;"Обладнання для навчальних закладів, загальне";;https://prom.ua/ua/Oborudovanie-dlya-uchebnyh-zavedenij-obschee;282963
Обладнання та товари для надання послуг;Обладнання для навчальних закладів;Обладнання та прилади для навчання;;https://prom.ua/ua/Oborudovanie-dlya-obucheniya;2116
Обладнання та товари для надання послуг;Обладнання для торгівлі;Допоміжне обладнання та аксесуари для торгівлі;"Допоміжне обладнання для торгівлі, загальне";https://prom.ua/ua/Vspomogatelnoe-oborudovanie-dlya-torgovli-obschee;283048
Обладнання та товари для надання послуг;Обладнання для торгівлі;Допоміжне обладнання та аксесуари для торгівлі;Примірочні кабіни та аксесуари;https://prom.ua/ua/Zerkala-primerochnye;283009
Обладнання та товари для надання послуг;Обладнання для торгівлі;Допоміжне обладнання та аксесуари для торгівлі;"Торгові візки, кошики";https://prom.ua/ua/Telezhki;28290307
Обладнання та товари для надання послуг;Обладнання для торгівлі;Допоміжне обладнання та аксесуари для торгівлі;Ярликоутримувачі;https://prom.ua/ua/Yarlykoderzhateli;283071
Обладнання та товари для надання послуг;Обладнання для торгівлі;Електромеханічне обладнання для торгівлі;Апарати для розливу напоїв;https://prom.ua/ua/Rozliv-napitkov;240601
Обладнання та товари для надання послуг;Обладнання для торгівлі;Електромеханічне обладнання для торгівлі;Апарати цукрової вати і витратні матеріали;https://prom.ua/ua/Apparaty-dlya-prigotovleniya-saharnoj-vaty;2200912
Обладнання та товари для надання послуг;Обладнання для торгівлі;Електромеханічне обладнання для торгівлі;"Електромеханічне обладнання для торгівлі, загальне";https://prom.ua/ua/Elektromehanicheskoe-oborudovanie-dlya-torgovli-obschee;283044
Обладнання та товари для надання послуг;Обладнання для торгівлі;Касове/прикасове обладнання;"Pos-термінали, pos-системи";https://prom.ua/ua/Pos-terminaly-pos-sistemy;282960
Обладнання та товари для надання послуг;Обладнання для торгівлі;Касове/прикасове обладнання;Грошові ящики;https://prom.ua/ua/Denezhnye-yaschiki;283001
Обладнання та товари для надання послуг;Обладнання для торгівлі;Касове/прикасове обладнання;Дисплеї покупця;https://prom.ua/ua/Displei-pokupatelya;283005
Обладнання та товари для надання послуг;Обладнання для торгівлі;Касове/прикасове обладнання;Зчитувачі магнітних карт;https://prom.ua/ua/Schityvateli-magnitnyh-kart;283006
Обладнання та товари для надання послуг;Обладнання для торгівлі;Касове/прикасове обладнання;"Касове устаткування, загальне";https://prom.ua/ua/Kassovoe-oborudovanie-obschee;282998
Обладнання та товари для надання послуг;Обладнання для торгівлі;Касове/прикасове обладнання;Касові апарати;https://prom.ua/ua/Kassovye-apparaty;51006
Обладнання та товари для надання послуг;Обладнання для торгівлі;Касове/прикасове обладнання;Касові бокси;https://prom.ua/ua/Kassovye-boksy;15031604
Обладнання та товари для надання послуг;Обладнання для торгівлі;Касове/прикасове обладнання;Касові стрічки;https://prom.ua/ua/Kassovye-lenty;282962
Обладнання та товари для надання послуг;Обладнання для торгівлі;Касове/прикасове обладнання;Комплектуючі для касового обладнання;https://prom.ua/ua/Komplektuyuschie-dlya-kassovogo-oborudovaniya;283041
Обладнання та товари для надання послуг;Обладнання для торгівлі;Касове/прикасове обладнання;Монетниці;https://prom.ua/ua/Monetnitsy;283007
Обладнання та товари для надання послуг;Обладнання для торгівлі;Касове/прикасове обладнання;"Принтери етикеток, штрихкодів, чеків";https://prom.ua/ua/Etiketirovochnye-mashiny;28290305
Обладнання та товари для надання послуг;Обладнання для торгівлі;Касове/прикасове обладнання;Сканери штрихкодів;https://prom.ua/ua/Skanery-shtrihkodov;282946
Обладнання та товари для надання послуг;Обладнання для торгівлі;Касове/прикасове обладнання;Стрічка для термотрансферних принтерів;https://prom.ua/ua/Krasyaschie-lenty-dlya-termotransfernyh-printerov;282937
Обладнання та товари для надання послуг;Обладнання для торгівлі;Касове/прикасове обладнання;Термінали збору даних;https://prom.ua/ua/Terminaly-sbora-dannyh;282959
Обладнання та товари для надання послуг;Обладнання для торгівлі;Касове/прикасове обладнання;Цінники;https://prom.ua/ua/Tsenniki;211305
Обладнання та товари для надання послуг;Обладнання для торгівлі;"Обладнання для торгівлі, загальне";;https://prom.ua/ua/Drugoe-oborudovaniya-dlya-torgovli-i-supermarketov;28290399
Обладнання та товари для надання послуг;Обладнання для торгівлі;Презентаційне обладнання для торгівлі;Манекени;https://prom.ua/ua/Manekeny;33801
Обладнання та товари для надання послуг;Обладнання для торгівлі;Презентаційне обладнання для торгівлі;"Презентаційне обладнання для торгівлі, загальне";https://prom.ua/ua/Prezentatsionnoe-oborudovanie-dlya-torgovli-obschee;283046
Обладнання та товари для надання послуг;Обладнання для торгівлі;Презентаційне обладнання для торгівлі;Торгові акваріуми;https://prom.ua/ua/Torgovye-akvariumy;283000
Обладнання та товари для надання послуг;Обладнання для торгівлі;Презентаційне обладнання для торгівлі;"Торгові намети, тенти і комплектуючі";https://prom.ua/ua/Torgovye-palatki-tenty-shatry;282997
Обладнання та товари для надання послуг;Обладнання для торгівлі;Презентаційне обладнання для торгівлі;Торгові стенди та аксесуари;https://prom.ua/ua/Stendy-i-stojki-dlya-tovara;282912
Обладнання та товари для надання послуг;Обладнання для торгівлі;Презентаційне обладнання для торгівлі;Цінникотримачі;https://prom.ua/ua/Tsennikoderzhateli;283008
Обладнання та товари для надання послуг;Обладнання для торгівлі;Теплове обладнання для вуличної торгівлі;Апарати для попкорну;https://prom.ua/ua/Apparaty-dlya-prigotovleniya-popkorna-bytovye;6300414
Обладнання та товари для надання послуг;Обладнання для торгівлі;Теплове обладнання для вуличної торгівлі;Апарати хот-дог та витратні матеріали;https://prom.ua/ua/Apparaty-dlya-prigotovleniya-hot-dogov;2200914
Обладнання та товари для надання послуг;Обладнання для торгівлі;Теплове обладнання для вуличної торгівлі;Обладнання для гриля;https://prom.ua/ua/Grili-kontaktnye;2200929
Обладнання та товари для надання послуг;Обладнання для торгівлі;Теплове обладнання для вуличної торгівлі;Обладнання для приготування шаурми;https://prom.ua/ua/Oborudovanie-dlya-prigotovleniya-shaurmy;2200907
Обладнання та товари для надання послуг;Обладнання для торгівлі;Теплове обладнання для вуличної торгівлі;Пончикові апарати професійні;https://prom.ua/ua/Apparat-dlya-prigotovleniya-ponchikov;2200911
Обладнання та товари для надання послуг;Обладнання для торгівлі;Теплове обладнання для вуличної торгівлі;"Теплове обладнання для торгівлі, загальне";https://prom.ua/ua/Oborudovanie-dlya-fast-fuda-i-ulichnoj-torgovli-obschee;2200931
Обладнання та товари для надання послуг;Обладнання для торгівлі;Флористичні матеріали;Витратні матеріали для флористики;https://prom.ua/ua/Rashodnye-materialy-dlya-floristiki;283076
Обладнання та товари для надання послуг;Обладнання для торгівлі;Флористичні матеріали;"Гелі, фарби, олівці для квітів";https://prom.ua/ua/Geli-i-kraski-dlya-tsvetov;1140504
Обладнання та товари для надання послуг;Обладнання для торгівлі;Флористичні матеріали;Флористична упаковка;https://prom.ua/ua/Floristicheskaya-upakovka;283074
Обладнання та товари для надання послуг;Обладнання для торгівлі;Флористичні матеріали;Флористичний декор;https://prom.ua/ua/Naklejki-na-tsvety;1140503
Обладнання та товари для надання послуг;Обладнання для торгівлі;Флористичні матеріали;"Флористичні матеріали, загальне";https://prom.ua/ua/Floristicheskie-materialy-obschee;283073
Обладнання та товари для надання послуг;Обладнання для торгівлі;Флористичні матеріали;Флористичні інструменти;https://prom.ua/ua/Floristicheskie-instrumenty;283075
Обладнання та товари для надання послуг;Обладнання та засоби для клінінгу;Обладнання для чищення килимів;;https://prom.ua/ua/Oborudovanie-dlya-chistki;283088
Обладнання та товари для надання послуг;Обладнання та засоби для клінінгу;Обладнання та засоби для видалення запахів;;https://prom.ua/ua/Oborudovanie-sredstva-dlya;283095
Обладнання та товари для надання послуг;Обладнання та засоби для клінінгу;"Обладнання та засоби для прибирання, загальне";;https://prom.ua/ua/Oborudovanie-i-sredstva-dlya-klininga-obschee;283031
Обладнання та товари для надання послуг;Обладнання та засоби для клінінгу;Професійні пилососи;;https://prom.ua/ua/Promyshlennye-pylesosy;147005
Обладнання та товари для надання послуг;Обладнання та засоби для клінінгу;Підлогонатирачі;;https://prom.ua/ua/Polotery;147004
Обладнання та товари для надання послуг;Обладнання та матеріали для друкарні;Витратні матеріали для поліграфії;"Витратні матеріали для поліграфії, загальне";https://prom.ua/ua/Rashodnye-poligraficheskie-materialy;230920
Обладнання та товари для надання послуг;Обладнання та матеріали для друкарні;Витратні матеріали для поліграфії;Матеріали для друкарських процесів;https://prom.ua/ua/Materialy-dlya-pechatnyh-protsessov;230925
Обладнання та товари для надання послуг;Обладнання та матеріали для друкарні;Витратні матеріали для поліграфії;Палітурні матеріали;https://prom.ua/ua/Perepletnye-materialy;230926
Обладнання та товари для надання послуг;Обладнання та матеріали для друкарні;Витратні матеріали для поліграфії;Плівки для ламінування;https://prom.ua/ua/Plenki-dlya-laminirovaniya;230927
Обладнання та товари для надання послуг;Обладнання та матеріали для друкарні;Друкарське устаткування;"Друкарське устаткування, загальне";https://prom.ua/ua/Drugoe-pechatnoe-oborudovanie;23090203
Обладнання та товари для надання послуг;Обладнання та матеріали для друкарні;Друкарське устаткування;"Обладнання для трафаретного друку, шовкографії";https://prom.ua/ua/Oborudovanie-dlya-trafaretnoj-pechati;230918
Обладнання та товари для надання послуг;Обладнання та матеріали для друкарні;Друкарське устаткування;Обладнання для цифрового друку;https://prom.ua/ua/Oborudovanie-dlya-tsifrovoj-pechati;23090201
Обладнання та товари для надання послуг;Обладнання та матеріали для друкарні;Друкарське устаткування;Плоттери;https://prom.ua/ua/Plottery;2108
Обладнання та товари для надання послуг;Обладнання та матеріали для друкарні;Друкарське устаткування;Принтери пластикових карт;https://prom.ua/ua/Termotransfernye-printery;230929
Обладнання та товари для надання послуг;Обладнання та матеріали для друкарні;Друкарське устаткування;Термопреси;https://prom.ua/ua/Termopress-mnogofunktsionalnyj;230906
Обладнання та товари для надання послуг;Обладнання та матеріали для друкарні;Комплектуючі для друкарського обладнання;;https://prom.ua/ua/Komplektuyuschie-dlya-poligraficheskogo-oborudovaniya;432422
Обладнання та товари для надання послуг;Обладнання та матеріали для друкарні;"Обладнання та матеріали для друкарні, загальне";;https://prom.ua/ua/Drugoe-poligraficheskoe-oborudovanie;230904
Обладнання та товари для надання послуг;Обладнання та матеріали для друкарні;Післядрукарське та оздоблювальне устаткування;Брошурувально-палітурне обладнання;https://prom.ua/ua/Broshyurovochno-perepletnoe-oborudovanie;23090303
Обладнання та товари для надання послуг;Обладнання та матеріали для друкарні;Післядрукарське та оздоблювальне устаткування;Висікальне обладнання;https://prom.ua/ua/Vysekalnoe-oborudovanie;230919
Обладнання та товари для надання послуг;Обладнання та матеріали для друкарні;Післядрукарське та оздоблювальне устаткування;Клейові машини;https://prom.ua/ua/Kleevye-mashiny;230916
Обладнання та товари для надання послуг;Обладнання та матеріали для друкарні;Післядрукарське та оздоблювальне устаткування;Ламінатори;https://prom.ua/ua/Laminatory;147107
Обладнання та товари для надання послуг;Обладнання та матеріали для друкарні;Післядрукарське та оздоблювальне устаткування;Паперізальне обладнання;https://prom.ua/ua/Rezalnoe-oborudovanie;23090301
Обладнання та товари для надання послуг;Обладнання та матеріали для друкарні;Післядрукарське та оздоблювальне устаткування;"Післядрукарське і обробне устаткування, загальне";https://prom.ua/ua/Drugoe-poslepechatnoe-i-otdelochnoe-oborudovanie;23090304
Обладнання та товари для надання послуг;Обладнання та матеріали для друкарні;Післядрукарське та оздоблювальне устаткування;Термобіндери;https://prom.ua/ua/Termobindery;230914
Обладнання та товари для надання послуг;Обладнання та матеріали для друкарні;Післядрукарське та оздоблювальне устаткування;Фальцювальні машини;https://prom.ua/ua/Faltsevalnye-mashiny;230913
Обладнання та товари для надання послуг;Обладнання та матеріали для друкарні;Технічні засоби управління кольором;Кольорокалібрувальне обладнання;https://prom.ua/ua/Tsvetokalibrovochnoe-oborudovanie;6370606
Обладнання та товари для надання послуг;Обладнання та матеріали для друкарні;Технічні засоби управління кольором;Колірні довідники;https://prom.ua/ua/Tsvetovye-spravochniki;6370608
Обладнання та товари для надання послуг;Обладнання та матеріали для друкарні;Технічні засоби управління кольором;"Технічні засоби управління кольором, загальне";https://prom.ua/ua/Drugie-ustrojstva-po-upravleniyu-tsvetom;6370609
Обладнання та товари для надання послуг;Офісна техніка;Біндер для зшивання документів;;https://prom.ua/ua/Binder-dlya-sshivaniya-dokumentov;2101
Обладнання та товари для надання послуг;Офісна техніка;Запчастини і комплектуючі для офісної техніки;;https://prom.ua/ua/Zapchasti-i-komplektuyuschie-dlya-ofisnoj-tehniki;210302
Обладнання та товари для надання послуг;Офісна техніка;Калькулятори;;https://prom.ua/ua/Kalkulyatory;501
Обладнання та товари для надання послуг;Офісна техніка;Копіювальні апарати;;https://prom.ua/ua/Kopirovalnye-apparaty;2104
Обладнання та товари для надання послуг;Офісна техніка;"Офісна техніка, загальне";;https://prom.ua/ua/Ofisnaya-tehnika-obschee;210304
Обладнання та товари для надання послуг;Офісна техніка;Факси;;https://prom.ua/ua/Faksimilnye-apparaty;50908
Обладнання та товари для надання послуг;Офісна техніка;Шредери;;https://prom.ua/ua/Shredery;2105
Обладнання та товари для надання послуг;Пральне обладнання;Аксесуари для пралень;;https://prom.ua/ua/Aksessuary-dlya-prachechnyh;282926
Обладнання та товари для надання послуг;Пральне обладнання;Машини хімічної чистки одягу;;https://prom.ua/ua/Mashiny-himicheskoj-chistki-odezhdy;282923
Обладнання та товари для надання послуг;Пральне обладнання;"Пральне устаткування, загальне";;https://prom.ua/ua/Drugoe-prachechnoe-oborudovanie;282927
Обладнання та товари для надання послуг;Пральне обладнання;Промислове прасувальне обладнання;;https://prom.ua/ua/Promyshlennoe-gladilnoe-oborudovanie;282921
Обладнання та товари для надання послуг;Пральне обладнання;Промислові пральні машини;;https://prom.ua/ua/Promyshlennye-stiralnye-mashiny;282919
Обладнання та товари для надання послуг;Пральне обладнання;Сушильне обладнання для одягу;;https://prom.ua/ua/Promyshlennoe-sushilnoe-oborudovanie;282920
Обладнання та товари для надання послуг;"Професійне аудіо-, відео-, фото обладнання";Аудіомікшери;;https://prom.ua/ua/Audiomiksher;6371804
Обладнання та товари для надання послуг;"Професійне аудіо-, відео-, фото обладнання";Запчастини і комплектуючі для професійного аудіо-відео обладнання;;https://prom.ua/ua/Aksessuary-dlya-professionalnogo-audio-video-oborudovaniya;6371814
Обладнання та товари для надання послуг;"Професійне аудіо-, відео-, фото обладнання";Комутатори сигналу;;https://prom.ua/ua/Kommutator-signala;6371808
Обладнання та товари для надання послуг;"Професійне аудіо-, відео-, фото обладнання";Масштабатори відеосигналу;;https://prom.ua/ua/Masshtabator-videosignala;6371803
Обладнання та товари для надання послуг;"Професійне аудіо-, відео-, фото обладнання";"Мікрофонні стійки, утримувачі";;https://prom.ua/ua/Mikrofonnye-stojki-derzhateli;180561
Обладнання та товари для надання послуг;"Професійне аудіо-, відео-, фото обладнання";Приймачі і передавачі сигналу;;https://prom.ua/ua/Priemniki-i-peredatchiki-signala;6371809
Обладнання та товари для надання послуг;"Професійне аудіо-, відео-, фото обладнання";Пристрої обробки звуку;;https://prom.ua/ua/Preobrazovateli-signala;6371810
Обладнання та товари для надання послуг;"Професійне аудіо-, відео-, фото обладнання";"Професійне аудіо-, відео-, фото обладнання, загальне";;https://prom.ua/ua/Drugoe-professionalnoe-audio-video-oborudovanie;6371802
Обладнання та товари для надання послуг;"Професійне аудіо-, відео-, фото обладнання";Професійні рекордери;;https://prom.ua/ua/Professionalnye-rekordery;6371812
Обладнання та товари для надання послуг;"Професійне аудіо-, відео-, фото обладнання";Радіосистеми;;https://prom.ua/ua/Besprovodnye-telefonnye-i-radio-sistemy;5090505
Обладнання та товари для надання послуг;"Професійне аудіо-, відео-, фото обладнання";Стійки для світлових приладів;;https://prom.ua/ua/Stojki-dlya-svetovyh-priborov;6371822
Обладнання та товари для надання послуг;"Професійне аудіо-, відео-, фото обладнання";Транскодери і конвертери сигналу;;https://prom.ua/ua/Transkodery-i-konvertory-signala;6371806
Обладнання та товари для надання послуг;"Професійне аудіо-, відео-, фото обладнання";Фотолабораторії;;https://prom.ua/ua/Fotolaboratorii;1913
Обладнання та товари для надання послуг;"Рекламне і виставкове обладнання, матеріали"; 3d голографічні пристрої;;https://prom.ua/ua/Golograficheskie-ustrojstva;500703
Обладнання та товари для надання послуг;"Рекламне і виставкове обладнання, матеріали";Pos-матеріали;"Pos-матеріали, загальне";https://prom.ua/ua/Pos-materialy-obschee;281977
Обладнання та товари для надання послуг;"Рекламне і виставкове обладнання, матеріали";Pos-матеріали;Аксесуари для подачі меню та рахунку;https://prom.ua/ua/Menyu-holder;281976
Обладнання та товари для надання послуг;"Рекламне і виставкове обладнання, матеріали";Pos-матеріали;Готові інформаційні таблички та вивіски;https://prom.ua/ua/Gotovye-informatsionnye-tablichki-i-vyveski;281973
Обладнання та товари для надання послуг;"Рекламне і виставкове обладнання, матеріали";Інтерактивне обладнання;;https://prom.ua/ua/Interaktivnoe-reklamnoe-i-vystavochnoe-oborudovanie;282970
Обладнання та товари для надання послуг;"Рекламне і виставкове обладнання, матеріали";Готові пневмоконструкції;;https://prom.ua/ua/Gotovye-pnevmokonstruktsii;281978
Обладнання та товари для надання послуг;"Рекламне і виставкове обладнання, матеріали";Готові штендери;;https://prom.ua/ua/Gotovye-shtendery;283036
Обладнання та товари для надання послуг;"Рекламне і виставкове обладнання, матеріали";Електронні табло та комплектуючі до них;;https://prom.ua/ua/Elektronnye-tablo;150407
Обладнання та товари для надання послуг;"Рекламне і виставкове обладнання, матеріали";Кріплення і аксесуари для рекламних конструкцій;;https://prom.ua/ua/Ramki-i-zazhimy-dlya-reklamnoj-produktsii;2501
Обладнання та товари для надання послуг;"Рекламне і виставкове обладнання, матеріали";Матеріали для виготовлення реклами;Банерна тканина;https://prom.ua/ua/Bannernaya-tkan;283034
Обладнання та товари для надання послуг;"Рекламне і виставкове обладнання, матеріали";Матеріали для виготовлення реклами;Магнітні вініли;https://prom.ua/ua/Magnitnye-vinily;91103
Обладнання та товари для надання послуг;"Рекламне і виставкове обладнання, матеріали";Матеріали для виготовлення реклами;Плівки самоклеючі для друку;https://prom.ua/ua/Plenki-samokleyuschiesya-dlya-pechati;283033
Обладнання та товари для надання послуг;"Рекламне і виставкове обладнання, матеріали";Матеріали для виготовлення реклами;Промо продукція;https://prom.ua/ua/Zagotovki-dlya-sublimatsii;283038
Обладнання та товари для надання послуг;"Рекламне і виставкове обладнання, матеріали";Матеріали для виготовлення реклами;Текстиль під нанесення;https://prom.ua/ua/Tekstil-pod-nanesenie;283037
Обладнання та товари для надання послуг;"Рекламне і виставкове обладнання, матеріали";Матеріали для виготовлення реклами;Флагштоки;https://prom.ua/ua/Flagshtoki;282961
Обладнання та товари для надання послуг;"Рекламне і виставкове обладнання, матеріали";Обладнання для опитування та жеребкування;;https://prom.ua/ua/Lototrony;281971
Обладнання та товари для надання послуг;"Рекламне і виставкове обладнання, матеріали";"Рекламне і виставкове обладнання, матеріали, загальне";;https://prom.ua/ua/Drugoe-reklamnoe-oborudovanie;28191911
Обладнання та товари для надання послуг;"Рекламне і виставкове обладнання, матеріали";Рекламні екрани;;https://prom.ua/ua/Ekrany;4004
Обладнання та товари для надання послуг;"Рекламне і виставкове обладнання, матеріали";Рекламні та виставкові стенди;;https://prom.ua/ua/Vystavochnye-i-reklamnye-stendy;28290101
Обладнання та товари для надання послуг;"Рекламне і виставкове обладнання, матеріали";Ростові ляльки;;https://prom.ua/ua/Rostovye-kukly;30817
Обладнання та товари для надання послуг;Релігійні і езотеричні товари;"Ікони, кіоти";;https://prom.ua/ua/Ikony;1701
Обладнання та товари для надання послуг;Релігійні і езотеричні товари;Іконостаси;;https://prom.ua/ua/Ikonostasy;172403
Обладнання та товари для надання послуг;Релігійні і езотеричні товари;Езотеричні товари;;https://prom.ua/ua/Ezotericheskie-tovary;283040
Обладнання та товари для надання послуг;Релігійні і езотеричні товари;Крижми і аксесуари для хрещення;;https://prom.ua/ua/Polotentsa-dlya-krescheniya;40307
Обладнання та товари для надання послуг;Релігійні і езотеричні товари;Пахощі;;https://prom.ua/ua/Blagovoniya;172408
Обладнання та товари для надання послуг;Релігійні і езотеричні товари;Релігійні товари для буддистів і індуїстів;;https://prom.ua/ua/Religioznye-tovary-dlya-buddistov-i-induistov;172412
Обладнання та товари для надання послуг;Релігійні і езотеричні товари;Релігійні товари для мусульман;;https://prom.ua/ua/Religioznye-tovary-dlya-musulman;172402
Обладнання та товари для надання послуг;Релігійні і езотеричні товари;Релігійні товари для християн;;https://prom.ua/ua/Religioznye-tovary-dlya-pravoslavnyh;172413
Обладнання та товари для надання послуг;Релігійні і езотеричні товари;Релігійні товари для юдеїв;;https://prom.ua/ua/Religioznye-tovary-dlya-evreev;172411
Обладнання та товари для надання послуг;Релігійні і езотеричні товари;"Релігійні товари, загальне";;https://prom.ua/ua/Drugie-religioznye-tovary;172401
Обладнання та товари для надання послуг;Релігійні і езотеричні товари;Ритуальні товари;Вінки траурні;https://prom.ua/ua/Venki-traurnye;282604
Обладнання та товари для надання послуг;Релігійні і езотеричні товари;Ритуальні товари;Декор для пам'ятників;https://prom.ua/ua/Vazy-dlya-pamyatnikov;282608
Обладнання та товари для надання послуг;Релігійні і езотеричні товари;Ритуальні товари;Надгробки та пам'ятники;https://prom.ua/ua/Nadgrobiya-i-pamyatniki;131205
Обладнання та товари для надання послуг;Релігійні і езотеричні товари;Ритуальні товари;"Огорожі, столи і лавки на кладовищі";https://prom.ua/ua/Ogradki-na-kladbische;282607
Обладнання та товари для надання послуг;Релігійні і езотеричні товари;Ритуальні товари;Ритуальна фурнітура;https://prom.ua/ua/Ritualnaya-furnitura;282614
Обладнання та товари для надання послуг;Релігійні і езотеричні товари;Ритуальні товари;Ритуальний одяг;https://prom.ua/ua/Ritualnaya-odezhda;282611
Обладнання та товари для надання послуг;Релігійні і езотеричні товари;Ритуальні товари;"Ритуальні товари, загальне";https://prom.ua/ua/Drugie-ritualnye-tovary;282601
Обладнання та товари для надання послуг;Релігійні і езотеричні товари;Ритуальні товари;Текстиль ритуальний;https://prom.ua/ua/Tekstil-ritualnyj;282610
Обладнання та товари для надання послуг;Релігійні і езотеричні товари;Ритуальні товари;Труни та урни для праху;https://prom.ua/ua/Groby;282602
Обладнання та товари для надання послуг;Релігійні і езотеричні товари;Хрести християнські;;https://prom.ua/ua/Kresty-hristianskie;172404
Обладнання та товари для надання послуг;Релігійні і езотеричні товари;Церковне начиння;;https://prom.ua/ua/Tserkovnaya-utvar;172405
Обладнання та товари для надання послуг;Релігійні і езотеричні товари;Чотки;;https://prom.ua/ua/Chetki;172407
Обладнання та товари для надання послуг;Товари для офісу;Обладнання для презентацій і конференцій;Аксесуари та комплектуючі для презентацій;https://prom.ua/ua/Aksessuary-dlya-prezentatsij;212005
Обладнання та товари для надання послуг;Товари для офісу;Обладнання для презентацій і конференцій;Дошки і фліпчарти;https://prom.ua/ua/Ofisnye-doski-i-flipcharty;212002
Обладнання та товари для надання послуг;Товари для офісу;Обладнання для презентацій і конференцій;Лазерні указки;https://prom.ua/ua/Lazernye-ukazki;212001
Обладнання та товари для надання послуг;Товари для офісу;Обладнання для презентацій і конференцій;"Обладнання для презентацій, загальне";https://prom.ua/ua/Drugoe-oborudovanie-dlya-prezentatsij;212099
Обладнання та товари для надання послуг;Товари для офісу;Обладнання для презентацій і конференцій;Проекційні екрани;https://prom.ua/ua/Proektsionnye-ekrany;212003
Обладнання та товари для надання послуг;Товари для офісу;Обладнання для презентацій і конференцій;Системи для конференц-зв'язку;https://prom.ua/ua/Sistemy-dlya-konferents-svyazi;212008
Обладнання та товари для надання послуг;Товари для офісу;"Товари для офісу, загальне";;https://prom.ua/ua/Drugie-tovary-dlya-ofisa;2115
Обладнання та товари для надання послуг;Товари для спортивної інфраструктури;Професійні тренажери;"Вуличні тренажери, комплекси";https://prom.ua/ua/Ulichnye-trenazhery;200921
Обладнання та товари для надання послуг;Товари для спортивної інфраструктури;Професійні тренажери;"Професійні тренажери, загальне";https://prom.ua/ua/Professionalnye-trenazhery-obschee;283067
Обладнання та товари для надання послуг;Товари для спортивної інфраструктури;Професійні тренажери;"Стійки для гантелей, грифів і дисків";https://prom.ua/ua/Stojki-dlya-gantelej-grifov-blinov;200919
Обладнання та товари для надання послуг;Товари для спортивної інфраструктури;Спортивні покриття;;https://prom.ua/ua/Sportivnoe-pokrytie-dlya-pola;130721
Обладнання та товари для надання послуг;Товари для спортивної інфраструктури;"Товари для спортивної інфраструктури, загальне";;https://prom.ua/ua/Tovary-dlya-sportivnoj-infrastruktury-obschee;283064
Обладнання та товари для надання послуг;Швейні матеріали та обладнання;Комплектуючі та матеріали для взуття;Матеріали та фурнітура для взуттєвого виробництва;https://prom.ua/ua/Stelki;3221001
Обладнання та товари для надання послуг;Швейні матеріали та обладнання;Обладнання для ремонту взуття;;https://prom.ua/ua/Oborudovanie-dlya-remonta-obuvi;32218
Обладнання та товари для надання послуг;Швейні матеріали та обладнання;Швейні аксесуари і фурнітура;Наконечники та люверси;https://prom.ua/ua/Plastikovaya-shvejnaya-furnitura;32808
Обладнання та товари для надання послуг;Швейні матеріали та обладнання;Швейні аксесуари і фурнітура;Фурнітура для тентів і пологов;https://prom.ua/ua/Furnitura-dlya-tentov-i-pologov;282967
Обладнання та товари для надання послуг;Швейні матеріали та обладнання;Швейні аксесуари і фурнітура;Фурнітура та запчастини для сумок та валіз;https://prom.ua/ua/Komplektuyuschie-i-prinadlezhnosti-dlya-sumok;152409
Обладнання та товари для надання послуг;Швейні матеріали та обладнання;Швейні аксесуари і фурнітура;"Швейні аксесуари і фурнітура, загальне";https://prom.ua/ua/Drugie-shvejnye-aksessuary-i-furnitura;32899
Обладнання та товари для надання послуг;Швейні матеріали та обладнання;"Швейні матеріали та обладнання, загальне";;https://prom.ua/ua/Shvejnye-materialy-i-oborudovanie-obschee;36401
Обладнання та товари для надання послуг;Ювелірне обладнання;"Обладнання ювелірне, загальне";;https://prom.ua/ua/Oborudovanie-yuvelirnoe-obschee;283070
Обладнання та товари для надання послуг;Ювелірне обладнання;Ювелірний інструмент та обладнання;;https://prom.ua/ua/Yuvelirnyj-instrument-i-oborudovanie;360960
Одяг та взуття;Аксесуари для взуття; джибітси;;https://prom.ua/ua/Dzhibitsy;580306
Одяг та взуття;Аксесуари для взуття;"Аксесуари для взуття, загальне";;https://prom.ua/ua/Aksessuary-dlya-obuvi-obschee;580304
Одяг та взуття;Аксесуари для взуття;Устілки;;https://prom.ua/ua/Stelki-i-polustelki-ortopedicheskie;3221019
Одяг та взуття;Аксесуари для взуття;"Утеплювачі, вкладиші для чобіт";;https://prom.ua/ua/Utepliteli-vkladyshi-dlya;580305
Одяг та взуття;Аксесуари для взуття;Шнурки для взуття;;https://prom.ua/ua/Shnurki-dlya-obuvi-1;580303
Одяг та взуття;Взуття;"Взуття, загальне";;https://prom.ua/ua/Obuv-obschee;580301
Одяг та взуття;Взуття;Жіноче взуття ;"Жіноче взуття, загальне";https://prom.ua/ua/Drugaya-obuv;32299
Одяг та взуття;Взуття;Жіноче взуття ;Жіноче ортопедичне взуття ;https://prom.ua/ua/Ortopedicheskaya-obuv;32219
Одяг та взуття;Взуття;Жіноче взуття ;Жіночі балетки ;https://prom.ua/ua/Baletki-zhenskie;35705
Одяг та взуття;Взуття;Жіноче взуття ;Жіночі босоніжки та сандалі;https://prom.ua/ua/Sandalety-bosonozhki-na-kabluke;35702
Одяг та взуття;Взуття;Жіноче взуття ;"Жіночі ботильйони, черевики ";https://prom.ua/ua/Polusapozhki-zhenskie;3220404
Одяг та взуття;Взуття;Жіноче взуття ;Жіночі домашні капці;https://prom.ua/ua/Domashnie-tapochki;32206
Одяг та взуття;Взуття;Жіноче взуття ;Жіночі мокасини і сліпони ;https://prom.ua/ua/Mokasiny-zhenskie;35703
Одяг та взуття;Взуття;Жіноче взуття ;Жіночі туфлі ;https://prom.ua/ua/Tufli-zhenskie;32202
Одяг та взуття;Взуття;Жіноче взуття ;"Жіночі чоботи, напівчоботи ";https://prom.ua/ua/Sapogi-zhenskie-demisezonnye;3220409
Одяг та взуття;Взуття;Жіноче взуття ;"Унти, уггі, сноубутси";https://prom.ua/ua/Unty-uggi-snoubutsy;3220416
Одяг та взуття;Взуття;Чоловіче взуття ;"Чоловіче взуття, загальне";https://prom.ua/ua/Obuv-muzhskaya-obschee;35809
Одяг та взуття;Взуття;Чоловіче взуття ;Чоловіче ортопедичне взуття ;https://prom.ua/ua/Ortopedicheskaya-obuv-muzhskaya;35806
Одяг та взуття;Взуття;Чоловіче взуття ;Чоловічі домашні капці ;https://prom.ua/ua/Domashnie-tapochki-muzhskie;35805
Одяг та взуття;Взуття;Чоловіче взуття ;Чоловічі мокасини ;https://prom.ua/ua/Mokasiny-muzhskie;35804
Одяг та взуття;Взуття;Чоловіче взуття ;Чоловічі сандалі і шльопанці ;https://prom.ua/ua/Sandalii;32205
Одяг та взуття;Взуття;Чоловіче взуття ;Чоловічі туфлі ;https://prom.ua/ua/Tufli;32213
Одяг та взуття;Взуття;Чоловіче взуття ;Чоловічі черевики ;https://prom.ua/ua/Botinki-muzhskie-demisezonnye;3220413
Одяг та взуття;Взуття;Чоловіче взуття ;Чоловічі чоботи ;https://prom.ua/ua/Sapogi-muzhskie;3220411
Одяг та взуття;Дитячий одяг та взуття;Дитяча білизна і купальники  ;"Дитяча білизна і купальники, загальне";https://prom.ua/ua/Detskaya-bele-obschee;3110805
Одяг та взуття;Дитячий одяг та взуття;Дитяча білизна і купальники  ;Дитяча термобілизна;https://prom.ua/ua/Detckoe-termobele;3110803
Одяг та взуття;Дитячий одяг та взуття;Дитяча білизна і купальники  ;Дитячі колготи;https://prom.ua/ua/Detskie-kolgoty;31114
Одяг та взуття;Дитячий одяг та взуття;Дитяча білизна і купальники  ;Дитячі купальники і плавки;https://prom.ua/ua/Kupalniki-detskie;3110806
Одяг та взуття;Дитячий одяг та взуття;Дитяча білизна і купальники  ;Дитячі трусики;https://prom.ua/ua/Detskie-trusy;3110801
Одяг та взуття;Дитячий одяг та взуття;Дитяча білизна і купальники  ;Дитячі шкарпетки та гольфи;https://prom.ua/ua/Detskie-noski-i-golfy;31115
Одяг та взуття;Дитячий одяг та взуття;Дитяча білизна і купальники  ;Комплекти дитячої нижньої білизни;https://prom.ua/ua/Komplekty-detskogo-nizhnego-belya;3110804
Одяг та взуття;Дитячий одяг та взуття;Дитяча білизна і купальники  ;Топи і бюстгалтери для дівчаток;https://prom.ua/ua/Topy-byustgaltery-dlya;3110807
Одяг та взуття;Дитячий одяг та взуття;Дитяче та підліткове взуття;"Дитяче та підліткове взуття, загальне";https://prom.ua/ua/Drugaya-detskaya-obuv;3221299
Одяг та взуття;Дитячий одяг та взуття;Дитяче та підліткове взуття;Дитяче та підліткове зимове взуття;https://prom.ua/ua/Detskaya-zimnyaya-obuv;3221211
Одяг та взуття;Дитячий одяг та взуття;Дитяче та підліткове взуття;Дитяче та підліткове літнє взуття;https://prom.ua/ua/Detskaya-letnyaya-obuv;3221206
Одяг та взуття;Дитячий одяг та взуття;Дитяче та підліткове взуття;Дитяче та підліткове ортопедичне взуття;https://prom.ua/ua/Ortopedicheskaya-detskaya-obuv;3221208
Одяг та взуття;Дитячий одяг та взуття;Дитяче та підліткове взуття;Дитяче і підліткове демісезонне взуття;https://prom.ua/ua/Detskie-botinki;3221201
Одяг та взуття;Дитячий одяг та взуття;Дитяче та підліткове взуття;Дитячі та підліткові домашні капці;https://prom.ua/ua/Detskie-tapochki;3221207
Одяг та взуття;Дитячий одяг та взуття;Дитяче та підліткове взуття;"Дитячі та підліткові кросівки, кеди";https://prom.ua/ua/Krossovki-obuv-dlya-bega-detskaya;3221214
Одяг та взуття;Дитячий одяг та взуття;Дитяче та підліткове взуття;Дитячі і підліткові гумові чоботи;https://prom.ua/ua/Detskie-rezinovye-sapogi;3221205
Одяг та взуття;Дитячий одяг та взуття;Дитяче та підліткове взуття;Шкільне взуття;https://prom.ua/ua/Shkolnaya-obuv-1;3221217
Одяг та взуття;Дитячий одяг та взуття;Дитячий верхній одяг;;https://prom.ua/ua/Verhnyaya-odezhda-detskaya;31101
Одяг та взуття;Дитячий одяг та взуття;Дитячий етнічний одяг;;https://prom.ua/ua/Etnicheskaya-odezhda-detskaya;31019
Одяг та взуття;Дитячий одяг та взуття;Дитячий одяг для сну та дому;Дитячий домашній одяг;https://prom.ua/ua/Domashnie-kofty-svitera-detskie;3661303
Одяг та взуття;Дитячий одяг та взуття;Дитячий одяг для сну та дому;"Дитячий домашній одяг, загальне";https://prom.ua/ua/Domashnyaya-odezhda-detskaya-obschee;3661304
Одяг та взуття;Дитячий одяг та взуття;Дитячий одяг для сну та дому;Дитячі піжами;https://prom.ua/ua/Detskie-pizhamy;31113
Одяг та взуття;Дитячий одяг та взуття;Дитячий одяг для сну та дому;Дитячі халати;https://prom.ua/ua/Detskie-halaty;31112
Одяг та взуття;Дитячий одяг та взуття;"Дитячий одяг та взуття, загальне";;https://prom.ua/ua/Drugaya-detskaya-odezhda;31199
Одяг та взуття;Дитячий одяг та взуття;Дитячий спортивний одяг;"Дитячий спортивний одяг, загальне";https://prom.ua/ua/Detsaaya-portivnaya-odezhda-obschee;3110511
Одяг та взуття;Дитячий одяг та взуття;Дитячий спортивний одяг;Дитячі спортивні костюми;https://prom.ua/ua/Sportivnye-kostyumy-detskie;3110506
Одяг та взуття;Дитячий одяг та взуття;Дитячий спортивний одяг;Дитячі спортивні кофти та светри;https://prom.ua/ua/Sportivnye-kofty-svitera-detskie;3110508
Одяг та взуття;Дитячий одяг та взуття;Дитячий спортивний одяг;Дитячі спортивні штани;https://prom.ua/ua/Sportivnye-shtany-detskie;3110510
Одяг та взуття;Дитячий одяг та взуття;Одяг для дівчаток;Блузки і туніки для дівчаток;https://prom.ua/ua/Bluzki-i-tuniki-dlya-devochek;31104
Одяг та взуття;Дитячий одяг та взуття;Одяг для дівчаток;Брюки і джинси для дівчаток;https://prom.ua/ua/Detskie-shtany;31102
Одяг та взуття;Дитячий одяг та взуття;Одяг для дівчаток;Дитячі лосини;https://prom.ua/ua/Legginsy-detskie;3112503
Одяг та взуття;Дитячий одяг та взуття;Одяг для дівчаток;Дитячі спідниці;https://prom.ua/ua/Yubki-dlya-devochek;31111
Одяг та взуття;Дитячий одяг та взуття;Одяг для дівчаток;Дитячі шорти і бриджі ;https://prom.ua/ua/Shorty-dlya-devochek;30603
Одяг та взуття;Дитячий одяг та взуття;Одяг для дівчаток;Жилети для дівчаток;https://prom.ua/ua/Zhiletki-dlya-devochek;31109
Одяг та взуття;Дитячий одяг та взуття;Одяг для дівчаток;Костюми для дівчаток;https://prom.ua/ua/Kostyumy-dlya-devochek;31103
Одяг та взуття;Дитячий одяг та взуття;Одяг для дівчаток;Кофти та светри для дівчаток;https://prom.ua/ua/Svitera-pulovery-dlya-devochek;31106
Одяг та взуття;Дитячий одяг та взуття;Одяг для дівчаток;Легкі комбінезони для дівчаток;https://prom.ua/ua/Kombinezony-detskie;31121
Одяг та взуття;Дитячий одяг та взуття;Одяг для дівчаток;"Одяг для дівчаток, загальне";https://prom.ua/ua/Odezhda-dlya-devochek-obschee;3112501
Одяг та взуття;Дитячий одяг та взуття;Одяг для дівчаток;Піджаки і болеро для дівчаток;https://prom.ua/ua/Bolero-dlya-devochek;33403
Одяг та взуття;Дитячий одяг та взуття;Одяг для дівчаток;Сукні та сарафани для дівчаток;https://prom.ua/ua/Platya-dlya-devochek;31110
Одяг та взуття;Дитячий одяг та взуття;Одяг для малюків;Боді та пісочники;https://prom.ua/ua/Bodi-dlya-novorozhdennyh;31014
Одяг та взуття;Дитячий одяг та взуття;Одяг для малюків;Дитячий одяг для хрещення;https://prom.ua/ua/Krestilnaya-odezhda-dlya-novorozhdennyh;282613
Одяг та взуття;Дитячий одяг та взуття;Одяг для малюків;Комбінезони для малюків;https://prom.ua/ua/Uteplennye-kombinezony-dlya-novorozhdennyh;31006
Одяг та взуття;Дитячий одяг та взуття;Одяг для малюків;Комплекти для малюків;https://prom.ua/ua/Nabory-dlya-novorozhdenyh;31016
Одяг та взуття;Дитячий одяг та взуття;Одяг для малюків;Конверти для новонароджених;https://prom.ua/ua/Konverty-dlya-detej;15011308
Одяг та взуття;Дитячий одяг та взуття;Одяг для малюків;"Одяг для малюків, загальне";https://prom.ua/ua/Drugaya-odezhda-dlya-novorozhdennyh;31099
Одяг та взуття;Дитячий одяг та взуття;Одяг для малюків;Повзунки і штани для новонароджених;https://prom.ua/ua/Polzunki;31012
Одяг та взуття;Дитячий одяг та взуття;Одяг для малюків;Пінетки;https://prom.ua/ua/Obuv-dlya-novorozhdennyh;32203
Одяг та взуття;Дитячий одяг та взуття;Одяг для малюків;Сорочечки і сорочки для новонароджених;https://prom.ua/ua/Raspashonki-dlya-noaorozhdennyh;31013
Одяг та взуття;Дитячий одяг та взуття;Одяг для малюків;Царапки;https://prom.ua/ua/Tsarapki-dlya-novorozhdennyh;31015
Одяг та взуття;Дитячий одяг та взуття;Одяг для хлопчиків;Брюки і джинси для хлопчиків;https://prom.ua/ua/Bryuki-i-dzhinsy-dlya-malchikov;3111701
Одяг та взуття;Дитячий одяг та взуття;Одяг для хлопчиків;Дитячі футболки та майки;https://prom.ua/ua/Futbolki-dlya-malchikov;3111703
Одяг та взуття;Дитячий одяг та взуття;Одяг для хлопчиків;Жилети для хлопчиків;https://prom.ua/ua/Zhiletki-dlya-malchikov;3111704
Одяг та взуття;Дитячий одяг та взуття;Одяг для хлопчиків;Костюми для хлопчиків;https://prom.ua/ua/Kostyumy-dlya-malchikov;3111702
Одяг та взуття;Дитячий одяг та взуття;Одяг для хлопчиків;Кофти та светри для хлопчиків;https://prom.ua/ua/Svitera-i-pulovery-dlya-malchikov;31122
Одяг та взуття;Дитячий одяг та взуття;Одяг для хлопчиків;Легкі комбінезони для хлопчиків;https://prom.ua/ua/Kombinezony-dlya-malchikov;3111709
Одяг та взуття;Дитячий одяг та взуття;Одяг для хлопчиків;"Одяг для хлопчиків, загальне";https://prom.ua/ua/Odezhda-dlya-malchikov-obschee;3111710
Одяг та взуття;Дитячий одяг та взуття;Одяг для хлопчиків;Піджаки для хлопчиків;https://prom.ua/ua/Pidzhaki-dlya-malchikov;3111714
Одяг та взуття;Дитячий одяг та взуття;Одяг для хлопчиків;Сорочки для хлопчиків;https://prom.ua/ua/Rubashki-i-polo-dlya-malchikov;31123
Одяг та взуття;Дитячий одяг та взуття;Шкільна форма;;https://prom.ua/ua/Shkolnaya-forma;31116
Одяг та взуття;Етнічний одяг;"Етнічний одяг, загальне";;https://prom.ua/ua/Etnicheskaya-odezhda-obschee;7601
Одяг та взуття;Етнічний одяг;Жіночий етнічний одяг та взуття ;;https://prom.ua/ua/Etnicheskaya-odezhda;307
Одяг та взуття;Етнічний одяг;Чоловічий етнічний одяг та взуття ;;https://prom.ua/ua/Etnicheskaya-odezhda-i-obuv-muzhskaya;35514
Одяг та взуття;Жіночий одяг;Жіноча білизна і купальники;Аксесуари для нижньої білизни;https://prom.ua/ua/Aksessuary-dlya-nizhnego-belya;31207
Одяг та взуття;Жіночий одяг;Жіноча білизна і купальники;"Бюст'є, боді, комбідреси";https://prom.ua/ua/Korsety-belevye;31205
Одяг та взуття;Жіночий одяг;Жіноча білизна і купальники;Бюстгальтери;https://prom.ua/ua/Byustgaltery;31201
Одяг та взуття;Жіночий одяг;Жіноча білизна і купальники;"Жіноча білизна і купальники, загальне";https://prom.ua/ua/Zhenskoe-bele-obschee;3121101
Одяг та взуття;Жіночий одяг;Жіноча білизна і купальники;Жіночі колготи та панчохи;https://prom.ua/ua/Kolgoty-i-chulki-zhenskie;304
Одяг та взуття;Жіночий одяг;Жіноча білизна і купальники;Жіночі комплекти нижньої білизни ;https://prom.ua/ua/Komplekty-nizhnego-belya;31206
Одяг та взуття;Жіночий одяг;Жіноча білизна і купальники;Жіночі купальники ;https://prom.ua/ua/Kupalniki-zhenskie;31299
Одяг та взуття;Жіночий одяг;Жіноча білизна і купальники;Жіночі трусики ;https://prom.ua/ua/Zhenskie-trusy;351
Одяг та взуття;Жіночий одяг;Жіноча білизна і купальники;"Жіночі шкарпетки, гольфи, гетри ";https://prom.ua/ua/Noski-i-golfi-zhenskie;323
Одяг та взуття;Жіночий одяг;Жіноча білизна і купальники;Корегуюча білизна;https://prom.ua/ua/Korrektiruyuschee-bele;163401
Одяг та взуття;Жіночий одяг;Жіночий верхній одяг ;"Жіночий верхній одяг, загальне";https://prom.ua/ua/Zhenskie-kurtki-i-paltoobschee;31309
Одяг та взуття;Жіночий одяг;Жіночий верхній одяг ;Жіночі дублянки ;https://prom.ua/ua/Dublenki;31305
Одяг та взуття;Жіночий одяг;Жіночий верхній одяг ;Жіночі жилети та безрукавки ;https://prom.ua/ua/Zhilety-i-bezrukavki;352
Одяг та взуття;Жіночий одяг;Жіночий верхній одяг ;Жіночі куртки ;https://prom.ua/ua/Kurtki;31302
Одяг та взуття;Жіночий одяг;Жіночий верхній одяг ;Жіночі пальта;https://prom.ua/ua/Palto;31301
Одяг та взуття;Жіночий одяг;Жіночий верхній одяг ;Жіночі плащі ;https://prom.ua/ua/Plaschi;31304
Одяг та взуття;Жіночий одяг;Жіночий верхній одяг ;Жіночі пуховики ;https://prom.ua/ua/Puhoviki;31308
Одяг та взуття;Жіночий одяг;Жіночий верхній одяг ;Жіночі хутряні жилети ;https://prom.ua/ua/Mehovye-zhiletki;31311
Одяг та взуття;Жіночий одяг;Жіночий верхній одяг ;Жіночі шуби ;https://prom.ua/ua/Shuby;31303
Одяг та взуття;Жіночий одяг;Жіночий одяг для сну та дому ;Жіночий домашній одяг ;https://prom.ua/ua/Domashnie-kostyumy-zhenskie;36602
Одяг та взуття;Жіночий одяг;Жіночий одяг для сну та дому ;"Жіночий одяг для сну та дому, загальне";https://prom.ua/ua/Domashnyaya-odezhda-zhenskaya-obschee;36611
Одяг та взуття;Жіночий одяг;Жіночий одяг для сну та дому ;Жіночі піжами ;https://prom.ua/ua/Pizhamy-zhenskie;36601
Одяг та взуття;Жіночий одяг;Жіночий одяг для сну та дому ;Жіночі халати ;https://prom.ua/ua/Halaty;336
Одяг та взуття;Жіночий одяг;Жіночий одяг для сну та дому ;Кігурумі;https://prom.ua/ua/Kigurumi;3121104
Одяг та взуття;Жіночий одяг;Жіночий одяг для сну та дому ;Пеньюари і нічні сорочки;https://prom.ua/ua/Penyuary-i-nochnushki;31208
Одяг та взуття;Жіночий одяг;"Жіночий одяг, загальне";;https://prom.ua/ua/Zhenskaya-odezhda-obschee;35404
Одяг та взуття;Жіночий одяг;Жіночі блузки та туніки ;;https://prom.ua/ua/Zhenskie-bluzki;314
Одяг та взуття;Жіночий одяг;Жіночі джинси ;;https://prom.ua/ua/Zhenskie-dzhinsy;35401
Одяг та взуття;Жіночий одяг;Жіночі комбінезони ;;https://prom.ua/ua/Kombinezony-zhenskie;331
Одяг та взуття;Жіночий одяг;Жіночі корсети ;;https://prom.ua/ua/Zhenskie-korsazhi-i-korsety;319
Одяг та взуття;Жіночий одяг;Жіночі костюми ;;https://prom.ua/ua/Zhenskie-kostyumy;332
Одяг та взуття;Жіночий одяг;Жіночі піджаки та жакети ;;https://prom.ua/ua/Pidzhaki-zhakety;317
Одяг та взуття;Жіночий одяг;Жіночі светри та кардигани ;;https://prom.ua/ua/Zhenskie-kofty-i-kardigany;30504
Одяг та взуття;Жіночий одяг;Жіночі спідниці ;;https://prom.ua/ua/Yubki;349
Одяг та взуття;Жіночий одяг;Жіночі сукні ;;https://prom.ua/ua/Zhenskii-platya;35402
Одяг та взуття;Жіночий одяг;Жіночі толстовки і реглани ;;https://prom.ua/ua/Tolstovki;303
Одяг та взуття;Жіночий одяг;Жіночі футболки та майки ;;https://prom.ua/ua/Futbolki-zhenskie;315
Одяг та взуття;Жіночий одяг;Жіночі шорти і бриджі ;;https://prom.ua/ua/Shorty;306
Одяг та взуття;Жіночий одяг;Жіночі штани ;;https://prom.ua/ua/Zhenskie-bryuki;318
Одяг та взуття;Жіночий одяг;Легінси і лосини;;https://prom.ua/ua/Leginsy-i-losiny;32302
Одяг та взуття;Жіночий одяг;Одяг та білизна для вагітних та годуючих;Блузки і туніки для вагітних та годуючих;https://prom.ua/ua/Bluzy-i-tuniki-dlya-beremennyh;3450108
Одяг та взуття;Жіночий одяг;Одяг та білизна для вагітних та годуючих;"Брюки, джинси і лосини для вагітних";https://prom.ua/ua/Bryuki-i-losiny-dlya-beremennyh;3450104
Одяг та взуття;Жіночий одяг;Одяг та білизна для вагітних та годуючих;"Верхній одяг для вагітних, слінгоодяг";https://prom.ua/ua/Verhnyaya-odezhda-dlya-beremennyh;3450112
Одяг та взуття;Жіночий одяг;Одяг та білизна для вагітних та годуючих;Капрі та шорти для вагітних;https://prom.ua/ua/Kapri-shorty-dlya-beremennyh;3450105
Одяг та взуття;Жіночий одяг;Одяг та білизна для вагітних та годуючих;Колготи для вагітних;https://prom.ua/ua/Kolgoty-dlya-beremennyh;3450511
Одяг та взуття;Жіночий одяг;Одяг та білизна для вагітних та годуючих;Комбінезони для вагітних і годуючих;https://prom.ua/ua/Kombinezoy-dlya-beremennyh;3450107
Одяг та взуття;Жіночий одяг;Одяг та білизна для вагітних та годуючих;Костюми для вагітних та годуючих;https://prom.ua/ua/Sportivnye-kostyumy-dlya-beremennyh;3450111
Одяг та взуття;Жіночий одяг;Одяг та білизна для вагітних та годуючих;Накидки для годування;https://prom.ua/ua/Nakidki-dlya-kormleniya;34507
Одяг та взуття;Жіночий одяг;Одяг та білизна для вагітних та годуючих;Нижня білизна для вагітних і годуючих;https://prom.ua/ua/Nizhnee-bele-dlya-beremennyh-i-kormyaschih;31210
Одяг та взуття;Жіночий одяг;Одяг та білизна для вагітних та годуючих;"Одяг для вагітних, загальне";https://prom.ua/ua/Odezhda-dlya-beremennyh-obschee;3450114
Одяг та взуття;Жіночий одяг;Одяг та білизна для вагітних та годуючих;Одяг для сну та дому для вагітних і годуючих;https://prom.ua/ua/Domashnyaya-odezhda-dlya-beremennyh;3121001
Одяг та взуття;Жіночий одяг;Одяг та білизна для вагітних та годуючих;Светри і толстовки для вагітних та годуючих;https://prom.ua/ua/Vodolazki-i-svitera-dlya-beremennyh;3450110
Одяг та взуття;Жіночий одяг;Одяг та білизна для вагітних та годуючих;Спідниці для вагітних;https://prom.ua/ua/Yubki-dlya-beremennyh;3450103
Одяг та взуття;Жіночий одяг;Одяг та білизна для вагітних та годуючих;Сукні для вагітних і годуючих;https://prom.ua/ua/Platya-dlya-beremennyh;3450101
Одяг та взуття;Жіночий одяг;Одяг та білизна для вагітних та годуючих;Футболки та майки для вагітних та годуючих;https://prom.ua/ua/Topy-majki-dlya-kormyaschih;3450205
Одяг та взуття;Жіночий одяг;Пляжний одяг і парео;;https://prom.ua/ua/Pareo;32508
Одяг та взуття;Карнавальні костюми;Аксесуари для карнавальних костюмів;;https://prom.ua/ua/Karnavalnye-aksessuary;34706
Одяг та взуття;Карнавальні костюми;Дитячі карнавальні костюми;;https://prom.ua/ua/Karnavalnye-kostyumy-detskie;34704
Одяг та взуття;Карнавальні костюми;Жіночі карнавальні костюми ;;https://prom.ua/ua/Karnavalnye-kostyumy-zhenskie;34701
Одяг та взуття;Карнавальні костюми;Карнавальні костюми унісекс;;https://prom.ua/ua/Karnavalnye-kostyumy-uniseks;34707
Одяг та взуття;Карнавальні костюми;"Карнавальні костюми, загальне";;https://prom.ua/ua/Karnavalnye-kostyumy-obschee;34705
Одяг та взуття;Карнавальні костюми;Карнавальні маски;;https://prom.ua/ua/Karnavalnye-maski;34702
Одяг та взуття;Карнавальні костюми;Чоловічі карнавальні костюми ;;https://prom.ua/ua/Karnavalnye-kostyumy-iuzhskie;34703
Одяг та взуття;"Одяг, взуття, аксесуари, загальне";;;https://prom.ua/ua/Drugaya-odezhda;335
Одяг та взуття;Спортивний одяг та взуття;Кросівки та кеди;;https://prom.ua/ua/Krossovki-obuv-dlya-bega;3220713
Одяг та взуття;Спортивний одяг та взуття;"Спортивний одяг, загальне";;https://prom.ua/ua/Drugaya-sportivnaya-odezhda;30199
Одяг та взуття;Спортивний одяг та взуття;Спортивні костюми;;https://prom.ua/ua/Sportivnye-kostyumy;30107
Одяг та взуття;Спортивний одяг та взуття;Спортивні кофти та светри;;https://prom.ua/ua/Sportivnye-kofty-svitera;30111
Одяг та взуття;Спортивний одяг та взуття;Спортивні куртки;;https://prom.ua/ua/Sportivnye-kurtki;34301
Одяг та взуття;Спортивний одяг та взуття;Спортивні футболки та майки;;https://prom.ua/ua/Sportivnye-futbolki;30104
Одяг та взуття;Спортивний одяг та взуття;"Спортивні шкарпетки, гетри";;https://prom.ua/ua/Sportivnye-noski;30110
Одяг та взуття;Спортивний одяг та взуття;Спортивні шорти;;https://prom.ua/ua/Sportivnye-shorty;30105
Одяг та взуття;Спортивний одяг та взуття;Спортивні штани;;https://prom.ua/ua/Sportivnye-shtany;30113
Одяг та взуття;Спортивний одяг та взуття;Термобілизна;;https://prom.ua/ua/Termobele;3120602
Одяг та взуття;Чоловічий одяг ;Чоловіча білизна та купальні плавки;Комплекти чоловічої білизни;https://prom.ua/ua/Komplekty-muzhskogo-belya;3121208
Одяг та взуття;Чоловічий одяг ;Чоловіча білизна та купальні плавки;"Чоловіча білизна і плавки купальні, загальне";https://prom.ua/ua/Muzhskoe-bele-i-plavki-kupalnye-obschee;3121207
Одяг та взуття;Чоловічий одяг ;Чоловіча білизна та купальні плавки;Чоловічі купальні плавки ;https://prom.ua/ua/Muzhskie-kupalnye-plavki;3121201
Одяг та взуття;Чоловічий одяг ;Чоловіча білизна та купальні плавки;Чоловічі підштаники ;https://prom.ua/ua/Muzhskie-podshtanniki-triko;3121206
Одяг та взуття;Чоловічий одяг ;Чоловіча білизна та купальні плавки;Чоловічі труси ;https://prom.ua/ua/Trusy-muzhskie;31202
Одяг та взуття;Чоловічий одяг ;Чоловіча білизна та купальні плавки;Чоловічі шкарпетки ;https://prom.ua/ua/Noski;3121204
Одяг та взуття;Чоловічий одяг ;Чоловічий верхній одяг ;"Чоловічий верхній одяг, загальне";https://prom.ua/ua/Muzhskaya-verhnyaya-odezhda;35504
Одяг та взуття;Чоловічий одяг ;Чоловічий верхній одяг ;Чоловічі дублянки та шуби;https://prom.ua/ua/Dublenki-muzhskie;3550405
Одяг та взуття;Чоловічий одяг ;Чоловічий верхній одяг ;Чоловічі жилети та безрукавки ;https://prom.ua/ua/Muzhskie-zhiletki-i-bezrukavki-1;35513
Одяг та взуття;Чоловічий одяг ;Чоловічий верхній одяг ;Чоловічі куртки ;https://prom.ua/ua/Kurtki-muzhskie;3550402
Одяг та взуття;Чоловічий одяг ;Чоловічий верхній одяг ;Чоловічі пальта та плащі;https://prom.ua/ua/Palto-muzhskie;3550401
Одяг та взуття;Чоловічий одяг ;Чоловічий верхній одяг ;Чоловічі пуховики ;https://prom.ua/ua/Puhoviki-muzhskie;3550406
Одяг та взуття;Чоловічий одяг ;Чоловічий одяг для сну та дому;Чоловічий домашній одяг ;https://prom.ua/ua/Domashnie-kostyumy-muzhskie;36608
Одяг та взуття;Чоловічий одяг ;Чоловічий одяг для сну та дому;"Чоловічий одяг для сну та дому, загальне";https://prom.ua/ua/Domashnyaya-odezhda-muzhskaya-obschee;36612
Одяг та взуття;Чоловічий одяг ;Чоловічий одяг для сну та дому;Чоловічі піжами ;https://prom.ua/ua/Pizhamy-muzhskie;36607
Одяг та взуття;Чоловічий одяг ;Чоловічий одяг для сну та дому;Чоловічі халати ;https://prom.ua/ua/Halaty-muzhskie;3121205
Одяг та взуття;Чоловічий одяг ;"Чоловічий одяг, загальне";;https://prom.ua/ua/Muzhskaya-odezhda-obschee;35510
Одяг та взуття;Чоловічий одяг ;Чоловічі джинси ;;https://prom.ua/ua/Muzhskie-dzhinsy;35502
Одяг та взуття;Чоловічий одяг ;Чоловічі костюми;;https://prom.ua/ua/Svadebnye-muzhskie-kostyumy;32003
Одяг та взуття;Чоловічий одяг ;Чоловічі піджаки ;;https://prom.ua/ua/Muzhskie-pidzhaki;35509
Одяг та взуття;Чоловічий одяг ;Чоловічі светри та кардигани ;;https://prom.ua/ua/Muzhskie-svitera-pulovery;30509
Одяг та взуття;Чоловічий одяг ;Чоловічі сорочки ;;https://prom.ua/ua/Muzhskie-rubashki;348
Одяг та взуття;Чоловічий одяг ;Чоловічі толстовки і реглани ;;https://prom.ua/ua/Muzhskie-tolstovki;30503
Одяг та взуття;Чоловічий одяг ;Чоловічі футболки та майки ;;https://prom.ua/ua/Futbolki-muzhskie;35506
Одяг та взуття;Чоловічий одяг ;Чоловічі шорти і бриджі ;;https://prom.ua/ua/Muzhskie-shorty;30602
Одяг та взуття;Чоловічий одяг ;Чоловічі штани ;;https://prom.ua/ua/Muzhskie-shtany;35501
Оливи та мастила для рушниць;;;;https://prom.ua/ua/Masla-i-smazki-dlya-oruzhiya;181614
Опалення;Газові котли;;;https://prom.ua/ua/Kotly-gazovye-1;14210101
Опалення;Електричні котли;;;https://prom.ua/ua/Kotly-elektricheskie;14210102
Опалення;"Опалення, загальне";;;https://prom.ua/ua/Otoplenie-obschee-;5901
Опалення;Рідкопаливні котли;;;https://prom.ua/ua/Kotly-zhidkotoplivnye;13240117
Опалення;Теплові насоси;;;https://prom.ua/ua/Teplovye-nasosy;141506
"Охоронні, аварійні і екстрені служби";Аварійні та екстрені служби;;;https://prom.ua/ua/Avarijnye-i-ekstrennye-sluzhby;301406
"Охоронні, аварійні і екстрені служби";"Охоронні послуги, загальне";;;https://prom.ua/ua/Drugie-ohrannye-uslugi;301405
"Охоронні, аварійні і екстрені служби";Послуги евакуатора;;;https://prom.ua/ua/Avarijnaya-transportirovka-transportnyh-sredstv-uslugi-evakuatora;301408
"Охоронні, аварійні і екстрені служби";Послуги охорони та забезпечення безпеки;;;https://prom.ua/ua/Uslugi-tehnicheskoj-i-pultovoj-ohrany-obektov;301411
"Охоронні, аварійні і екстрені служби";"Проектування, монтаж та обслуговування систем безпеки";;;https://prom.ua/ua/Ustanovka-sistem-kontrolya-dostupa;301402
Побутові послуги;Клінінгові послуги;;;https://prom.ua/ua/Kliningovye-uslugi;280101
Побутові послуги;"Побутові послуги, загальне";;;https://prom.ua/ua/Drugie-bytovye-uslugi;280108
Побутові послуги;Послуги виготовлення та обслуговування побутових товарів;;;https://prom.ua/ua/Uslugi-izgotovleniya-obsluzhyvanyia-bytovykh-tovarov;2835
Побутові послуги;Послуги для домашніх тварин;;;https://prom.ua/ua/Uslugi-dlya-domashnih-zhivotnyh;2846
Побутові послуги;Послуги з пошиття та ремонту виробів;;;https://prom.ua/ua/Poshiv-odezhdy;280191
Побутові послуги;Послуги фото- відеозйомки;;;https://prom.ua/ua/Usluhy-foto-vydeosemki;280149
Побутові послуги;Ритуальні послуги;;;https://prom.ua/ua/Ritualnye-uslugi;2847
"Подарунки, хобі, книги";Cвяткові прикраси;Аксесуари для свята;;https://prom.ua/ua/Aksessuary-dlya-prazdnika;175509
"Подарунки, хобі, книги";Cвяткові прикраси;Аксесуари та обладнання для повітряних куль;;https://prom.ua/ua/Aksessuary-i-oborudovanie-dlya-vozdushnyh-sharov;283081
"Подарунки, хобі, книги";Cвяткові прикраси;Бенгальські вогні;;https://prom.ua/ua/Bengalskie-ogni;175508
"Подарунки, хобі, книги";Cвяткові прикраси;Великодні подарунки та прикраси;;https://prom.ua/ua/Pashalnye-podarki-i-ukrasheniya;1740
"Подарунки, хобі, книги";Cвяткові прикраси;"Етикетки, прикраси на пляшки";;https://prom.ua/ua/Etiketki-na-butylki;175506
"Подарунки, хобі, книги";Cвяткові прикраси;Кольоровий дим;;https://prom.ua/ua/Tsvetnoj-dym;175511
"Подарунки, хобі, книги";Cвяткові прикраси;Новорічні іграшки та прикраси;;https://prom.ua/ua/Novogodnie-igrushki-i-ukrasheniya;175503
"Подарунки, хобі, книги";Cвяткові прикраси;Прикраси для виписки з пологового будинку;;https://prom.ua/ua/Ukrasheniya-dlya-vypiski-iz-roddoma;175505
"Подарунки, хобі, книги";Cвяткові прикраси;"Святкові прикраси та феєрверки, загальне";;https://prom.ua/ua/Prazdnichnye-podarki-i-ukrasheniya;1702
"Подарунки, хобі, книги";Cвяткові прикраси;Свічки для торта;;https://prom.ua/ua/Svechi-dlya-torta;175510
"Подарунки, хобі, книги";Cвяткові прикраси;Серпантин і конфеті;;https://prom.ua/ua/Konfetti;175501
"Подарунки, хобі, книги";Cвяткові прикраси;Сувенірні гроші;;https://prom.ua/ua/Suvenirnye-dengi;1763
"Подарунки, хобі, книги";Cвяткові прикраси;Урочисті стрічки;;https://prom.ua/ua/Torzhestvennye-lenty;175504
"Подарунки, хобі, книги";Cвяткові прикраси;Хвойні гірлянди та вінки;;https://prom.ua/ua/Hvojnye-girlyandy;175512
"Подарунки, хобі, книги";Ігри;"Ігри, загальне";;https://prom.ua/ua/Igry-obschee;180699
"Подарунки, хобі, книги";Ігри;Ігрові столи;;https://prom.ua/ua/Igrovye-stoly;180605
"Подарунки, хобі, книги";Ігри;Аксесуари для настільних ігор;;https://prom.ua/ua/Shahmatnye-chasy;180616
"Подарунки, хобі, книги";Ігри;Гральні карти;;https://prom.ua/ua/Karty-igralnye;180609
"Подарунки, хобі, книги";Ігри;Дартс;;https://prom.ua/ua/Darts;180602
"Подарунки, хобі, книги";Ігри;Настільні ігри;;https://prom.ua/ua/Nastolnye-igry;180607
"Подарунки, хобі, книги";Ігри;Пазли і головоломки;;https://prom.ua/ua/Pazly-dlya-detej-i-vzroslyh;180613
"Подарунки, хобі, книги";Ігри;Покерні набори;;https://prom.ua/ua/Pokernye-nabory;180610
"Подарунки, хобі, книги";Ігри;"Шахи, шашки, нарди";;https://prom.ua/ua/Shahmaty;1809
"Подарунки, хобі, книги";Аудіо/відео продукція;;;https://prom.ua/ua/Video-diski-videokassety;2203
"Подарунки, хобі, книги";Букети;Живі квіти і букети;;https://prom.ua/ua/Bukety-iz-zhivyh-tsvetov;1140501
"Подарунки, хобі, книги";Букети;"Композиції з іграшок, одягу, підгузків";;https://prom.ua/ua/Bukety-iz-igrushek;1750
"Подарунки, хобі, книги";Кальяни і аксесуари до них;Вугілля та фольга для кальянів;;https://prom.ua/ua/Ugol-i-folga-dlya-kalyanov;152611
"Подарунки, хобі, книги";Кальяни і аксесуари до них;Кальяни;;https://prom.ua/ua/Kalyany-i-aksessuary-dlya-kalyana;152604
"Подарунки, хобі, книги";Кальяни і аксесуари до них;"Кальяни та аксесуари, загальне";;https://prom.ua/ua/Kalyany-aksessuary-obschee;177101
"Подарунки, хобі, книги";Кальяни і аксесуари до них;Комплектуючі для pod-систем;;https://prom.ua/ua/Pod-sistemy-komponenty;177103
"Подарунки, хобі, книги";Кальяни і аксесуари до них;Комплектуючі для кальянів;;https://prom.ua/ua/Komplektuyuschie-dlya-kalyanov;152610
"Подарунки, хобі, книги";Кальяни і аксесуари до них;Набори для самозамісу;;https://prom.ua/ua/Nabory-dlya-samozamesa;177102
"Подарунки, хобі, книги";Кальяни і аксесуари до них;Сумки та кейси для кальянів;;https://prom.ua/ua/Sumki-kejsy-dlya;152612
"Подарунки, хобі, книги";"Книги, журнали, друкована продукція";"Журнали, газети";;https://prom.ua/ua/Zhurnaly;2205
"Подарунки, хобі, книги";"Книги, журнали, друкована продукція";Календарі та плакати;;https://prom.ua/ua/Kalendari-1;3504
"Подарунки, хобі, книги";"Книги, журнали, друкована продукція";Книги;Бізнес-книги;https://prom.ua/ua/Biznes-literatura;220228
"Подарунки, хобі, книги";"Книги, журнали, друкована продукція";Книги;Книги для батьків;https://prom.ua/ua/Knigi-dlya-roditelej;220232
"Подарунки, хобі, книги";"Книги, журнали, друкована продукція";Книги;Книги для вашого хобі;https://prom.ua/ua/Literatura-dlya-vashego-hobbi;220242
"Подарунки, хобі, книги";"Книги, журнали, друкована продукція";Книги;Книги для вивчення іноземних мов;https://prom.ua/ua/Literatura-dlya-izucheniya-inostrannyh-yazykov;220211
"Подарунки, хобі, книги";"Книги, журнали, друкована продукція";Книги;Книги з природничих і технічних наук;https://prom.ua/ua/Knigi-po-nauke-i-tehniki;220205
"Подарунки, хобі, книги";"Книги, журнали, друкована продукція";Книги;"Книги, загальне";https://prom.ua/ua/Drugie-knigi;220202
"Подарунки, хобі, книги";"Книги, журнали, друкована продукція";Книги;Комп'ютерні книги;https://prom.ua/ua/Kompyuternaya-literatura;220229
"Подарунки, хобі, книги";"Книги, журнали, друкована продукція";Книги;Література з суспільних та гуманітарних наук;https://prom.ua/ua/Knigi-po-obschestvennym-i-gumanitarnym-naukam;220206
"Подарунки, хобі, книги";"Книги, журнали, друкована продукція";Книги;Медична література;https://prom.ua/ua/Knigi-po-meditsine;220207
"Подарунки, хобі, книги";"Книги, журнали, друкована продукція";Книги;Навчальна і довідкова література;https://prom.ua/ua/Uchebnaya-literatura;220201
"Подарунки, хобі, книги";"Книги, журнали, друкована продукція";Книги;"Релігійна, езотерична література";https://prom.ua/ua/Religioznaya-ezotericheskaya-literatura;220241
"Подарунки, хобі, книги";"Книги, журнали, друкована продукція";Книги;Художня література;https://prom.ua/ua/Hudozhestvennaya-literatura;220203
"Подарунки, хобі, книги";"Книги, журнали, друкована продукція";"Книги, журнали, друкована продукція, загальне";;https://prom.ua/ua/Drugaya-poligrafiya;2211
"Подарунки, хобі, книги";"Книги, журнали, друкована продукція";Наочні та роздаткові матеріали;;https://prom.ua/ua/Naglyadnye-razdatochnye-materialy;900502
"Подарунки, хобі, книги";"Книги, журнали, друкована продукція";Приладдя для книг;"Приладдя для книг, загальне";https://prom.ua/ua/Prinadlezhnosti-dlya-knig-obschee;350601
"Подарунки, хобі, книги";"Книги, журнали, друкована продукція";Технічна література;;https://prom.ua/ua/Tehnicheskaya-literatura-instruktsii-rukovodstva;3501
"Подарунки, хобі, книги";Музичні інструменти;Гітари та обладнання;"Інструментальні кабелі, перехідники, роз'єми";https://prom.ua/ua/Instrumentalnye-kabeli-perehodniki;180542
"Подарунки, хобі, книги";Музичні інструменти;Гітари та обладнання;"Гітари та обладнання, загальне";https://prom.ua/ua/Gitary-i-oborudovanie-obschee;180526
"Подарунки, хобі, книги";Музичні інструменти;Гітари та обладнання;"Гітари, струнні інструменти";https://prom.ua/ua/Gitary;180509
"Подарунки, хобі, книги";Музичні інструменти;Гітари та обладнання;Гітарна електроніка і фурнітура;https://prom.ua/ua/Gitarnaya-elektronika-i-furnitura;180546
"Подарунки, хобі, книги";Музичні інструменти;Гітари та обладнання;"Гітарні динаміки, лампи посилення";https://prom.ua/ua/Gitarnye-dinamiki-lampy-usileniya;180545
"Подарунки, хобі, книги";Музичні інструменти;Гітари та обладнання;Гітарні педалі і процесори;https://prom.ua/ua/Gitarnye-pedali-i-protsessory;180533
"Подарунки, хобі, книги";Музичні інструменти;Гітари та обладнання;"Гітарні ремені, стреплоки";https://prom.ua/ua/Remni-dlya-gitar-streploki;180539
"Подарунки, хобі, книги";Музичні інструменти;Гітари та обладнання;Засоби по догляду за гітарами;https://prom.ua/ua/Sredstva-dlya-uhoda-za-gitarami;180572
"Подарунки, хобі, книги";Музичні інструменти;Гітари та обладнання;Звукознімачі для гітар;https://prom.ua/ua/Zvukosnimateli-dlya-gitar;180518
"Подарунки, хобі, книги";Музичні інструменти;Гітари та обладнання;"Медіатори, слайдери, каподастри";https://prom.ua/ua/Mediatory;180512
"Подарунки, хобі, книги";Музичні інструменти;Гітари та обладнання;Підсилювачі музичних інструментів;https://prom.ua/ua/Kombousiliteli;180540
"Подарунки, хобі, книги";Музичні інструменти;Гітари та обладнання;Струни для музичних інструментів;https://prom.ua/ua/Struny-dlya-gitar;180515
"Подарунки, хобі, книги";Музичні інструменти;Гітари та обладнання;Тюнери і метрономи;https://prom.ua/ua/Metronomy;180536
"Подарунки, хобі, книги";Музичні інструменти;Духові інструменти та аксесуари;Аксесуари для духових інструментів;https://prom.ua/ua/Aksessuary-dlya-duhovyh-instrumentov-;180563
"Подарунки, хобі, книги";Музичні інструменти;Духові інструменти та аксесуари;Губні гармошки;https://prom.ua/ua/Gubnye-garmoshki;180565
"Подарунки, хобі, книги";Музичні інструменти;Духові інструменти та аксесуари;Духові інструменти;https://prom.ua/ua/Duhovye-instrumenty;180502
"Подарунки, хобі, книги";Музичні інструменти;Духові інструменти та аксесуари;"Духові інструменти та аксесуари, загальне";https://prom.ua/ua/Duhovye-instrumenty-i-aksessuary-obschee;180559
"Подарунки, хобі, книги";Музичні інструменти;Етнічні інструменти;;https://prom.ua/ua/Etnicheskie-instrumenty;180507
"Подарунки, хобі, книги";Музичні інструменти;Клавішні інструменти та обладнання;Midi-клавіатури;https://prom.ua/ua/Midi-klaviatury;180550
"Подарунки, хобі, книги";Музичні інструменти;Клавішні інструменти та обладнання;"Акордеони, баяни, гармоні";https://prom.ua/ua/Akkordeony-bayany-garmoni;180517
"Подарунки, хобі, книги";Музичні інструменти;Клавішні інструменти та обладнання;"Клавішні інструменти та обладнання, загальне";https://prom.ua/ua/Klavishnye-instrumenty-i-oborudovanie-obschee;180548
"Подарунки, хобі, книги";Музичні інструменти;Клавішні інструменти та обладнання;"Піаніно, синтезатори, роялі";https://prom.ua/ua/Pianino-royali;180551
"Подарунки, хобі, книги";Музичні інструменти;"Музичні інструменти, загальне";;https://prom.ua/ua/Drugie-muzykalnye-instrumenty;180501
"Подарунки, хобі, книги";Музичні інструменти;Смичкові інструменти та аксесуари;Аксесуари для смичкових інструментів;https://prom.ua/ua/Aksessuary-dlya-smychkovyh-instrumentov;180562
"Подарунки, хобі, книги";Музичні інструменти;Смичкові інструменти та аксесуари;Пюпітри для нот;https://prom.ua/ua/Pyupitry-dlya-not;180522
"Подарунки, хобі, книги";Музичні інструменти;Смичкові інструменти та аксесуари;Смички;https://prom.ua/ua/Smychki;180557
"Подарунки, хобі, книги";Музичні інструменти;Смичкові інструменти та аксесуари;Смичкові інструменти;https://prom.ua/ua/Smychkovye-instrumenty;180506
"Подарунки, хобі, книги";Музичні інструменти;Смичкові інструменти та аксесуари;"Смичкові інструменти та аксесуари, загальне";https://prom.ua/ua/Smychkovye-instrumenty-i-aksessuary-obschee;180554
"Подарунки, хобі, книги";Музичні інструменти;"Стійки, підставки для музичних інструментів";;https://prom.ua/ua/Gitarnye-stojki-stendy-podstavki;180544
"Подарунки, хобі, книги";Музичні інструменти;Ударні музичні інструменти та аксесуари;Аксесуари та комплектуючі для ударних інструментів;https://prom.ua/ua/Aksessuary-dlya-udarnyh-instrumentov;180537
"Подарунки, хобі, книги";Музичні інструменти;Ударні музичні інструменти та аксесуари;Акустичні ударні установки і барабани;https://prom.ua/ua/Akusticheskie-barabannye-ustanovki;180531
"Подарунки, хобі, книги";Музичні інструменти;Ударні музичні інструменти та аксесуари;"Барабанні палички, щітки, рукавички";https://prom.ua/ua/Barabannye-palochki-schetki;180520
"Подарунки, хобі, книги";Музичні інструменти;Ударні музичні інструменти та аксесуари;Електронні барабани і установки;https://prom.ua/ua/Elektronnye-muzykalnye-ustanovki;180530
"Подарунки, хобі, книги";Музичні інструменти;Ударні музичні інструменти та аксесуари;Педалі для акустичних барабанів;https://prom.ua/ua/Pedali-kardany-dlya-barabanov;180535
"Подарунки, хобі, книги";Музичні інструменти;Ударні музичні інструменти та аксесуари;Перкусія;https://prom.ua/ua/Perkussiya;180505
"Подарунки, хобі, книги";Музичні інструменти;Ударні музичні інструменти та аксесуари;Пластики для барабанів;https://prom.ua/ua/Plastiki-dlya-barabanov;180523
"Подарунки, хобі, книги";Музичні інструменти;Ударні музичні інструменти та аксесуари;Стільці для музикантів;https://prom.ua/ua/Stulya-dlya-barabanschika;180521
"Подарунки, хобі, книги";Музичні інструменти;Ударні музичні інструменти та аксесуари;Тарілки для барабанів;https://prom.ua/ua/Tarelki-dlya-barabanov;180524
"Подарунки, хобі, книги";Музичні інструменти;Ударні музичні інструменти та аксесуари;"Тренувальні педи, демпфери та установки";https://prom.ua/ua/Trenirovochnye-pedy-i-ustanovki;180532
"Подарунки, хобі, книги";Музичні інструменти;Ударні музичні інструменти та аксесуари;"Ударні інструменти та аксесуари, загальне";https://prom.ua/ua/Udarnye-instrumenty-i-aksessuary-obschee;180528
"Подарунки, хобі, книги";Музичні інструменти;"Чохли, кейси для музичних інструментів";;https://prom.ua/ua/Gitarnye-kejsy-chehly;180513
"Подарунки, хобі, книги";Парний одяг;;;https://prom.ua/ua/Parnaya-odezhda;1760
"Подарунки, хобі, книги";Повітряні кулі та композиції з них;;;https://prom.ua/ua/Shary-vozdushnye;1742
"Подарунки, хобі, книги";Подарунки та сувеніри ручної роботи;;;https://prom.ua/ua/Mylo-ruchnoj-raboty;172001
"Подарунки, хобі, книги";"Подарунки та сувеніри, загальне";;;https://prom.ua/ua/Drugie-podarki-i-suveniry;1729
"Подарунки, хобі, книги";Подарунки і сувеніри;Адвент календарі;;https://prom.ua/ua/Advent-kalendari;1768
"Подарунки, хобі, книги";Подарунки і сувеніри;Брелоки;;https://prom.ua/ua/Brelki;170702
"Подарунки, хобі, книги";Подарунки і сувеніри;Дзвіночки;;https://prom.ua/ua/Kolokolchiki;1746
"Подарунки, хобі, книги";Подарунки і сувеніри;Листівки та подарункові конверти;;https://prom.ua/ua/Otkrytki-i-podarochnye-konverty;1756
"Подарунки, хобі, книги";Подарунки і сувеніри;Народні сувеніри;;https://prom.ua/ua/Narodnye-suveniry;1725
"Подарунки, хобі, книги";Подарунки і сувеніри;Оригінальні подарунки;;https://prom.ua/ua/Originalnye-podarki;281916
"Подарунки, хобі, книги";Подарунки і сувеніри;Подарункові сертифікати;;https://prom.ua/ua/Podarochnye-sertifikaty;1752
"Подарунки, хобі, книги";Подарунки і сувеніри;Скарбнички;;https://prom.ua/ua/Kopilki;1736
"Подарунки, хобі, книги";Подарунки і сувеніри;Сувеніри морської тематики;;https://prom.ua/ua/Morskie-suveniry;1738
"Подарунки, хобі, книги";Подарунки і сувеніри;Сувеніри фен-шуй;;https://prom.ua/ua/Suveniry-fen-shuj;170710
"Подарунки, хобі, книги";Подарунки і сувеніри;"Сувеніри, загальне";;https://prom.ua/ua/Drugie-suveniry;170706
"Подарунки, хобі, книги";Подарунки і сувеніри;"Сувенірні значки, нагороди";;https://prom.ua/ua/Suvenirnye-znachki-nagrady;170708
"Подарунки, хобі, книги";Подарунки і сувеніри;Сувенірні магніти;;https://prom.ua/ua/Magnity-suvenirnye-i-reklamnye;170701
"Подарунки, хобі, книги";Подарунки і сувеніри;Сувенірні та подарункові набори;;https://prom.ua/ua/Suvenirnye-podarochnye-nabory;1769
"Подарунки, хобі, книги";Подарунки і сувеніри;"Талісмани, обереги, амулети";;https://prom.ua/ua/Talismany-oberegi-amulety;1757
"Подарунки, хобі, книги";Подарункова упаковка;Пакувальний папір;;https://prom.ua/ua/Upakovochnaya-bumaga;230105
"Подарунки, хобі, книги";Подарункова упаковка;"Подарункова упаковка, загальне";;https://prom.ua/ua/Podarochnaya-upakovka-obschee;176201
"Подарунки, хобі, книги";Подарункова упаковка;Подарункові коробки і пакети;;https://prom.ua/ua/Podarochnye-korobki;380540
"Подарунки, хобі, книги";Подарункова упаковка;Подарункові стрічки і банти;;https://prom.ua/ua/Podarochnye-lenty-i-banty;176203
"Подарунки, хобі, книги";Прапори та герби;;;https://prom.ua/ua/Flagi-i-plakaty;1733
"Подарунки, хобі, книги";Рукоділля;В'язання та валяння;"В'язання та валяння, загальне";https://prom.ua/ua/Vyazanie-i-valyanie-obschee;15252301
"Подарунки, хобі, книги";Рукоділля;В'язання та валяння;Матеріали та інструменти для фелтингу;https://prom.ua/ua/Tovary-dlya-valyaniya;152502
"Подарунки, хобі, книги";Рукоділля;В'язання та валяння;Пряжа;https://prom.ua/ua/Pryazha;408
"Подарунки, хобі, книги";Рукоділля;В'язання та валяння;"Спиці, гачки та аксесуари для в'язання";https://prom.ua/ua/Vyazalnye-kryuchki-i-spitsy;152504
"Подарунки, хобі, книги";Рукоділля;Виготовлення ножів;;https://prom.ua/ua/Nozhedelie;152529
"Подарунки, хобі, книги";Рукоділля;Вишивка та бісероплетіння;Бісер;https://prom.ua/ua/Biser-1;15251005
"Подарунки, хобі, книги";Рукоділля;Вишивка та бісероплетіння;Бісерне рукоділля;https://prom.ua/ua/Nabory-dlya-biseropleteniya;152517
"Подарунки, хобі, книги";Рукоділля;Вишивка та бісероплетіння;"Вишивка та бісероплетіння, загальне";https://prom.ua/ua/Tovary-dlya-vyshivaniya-obschee;152501
"Подарунки, хобі, книги";Рукоділля;Вишивка та бісероплетіння;"Канва, полотно для вишивання";https://prom.ua/ua/Kanva;15251003
"Подарунки, хобі, книги";Рукоділля;Вишивка та бісероплетіння;Набори для вишивання;https://prom.ua/ua/Nabory-dlya-vyshivaniya;15251001
"Подарунки, хобі, книги";Рукоділля;Вишивка та бісероплетіння;Пяльці для вишивання;https://prom.ua/ua/Pyaltsy-dlya-vyshivaniya;15251002
"Подарунки, хобі, книги";Рукоділля;Ліплення та створення іграшок;Інструменти для роботи з полімерною глиною;https://prom.ua/ua/Instrumenty-dlya-raboty-s-polimernoj-glinoj;152520
"Подарунки, хобі, книги";Рукоділля;Ліплення та створення іграшок;"Ліплення та створення іграшок, загальне";https://prom.ua/ua/Lepka-i-sozdanie-igrushek-obschee;15252601
"Подарунки, хобі, книги";Рукоділля;Ліплення та створення іграшок;Матеріали для виготовлення іграшок;https://prom.ua/ua/Materialy-dlya-izgotovleniya-kukol;152518
"Подарунки, хобі, книги";Рукоділля;Ліплення та створення іграшок;Полімерна глина;https://prom.ua/ua/Polimernaya-glina;152508
"Подарунки, хобі, книги";Рукоділля;Малювання і аплікація;Алмазна мозаїка;https://prom.ua/ua/Almaznaya-tehnika;211133
"Подарунки, хобі, книги";Рукоділля;Малювання і аплікація;Картини за номерами;https://prom.ua/ua/Kartiny-po-nomeram;170416
"Подарунки, хобі, книги";Рукоділля;Малювання і аплікація;"Малювання, загальне";https://prom.ua/ua/Drugie-hudozhestvennye-prinadlezhnosti;21111199
"Подарунки, хобі, книги";Рукоділля;Малювання і аплікація;Мольберти;https://prom.ua/ua/Molberty;21111107
"Подарунки, хобі, книги";Рукоділля;Малювання і аплікація;"Палітри, художні пенали";https://prom.ua/ua/Palitry;21111102
"Подарунки, хобі, книги";Рукоділля;Малювання і аплікація;Полотна;https://prom.ua/ua/Holsty-polotna;21111106
"Подарунки, хобі, книги";Рукоділля;Малювання і аплікація;Приладдя для художньої графіки;https://prom.ua/ua/Materialy-dlya-grafiki;211125
"Подарунки, хобі, книги";Рукоділля;Малювання і аплікація;Скретч-набори;https://prom.ua/ua/Skretch-nabory;211135
"Подарунки, хобі, книги";Рукоділля;Малювання і аплікація;"Художні лаки, грунтовки, добавки";https://prom.ua/ua/Hudozhestvennye-laki-gruntovki-dobavki;211136
"Подарунки, хобі, книги";Рукоділля;Малювання і аплікація;Художні пензлі;https://prom.ua/ua/Kistochki;21111112
"Подарунки, хобі, книги";Рукоділля;Малювання і аплікація;Художні планшети для малювання;https://prom.ua/ua/Planshety-dlya-risovaniya;21111105
"Подарунки, хобі, книги";Рукоділля;Малювання і аплікація;Художні пігменти;https://prom.ua/ua/Pigmenty-hudozhestvennye;211138
"Подарунки, хобі, книги";Рукоділля;Малювання і аплікація;Художні фарби;https://prom.ua/ua/Akrilovaya-kraska-hudozhestvennaya;21111109
"Подарунки, хобі, книги";Рукоділля;Матеріали для виготовлення прикрас та аксесуарів;;https://prom.ua/ua/Materialy-dlya-izgotovleniya-ukrashenij-i-aksessuarov-1;152528
"Подарунки, хобі, книги";Рукоділля;Матеріали для виготовлення сувенірної продукції;;https://prom.ua/ua/Rashodnye-materialy-dlya-izgotovleniya-podarochnoj-i-suvenirnoj-produktsii;1751
"Подарунки, хобі, книги";Рукоділля;Миловаріння та виготовлення свічок;"Барвники, пігменти для мила";https://prom.ua/ua/Krasiteli-pigmenty-dlya-myla;15250905
"Подарунки, хобі, книги";Рукоділля;Миловаріння та виготовлення свічок;Добавки для миловаріння;https://prom.ua/ua/Tovary-dlya-mylovareniya;152503
"Подарунки, хобі, книги";Рукоділля;Миловаріння та виготовлення свічок;Косметичні аромати;https://prom.ua/ua/Otdushki-kosmeticheskie;15250904
"Подарунки, хобі, книги";Рукоділля;Миловаріння та виготовлення свічок;Матеріали для виготовлення свічок;https://prom.ua/ua/Materialy-dlya-izgotovleniya-svechej;152522
"Подарунки, хобі, книги";Рукоділля;Миловаріння та виготовлення свічок;"Миловаріння та виготовлення свічок, загальне";https://prom.ua/ua/Tovary-dlya-mylovareniya-obschee;15250902
"Подарунки, хобі, книги";Рукоділля;Миловаріння та виготовлення свічок;Мильна основа;https://prom.ua/ua/Mylnaya-osnova;15250903
"Подарунки, хобі, книги";Рукоділля;Миловаріння та виготовлення свічок;Набори для виготовлення свічок і мила;https://prom.ua/ua/Nabory-dlya-mylovareniya;15250907
"Подарунки, хобі, книги";Рукоділля;Миловаріння та виготовлення свічок;Форми для мила;https://prom.ua/ua/Formy-dlya-myla;15250901
"Подарунки, хобі, книги";Рукоділля;Органайзери та заготовки для рукоділля;Заготовки для творчості;https://prom.ua/ua/Zagotovki-dlya-rukodeliya;152514
"Подарунки, хобі, книги";Рукоділля;Органайзери та заготовки для рукоділля;"Органайзери та заготовки для рукоділля, загальне";https://prom.ua/ua/Drugie-prinadlezhnosti-dlya-rukodeliya-obschee;15252501
"Подарунки, хобі, книги";Рукоділля;Органайзери та заготовки для рукоділля;Органайзери та шкатулки для рукоділля;https://prom.ua/ua/Shkatulki-dlya-rukodeliya;152505
"Подарунки, хобі, книги";Рукоділля;"Рукоділля, загальне";;https://prom.ua/ua/Drugie-tovary-dlya-rukodeliya;152506
"Подарунки, хобі, книги";Рукоділля;"Скрапбукінг, квіллінг і декупаж";Папір та картон для творчості;https://prom.ua/ua/Bumaga-i-karton-dlya-tvorchestva;152512
"Подарунки, хобі, книги";Рукоділля;"Скрапбукінг, квіллінг і декупаж";"Приладдя для декупажу, патинування та кракелюру";https://prom.ua/ua/Tovary-dlya-dekupazha-temp;152511
"Подарунки, хобі, книги";Рукоділля;"Скрапбукінг, квіллінг і декупаж";Приладдя для скрапбукінгу;https://prom.ua/ua/Tovary-dlya-skrapbukinga;152513
"Подарунки, хобі, книги";Рукоділля;"Скрапбукінг, квіллінг і декупаж";"Скрапбукінг, квіллінг і декупаж, загальне";https://prom.ua/ua/Skrapbuking-kvilling-i-dekupazh-obschee;15252401
"Подарунки, хобі, книги";Рукоділля;"Скрапбукінг, квіллінг і декупаж";Трафарети та штампи для рукоділля;https://prom.ua/ua/Trafarety-i-shtampy-dlya-rukodeliya;152515
"Подарунки, хобі, книги";Рукоділля;Шиття;Гудзики;https://prom.ua/ua/Pugovitsy;32810
"Подарунки, хобі, книги";Рукоділля;Шиття;Декор для шиття та рукоділля;https://prom.ua/ua/Dekor-dlia-rukodelia;32812
"Подарунки, хобі, книги";Рукоділля;Шиття;Застібки;https://prom.ua/ua/Molnii;32806
"Подарунки, хобі, книги";Рукоділля;Шиття;Нитки;https://prom.ua/ua/Shvejnye-niti;427
"Подарунки, хобі, книги";Рукоділля;Шиття;Прикладні матеріали для шиття;https://prom.ua/ua/Anglijskie-bulavki;32821
"Подарунки, хобі, книги";Рукоділля;Шиття;Текстильні аксесуари;https://prom.ua/ua/Atlasnye-lenty;32809
"Подарунки, хобі, книги";Рукоділля;Шиття;Тканини та сітки для рукоділля;https://prom.ua/ua/Tkani-dlya-rukodeliya;152516
"Подарунки, хобі, книги";Рукоділля;Шиття;Товари для печворку;https://prom.ua/ua/Tovary-dlya-pechvorka;152519
"Подарунки, хобі, книги";Рукоділля;Шиття;"Шиття, загальне";https://prom.ua/ua/Shite-obschee;15252701
"Подарунки, хобі, книги";Смачні подарунки;;;https://prom.ua/ua/Vkusnye-podarki;1764
Поліграфічні та дизайнерські послуги;"Виготовлення маркувальної продукції, табличок";;;https://prom.ua/ua/Izgotovlenie-markirovochnoj-produktsii;283103
Поліграфічні та дизайнерські послуги;Виготовлення нагородної продукції;;;https://prom.ua/ua/Izgotovlenie-nagradnoj-produktsii;2850
Поліграфічні та дизайнерські послуги;Поліграфічні послуги;Багатостороння поліграфія;;https://prom.ua/ua/Knigi-1;28080606
Поліграфічні та дизайнерські послуги;Поліграфічні послуги;Виготовлення інформаційних стендів;;https://prom.ua/ua/Izgotovlenie-informatsionnyh-stendov;280829
Поліграфічні та дизайнерські послуги;Поліграфічні послуги;Послуги ксерокопіювання та сканування;;https://prom.ua/ua/Uslugi-kserokopirovaniya;280810
Поліграфічні та дизайнерські послуги;Поліграфічні послуги;Типографічні послуги;;https://prom.ua/ua/Pechat-fotografij;280808
Поліграфічні та дизайнерські послуги;Порізка та перемотування рулонних матеріалів;;;https://prom.ua/ua/Porezka-i-peremotka-rulonnyh-materialov;283101
Поліграфічні та дизайнерські послуги;"Послуги дизайну та поліграфії, загальне";;;https://prom.ua/ua/Drugie-uslugi-dizajna-i-poligrafii;283199
"Послуги дозвілля, відпочинку, культури";Послуги в сфері мистецтва і шоу-бізнесу;;;https://prom.ua/ua/Drugie-uslugi-v-sfere-iskusstva-i-shou-biznesa;282208
"Послуги дозвілля, відпочинку, культури";"Послуги з організації дозвілля, загальне";;;https://prom.ua/ua/Drugie-uslugi-po-organizatsii-dosuga;280546
"Послуги дозвілля, відпочинку, культури";Послуги з організації свят;;;https://prom.ua/ua/Uslugi-po-organizatsii-prazdnikov;280501
"Послуги дозвілля, відпочинку, культури";Послуги кейтерингу та ресторанів;;;https://prom.ua/ua/Uslugi-restoranov-i-predpriyatij-obschestvennogo-pitaniya;280532
"Послуги дозвілля, відпочинку, культури";Туристичні послуги;;;https://prom.ua/ua/Vnutrennij-turizm;281004
Послуги прокату і оренди;Оренда біотуалетів;;;https://prom.ua/ua/Arenda-biotualetov;282503
Послуги прокату і оренди;Оренда дитячих товарів;;;https://prom.ua/ua/Arenda-drugih-detskih-tovarov;282460
Послуги прокату і оренди;Оренда медичної техніки та обладнання;;;https://prom.ua/ua/Arenda-meditsinskoj-tehniki-i-oborudovaniya;282490
Послуги прокату і оренди;Оренда мультимедіа обладнання;;;https://prom.ua/ua/Arenda-ofisnoj-tehniki;282478
Послуги прокату і оренди;Оренда обладнання для виставок і шоу-бізнесу;Оренда сцен і подіумів;;https://prom.ua/ua/Arenda-stsen-i-podiumov;282445
Послуги прокату і оренди;Оренда одягу;;;https://prom.ua/ua/Arenda-odezhdy;282438
Послуги прокату і оренди;Оренда спецтехніки;;;https://prom.ua/ua/Arenda-ekskavatorov;282414
Послуги прокату і оренди;Оренда та продаж нерухомості;;;https://prom.ua/ua/Prodazha-arenda-kommercheskoj-nedvizhimosti;281602
Послуги прокату і оренди;Оренда товарів для спорту і туризму;;;https://prom.ua/ua/Arenda-sportivnogo-oborudovaniya-i-inventarya;282486
Послуги прокату і оренди;Оренда товарів сфери обслуговування;;;https://prom.ua/ua/Prokat-bytovoj-tehniki;280106
Послуги прокату і оренди;Оренда транспортних засобів;;;https://prom.ua/ua/Arenda-legkovyh-avtomobilej;282404
Послуги прокату і оренди;Оренда інструменту та обладнання;;;https://prom.ua/ua/Arenda-generatorov;282429
Послуги прокату і оренди;"Послуги прокату і оренди, загальне";;;https://prom.ua/ua/Drugie-uslugi-prokata-i-arendy;282403
"Послуги у сфері медицини, здоров'я і краси";Медичні послуги;Масаж;;https://prom.ua/ua/Massazh;280915
"Послуги у сфері медицини, здоров'я і краси";Медичні послуги;"Медичні послуги, загальне";;https://prom.ua/ua/Drugie-meditsinskie-uslugi;28090104
"Послуги у сфері медицини, здоров'я і краси";Медичні послуги;Послуги медичних лабораторій;;https://prom.ua/ua/Uslugi-meditsinskih-laboratorij;280980
"Послуги у сфері медицини, здоров'я і краси";Медичні послуги;Послуги профільних лікарів;;https://prom.ua/ua/Chastnaya-vrachebnaya-praktika;28090105
"Послуги у сфері медицини, здоров'я і краси";"Послуги в сфері медицини, здоров'я і краси, загальне";;;https://prom.ua/ua/Drugie-uslugi-v-sfere-meditsiny-zdorovya-i-krasoty;280902
"Послуги у сфері медицини, здоров'я і краси";Послуги салонів краси;;;https://prom.ua/ua/Kosmetologicheskie-uslugi;280906
"Послуги у сфері медицини, здоров'я і краси";Послуги спортивних установ;;;https://prom.ua/ua/Uslugi-sportivnyh-ucherezhdenij;280905
"Послуги у сфері освіти, тренінги";Курси;Курси з хобі;;https://prom.ua/ua/Hobbi-kursy;281637
"Послуги у сфері освіти, тренінги";Курси;Курси у сфері краси та здоров'я;;https://prom.ua/ua/Kursy-krasoty;281644
"Послуги у сфері освіти, тренінги";Курси;"Курси, загальне";;https://prom.ua/ua/Drugie-kursy;281525
"Послуги у сфері освіти, тренінги";Курси;Освітні курси;;https://prom.ua/ua/Kursy-po-podgotovke-k-postupleniyu-v-vuzy;281585
"Послуги у сфері освіти, тренінги";Курси;Послуги навчальних закладів;;https://prom.ua/ua/Obuchenie-za-rubezhom;281506
"Послуги у сфері освіти, тренінги";Курси;Професійні курси;;https://prom.ua/ua/Kursy-rabochih-spetsialnostej;281582
"Послуги, загальне";;;;https://prom.ua/ua/Drugie-uslugi;2825
"Продукти харчування, напої"; заморожені напівфабрикати;;;https://prom.ua/ua/Zamorozhennye-polufabrikaty;222
"Продукти харчування, напої";Ікра;;;https://prom.ua/ua/Ikra;10904
"Продукти харчування, напої";Бакалія;"Бакалія, загальне";;https://prom.ua/ua/Bakaleya-obschee;23501
"Продукти харчування, напої";Бакалія;Бобові;;https://prom.ua/ua/Bobovye-produkty;23503
"Продукти харчування, напої";Бакалія;Борошно та висівки;Борошно;https://prom.ua/ua/Muka;300
"Продукти харчування, напої";Бакалія;Борошно та висівки;"Борошно та висівки, загальне";https://prom.ua/ua/Muka-i-otrubi-obschee;23301
"Продукти харчування, напої";Бакалія;Борошно та висівки;Висівки;https://prom.ua/ua/Otrubi-pshenichnye;30003
"Продукти харчування, напої";Бакалія;Борошно та висівки;Клітковина та рослинний шрот;https://prom.ua/ua/Shrot-rastitelnyj;23302
"Продукти харчування, напої";Бакалія;Горіхи;;https://prom.ua/ua/Orehi-i-yadra;104
"Продукти харчування, напої";Бакалія;Консерви;Варення і джеми;https://prom.ua/ua/Varene;21403
"Продукти харчування, напої";Бакалія;Консерви;Консервовані гриби;https://prom.ua/ua/Griby-konservirovannye;10606
"Продукти харчування, напої";Бакалія;Консерви;Консервовані овочі;https://prom.ua/ua/Ovoschnaya-konservatsiya;21405
"Продукти харчування, напої";Бакалія;Консерви;"Консервовані продукти, загальне";https://prom.ua/ua/Drugie-konservirovannye-produkty;21406
"Продукти харчування, напої";Бакалія;Консерви;Консервовані фрукти і ягоди;https://prom.ua/ua/Konservirovannye-frukty;21404
"Продукти харчування, напої";Бакалія;Консерви;М'ясні консерви;https://prom.ua/ua/Myasnye-konservy;21401
"Продукти харчування, напої";Бакалія;Консерви;Рибні консерви;https://prom.ua/ua/Rybnye-konservy;21402
"Продукти харчування, напої";Бакалія;Крупи;;https://prom.ua/ua/Krupa;205
"Продукти харчування, напої";Бакалія;Макаронні вироби;;https://prom.ua/ua/Makaronnye-izdeliya;201
"Продукти харчування, напої";Бакалія;Мед;;https://prom.ua/ua/Med;210
"Продукти харчування, напої";Бакалія;Морська капуста;;https://prom.ua/ua/Morskaya-kapusta;10911
"Продукти харчування, напої";Бакалія;Продукти для приготування суші;;https://prom.ua/ua/Sushi-produktsiya-dlya-prigotovleniya-sushi;219
"Продукти харчування, напої";Бакалія;"Прянощі, спеції, приправи";;https://prom.ua/ua/Pryanosti-spetsii-pripravy;212
"Продукти харчування, напої";Бакалія;Рослинна олія;;https://prom.ua/ua/Maslo-rastitelnoe;21302
"Продукти харчування, напої";Бакалія;Снеки;;https://prom.ua/ua/Sneki-zakuski-suhariki-chipsy;215
"Продукти харчування, напої";Бакалія;Соуси і заправки;;https://prom.ua/ua/Sousy;23001
"Продукти харчування, напої";Бакалія;Соєві продукти;;https://prom.ua/ua/Soevye-produkty;207
"Продукти харчування, напої";Бакалія;Сублімована їжа та їжа швидкого приготування;;https://prom.ua/ua/Bystro-prigotovlyaemaya-pischa;216
"Продукти харчування, напої";Бакалія;Сухі пайки;;https://prom.ua/ua/Suhie-pajki;23507
"Продукти харчування, напої";Бакалія;Сухі сніданки;;https://prom.ua/ua/Hlopya;224
"Продукти харчування, напої";Бакалія;Харчова сода;;https://prom.ua/ua/Soda-pischevaya;23014
"Продукти харчування, напої";Бакалія;Харчова сіль;;https://prom.ua/ua/Povarennaya-sol;23006
"Продукти харчування, напої";Бакалія;Харчові інгредієнти;Інгредієнти для кондитерських і хлібобулочних виробів;https://prom.ua/ua/Ingredienty-dlya-konditerskih-i-hlebobulochnyh-izdelij;23011
"Продукти харчування, напої";Бакалія;Харчові інгредієнти;"Ароматизатори, смакові добавки";https://prom.ua/ua/Aromatizatory-vkusovye-dobavki;23003
"Продукти харчування, напої";Бакалія;Харчові інгредієнти;Екстракти для харчової промисловості;https://prom.ua/ua/Ekstrakty-dlya-pischevoj;81913
"Продукти харчування, напої";Бакалія;Харчові інгредієнти;Емульгатори;https://prom.ua/ua/Emulgatory;81904
"Продукти харчування, напої";Бакалія;Харчові інгредієнти;"Желатин, загусники";https://prom.ua/ua/Zagustiteli;81910
"Продукти харчування, напої";Бакалія;Харчові інгредієнти;Закваски;https://prom.ua/ua/Zakvaski;81911
"Продукти харчування, напої";Бакалія;Харчові інгредієнти;Консерванти;https://prom.ua/ua/Konservanty;81907
"Продукти харчування, напої";Бакалія;Харчові інгредієнти;Крохмаль;https://prom.ua/ua/Krahmal;226
"Продукти харчування, напої";Бакалія;Харчові інгредієнти;Оцет;https://prom.ua/ua/Uksus;81905
"Продукти харчування, напої";Бакалія;Харчові інгредієнти;"Підсолоджувачі, цукрозамінники";https://prom.ua/ua/Podslastiteli;81909
"Продукти харчування, напої";Бакалія;Харчові інгредієнти;Регулятори кислотності;https://prom.ua/ua/Regulyatory-kislotnosti;81901
"Продукти харчування, напої";Бакалія;Харчові інгредієнти;Сиропи і топінги;https://prom.ua/ua/Siropy;23012
"Продукти харчування, напої";Бакалія;Харчові інгредієнти;"Сухі суміші для сиру, морозива";https://prom.ua/ua/Suhie-syrnye-smesi;81908
"Продукти харчування, напої";Бакалія;Харчові інгредієнти;Ферменти;https://prom.ua/ua/Fermenty;1605
"Продукти харчування, напої";Бакалія;Харчові інгредієнти;Фруктові концентрати;https://prom.ua/ua/Fruktovye-kontsentraty;81912
"Продукти харчування, напої";Бакалія;Харчові інгредієнти;Харчові барвники;https://prom.ua/ua/Pischevye-krasiteli;81906
"Продукти харчування, напої";Бакалія;Харчові інгредієнти;"Харчові добавки, загальне";https://prom.ua/ua/Drugie-pischevye-dobavki;81999
"Продукти харчування, напої";Бакалія;Харчові інгредієнти;Харчові стабілізатори;https://prom.ua/ua/Stabilizatory;23004
"Продукти харчування, напої";Бакалія;Цукор;;https://prom.ua/ua/Sahar;23007
"Продукти харчування, напої";Бакалія;Яйця;;https://prom.ua/ua/Yajtsa-1;21105
"Продукти харчування, напої";Безглютенові продукти харчування;;;https://prom.ua/ua/Bezglyutenovye-produkty-pitaniya;241
"Продукти харчування, напої";Веганські і вегетаріанські продукти; вегетаріанські солодощі і снеки;;https://prom.ua/ua/Vegetarianskie-sladosti-sneki;23704
"Продукти харчування, напої";Веганські і вегетаріанські продукти; вегетаріанські сосиски і ковбаси;;https://prom.ua/ua/Vegetarianskie-sosiski-kolbasy;23703
"Продукти харчування, напої";Веганські і вегетаріанські продукти;Вегетаріанські напівфабрикати;;https://prom.ua/ua/Vegetarianskie-polufabrikaty;23702
"Продукти харчування, напої";Веганські і вегетаріанські продукти;Рослинні молочні продукти;;https://prom.ua/ua/Rastitelnoe-moloko;20412
"Продукти харчування, напої";Дієтичні продукти;;;https://prom.ua/ua/Dieticheskie-produkty;217
"Продукти харчування, напої";М'ясо та м'ясна продукція;Ковбаси та м'ясні вироби;Ковбаси;https://prom.ua/ua/Kolbasy-varenye;2110301
"Продукти харчування, напої";М'ясо та м'ясна продукція;Ковбаси та м'ясні вироби;"Ковбасні вироби, загальне";https://prom.ua/ua/Drugie-kolbasnye-izdeliya;2110310
"Продукти харчування, напої";М'ясо та м'ясна продукція;Ковбаси та м'ясні вироби;М'ясні делікатеси;https://prom.ua/ua/Izdeliya-myasnye;2110104
"Продукти харчування, напої";М'ясо та м'ясна продукція;Ковбаси та м'ясні вироби;Паштети;https://prom.ua/ua/Pashtety;2110308
"Продукти харчування, напої";М'ясо та м'ясна продукція;Ковбаси та м'ясні вироби;"Сосиски, сардельки";https://prom.ua/ua/Sosiski;2110304
"Продукти харчування, напої";М'ясо та м'ясна продукція;"М'ясна продукція, загальне";;https://prom.ua/ua/Drugaya-myasnaya-produktsiya;21104
"Продукти харчування, напої";М'ясо та м'ясна продукція;М'ясо;;https://prom.ua/ua/Myaso-salo-myasnye-izdeliya;21101
"Продукти харчування, напої";М'ясо та м'ясна продукція;Сало;;https://prom.ua/ua/Salo;2110110
"Продукти харчування, напої";М'ясо та м'ясна продукція;Субпродукти;;https://prom.ua/ua/Subprodukty;21102
"Продукти харчування, напої";Молочні продукти;Вершки;;https://prom.ua/ua/Slivki;20906
"Продукти харчування, напої";Молочні продукти;Вершкове масло;;https://prom.ua/ua/Maslo-slivochnoe-1;21301
"Продукти харчування, напої";Молочні продукти;Згущене молоко;;https://prom.ua/ua/Sguschennoe-moloko;20911
"Продукти харчування, напої";Молочні продукти;Йогурти та молочні десерти;;https://prom.ua/ua/Jogurty;20913
"Продукти харчування, напої";Молочні продукти;Кисломолочний сир ;;https://prom.ua/ua/Tvorog;20905
"Продукти харчування, напої";Молочні продукти;Кисломолочні напої;;https://prom.ua/ua/Kefir;20903
"Продукти харчування, напої";Молочні продукти;Молоко;;https://prom.ua/ua/Moloko;20902
"Продукти харчування, напої";Молочні продукти;"Молочні продукти, загальне";;https://prom.ua/ua/Drugie-molochnye-produkty;20909
"Продукти харчування, напої";Молочні продукти;Морозиво;;https://prom.ua/ua/Morozhenoe;20912
"Продукти харчування, напої";Молочні продукти;Сири;;https://prom.ua/ua/Syry;20901
"Продукти харчування, напої";Молочні продукти;Сметана;;https://prom.ua/ua/Smetana;20904
"Продукти харчування, напої";Молочні продукти;"Сухе молоко, сухі вершки";;https://prom.ua/ua/Suhoe-moloko;20910
"Продукти харчування, напої";Молочні продукти;"Харчові жири, маргарин";;https://prom.ua/ua/Zhiry-pischevye-margarin;21303
"Продукти харчування, напої";Напої;Алкогольні напої;"Алкогольні напої, загальне";https://prom.ua/ua/Alkogolnye-napitki-obschee;2041101
"Продукти харчування, напої";Напої;Алкогольні напої;Десертні та ігристі вина;https://prom.ua/ua/Vina;20406
"Продукти харчування, напої";Напої;Алкогольні напої;Міцні алкогольні напої;https://prom.ua/ua/Krepkie-alkogolnye-napitki;20401
"Продукти харчування, напої";Напої;Алкогольні напої;Пиво;https://prom.ua/ua/Pivo;20405
"Продукти харчування, напої";Напої;Алкогольні напої;Слабоалкогольні напої;https://prom.ua/ua/Slaboalkogolnye-napitki;20407
"Продукти харчування, напої";Напої;Алкогольні напої;Столові вина;https://prom.ua/ua/Stolovye-vina;2041102
"Продукти харчування, напої";Напої;Безалкогольні напої;;https://prom.ua/ua/Bezalkogolnye-napitki;202
"Продукти харчування, напої";Напої;Мінеральні та питні води;;https://prom.ua/ua/Mineralnye-vody;20402
"Продукти харчування, напої";Напої;"Напої, загальне";;https://prom.ua/ua/Drugie-napitki-i-tabachnye-izdeliya;20409
"Продукти харчування, напої";Напої;Соки та нектари;;https://prom.ua/ua/Soki;20403
"Продукти харчування, напої";Напої;"Чай, кава, какао";Кава;https://prom.ua/ua/Kofe;10702
"Продукти харчування, напої";Напої;"Чай, кава, какао";Кавові напої;https://prom.ua/ua/Kofejnye-napitki;10705
"Продукти харчування, напої";Напої;"Чай, кава, какао";Какао;https://prom.ua/ua/Kakao;10703
"Продукти харчування, напої";Напої;"Чай, кава, какао";Чай;https://prom.ua/ua/Chaj-1;10701
"Продукти харчування, напої";Напої;"Чай, кава, какао";"Чай, кава, какао, загальне";https://prom.ua/ua/Drugoj-chaj-kofe-kakao;10704
"Продукти харчування, напої";"Овочі, фрукти, ягоди, гриби";Гриби;;https://prom.ua/ua/Sushenye-griby;10609
"Продукти харчування, напої";"Овочі, фрукти, ягоди, гриби";Овочі та зелень;;https://prom.ua/ua/Sushenye-ovoschi;10201
"Продукти харчування, напої";"Овочі, фрукти, ягоди, гриби";"Овочі, фрукти, ягоди, гриби, загальне";;https://prom.ua/ua/Ovoschi-frukty-yagody-griby-obschee;23401
"Продукти харчування, напої";"Овочі, фрукти, ягоди, гриби";Сушені та в'ялені овочі;;https://prom.ua/ua/Sushenye-vyalenye-ovoschi;23402
"Продукти харчування, напої";"Овочі, фрукти, ягоди, гриби";Фрукти та ягоди;;https://prom.ua/ua/Sushenye-i-sublimirovannye-yagody;228
"Продукти харчування, напої";"Овочі, фрукти, ягоди, гриби";Цукати та сухофрукти;;https://prom.ua/ua/Tsukaty-suhofrukty;23403
"Продукти харчування, напої";"Продукти харчування, загальне";;;https://prom.ua/ua/Drugie-produkty-pitaniya;225
"Продукти харчування, напої";Риба і морепродукти;;;https://prom.ua/ua/Ryba-svezhaya-ohlazhdennaya;1091203
"Продукти харчування, напої";Солодощі; желе і десерти;;https://prom.ua/ua/Zhele-deserty;21812
"Продукти харчування, напої";Солодощі;Горіхові і шоколадні пасти;;https://prom.ua/ua/Orekhovye-i-shokoladnye-pasty;21306
"Продукти харчування, напої";Солодощі;Зефір і мармелад;;https://prom.ua/ua/Zefyr;21813
"Продукти харчування, напої";Солодощі;"Солодощі, загальне";;https://prom.ua/ua/Sladosti-obschee;24001
"Продукти харчування, напої";Солодощі;Східні солодощі;;https://prom.ua/ua/Halva-nuga;2181405
"Продукти харчування, напої";Солодощі;Цукерки;;https://prom.ua/ua/Konfety;21803
"Продукти харчування, напої";Солодощі;Шоколадні вироби;;https://prom.ua/ua/Shokolad;2180305
"Продукти харчування, напої";"Хлібобулочні, кондитерські вироби";Борошняні кондитерські вироби;"Борошняні кондитерські вироби, загальне";https://prom.ua/ua/Muchnye-konditerskie-izdeliya1;2181701
"Продукти харчування, напої";"Хлібобулочні, кондитерські вироби";Борошняні кондитерські вироби;Вафлі та трубочки;https://prom.ua/ua/Vafli-i-trubochki;2181706
"Продукти харчування, напої";"Хлібобулочні, кондитерські вироби";Борошняні кондитерські вироби;Еклери і пончики;https://prom.ua/ua/Konditerskie-hlebobulochnye-izdeliya;236
"Продукти харчування, напої";"Хлібобулочні, кондитерські вироби";Борошняні кондитерські вироби;Печиво і пряники;https://prom.ua/ua/Pechene-pryaniki;2181703
"Продукти харчування, напої";"Хлібобулочні, кондитерські вироби";Борошняні кондитерські вироби;Рулети і круасани;https://prom.ua/ua/Rulety-kruassany;2181705
"Продукти харчування, напої";"Хлібобулочні, кондитерські вироби";Борошняні кондитерські вироби;Торти і пироги;https://prom.ua/ua/Torty-pirogi;2181702
"Продукти харчування, напої";"Хлібобулочні, кондитерські вироби";Борошняні кондитерські вироби;"Тістечка, мафіни, кекси";https://prom.ua/ua/Pirozhnoe-maffiny-keksy;2181704
"Продукти харчування, напої";"Хлібобулочні, кондитерські вироби";Все для кондитера;"Все для кондитера, загальне";https://prom.ua/ua/Vse-dlya-konditera-obschee;2181801
"Продукти харчування, напої";"Хлібобулочні, кондитерські вироби";Все для кондитера;Дріжджі та розпушувач тіста;https://prom.ua/ua/Drozhzhi-zakvaski-biodobavki;23002
"Продукти харчування, напої";"Хлібобулочні, кондитерські вироби";Все для кондитера;Кондитерський декор;https://prom.ua/ua/Konditerskij-dekor;21804
"Продукти харчування, напої";"Хлібобулочні, кондитерські вироби";Все для кондитера;Кондитерський крем та начинки;https://prom.ua/ua/Konditerskij-krem-nachinki;21810
"Продукти харчування, напої";"Хлібобулочні, кондитерські вироби";Все для кондитера;Кондитерські глазурі та покриття;https://prom.ua/ua/Konditerskie-glazuri-pokrytiya;21811
"Продукти харчування, напої";"Хлібобулочні, кондитерські вироби";Хлібобулочні вироби;;https://prom.ua/ua/Hleb-;2181905
"Продукти харчування, напої";"Хлібобулочні, кондитерські вироби";"Хлібобулочні, кондитерські вироби, загальне";;https://prom.ua/ua/Drugie-hlebobulochnye-konditerskie-izdeliya;21806
Промислова хімія;Ароматизатори та ароматизуючі речовини;;;https://prom.ua/ua/Aromatizatory-i-aromatiziruyuschie-veschestva;82102
Промислова хімія;Біопрепарати для очищення стічних вод;;;https://prom.ua/ua/Biopreparaty-dlya-ochistki-stochnyh-vod;80329
Промислова хімія;Біохімія;;;https://prom.ua/ua/Biohimiya;1606
Промислова хімія;Засоби для біотуалетів та вигрібних ям;;;https://prom.ua/ua/Biopreparaty-dlya-vygrebnyh-yam;809
Промислова хімія;Клеючі речовини та герметики;Будівельні та промислові клеї;;https://prom.ua/ua/Stroitelnyj-klej;1319
Промислова хімія;Клеючі речовини та герметики;Клей для ремонту одягу та взуття;;https://prom.ua/ua/Klej-dlya-volokon-i-odezhdy;82203
Промислова хімія;Клеючі речовини та герметики;Клейка універсальна стрічка;;https://prom.ua/ua/Klejkaya-upakovochnaya-lenta;230620
Промислова хімія;Клеючі речовини та герметики;"Клеючі речовини та герметики, загальне";;https://prom.ua/ua/Drugie-kleyaschie-veschestva-i-germetiki;82299
Промислова хімія;Клеючі речовини та герметики;Рідкі цвяхи;;https://prom.ua/ua/Zhidkie-gvozdi-1;82213
Промислова хімія;Клеючі речовини та герметики;Столярні клеї;;https://prom.ua/ua/Klej-dlya-drevesiny;82207
Промислова хімія;Клеючі речовини та герметики;Холодне зварювання;;https://prom.ua/ua/Holodnaya-svarka;82212
Промислова хімія;Колоїдна хімія;Адсорбенти;"Адсорбенти, загальне";https://prom.ua/ua/Drugie-adsorbenty;8320199
Промислова хімія;Колоїдна хімія;Адсорбенти;Активоване вугілля;https://prom.ua/ua/Aktivirovannyj-ugol;100109
Промислова хімія;Колоїдна хімія;Адсорбенти;Силікагель;https://prom.ua/ua/Silikagel;8320102
Промислова хімія;Колоїдна хімія;Адсорбенти;Цеоліт;https://prom.ua/ua/Tseolit;8320101
Промислова хімія;Колоїдна хімія;"Колоїдні речовини, загальне";;https://prom.ua/ua/Drugie-kolloidnye-veschestva;80401
Промислова хімія;Колоїдна хімія;Поверхнево-активні речовини;;https://prom.ua/ua/Poverhnostno-aktivnye-veschestva;83208
Промислова хімія;Лакофарбові матеріали та покриття;Захисні просочення;;https://prom.ua/ua/Zaschitnye-pokrytiya;81115
Промислова хімія;Лакофарбові матеріали та покриття;Лакофарбові матеріали для декорування;;https://prom.ua/ua/Lakokrasochnye-materialy-dlya;81121
Промислова хімія;Лакофарбові матеріали та покриття;Лакофарбові матеріали з антисептичними властивостями;;https://prom.ua/ua/Lakokrasochnye-materialy-s-antisepticheskimi-svojstvami;81117
Промислова хімія;Лакофарбові матеріали та покриття;"Лакофарбові матеріали, загальне";;https://prom.ua/ua/Drugie-lakokrasochnye-materialy;81199
Промислова хімія;Лакофарбові матеріали та покриття;Люмінесцентні покриття;;https://prom.ua/ua/Lyuminestsentnye-pokrytiya;13071004
Промислова хімія;Лакофарбові матеріали та покриття;Матеріали для гумових покриттів;;https://prom.ua/ua/Materialy-dlya-rezinovyh-pokrytij;81109
Промислова хімія;Лакофарбові матеріали та покриття;Матеріали для пластикових покриттів;;https://prom.ua/ua/Materialy-dlya-plastikovyh-pokrytij;81107
Промислова хімія;Лакофарбові матеріали та покриття;Покриття для човнів та суден;;https://prom.ua/ua/Pokrytiya-dlya-lodok-i-sudov;81102
Промислова хімія;Лакофарбові матеріали та покриття;Порошкові фарби;;https://prom.ua/ua/Poroshkovye-kraski;81108
Промислова хімія;Лакофарбові матеріали та покриття;Промислові маркери;;https://prom.ua/ua/Markery-promyshlennye;81118
Промислова хімія;Лакофарбові матеріали та покриття;Промислові фарби;;https://prom.ua/ua/Promyshlennye-kraski;81120
Промислова хімія;Лакофарбові матеріали та покриття;Фарби для нанесення дорожньої розмітки;;https://prom.ua/ua/Kraski-dlya-naneseniya-dorozhnoj-razmetki;13071006
Промислова хімія;Лакофарбові матеріали та покриття;Фарби для текстилю та шкіри;;https://prom.ua/ua/Kraski-dlya-tekstilya-i-kozhi;81110
Промислова хімія;Мастильно-охолоджуючі рідини;;;https://prom.ua/ua/Smazochno-ohlazhdayuschie-zhidkosti;10010207
Промислова хімія;Матеріали для неруйнівного контролю;Матеріали для капілярного контролю;;https://prom.ua/ua/Materialy-dlya-kapillyarnogo-kontrolya;8032402
Промислова хімія;Матеріали для неруйнівного контролю;Матеріали для магнітопорошкового контролю;;https://prom.ua/ua/Materialy-dlya-magnitoporoshkovogo-kontrolya;8032403
Промислова хімія;Матеріали для неруйнівного контролю;"Матеріали для неруйнівного контролю, загальне";;https://prom.ua/ua/Materialy-dlya-nerazrushayuschego-kontrolya-obschee;8032401
Промислова хімія;Неорганічні сполуки;Дистильована вода;;https://prom.ua/ua/Distillirovannaya-voda;80102
Промислова хімія;Неорганічні сполуки;Карбід кальцію;;https://prom.ua/ua/Karbid-kaltsiya;80101
Промислова хімія;Неорганічні сполуки;Луги;;https://prom.ua/ua/Scheloch;80202
Промислова хімія;Неорганічні сполуки;Мінеральні солі;;https://prom.ua/ua/Nitraty;8020313
Промислова хімія;Неорганічні сполуки;Неорганічні кислоти;;https://prom.ua/ua/Neorganicheskie-kisloty;80201
Промислова хімія;Неорганічні сполуки;"Неорганічні хімічні сполуки, загальне";;https://prom.ua/ua/Drugie-neorganicheskie-himicheskie-soedineniya;80207
Промислова хімія;Неорганічні сполуки;Оксиди;;https://prom.ua/ua/Oksidy-zheleza;8020410
Промислова хімія;Неорганічні сполуки;Прості речовини;;https://prom.ua/ua/Prostye-veschestva;80205
Промислова хімія;Неорганічні сполуки;Технічний вуглець;;https://prom.ua/ua/Tehnicheskij-uglerod;83211
Промислова хімія;Органічні сполуки;Алкани;;https://prom.ua/ua/Alkany;80208
Промислова хімія;Органічні сполуки;Альдегіди і кетон;;https://prom.ua/ua/Aldegidy-i-keton;80309
Промислова хімія;Органічні сполуки;Аміни;;https://prom.ua/ua/Aminy;80306
Промислова хімія;Органічні сполуки;Вуглеводи;;https://prom.ua/ua/Uglevody;80311
Промислова хімія;Органічні сполуки;Ефіри;;https://prom.ua/ua/Efiry;80305
Промислова хімія;Органічні сполуки;Меламін;;https://prom.ua/ua/Melamin;80210
Промислова хімія;Органічні сполуки;Органічні кислоти;;https://prom.ua/ua/Organicheskie-kisloty;80310
Промислова хімія;Органічні сполуки;Органічні солі;;https://prom.ua/ua/Organicheskie-soli;80301
Промислова хімія;Органічні сполуки;"Органічні хімічні сполуки, загальне";;https://prom.ua/ua/Drugie-organicheskie-himicheskie-soedineniya;80312
Промислова хімія;Органічні сполуки;Спирти;;https://prom.ua/ua/Spirty;80206
Промислова хімія;Органічні сполуки;Технічний спирт;;https://prom.ua/ua/Tehnicheskij-spirt;80308
Промислова хімія;Пластикові добавки;;;https://prom.ua/ua/Plastifikatory;8320605
Промислова хімія;Побутовий антифриз для опалювальних систем;;;https://prom.ua/ua/Bytovoj-antifriz-dlya-otopitelnyh-sistem;816
Промислова хімія;"Промислова хімія, загальне";;;https://prom.ua/ua/Promyshlennaya-himiya-obschee;80321
Промислова хімія;"Пігменти, барвники";Барвники;;https://prom.ua/ua/Osnovnye-krasiteli;81502
Промислова хімія;"Пігменти, барвники";Пігменти;;https://prom.ua/ua/Pigmenty;814
Промислова хімія;"Пігменти, барвники";"Пігменти, барвники, загальне";;https://prom.ua/ua/Pigmenty-krasiteli-obschee;8032201
Промислова хімія;Піногасники;;;https://prom.ua/ua/Penogasiteli;80327
Промислова хімія;Речовини для обробки води;;;https://prom.ua/ua/Veschestva-dlya-obrabotki-vody;83210
Промислова хімія;Рідке скло;;;https://prom.ua/ua/Zhidkoe-steklo;80325
Промислова хімія;Сировина для косметики;;;https://prom.ua/ua/Syryo-dlya-kosmetiki;82112
Промислова хімія;Сировина для лакофарбових матеріалів;;;https://prom.ua/ua/Syre-dlya-lakokrasochnyh-materialov;80326
Промислова хімія;Сировина для миючих засобів;;;https://prom.ua/ua/Syre-dlya-moyuschih-sredstv;82108
Промислова хімія;Сировина для пінополіуретанів;;;https://prom.ua/ua/Syre-dlya-penopoliuretanov;80328
Промислова хімія;Технічні гази;;;https://prom.ua/ua/Tehnicheskie-gazy;80320
Промислова хімія;Технічні миючі та дезінфікуючі засоби;;;https://prom.ua/ua/Tehnicheskie-moyuschie-sredstva;80314
Промислова хімія;Холодоагенти;;;https://prom.ua/ua/Freony;80316
Промислова хімія;Хімікати для шкіри;;;https://prom.ua/ua/Himikaty-dlya-kozhi;83203
Промислова хімія;Хімічні реактиви;Антиожеледні реагенти;;https://prom.ua/ua/Antigololednye-reagenty;81706
Промислова хімія;Хімічні реактиви;"Каталізатори, інгібітори";;https://prom.ua/ua/Katalizatory;831
Промислова хімія;Хімічні реактиви;Органічні та неорганічні кислоти;;https://prom.ua/ua/Organicheskie-i-neorganicheskie-kisloty;81702
Промислова хімія;Хімічні реактиви;Рідкі органічні та неорганічні реактиви;;https://prom.ua/ua/Zhidkie-organicheskie-i-neorganicheskie-reaktivy;81703
Промислова хімія;Хімічні реактиви;Тверді органічні та неорганічні реактиви;;https://prom.ua/ua/Tverdye-organicheskie-i-neorganicheskie-reaktivy;81704
Промислова хімія;Хімічні реактиви;"Хімічні реактиви, загальне";;https://prom.ua/ua/Drugie-himicheskie-reaktivy;81705
Промислова хімія;Хімічні реактиви;Хімічні індикатори ;;https://prom.ua/ua/Indikatory-himicheskie;81701
Промислова хімія;Хімічні речовини для електроніки;;;https://prom.ua/ua/Himicheskie-veschestva-dlya-elektroniki;83202
Промислове обладнання та верстати;Альтернативні джерела енергії;"Альтернативні джерела енергії, загальне";;https://prom.ua/ua/Alternativnye-istochniki-energii-obschee;101002
Промислове обладнання та верстати;Альтернативні джерела енергії;Біогазові установки;Біогазові установки для переробки органічних відходів;https://prom.ua/ua/Biogazovye-ustanovki-dlya-pererabotki-organicheskih-othodov;10100102
Промислове обладнання та верстати;Альтернативні джерела енергії;Біогазові установки;"Біогазові установки, загальне";https://prom.ua/ua/Biogazovye-ustanovki-obschee;10100105
Промислове обладнання та верстати;Альтернативні джерела енергії;Біогазові установки;Когенераційні установки;https://prom.ua/ua/Kogeneratsionnye-biogazovye-ustanovki;10100103
Промислове обладнання та верстати;Альтернативні джерела енергії;Вітряні електростанції;;https://prom.ua/ua/Vetrogeneratory;14190201
Промислове обладнання та верстати;Альтернативні джерела енергії;Електростанції на альтернативних джерелах енергії;;https://prom.ua/ua/Elektrostantsii-na-drugih-alternativnyh-istochnikah-energii;410401
Промислове обладнання та верстати;Альтернативні джерела енергії;Комплектуючі для альтернативних джерел енергії;;https://prom.ua/ua/Komplektuyuschie-dlya-alternativnyh-istochnikov-energii;101003
Промислове обладнання та верстати;Альтернативні джерела енергії;"Системи, які використовують сонячну енергію";"Системи, які використовують сонячну енергію, загальне";https://prom.ua/ua/Drugie-sistemy;100799
Промислове обладнання та верстати;Альтернативні джерела енергії;"Системи, які використовують сонячну енергію";Сонячні водонагрівальні спліт-системи;https://prom.ua/ua/Solnechnye-nagrevateli-vody;100701
Промислове обладнання та верстати;Альтернативні джерела енергії;"Системи, які використовують сонячну енергію";Сонячні електростанції;https://prom.ua/ua/Solnechnye-elektrostantsii;100705
Промислове обладнання та верстати;Альтернативні джерела енергії;"Системи, які використовують сонячну енергію";Сонячні колектори;https://prom.ua/ua/Solnechnye-kollektory;100704
Промислове обладнання та верстати;Альтернативні джерела енергії;"Системи, які використовують сонячну енергію";Сонячні контролери;https://prom.ua/ua/Solnechnye-kontrollery;100703
Промислове обладнання та верстати;Альтернативні джерела енергії;"Системи, які використовують сонячну енергію";Сонячні панелі;https://prom.ua/ua/Fotoelementy-i-solnechnye-paneli;52806
Промислове обладнання та верстати;Альтернативні джерела енергії;"Системи, які використовують сонячну енергію";Сонячні трекери;https://prom.ua/ua/Solnechnye-trekery;100709
Промислове обладнання та верстати;Верстати;Верстати для виробництва арматурних каркасів;;https://prom.ua/ua/Stanki-dlya-proizvodstva;14209829
Промислове обладнання та верстати;Верстати;"Верстати, загальне";;https://prom.ua/ua/Drugie-stanki;14209804
Промислове обладнання та верстати;Верстати;Деревообробні верстати;Верстати для виготовлення багетних рам;https://prom.ua/ua/Stanki-dlya-izgotovleniya-bagetnyh-ram;14310313
Промислове обладнання та верстати;Верстати;Деревообробні верстати;Верстати для обробки заготовок;https://prom.ua/ua/Kruglopilnye-stanki;14310324
Промислове обладнання та верстати;Верстати;Деревообробні верстати;Горбильні верстати;https://prom.ua/ua/Gorbylnye-stanki;14310310
Промислове обладнання та верстати;Верстати;Деревообробні верстати;Комбіновані деревообробні верстати;https://prom.ua/ua/Kombinirovannye-derevoobrabatyvayuschie-stanki;14310306
Промислове обладнання та верстати;Верстати;Деревообробні верстати;Кромкообрізні верстати;https://prom.ua/ua/Kromkoobreznye-stanki;14310316
Промислове обладнання та верстати;Верстати;Деревообробні верстати;Пилорами;https://prom.ua/ua/Piloramy;143101
Промислове обладнання та верстати;Верстати;Деревообробні верстати;Побутові верстати;https://prom.ua/ua/Bytovye-derevoobrabatyvayuschie-stanki;143118
Промислове обладнання та верстати;Верстати;Деревообробні верстати;Пресові верстати;https://prom.ua/ua/Pressovye-stanki;14310307
Промислове обладнання та верстати;Верстати;Деревообробні верстати;Пристосування для деревообробних верстатів;https://prom.ua/ua/Prisposobleniya-k-derevoobrabatyvayuschim-stankam;14310322
Промислове обладнання та верстати;Верстати;Деревообробні верстати;Свердлильні та довбальні верстати по дереву;https://prom.ua/ua/Sverlilnye-i-dolbezhnye-stanki-po-derevu;14310303
Промислове обладнання та верстати;Верстати;Деревообробні верстати;Стрічкові та лобзикові верстати;https://prom.ua/ua/Lentochnopilnye-stanki-po-derevu;14310311
Промислове обладнання та верстати;Верстати;Деревообробні верстати;Токарні верстати по дереву;https://prom.ua/ua/Tokarnye-stanki-po-derevu;14310305
Промислове обладнання та верстати;Верстати;Деревообробні верстати;Торцювальні верстати;https://prom.ua/ua/Tortsovochnye-stanki;143108
Промислове обладнання та верстати;Верстати;Деревообробні верстати;Фугувально-рейсмусові верстати;https://prom.ua/ua/Fugovalno-rejsmusovye-stanki;4305
Промислове обладнання та верстати;Верстати;Деревообробні верстати;Циркулярні настільні пилки;https://prom.ua/ua/Pily-tsirkulyarnye;143110
Промислове обладнання та верстати;Верстати;Деревообробні верстати;Чотиристоронні верстати;https://prom.ua/ua/Chetyrehstoronnie-stanki;143107
Промислове обладнання та верстати;Верстати;Деревообробні верстати;Шліфувальні верстати по дереву;https://prom.ua/ua/Kalibrovalno-shlifovalnye-stanki;370908
Промислове обладнання та верстати;Верстати;Електроерозійні верстати;;https://prom.ua/ua/Elektroerozionnye-stanki;14209814
Промислове обладнання та верстати;Верстати;Запчастини та оснащення для верстатів;;https://prom.ua/ua/Komplektuyuschie-dlya-stankov;432436
Промислове обладнання та верстати;Верстати;Металообробні верстати;Верстати для різання та згинання арматури;https://prom.ua/ua/Gibochnye-stanki;142601
Промислове обладнання та верстати;Верстати;Металообробні верстати;"Відрізні верстати, пилки";https://prom.ua/ua/Pily-montazhnye-ruchnye;14172703
Промислове обладнання та верстати;Верстати;Металообробні верстати;Зубообробні верстати;https://prom.ua/ua/Zuboobrabatyvayuschie-stanki;142608
Промислове обладнання та верстати;Верстати;Металообробні верстати;Розточувальні верстати;https://prom.ua/ua/Rastochnye-stanki;14209826
Промислове обладнання та верстати;Верстати;Металообробні верстати;Різьбонарізні верстати;https://prom.ua/ua/Rezbonareznye-stanki;14209821
Промислове обладнання та верстати;Верстати;Металообробні верстати;Свердлильні верстати;https://prom.ua/ua/Sverlilnye-stanki;14209803
Промислове обладнання та верстати;Верстати;Металообробні верстати;Стругальні верстати по металу;https://prom.ua/ua/Strogalnye-stanki-po-metallu;14209825
Промислове обладнання та верстати;Верстати;Металообробні верстати;Стрічкопильні верстати по металу та комплектуючі до них;https://prom.ua/ua/Lentochnopilnye-stanki-po-metallu;142613
Промислове обладнання та верстати;Верстати;Металообробні верстати;Токарні верстати;https://prom.ua/ua/Tokarnye-stanki;14209802
Промислове обладнання та верстати;Верстати;Металообробні верстати;Точильні верстати;https://prom.ua/ua/Zatochnoe-oborudovanie;143109
Промислове обладнання та верстати;Верстати;Металообробні верстати;Трубонарізні верстати;https://prom.ua/ua/Trubonareznye-stanki;141708
Промислове обладнання та верстати;Верстати;Металообробні верстати;Шліфувальні верстати по металу;https://prom.ua/ua/Shlifovalnye-stanki-po-metallu;14209822
Промислове обладнання та верстати;Верстати;Обладнання для нанесення клею;;https://prom.ua/ua/Kleenanosyaschee-oborudovanie;143119
Промислове обладнання та верстати;Верстати;Фрезерні та фрезерно-гравіювальні верстати;;https://prom.ua/ua/Frezerno-gravirovalnye-stanki;142605
Промислове обладнання та верстати;Виробниче обладнання;Допоміжне обладнання;Автоподавачі;https://prom.ua/ua/Avtopodatchiki;143126
Промислове обладнання та верстати;Виробниче обладнання;Допоміжне обладнання;"Допоміжне обладнання, загальне";https://prom.ua/ua/Vspomogatelnoe-oborudovanie-obschee;14312401
Промислове обладнання та верстати;Виробниче обладнання;Допоміжне обладнання;Розвідні верстати;https://prom.ua/ua/Razvodnye-stanki;14312404
Промислове обладнання та верстати;Виробниче обладнання;Допоміжне обладнання;"Станини, верстаки, робочі столи";https://prom.ua/ua/Slesarnye-verstaki;142614
Промислове обладнання та верстати;Виробниче обладнання;Допоміжне обладнання;Фарбувальні та сушильні камери для дерева;https://prom.ua/ua/Pokrasochnye-kamery-dlya-dereva;143117
Промислове обладнання та верстати;Виробниче обладнання;Дробометні установки;;https://prom.ua/ua/Drobemetnye-ustanovki;14209827
Промислове обладнання та верстати;Виробниче обладнання;Ковальсько-пресове обладнання;"Вирубні преси, прес-ножиці, гільйотини";https://prom.ua/ua/Vyrubnye-pressa-press-nozhnitsy-gilotiny;14260603
Промислове обладнання та верстати;Виробниче обладнання;Ковальсько-пресове обладнання;"Ковальсько-пресове обладнання, загальне";https://prom.ua/ua/Drugoe-kuznechno-pressovoe-oborudovanie;14260605
Промислове обладнання та верстати;Виробниче обладнання;Ковальсько-пресове обладнання;Ковальські верстати;https://prom.ua/ua/Chekanochnoe-oborudovanie;14260604
Промислове обладнання та верстати;Виробниче обладнання;Ковальсько-пресове обладнання;Кувальні молоти;https://prom.ua/ua/Moloty-kovochnye;14260601
Промислове обладнання та верстати;Виробниче обладнання;Ковальсько-пресове обладнання;Обтискні преси;https://prom.ua/ua/Obzhimnye-pressy;14260607
Промислове обладнання та верстати;Виробниче обладнання;Ковальсько-пресове обладнання;"Штампувальне обладнання, преси";https://prom.ua/ua/Shtampovochnoe-oborudovanie-pressy;14260602
Промислове обладнання та верстати;Виробниче обладнання;Обладнання для виробництва будівельних сумішей;;https://prom.ua/ua/Oborudovanie-dlya-proizvodstva-stroitelnyh-smesej;431417
Промислове обладнання та верстати;Виробниче обладнання;"Обладнання для виробництва виробів з бетону, глини";;https://prom.ua/ua/Oborudovanie-dlya-proizvodstva-kirpicha;431401
Промислове обладнання та верстати;Виробниче обладнання;Обладнання для виробництва вікон;;https://prom.ua/ua/Oborudovanie-dlya-proizvodstva-okon;14312102
Промислове обладнання та верстати;Виробниче обладнання;Обладнання для виробництва меблів;Вакуумні преси;https://prom.ua/ua/Membranno-vakuumnye-pressy;370906
Промислове обладнання та верстати;Виробниче обладнання;Обладнання для виробництва меблів;Верстати для виробництва постформінгу;https://prom.ua/ua/Stanki-dlya-proizvodstva-postforminga;370904
Промислове обладнання та верстати;Виробниче обладнання;Обладнання для виробництва меблів;Кромкооблицювальні верстати;https://prom.ua/ua/Kromkooblitsovochnye-stanki;370902
Промислове обладнання та верстати;Виробниче обладнання;Обладнання для виробництва меблів;"Обладнання для виробництва меблів, загальне";https://prom.ua/ua/Drugoe-oborudovanie-dlya-proizvodstva-mebeli;370910
Промислове обладнання та верстати;Виробниче обладнання;Обладнання для виробництва меблів;Свердлильно-присадні верстати;https://prom.ua/ua/Sverlilno-prisadochnye-stanki;370905
Промислове обладнання та верстати;Виробниче обладнання;Обладнання для виробництва меблів;Форматно-розкрійні верстати;https://prom.ua/ua/Formatno-raskroechnye-stanki;370901
Промислове обладнання та верстати;Виробниче обладнання;Обладнання для виробництва покрівельних матеріалів;;https://prom.ua/ua/Oborudovanie-dlya-proizvodstva-krovelnyh-i-gidroizolyatsionnyh-materialov;431413
Промислове обладнання та верстати;Виробниче обладнання;"Обладнання для виробництва профілів, профнастилу та сендвіч-панелей";;https://prom.ua/ua/Oborudovanie-dlya-proizvodstva-profilej-profnastila-i-sendvich-panelej;431424
Промислове обладнання та верстати;Виробниче обладнання;"Обладнання для виробництва та обробки паперових виробів, серветок";;https://prom.ua/ua/Oborudovanie-dlya-proizvodstva-i-obrabotki-bumazhnyh-izdelij;2308
Промислове обладнання та верстати;Виробниче обладнання;Обладнання для виробництва та прокладання кабелю;Верстати для перемотування кабелю;https://prom.ua/ua/Stanki-dlya-peremotki-kabelya;14190411
Промислове обладнання та верстати;Виробниче обладнання;Обладнання для виробництва та прокладання кабелю;Кабельні барабани;https://prom.ua/ua/Kabelnye-barabany;14190436
Промислове обладнання та верстати;Виробниче обладнання;Обладнання для виробництва та прокладання кабелю;Кабельні домкрати;https://prom.ua/ua/Kabelnye-domkraty;14190434
Промислове обладнання та верстати;Виробниче обладнання;Обладнання для виробництва та прокладання кабелю;Кабельні лебідки;https://prom.ua/ua/Lebyodki-kabelnye;14190431
Промислове обладнання та верстати;Виробниче обладнання;Обладнання для виробництва та прокладання кабелю;Кабельні панчохи;https://prom.ua/ua/Chulki-kabelnye;14190437
Промислове обладнання та верстати;Виробниче обладнання;Обладнання для виробництва та прокладання кабелю;Кабельні ролики;https://prom.ua/ua/Kabelnye-roliki;14190432
Промислове обладнання та верстати;Виробниче обладнання;Обладнання для виробництва та прокладання кабелю;Міні узк;https://prom.ua/ua/Mini-uzk;14190438
Промислове обладнання та верстати;Виробниче обладнання;Обладнання для виробництва та прокладання кабелю;Обладнання для виробництва кабелю та дроту;https://prom.ua/ua/Oborudovanie-dlya-proizvodstva-kabelya-i-provoda;14190404
Промислове обладнання та верстати;Виробниче обладнання;Обладнання для виробництва та прокладання кабелю;"Обладнання для прокладання кабелю, загальне";https://prom.ua/ua/Oborudovanie-dlya-prokladki-kabelya-obschee;14190439
Промислове обладнання та верстати;Виробниче обладнання;Обладнання для виробництва та прокладання труб;;https://prom.ua/ua/Oborudovanie-dlya-proizvodstva-trub;431405
Промислове обладнання та верстати;Виробниче обладнання;"Обладнання для виробництва тепло-, звуко-, шумо-, гідроізоляційних матеріалів";;https://prom.ua/ua/Oborudovanie-dlya-proizvodstva-teplozvukoizolyatsii;431418
Промислове обладнання та верстати;Виробниче обладнання;"Обладнання для виробництва, загальне";;https://prom.ua/ua/Drugoe-oborudovanie-dlya-proizvodstva-stroitelnyh-materialov;431499
Промислове обладнання та верстати;Виробниче обладнання;Обладнання для обробки каменю;;https://prom.ua/ua/Kamnereznye-stanki-plitkorezy;14209811
Промислове обладнання та верстати;Виробниче обладнання;Обладнання для обробки металів;;https://prom.ua/ua/Oborudovanie-dlya-napyleniya-metallov;142603
Промислове обладнання та верстати;Виробниче обладнання;Обладнання для обробки пластику та гуми;Обладнання для вакуумного формування;https://prom.ua/ua/Oborudovanie-dlya-vakuumnoj-formovki;147111
Промислове обладнання та верстати;Виробниче обладнання;Обладнання для обробки пластику та гуми;Обладнання для видування пет тари;https://prom.ua/ua/Oborudovanie-dlya-vyduva-pet-tary;147108
Промислове обладнання та верстати;Виробниче обладнання;Обладнання для обробки пластику та гуми;Обладнання для виробництва вікон пвх;https://prom.ua/ua/Oborudovanie-dlya-proizvodstva-okon-pvh;4307
Промислове обладнання та верстати;Виробниче обладнання;Обладнання для обробки пластику та гуми;Обладнання для виробництва пластикових виробів;https://prom.ua/ua/Oborudovanie-dlya-litya-plastmass;147106
Промислове обладнання та верстати;Виробниче обладнання;Обладнання для обробки пластику та гуми;"Обладнання для обробки пластику, загальне";https://prom.ua/ua/Drugoe-oborudovanie-dlya-obrabotki-plastika;147199
Промислове обладнання та верстати;Виробниче обладнання;Обладнання для обробки пластику та гуми;Обладнання для роботи з гумою;https://prom.ua/ua/Oborudovanie-dlya-raboty-s-rezinoj;1480
Промислове обладнання та верстати;Виробниче обладнання;Обладнання для обробки та виробництва виробів зі скла;;https://prom.ua/ua/Oborudovanie-dlya-obrabotki-stekla;4323
Промислове обладнання та верстати;Виробниче обладнання;Обладнання та матеріали для виробництва ключів;;https://prom.ua/ua/Oborudovanie-i-materialy-dlya-proizvodstva-klyuchej;282931
Промислове обладнання та верстати;Виробниче обладнання;Універсальні дробарки для малих виробництв;;https://prom.ua/ua/Universalnye-dorbilki-dlya-malyh-proizvodstv;431433
Промислове обладнання та верстати;Виробниче обладнання;Форми для пресового та ливарного виробництва;;https://prom.ua/ua/Formy-dlya-proizvodstva-plitki-i-evrozaborov;431409
Промислове обладнання та верстати;Водопідготовка;;;https://prom.ua/ua/Distillyatory-farmatsevticheskie;16151306
Промислове обладнання та верстати;Галтувальне обладнання;;;https://prom.ua/ua/Galtovochnoe-oborudovanie;1475
Промислове обладнання та верстати;Гідрообладнання;Апарати надвисокого тиску;;https://prom.ua/ua/Apparaty-sverhvysokogo-davleniya;140316
Промислове обладнання та верстати;Гідрообладнання;Водонапірні вежі;;https://prom.ua/ua/Bashni-vodonapornye;13240406
Промислове обладнання та верстати;Гідрообладнання;"Гідрообладнання, загальне";;https://prom.ua/ua/Drugoe-gidravlicheskoe-oborudovanie;140308
Промислове обладнання та верстати;Гідрообладнання;Комплектуючі для гідрообладнання;;https://prom.ua/ua/Komplektuyuschie-dlya-gidrooborudovaniya;140105
Промислове обладнання та верстати;Гідрообладнання;Мотопомпи;;https://prom.ua/ua/Motopompy;140314
Промислове обладнання та верстати;Гідрообладнання;Обладнання для очищення стічних вод;;https://prom.ua/ua/Oborudovanie-dlya-ochistki-stochnyh-vod-1;140317
Промислове обладнання та верстати;Гідрообладнання;Промислові гідроциліндри;;https://prom.ua/ua/Promyshlennye-gidrotsilindry;140318
Промислове обладнання та верстати;Електрогенератори та електродвигуни;"Електрогенератори та електродвигуни, загальне";;https://prom.ua/ua/Elektrogeneratory-i-elektrodvigateli-obschee;145201
Промислове обладнання та верстати;Електрогенератори та електродвигуни;Синхронні генератори;;https://prom.ua/ua/Sinhronnye-generatory-1;14190206
Промислове обладнання та верстати;Енергообладнання;Газорозподільні пункти;;https://prom.ua/ua/Gazoraspredelitelnye-punkty;145906
Промислове обладнання та верстати;Енергообладнання;Градирні;;https://prom.ua/ua/Gradirni;14240107
Промислове обладнання та верстати;Енергообладнання;Кріогенне обладнання;;https://prom.ua/ua/Kriogennoe-oborudovanie;142401
Промислове обладнання та верстати;Енергообладнання;Опалювальне та водонагрівальне обладнання;Бункери для подачі твердого палива;https://prom.ua/ua/Bunkera-dlya-podachi-tverdogo-topliva;142109
Промислове обладнання та верстати;Енергообладнання;Опалювальне та водонагрівальне обладнання;"Опалювальне та водонагрівальне обладнання, загальне";https://prom.ua/ua/Drugoe-otopitelnoe-i-vodonagrevatelnoe-oborudovanie;142107
Промислове обладнання та верстати;Енергообладнання;Опалювальне та водонагрівальне обладнання;Промислові водонагрівачі;https://prom.ua/ua/Vodonagrevateli-promyshlennye;142105
Промислове обладнання та верстати;Енергообладнання;Опалювальне та водонагрівальне обладнання;Промислові котли;https://prom.ua/ua/Kotly;142101
Промислове обладнання та верстати;Енергообладнання;Опалювальне та водонагрівальне обладнання;Промислові регістри опалення;https://prom.ua/ua/Promyshlennye-registry-otopleniya;142110
Промислове обладнання та верстати;Енергообладнання;Охолоджувачі;Маслоохолоджувачі;https://prom.ua/ua/Masloohladiteli;14240106
Промислове обладнання та верстати;Енергообладнання;Охолоджувачі;"Охолоджувачі, загальне";https://prom.ua/ua/Ohladiteli-obschee;14590201
Промислове обладнання та верстати;Енергообладнання;Охолоджувачі;Повітроохолоджувачі;https://prom.ua/ua/Vozduhoohladiteli;14240104
Промислове обладнання та верстати;Енергообладнання;Промислові вибухозахищені нагрівачі;;https://prom.ua/ua/Promyshlennye-vzryvozaschischyonnye-nagrevateli;142403
Промислове обладнання та верстати;Енергообладнання;Промислові димові труби;;https://prom.ua/ua/Promyshlennye-dymovye-truby;142108
Промислове обладнання та верстати;Енергообладнання;Промислові парогенератори;;https://prom.ua/ua/Parogeneratory-promyshlennye;145905
Промислове обладнання та верстати;Енергообладнання;Рефрижераторне обладнання;Рефрижераторні контейнери;https://prom.ua/ua/Refrizheratornye-kontejnery;14240110
Промислове обладнання та верстати;Енергообладнання;Теплові пункти;;https://prom.ua/ua/Teplovye-punkty;145907
Промислове обладнання та верстати;Енергообладнання;Теплогенератори;;https://prom.ua/ua/Teplogeneratory;14240204
Промислове обладнання та верстати;Енергообладнання;Теплообмінне обладнання;"Теплообмінне обладнання, загальне";https://prom.ua/ua/Teploobmennoe-oborudovanie-obschee;145904
Промислове обладнання та верстати;Енергообладнання;Теплообмінне обладнання;Теплообмінники;https://prom.ua/ua/Teploobmenniki;14240201
Промислове обладнання та верстати;Енергообладнання;Холодильне промислове обладнання;Промислові холодильні та морозильні камери;https://prom.ua/ua/Holodilnye-i-morozilnye-kamery;14240102
Промислове обладнання та верстати;Енергообладнання;Холодильне промислове обладнання;Сервісне обладнання та аксесуари для холодильної техніки;https://prom.ua/ua/Servisnoe-oborudovanie-i-aksessuary-dlya-holodilnoj-tehniki;14590301
Промислове обладнання та верстати;Енергообладнання;Холодильне промислове обладнання;"Холодильне промислове обладнання, загальне";https://prom.ua/ua/Drugoe-holodilnoe-oborudovanie;14240108
Промислове обладнання та верстати;Енергообладнання;Холодильне промислове обладнання;Холодильний інструмент;https://prom.ua/ua/Holodilnyj-instrument;61607
Промислове обладнання та верстати;Енергообладнання;Холодильне промислове обладнання;Холодильні агрегати;https://prom.ua/ua/Holodilnye-agregaty;14240101
Промислове обладнання та верстати;Енергообладнання;Холодильне промислове обладнання;Холодильні конденсатори;https://prom.ua/ua/Holodilnye-kondensatory;14240103
Промислове обладнання та верстати;Загальні деталі та вузли машин та механізмів;"Загальні деталі та вузли машин та механізмів, загальне";;https://prom.ua/ua/Drugie-obschie-detali-i-uzly-mashin-i-mehanizmov;4107
Промислове обладнання та верстати;Загальні деталі та вузли машин та механізмів;Компоненти гідравліки;;https://prom.ua/ua/Gidroraspredeliteli;4110
Промислове обладнання та верстати;Загальні деталі та вузли машин та механізмів;Компоненти пневматики;;https://prom.ua/ua/Komponenty-pnevmatiki;1473
Промислове обладнання та верстати;Загальні деталі та вузли машин та механізмів;Металеві втулки;;https://prom.ua/ua/Vtulki-metallicheskie;4114
Промислове обладнання та верстати;Загальні деталі та вузли машин та механізмів;Прес-маслянки;;https://prom.ua/ua/Press-maslenki;4103
Промислове обладнання та верстати;Загальні деталі та вузли машин та механізмів;Прецизійні деталі;;https://prom.ua/ua/Pretsizionnye-detali;1472
Промислове обладнання та верстати;Загальні деталі та вузли машин та механізмів;Пристрої цифрової індикації;;https://prom.ua/ua/Ustrojstva-tsifrovoj-indikatsii;4115
Промислове обладнання та верстати;Загальні деталі та вузли машин та механізмів;Прокладки;;https://prom.ua/ua/Prokladki;1407
Промислове обладнання та верстати;Загальні деталі та вузли машин та механізмів;Підшипники;Деталі підшипників;https://prom.ua/ua/Detali-podshipnikov;145605
Промислове обладнання та верстати;Загальні деталі та вузли машин та механізмів;Підшипники;Магнітні підшипники;https://prom.ua/ua/Podshipniki-magnitnye;145611
Промислове обладнання та верстати;Загальні деталі та вузли машин та механізмів;Підшипники;Підшипники ковзання;https://prom.ua/ua/Podshipniki-skolzheniya;145607
Промислове обладнання та верстати;Загальні деталі та вузли машин та механізмів;Підшипники;Підшипники кочення;https://prom.ua/ua/Podshipniki-kacheniya;145606
Промислове обладнання та верстати;Загальні деталі та вузли машин та механізмів;Підшипники;"Підшипники, загальне";https://prom.ua/ua/Drugie-podshipniki;145699
Промислове обладнання та верстати;Загальні деталі та вузли машин та механізмів;Підшипники;Радіальні підшипники;https://prom.ua/ua/Podshipniki-radialnye;145613
Промислове обладнання та верстати;Загальні деталі та вузли машин та механізмів;Підшипники;Спеціальні підшипники;https://prom.ua/ua/Spetsialnye-podshipniki;145604
Промислове обладнання та верстати;Загальні деталі та вузли машин та механізмів;Редуктори;;https://prom.ua/ua/Chervyachnye-reduktory;146911
Промислове обладнання та верстати;Загальні деталі та вузли машин та механізмів;"Стрижні, вали";;https://prom.ua/ua/Sterzhni-valy;4106
Промислове обладнання та верстати;Зварювальне та паяльне обладнання;Апарати контактного зварювання;;https://prom.ua/ua/Apparaty-tochechnoj-svarki-1;14400901
Промислове обладнання та верстати;Зварювальне та паяльне обладнання;Блоки рідинного охолодження;;https://prom.ua/ua/Bloki-zhidkostnogo-ohlazhdeniya;144014
Промислове обладнання та верстати;Зварювальне та паяльне обладнання;Випрямлячі зварювальні;;https://prom.ua/ua/Vypryamiteli-svarochnye;14400102
Промислове обладнання та верстати;Зварювальне та паяльне обладнання;Газозварювальні апарати;;https://prom.ua/ua/Ustanovki-dlya-gazovoj-rezki;14400301
Промислове обладнання та верстати;Зварювальне та паяльне обладнання;Захист при зварюванні;"Захист при зварюванні, загальне";https://prom.ua/ua/Zaschita-pri-svarke-obschee;14401101
Промислове обладнання та верстати;Зварювальне та паяльне обладнання;Захист при зварюванні;Зварювальні намети та штори;https://prom.ua/ua/Shtory-svarochnye;144010
Промислове обладнання та верстати;Зварювальне та паяльне обладнання;"Зварювальне обладнання, загальне";;https://prom.ua/ua/Drugoe-svarochnoe-oborudovanie;144099
Промислове обладнання та верстати;Зварювальне та паяльне обладнання;Зварювальні автомати та напівавтомати;;https://prom.ua/ua/Avtomaty-i-poluavtomaty-svarochnye;14400105
Промислове обладнання та верстати;Зварювальне та паяльне обладнання;Зварювальні апарати гарячого повітря;;https://prom.ua/ua/Ekstrudery-pressy;147104
Промислове обладнання та верстати;Зварювальне та паяльне обладнання;Зварювальні генератори;;https://prom.ua/ua/Generatory-svarochnye;14400107
Промислове обладнання та верстати;Зварювальне та паяльне обладнання;Зварювальні осцилятори;;https://prom.ua/ua/Ostsillyatory;400104
Промислове обладнання та верстати;Зварювальне та паяльне обладнання;Зварювальні реостати;;https://prom.ua/ua/Reostaty-svarochnye;14400104
Промислове обладнання та верстати;Зварювальне та паяльне обладнання;Зварювальні столи;;https://prom.ua/ua/Svarochnye-stoly;144015
Промислове обладнання та верстати;Зварювальне та паяльне обладнання;Зварювальні трансформатори;;https://prom.ua/ua/Transformatory-svarochnye;14400103
Промислове обладнання та верстати;Зварювальне та паяльне обладнання;Зварювальні інвертори;;https://prom.ua/ua/Invertor-svarochnyj;14400101
Промислове обладнання та верстати;Зварювальне та паяльне обладнання;Матеріали та комплектуючі для зварювання і паяння;Електроди;https://prom.ua/ua/Svarochnye-elektrody;142706
Промислове обладнання та верстати;Зварювальне та паяльне обладнання;Матеріали та комплектуючі для зварювання і паяння;Зварювальна хімія;https://prom.ua/ua/Svarochnaya-himiya;142714
Промислове обладнання та верстати;Зварювальне та паяльне обладнання;Матеріали та комплектуючі для зварювання і паяння;Зварювальний дріт;https://prom.ua/ua/Svarochnaya-provoloka;142709
Промислове обладнання та верстати;Зварювальне та паяльне обладнання;Матеріали та комплектуючі для зварювання і паяння;Зварювальні голівки;https://prom.ua/ua/Svarochnye-golovki;142707
Промислове обладнання та верстати;Зварювальне та паяльне обладнання;Матеріали та комплектуючі для зварювання і паяння;Зварювальні наконечники та сопла;https://prom.ua/ua/Svarochnye-nakonechniki;142713
Промислове обладнання та верстати;Зварювальне та паяльне обладнання;Матеріали та комплектуючі для зварювання і паяння;Зварювальні пальники та різаки;https://prom.ua/ua/Gorelki-dlya-svarochnyh-avtomatov-i-poluavtomatov;142712
Промислове обладнання та верстати;Зварювальне та паяльне обладнання;Матеріали та комплектуючі для зварювання і паяння;Зварювальні пістолети;https://prom.ua/ua/Svarochnye-pistolety;142704
Промислове обладнання та верстати;Зварювальне та паяльне обладнання;Матеріали та комплектуючі для зварювання і паяння;Клеми маси;https://prom.ua/ua/Klemmy-massy;142710
Промислове обладнання та верстати;Зварювальне та паяльне обладнання;Матеріали та комплектуючі для зварювання і паяння;Комплектуючі для зварювання та паяння;https://prom.ua/ua/Komplektuyuschie-dlya-svarki-i-pajki;142716
Промислове обладнання та верстати;Зварювальне та паяльне обладнання;Матеріали та комплектуючі для зварювання і паяння;Магнітні фіксатори;https://prom.ua/ua/Svarochnye-derzhateli;142702
Промислове обладнання та верстати;Зварювальне та паяльне обладнання;Матеріали та комплектуючі для зварювання і паяння;"Матеріали та комплектуючі для зварювання і паяння, загальне";https://prom.ua/ua/Drugie-materialy-i-komplektuyuschie-dlya-svarki-i-pajki;142799
Промислове обладнання та верстати;Зварювальне та паяльне обладнання;Матеріали та комплектуючі для зварювання і паяння;Направляючі канали для зварювального дроту;https://prom.ua/ua/Napravlyayuschie-kanaly-dlya-svarochnoj-provoloki;142715
Промислове обладнання та верстати;Зварювальне та паяльне обладнання;Матеріали та комплектуючі для зварювання і паяння;Насадки та жала для паяльників;https://prom.ua/ua/Nasadki-i-zhala-dlya-payalnikov;142711
Промислове обладнання та верстати;Зварювальне та паяльне обладнання;Матеріали та комплектуючі для зварювання і паяння;Тримачі для паяльників;https://prom.ua/ua/Derzhateli-dlya-payalnikov;142718
Промислове обладнання та верстати;Зварювальне та паяльне обладнання;Матеріали та комплектуючі для зварювання і паяння;Тримачі електродів;https://prom.ua/ua/Derzhateli-elektrodov;142701
Промислове обладнання та верстати;Зварювальне та паяльне обладнання;Матеріали та комплектуючі для зварювання і паяння;"Флюси, припій";https://prom.ua/ua/Flyusy-pripoj;142703
Промислове обладнання та верстати;Зварювальне та паяльне обладнання;Обладнання для автоматизації зварювання;;https://prom.ua/ua/Oborudovanie-dlya-avtomatizatsii;144016
Промислове обладнання та верстати;Зварювальне та паяльне обладнання;Обладнання для зварювання та паяння пластикових труб;;https://prom.ua/ua/Oborudovanie-dlya-svarki-plastmass;144007
Промислове обладнання та верстати;Зварювальне та паяльне обладнання;Обладнання для плазмового зварювання та різання;;https://prom.ua/ua/Apparaty-plazmennoj-svarki;144006
Промислове обладнання та верстати;Зварювальне та паяльне обладнання;Паяльне обладнання;"Паяльне обладнання, загальне";https://prom.ua/ua/Drugoe-payalnoe-oborudovanie;14400801
Промислове обладнання та верстати;Зварювальне та паяльне обладнання;Паяльне обладнання;Паяльні ванни;https://prom.ua/ua/Payalnye-vanny;14400806
Промислове обладнання та верстати;Зварювальне та паяльне обладнання;Паяльне обладнання;Паяльні лампи;https://prom.ua/ua/Payalnye-lampy;14400804
Промислове обладнання та верстати;Зварювальне та паяльне обладнання;Паяльне обладнання;Паяльні печі;https://prom.ua/ua/Payalnye-pechi;14400805
Промислове обладнання та верстати;Зварювальне та паяльне обладнання;Паяльне обладнання;Паяльні станції;https://prom.ua/ua/Payalnye-stantsii;14400802
Промислове обладнання та верстати;Зварювальне та паяльне обладнання;Системи видалення зварювальних газів;;https://prom.ua/ua/Cistemy-udaleniya-svarochnyh-gazov;144012
Промислове обладнання та верстати;Зварювальне та паяльне обладнання;Установки для аргонодугового зварювання;;https://prom.ua/ua/Svarochnye-ustanovki-dlya-argonno-dugovoj-svarki;14400502
Промислове обладнання та верстати;Комплектуючі для промислового обладнання та верстатів;Б/в комплектуючі для промислового обладнання та верстатів;;https://prom.ua/ua/Bu-komplektuyuschie-oborudovaniya-dlya-proizvodstva;432441
Промислове обладнання та верстати;Комплектуючі для промислового обладнання та верстатів;Деталі двигунів;;https://prom.ua/ua/Detali-dvigatelej;140130
Промислове обладнання та верстати;Комплектуючі для промислового обладнання та верстатів;Запасні частини для хімічного обладнання;;https://prom.ua/ua/Zapasnye-chasti-dlya-himicheskogo-oborudovaniya;1444
Промислове обладнання та верстати;Комплектуючі для промислового обладнання та верстатів;Комплектуючі для бурового обладнання;;https://prom.ua/ua/Komplektuyuschie-dlya-burovogo-oborudovaniya;9150404
Промислове обладнання та верстати;Комплектуючі для промислового обладнання та верстатів;Комплектуючі для вакуумного обладнання;;https://prom.ua/ua/Komplektuyuschie-dlya-vakuumnogo-oborudovaniya;1438
Промислове обладнання та верстати;Комплектуючі для промислового обладнання та верстатів;Комплектуючі для гальванічного обладнання;;https://prom.ua/ua/Komplektuyuschie-dlya-galvanicheskogo-oborudovaniya;140113
Промислове обладнання та верстати;Комплектуючі для промислового обладнання та верстатів;Комплектуючі для гірничого обладнання;;https://prom.ua/ua/Komplektuyuschie-dlya-gornogo-oborudovaniya;432420
Промислове обладнання та верстати;Комплектуючі для промислового обладнання та верстатів;Комплектуючі для електродвигунів;;https://prom.ua/ua/Komplektuyuschie-dlya-elektrodvigatelej;140136
Промислове обладнання та верстати;Комплектуючі для промислового обладнання та верстатів;Комплектуючі для енергозберігаючого обладнання;;https://prom.ua/ua/Komplektuyuschie-dlya-energosberegayuschego-oborudovaniya;140119
Промислове обладнання та верстати;Комплектуючі для промислового обладнання та верстатів;Комплектуючі для енергообладнання;;https://prom.ua/ua/Komplektuyuschie-dlya-energooborudovaniya;140110
Промислове обладнання та верстати;Комплектуючі для промислового обладнання та верстатів;Комплектуючі для кабельного обладнання;;https://prom.ua/ua/Komplektuyuschie-dlya-kabelnogo-oborudovaniya;140115
Промислове обладнання та верстати;Комплектуючі для промислового обладнання та верстатів;Комплектуючі для ковальсько-пресового обладнання;;https://prom.ua/ua/Nozhi-dlya-gilotinnyh-nozhnits;14260606
Промислове обладнання та верстати;Комплектуючі для промислового обладнання та верстатів;Комплектуючі для компресорів;;https://prom.ua/ua/Komplektuyuschie-dlya-kompressorov;140109
Промислове обладнання та верстати;Комплектуючі для промислового обладнання та верстатів;Комплектуючі для конвеєрів і транспортерів;;https://prom.ua/ua/Komplektuyuschie-dlya-konvejerov;140106
Промислове обладнання та верстати;Комплектуючі для промислового обладнання та верстатів;Комплектуючі для лазерного обладнання;;https://prom.ua/ua/Komplektuyuschie-dlya-lazernogo-oborudovaniya;140134
Промислове обладнання та верстати;Комплектуючі для промислового обладнання та верстатів;Комплектуючі для металургійного обладнання;;https://prom.ua/ua/Komplektuyuschie-dlya-metallurgicheskogo-oborudovaniya;432419
Промислове обладнання та верстати;Комплектуючі для промислового обладнання та верстатів;Комплектуючі для очищувачів повітря;;https://prom.ua/ua/Komplektuyuschie-dlya-vozduhoochistitelej;140101
Промислове обладнання та верстати;Комплектуючі для промислового обладнання та верстатів;Комплектуючі для промислових водонагрівачів;;https://prom.ua/ua/Komplektuyuschie-dlya-promyshlennyh-vodonagrevatelej;140114
Промислове обладнання та верстати;Комплектуючі для промислового обладнання та верстатів;"Комплектуючі для промислового обладнання та верстатів, загальне";;https://prom.ua/ua/Komplektuyuschie-dlya-promyshlennogo-oborudovaniya-obschee;140104
Промислове обладнання та верстати;Комплектуючі для промислового обладнання та верстатів;Комплектуючі для промислового прибирального обладнання;;https://prom.ua/ua/Komplektuyuschie-dlya-promyshlennogo-uborochnogo-oborudovaniya;140118
Промислове обладнання та верстати;Комплектуючі для промислового обладнання та верстатів;Комплектуючі для сепараторів;;https://prom.ua/ua/Komplektuyuschie-dlya-separatorov;140111
Промислове обладнання та верстати;Комплектуючі для промислового обладнання та верстатів;Комплектуючі для складського обладнання;;https://prom.ua/ua/Komplektuyuschie-dlya-skladskogo-oborudovaniya;140135
Промислове обладнання та верстати;Комплектуючі для промислового обладнання та верстатів;Комплектуючі для текстильного обладнання;;https://prom.ua/ua/Komplektuyuschie-dlya-tekstilnogo-oborudovaniya;432411
Промислове обладнання та верстати;Комплектуючі для промислового обладнання та верстатів;Комплектуючі для холодильного і теплообмінного обладнання;;https://prom.ua/ua/Komplektuyuschie-dlya-holodilnogo-i-teploobmennogo-oborudovaniya;140137
Промислове обладнання та верстати;Комплектуючі для промислового обладнання та верстатів;Комплектуючі для целюлозно-паперового обладнання;;https://prom.ua/ua/Komplektuyuschie-dlya-tsellyulozno-bumazhnogo-oborudovaniya;432428
Промислове обладнання та верстати;Комплектуючі для промислового обладнання та верстатів;Комплектуючі для швейного та вишивального обладнання;;https://prom.ua/ua/Komplektuyuschie-dlya-shvejnogo-oborudovaniya;432404
Промислове обладнання та верстати;Комплектуючі для промислового обладнання та верстатів;Комплектуючі для штампувального обладнання;;https://prom.ua/ua/Shtampy-dlya-pressov;14201513
Промислове обладнання та верстати;Комплектуючі для промислового обладнання та верстатів;Комплектуючі до обладнання для нанесення покриттів;;https://prom.ua/ua/Komplektuyuschie-k-oborudovaniyu-dlya-naneseniya-pokrytij;140112
Промислове обладнання та верстати;Комплектуючі для промислового обладнання та верстатів;Комплектуючі обладнання для виробництва будівельних матеріалів;;https://prom.ua/ua/Komplektuyuschie-oborudovaniya-dlya-proizvodstva-stroitelnyh-materialov;432415
Промислове обладнання та верстати;Комплектуючі для промислового обладнання та верстатів;Комплектуючі обладнання для виробництва напоїв;;https://prom.ua/ua/Komplektuyuschie-oborudovaniya-dlya-proizvodstva-napitkov;432416
Промислове обладнання та верстати;Комплектуючі для промислового обладнання та верстатів;Комплектуючі обладнання для виробництва паперових виробів;;https://prom.ua/ua/Komplektuyuschie-oborudovaniya-dlya-proizvodstva-bumazhnyh-izdelij;432429
Промислове обладнання та верстати;Комплектуючі для промислового обладнання та верстатів;Комплектуючі обладнання для виробництва пластикових виробів;;https://prom.ua/ua/Komplektuyuschie-oborudovaniya-dlya-proizvodstva-plastikovyh-izdelij;432432
Промислове обладнання та верстати;Комплектуючі для промислового обладнання та верстатів;Комплектуючі обладнання для обробки пластику;;https://prom.ua/ua/Komplektuyuschie-oborudovaniya-dlya-obrabotki-plastika;432430
Промислове обладнання та верстати;Комплектуючі для промислового обладнання та верстатів;Комплектуючі обладнання для обробки скла;;https://prom.ua/ua/Komplektuyuschie-oborudovaniya-dlya-proizvodstva-izdelij-iz-stekla;432426
Промислове обладнання та верстати;Комплектуючі для промислового обладнання та верстатів;Комплектуючі обладнання для роботи з гумою;;https://prom.ua/ua/Komplektuyuschie-oborudovaniya-dlya-raboty-s-rezinoj;432433
Промислове обладнання та верстати;Комплектуючі для промислового обладнання та верстатів;Комплектуючі обладнання для харчової промисловості;;https://prom.ua/ua/Komplektuyuschie-oborudovaniya-dlya-pischevoj-promyshlennosti;432417
Промислове обладнання та верстати;Комплектуючі для промислового обладнання та верстатів;Муфти мпвп та комплектуючі до них;;https://prom.ua/ua/Mufty-muvp-komplektuyuschie;140116
Промислове обладнання та верстати;Компресори;Відцентрові компресори;;https://prom.ua/ua/Kompressory-tsentrobezhnye;141006
Промислове обладнання та верстати;Компресори;Гвинтові компресори;;https://prom.ua/ua/Kompressory-vintovye;141003
Промислове обладнання та верстати;Компресори;Компресори високого тиску;;https://prom.ua/ua/Kompressory-vysokogo-davleniya;141012
Промислове обладнання та верстати;Компресори;"Компресори, загальне";;https://prom.ua/ua/Drugie-kompressory;141005
Промислове обладнання та верстати;Компресори;Компресорні станції;;https://prom.ua/ua/Kompressornye-stantsii;141004
Промислове обладнання та верстати;Компресори;Мембранні компресори;;https://prom.ua/ua/Kompressory-membrannye;141009
Промислове обладнання та верстати;Компресори;Поршневі компресори;;https://prom.ua/ua/Kompressory-porshnevye;141002
Промислове обладнання та верстати;Компресори;Спіральні компресори;;https://prom.ua/ua/Spiralnye-kompressory;141011
Промислове обладнання та верстати;Компресори;Холодильні компресори;;https://prom.ua/ua/Kompressory-holodilnye;141001
Промислове обладнання та верстати;Кранове обладнання;Баштові крани;;https://prom.ua/ua/Bashennye-krany;13040204
Промислове обладнання та верстати;Кранове обладнання;Будівельно-монтажні крани;;https://prom.ua/ua/Krany-stroitelno-montazhnye;13040203
Промислове обладнання та верстати;Кранове обладнання;Гусеничні крани;;https://prom.ua/ua/Gusenichnye-krany;13040202
Промислове обладнання та верстати;Кранове обладнання;Дистанційне керування кранами;;https://prom.ua/ua/Distantsionnoe-upravlenie-kranami;141103
Промислове обладнання та верстати;Кранове обладнання;Запасні частини та комплектуючі до кранового обладнання;;https://prom.ua/ua/Zapasnye-chasti-i-komplektuyuschie-dlya-avtokranov;341517
Промислове обладнання та верстати;Кранове обладнання;Козлові крани;;https://prom.ua/ua/Kozlovoj-kran;13040208
Промислове обладнання та верстати;Кранове обладнання;Консольні крани;;https://prom.ua/ua/Konsolnye-krany;142901
Промислове обладнання та верстати;Кранове обладнання;"Кранове обладнання, загальне";;https://prom.ua/ua/Kranovoe-oborudovanie-obschee;141102
Промислове обладнання та верстати;Кранове обладнання;Мостові крани;;https://prom.ua/ua/Mostovye-krany;13040209
Промислове обладнання та верстати;Кранове обладнання;Портальні крани;;https://prom.ua/ua/Portalnye-krany;141101
Промислове обладнання та верстати;Кранове обладнання;"Підйомники, лебідки, талі";;https://prom.ua/ua/Podemniki-lebedki;142907
Промислове обладнання та верстати;Лісозаготівельне обладнання ;;;https://prom.ua/ua/Mashiny-trelyovochnye;12902
Промислове обладнання та верстати;Маркувальне обладнання;Етикетувальне обладнання;Аплікатори етикеток;https://prom.ua/ua/Applikatory-etiketok;14320402
Промислове обладнання та верстати;Маркувальне обладнання;Етикетувальне обладнання;Етикет-пістолети;https://prom.ua/ua/Etiket-pistolety;14320403
Промислове обладнання та верстати;Маркувальне обладнання;Етикетувальне обладнання;"Етикетувальне обладнання, загальне";https://prom.ua/ua/Etiketirovochnoe-oborudovanie-obschee;14320404
Промислове обладнання та верстати;Маркувальне обладнання;Етикетувальне обладнання;Етикетувальні машини;https://prom.ua/ua/Etiketirovochnye-mashiny-1;14320401
Промислове обладнання та верстати;Маркувальне обладнання;Комплектуючі та аксесуари до маркувального обладнання;;https://prom.ua/ua/Komplektuyuschie-i-aksessuary-k-markirovochnomu-oborudovaniyu;143205
Промислове обладнання та верстати;Маркувальне обладнання;"Маркувальне обладнання, загальне";;https://prom.ua/ua/Markirovochnoe-oborudovanie-obschee;143203
Промислове обладнання та верстати;Маркувальне обладнання;Маркіратори;;https://prom.ua/ua/Termostrujnye-markiratory;14320207
Промислове обладнання та верстати;Металургійне обладнання;"Металургійне обладнання, загальне";;https://prom.ua/ua/Metallurgicheskoe-oborudovanie-obschee-1;91401
Промислове обладнання та верстати;"Обладнання для автозаправних станцій, нафтобаз";Заправні станції;;https://prom.ua/ua/Avtogazozapravochnye-stantsii;141204
Промислове обладнання та верстати;"Обладнання для автозаправних станцій, нафтобаз";Комплектуючі для паливороздавального обладнання;;https://prom.ua/ua/Toplivorazdatochnoe-oborudovanie;141201
Промислове обладнання та верстати;"Обладнання для автозаправних станцій, нафтобаз";"Обладнання для автозаправних станцій, нафтобаз, загальне";;https://prom.ua/ua/Oborudovanie-dlya-avtozapravochnyh-stantsij-neftebaz-obschee;1461
Промислове обладнання та верстати;"Обладнання для автозаправних станцій, нафтобаз";Обладнання для зливу/наливу нафтопродуктів;;https://prom.ua/ua/Oborudovanie-dlya-slivanaliva-nefteproduktov;141203
Промислове обладнання та верстати;Обладнання для видобувної промисловості;Бурове обладнання;Бурове долото;https://prom.ua/ua/Doloto-burovoe;9150403
Промислове обладнання та верстати;Обладнання для видобувної промисловості;Бурове обладнання;"Бурове обладнання, загальне";https://prom.ua/ua/Burovoe-oborudovanie-obschee;9150405
Промислове обладнання та верстати;Обладнання для видобувної промисловості;Бурове обладнання;Бурові коронки;https://prom.ua/ua/Koronki-burovye;9150407
Промислове обладнання та верстати;Обладнання для видобувної промисловості;Бурове обладнання;Бурові установки;https://prom.ua/ua/Burovye-ustanovki;9150401
Промислове обладнання та верстати;Обладнання для видобувної промисловості;Бурове обладнання;Комплектуючі для свердловин;https://prom.ua/ua/Komplektuyuschie-dlya-skvazhin-1;9150412
Промислове обладнання та верстати;Обладнання для видобувної промисловості;Бурове обладнання;Пневмоударники;https://prom.ua/ua/Pnevmoudarniki;9150408
Промислове обладнання та верстати;Обладнання для видобувної промисловості;Гірниче обладнання;Грохоти;https://prom.ua/ua/Grohota;91505
Промислове обладнання та верстати;Обладнання для видобувної промисловості;Гірниче обладнання;"Гірниче обладнання, загальне";https://prom.ua/ua/Drugoe-gornoe-oborudovanie;91501
Промислове обладнання та верстати;Обладнання для видобувної промисловості;Гірниче обладнання;Гірничо-шахтне обладнання;https://prom.ua/ua/Gorno-shahtnoe-oborudovanie;91503
Промислове обладнання та верстати;Обладнання для видобувної промисловості;Гірниче обладнання;Дробильне обладнання;https://prom.ua/ua/Drobilnoe-oborudovanie;91506
Промислове обладнання та верстати;Обладнання для видобувної промисловості;Гірниче обладнання;Обладнання для брикетування;https://prom.ua/ua/Oborudovanie-dlya-briketirovaniya;91507
Промислове обладнання та верстати;Обладнання для видобувної промисловості;Гірниче обладнання;Обладнання для промивання та обробки відсівів дроблення;https://prom.ua/ua/Oborudovanie-dlya-promyvki-i-obrabotki-otsevov-drobleniya;91509
Промислове обладнання та верстати;Обладнання для видобувної промисловості;Гірниче обладнання;Породонавантажувальне обладнання;https://prom.ua/ua/Porodopogruzochnoe-oborudovanie;91508
Промислове обладнання та верстати;Обладнання для видобувної промисловості;Гірниче обладнання;Сушильне обладнання для гірських порід;https://prom.ua/ua/Sushilnoe-oborudovanie-dlya-gornyh-porod;91510
Промислове обладнання та верстати;Обладнання для видобувної промисловості;Гірниче обладнання;Шахтна автоматика;https://prom.ua/ua/Shahtnaya-avtomatika;91502
Промислове обладнання та верстати;Обладнання для видобувної промисловості;"Обладнання для видобувної промисловості, загальне";;https://prom.ua/ua/Oborudovanie-dlya-dobyvayuschej-promyshlennosti-obschee;146201
Промислове обладнання та верстати;Обладнання для видобувної промисловості;Обладнання для газовидобутку;"Обладнання для газовидобутку, загальне";https://prom.ua/ua/Oborudovanie-dlya-gazodobychi-obschee;14620201
Промислове обладнання та верстати;Обладнання для видобувної промисловості;Обладнання для газовидобутку;Обладнання для підігріву газу;https://prom.ua/ua/Podogrevateli-gaza;13240603
Промислове обладнання та верстати;Обладнання для видобувної промисловості;Обладнання для газовидобутку;Установки випарні для скрапленого газу;https://prom.ua/ua/Ustanovki-isparitelnye-dlya-szhizhennogo-gaza;14620204
Промислове обладнання та верстати;Обладнання для видобувної промисловості;Обладнання для нафтовидобутку;;https://prom.ua/ua/Schetchiki-nefti;430103
Промислове обладнання та верстати;Обладнання для легкої промисловості;Обладнання для виробництва взуття;Устаткування для виготовлення взуття;https://prom.ua/ua/Instrumenty-dlya-izgotovleniya-obuvi;34404
Промислове обладнання та верстати;Обладнання для легкої промисловості;Швейне обладнання;Обладнання для розкрою та підготовки;https://prom.ua/ua/Raskrojnoe-oborudovanie;33002
Промислове обладнання та верстати;Обладнання для легкої промисловості;Швейне обладнання;Промислові швейні та вишивальні машини;https://prom.ua/ua/Promyshlennye-shvejnye-mashiny;329
Промислове обладнання та верстати;Обладнання для легкої промисловості;Шкіряно-галантерейне обладнання;;https://prom.ua/ua/Kozhevennoe-oborudovanie;4306
Промислове обладнання та верстати;Обладнання для фарбування та нанесення покриттів;;;https://prom.ua/ua/Oborudovanie-dlya-pokraski-i-naneseniya-pokrytij;81101
Промислове обладнання та верстати;Обладнання для харчової промисловості;Апарати шокового заморожування;;https://prom.ua/ua/Spiralnye-sistemy-zamorozki-i-ohlazhdeniya;145708
Промислове обладнання та верстати;Обладнання для харчової промисловості;Візки-шпильки;;https://prom.ua/ua/Kontejner-dlya-perevozki-gotovoj-hlebnoj-produktsii-kph;15031605
Промислове обладнання та верстати;Обладнання для харчової промисловості;Закаточне та консервне обладнання;;https://prom.ua/ua/Zakatochnoe-i-konservnoe-oborudovanie;22012
Промислове обладнання та верстати;Обладнання для харчової промисловості;Змішувачі для харчової промисловості;;https://prom.ua/ua/Smesiteli-dlya-pischevoj-promyshlennosti;22019
Промислове обладнання та верстати;Обладнання для харчової промисловості;Коптильне обладнання;;https://prom.ua/ua/Koptilnoe-oborudovanie;22010
Промислове обладнання та верстати;Обладнання для харчової промисловості;"Ножі, пилки, гаки для харчової промисловості";;https://prom.ua/ua/Nozhi-pily-kryuki-dlya-pischevoj-promyshlennosti;22026
Промислове обладнання та верстати;Обладнання для харчової промисловості;Обладнання для виробництва борошномельно-круп'яної продукції;Борошнопросіювачі;https://prom.ua/ua/Mukoproseivateli;2200702
Промислове обладнання та верстати;Обладнання для харчової промисловості;Обладнання для виробництва борошномельно-круп'яної продукції;Макаронні преси;https://prom.ua/ua/Makaronnye-pressy-1;2200704
Промислове обладнання та верстати;Обладнання для харчової промисловості;Обладнання для виробництва борошномельно-круп'яної продукції;Млини для борошна;https://prom.ua/ua/Melnitsy-dlya-muki;2200705
Промислове обладнання та верстати;Обладнання для харчової промисловості;Обладнання для виробництва борошномельно-круп'яної продукції;"Обладнання для виробництва борошномельно-круп'яної продукції, загальне";https://prom.ua/ua/Oborudovanie-dlya-proizvodstva-mukomolno-krupyanoj-produktsii-obschee;2200701
Промислове обладнання та верстати;Обладнання для харчової промисловості;Обладнання для виробництва напоїв;"Обладнання для виробництва напоїв, загальне";https://prom.ua/ua/Oborudovanie-dlya-proizvodstva-napitkov-;23101
Промислове обладнання та верстати;Обладнання для харчової промисловості;Обладнання для виробництва напоїв;Сатуратори;https://prom.ua/ua/Saturatory;23102
Промислове обладнання та верстати;Обладнання для харчової промисловості;Обладнання для виробництва напівфабрикатів;;https://prom.ua/ua/Oborudovanie-dlya-proizvodstva-polufabrikatov;22020
Промислове обладнання та верстати;Обладнання для харчової промисловості;Обладнання для виробництва олійно-жирової та крохмале-патокової продукції;;https://prom.ua/ua/Oborudovanie-dlya-proizvodstva-maslozhirovoj-i-krahmalo-patochnoj-produktsii;22003
Промислове обладнання та верстати;Обладнання для харчової промисловості;"Обладнання для миття, розливу, фасувально-пакувальних і складських операцій";Лінії розливу харчових рідин;https://prom.ua/ua/Linii-rozliva-pischevyh-zhydkostej;2201803
Промислове обладнання та верстати;Обладнання для харчової промисловості;"Обладнання для миття, розливу, фасувально-пакувальних і складських операцій";Обладнання для миття тари;https://prom.ua/ua/Oborudovanie-dlya-mojki-tary;2201802
Промислове обладнання та верстати;Обладнання для харчової промисловості;"Обладнання для миття, розливу, фасувально-пакувальних і складських операцій";Обладнання для миття харчових продуктів;https://prom.ua/ua/Oborudovanie-dlya-mojki-pischevyh-produktov;2201804
Промислове обладнання та верстати;Обладнання для харчової промисловості;"Обладнання для миття, розливу, фасувально-пакувальних і складських операцій";"Обладнання для миття, розливу, фасувально-пакувальних і складських операцій, загальне";https://prom.ua/ua/Oborudovanie-dlya-mojki-rozliva-fasovochno-upakovochnyh-i-skladskih-operatsij-obschee;2201801
Промислове обладнання та верстати;Обладнання для харчової промисловості;Обладнання для переробки відходів птахофабрик і тваринництва;;https://prom.ua/ua/Oborudovanie-dlya-pererabotki-othodov-ptitsefabrik-i-zhivotnovodstva;22016
Промислове обладнання та верстати;Обладнання для харчової промисловості;"Обладнання для переробки м'яса, виробництва м'ясопродуктів";Ін'єктори посолу;https://prom.ua/ua/Inektory-posola;2200603
Промислове обладнання та верстати;Обладнання для харчової промисловості;"Обладнання для переробки м'яса, виробництва м'ясопродуктів";"Обладнання для переробки м'яса, виробництва м'ясопродуктів, загальне";https://prom.ua/ua/Oborudovanie-dlya-pererabotki-myasa-proizvodstva-myasoproduktov-obschee;2200601
Промислове обладнання та верстати;Обладнання для харчової промисловості;"Обладнання для переробки м'яса, виробництва м'ясопродуктів";Обладнання для переробки птиці;https://prom.ua/ua/Oborudovanie-dlya-pererabotki;2200605
Промислове обладнання та верстати;Обладнання для харчової промисловості;"Обладнання для переробки м'яса, виробництва м'ясопродуктів";Обладнання для розморожування;https://prom.ua/ua/Oborudovanie-dlya-razmorozki;2200604
Промислове обладнання та верстати;Обладнання для харчової промисловості;"Обладнання для переробки молока, виробництва молокопродуктів";;https://prom.ua/ua/Oborudovanie-dlya-proizvodstva-kislomolochnyh-produktov;2200402
Промислове обладнання та верстати;Обладнання для харчової промисловості;Обладнання для переробки овочів та фруктів;"Лінії з передпродажної підготовки овочів, ягід, фруктів";https://prom.ua/ua/Linii-po-predprodazhnoj-podgotovke-ovoschej;2200103
Промислове обладнання та верстати;Обладнання для харчової промисловості;Обладнання для переробки овочів та фруктів;"Обладнання для переробки овочів та фруктів, загальне";https://prom.ua/ua/Oborudovanie-dlya-pererabotki-ovoschej-i-fruktov-obschee;2200101
Промислове обладнання та верстати;Обладнання для харчової промисловості;Обладнання для переробки риби та інших морепродуктів;;https://prom.ua/ua/Shkurosemnye-mashiny;2200201
Промислове обладнання та верстати;Обладнання для харчової промисловості;Обладнання для переробки яєць;;https://prom.ua/ua/Oborudovanie-dlya-yaits;22027
Промислове обладнання та верстати;Обладнання для харчової промисловості;"Обладнання для харчової промисловості, загальне";;https://prom.ua/ua/Drugoe-oborudovanie-dlya-pischevoj-promyshlennosti;22008
Промислове обладнання та верстати;Обладнання для харчової промисловості;Обладнання для хлібобулочних та кондитерських виробів;Обладнання для виробництва борошняних виробів;https://prom.ua/ua/Oborudovanie-dlya-proizvodstva-muchnyh-izdelij;6430502
Промислове обладнання та верстати;Обладнання для харчової промисловості;Обладнання для хлібобулочних та кондитерських виробів;Обладнання для виробництва кондитерських виробів;https://prom.ua/ua/Oborudovanie-dlya-proizvodstva-konditerskih-izdelij;6430503
Промислове обладнання та верстати;Обладнання для харчової промисловості;Обладнання для хлібобулочних та кондитерських виробів;"Обладнання для хлібобулочних та кондитерських виробів, загальне";https://prom.ua/ua/Oborudovanie-dlya-hlebobulochnyh-i-konditerskih-izdelij-obschee;6430501
Промислове обладнання та верстати;Обладнання для харчової промисловості;Пастеризаційно-охолоджувальне обладнання для харчових продуктів;;https://prom.ua/ua/Pasterizatsionno-ohladitelnoe-oborudovanie-dlya-pischevyh-produktov;22022
Промислове обладнання та верстати;Обладнання для харчової промисловості;Промислове обладнання для оброблення та нарізання продуктів харчування;;https://prom.ua/ua/Mnogotselevye-mashiny-dlya-narezki;22014
Промислове обладнання та верстати;Обладнання для харчової промисловості;Сортувальне обладнання для продуктів харчування;;https://prom.ua/ua/Cortirovochnoe-oborudovanie-dlya-produktov-pitaniya;22021
Промислове обладнання та верстати;Обладнання для харчової промисловості;Сушильне обладнання для харчової промисловості;;https://prom.ua/ua/Sushilnoe-oborudovanie-dlya-pischevoj-promyshlennosti;22011
Промислове обладнання та верстати;Пакувальне та фасувальне обладнання;Аксесуари для пакування;;https://prom.ua/ua/Klipsatory;230716
Промислове обладнання та верстати;Пакувальне та фасувальне обладнання;Вакуумне пакувальне обладнання;;https://prom.ua/ua/Vakuumnoe-upakovochnoe-oborudovanie;230733
Промислове обладнання та верстати;Пакувальне та фасувальне обладнання;Зашивочне обладнання;;https://prom.ua/ua/Zashivochnoe-oborudovanie;230732
Промислове обладнання та верстати;Пакувальне та фасувальне обладнання;Комплектуючі для пакувального обладнання;;https://prom.ua/ua/Komplektuyuschie-dlya-upakovochnogo-oborudovaniya;432421
Промислове обладнання та верстати;Пакувальне та фасувальне обладнання;Обладнання для виробництва пакетів;;https://prom.ua/ua/Oborudovanie-dlya-proizvodstva-paketov;3808
Промислове обладнання та верстати;Пакувальне та фасувальне обладнання;Пакувальне обладнання;;https://prom.ua/ua/Upakovochnye-mashiny;230710
Промислове обладнання та верстати;Пакувальне та фасувальне обладнання;"Пакувальне та фасувальне обладнання, загальне";;https://prom.ua/ua/Drugoe-upakovochnoe-i-fasovochnoe-oborudovanie;230705
Промислове обладнання та верстати;Пакувальне та фасувальне обладнання;Стрепінг обладнання;;https://prom.ua/ua/Strepping-lenta;230727
Промислове обладнання та верстати;Пакувальне та фасувальне обладнання;Термопакувальне обладнання;;https://prom.ua/ua/Zapajschiki;230723
Промислове обладнання та верстати;Пакувальне та фасувальне обладнання;Фасувально-дозувальне обладнання;;https://prom.ua/ua/Fasovochno-upakovochnoe-oborudovanie;230709
Промислове обладнання та верстати;Промислове кліматичне обладнання;Комплектуючі для промислового кліматичного обладнання;;https://prom.ua/ua/Komplektuyuschie-dlya-konditsionerov;140103
Промислове обладнання та верстати;Промислове кліматичне обладнання;Повітряні теплові завіси;;https://prom.ua/ua/Vozdushnye-teplovye-zavesy;14240203
Промислове обладнання та верстати;Промислове кліматичне обладнання;"Промислове кліматичне обладнання, загальне";;https://prom.ua/ua/Promyshlennoe-klimaticheskoe-oborudovanie-obschee;145301
Промислове обладнання та верстати;Промислове кліматичне обладнання;Промислові кондиціонери;Дахові кондиціонери;https://prom.ua/ua/Konditsionery-kryshnye;14650202
Промислове обладнання та верстати;Промислове кліматичне обладнання;Промислові кондиціонери;Мультизональні системи;https://prom.ua/ua/Multizonalnye-sistemy;14650207
Промислове обладнання та верстати;Промислове кліматичне обладнання;Промислові кондиціонери;Прецизійні кондиціонери;https://prom.ua/ua/Pretsizionnye-konditsionery;14650201
Промислове обладнання та верстати;Промислове кліматичне обладнання;Промислові кондиціонери;"Промислові кондиціонери, загальне";https://prom.ua/ua/Drugie-promyshlennye-konditsionery-1;14650208
Промислове обладнання та верстати;Промислове кліматичне обладнання;Промислові кондиціонери;Фанкойли;https://prom.ua/ua/Fankojly;14650206
Промислове обладнання та верстати;Промислове кліматичне обладнання;Промислові кондиціонери;Центральні кондиціонери;https://prom.ua/ua/Konditsionery-tsentralnye;14650204
Промислове обладнання та верстати;Промислове кліматичне обладнання;Промислові кондиціонери;Чилери;https://prom.ua/ua/Chillery;14650205
Промислове обладнання та верстати;Промислове кліматичне обладнання;Промислові кондиціонери;Шафові кондиціонери;https://prom.ua/ua/Konditsionery-shkafnye;14650203
Промислове обладнання та верстати;Промислове кліматичне обладнання;Теплові гармати та нагрівачі;Аксесуари для теплових гармат;https://prom.ua/ua/Aksessuary-dlya-teplovyh-pushek;14150504
Промислове обладнання та верстати;Промислове кліматичне обладнання;Теплові гармати та нагрівачі;Корпусні рідкопаливні нагрівачі;https://prom.ua/ua/Korpusnye-nagrevateli-zhidkotoplivnye;14150503
Промислове обладнання та верстати;Промислове кліматичне обладнання;Теплові гармати та нагрівачі;Тепловентилятори з водяним нагрівом;https://prom.ua/ua/Teploventilyatory-s-vodyanym-nagrevom;142106
Промислове обладнання та верстати;Промислове кліматичне обладнання;Теплові гармати та нагрівачі;Теплові гармати;https://prom.ua/ua/Teplovye-pushki-gazovye;14150501
Промислове обладнання та верстати;Промислове кліматичне обладнання;Теплові гармати та нагрівачі;"Теплові гармати та нагрівачі, загальне";https://prom.ua/ua/Teplovye-pushki-obschee;14150506
Промислове обладнання та верстати;"Промислове обладнання та верстати, загальне";;;https://prom.ua/ua/Drugoe-promyshlennoe-oborudovanie;1451
Промислове обладнання та верстати;Промислове прибиральне та очисне обладнання;Запасні частини та комплектуючі для прибирального обладнання;;https://prom.ua/ua/Zapasnye-chasti-komplektuyuschie;147012
Промислове обладнання та верстати;Промислове прибиральне та очисне обладнання;Машини для миття підлоги;;https://prom.ua/ua/Polomoechnye-mashiny;147003
Промислове обладнання та верстати;Промислове прибиральне та очисне обладнання;Машини для прочищення труб;;https://prom.ua/ua/Mashiny-dlya-prochistki-trub;144803
Промислове обладнання та верстати;Промислове прибиральне та очисне обладнання;Обладнання для миття деталей;;https://prom.ua/ua/Oborudovanie-dlya-mojki-detalej;147011
Промислове обладнання та верстати;Промислове прибиральне та очисне обладнання;Обладнання для переробки та утилізації відходів;;https://prom.ua/ua/Oborudovanie-dlya-termicheskoj;110402
Промислове обладнання та верстати;Промислове прибиральне та очисне обладнання;Обладнання для сортування та переробки вторсировини;;https://prom.ua/ua/Oborudovanie-dlya-sortirovki-i-pererabotki-musora;147010
Промислове обладнання та верстати;Промислове прибиральне та очисне обладнання;Парогенератори професійні;;https://prom.ua/ua/Parogeneratory-promyshlennye-i-professionalnye;147008
Промислове обладнання та верстати;Промислове прибиральне та очисне обладнання;"Промислове прибиральне та очисне обладнання, загальне";;https://prom.ua/ua/Promyshlennoe-uborochnoe-i-ochistitelnoe-oborudovanie-obschee;144801
Промислове обладнання та верстати;Промислове прибиральне та очисне обладнання;Промислові очищувачі повітря;"Пиловловлювачі, аспіраційні установки";https://prom.ua/ua/Pyleulavlivateli;142212
Промислове обладнання та верстати;Промислове прибиральне та очисне обладнання;Промислові очищувачі повітря;Промислові зволожувачі повітря;https://prom.ua/ua/Promyshlennye-uvlazhniteli-vozduha;140202
Промислове обладнання та верстати;Промислове прибиральне та очисне обладнання;Промислові очищувачі повітря;Промислові осушувачі повітря;https://prom.ua/ua/Promyshlennye-osushiteli-vozduha;140203
Промислове обладнання та верстати;Промислове прибиральне та очисне обладнання;Промислові очищувачі повітря;"Промислові очищувачі повітря, загальне";https://prom.ua/ua/Drugie-promyshlennye-vozduhoochistiteli;14020103
Промислове обладнання та верстати;Промислове прибиральне та очисне обладнання;Промислові очищувачі повітря;Промислові системи очищення та іонізації повітря;https://prom.ua/ua/Promyshlennye-sistemy-ozonirovaniya-vozduha;14020101
Промислове обладнання та верстати;Промислове прибиральне та очисне обладнання;Промислові пилососи;;https://prom.ua/ua/Professionalnye-pylesosy;147002
Промислове обладнання та верстати;Промислове прибиральне та очисне обладнання;Промислові системи туманоутворення;;https://prom.ua/ua/Promyshlennye-sistemy-tumanoobrazovaniya;147007
Промислове обладнання та верстати;Промислове прибиральне та очисне обладнання;Протиральні матеріали для промисловості;;https://prom.ua/ua/Protirochnye-materialy-dlya-promyshlennosti;144804
Промислове обладнання та верстати;Промислове прибиральне та очисне обладнання;Підмітальні машини;;https://prom.ua/ua/Podmetalnye-mashiny;147006
Промислове обладнання та верстати;Промислове прибиральне та очисне обладнання;Фільтрувальні матеріали;Фільтрувальна сітка;https://prom.ua/ua/Filtrovalnaya-setka;143305
Промислове обладнання та верстати;Промислове прибиральне та очисне обладнання;Фільтрувальні матеріали;Фільтрувальна тканина;https://prom.ua/ua/Filtrovalnaya-tkan;143303
Промислове обладнання та верстати;Промислове прибиральне та очисне обладнання;Фільтрувальні матеріали;Фільтрувальний папір;https://prom.ua/ua/Filtrovalnaya-bumaga;143306
Промислове обладнання та верстати;Промислове прибиральне та очисне обладнання;Фільтрувальні матеріали;"Фільтрувальні матеріали, загальне";https://prom.ua/ua/Drugie-filtrovalnye-materialy;143399
Промислове обладнання та верстати;Промислове прибиральне та очисне обладнання;Фільтрувальні матеріали;Фільтрувальні мембрани;https://prom.ua/ua/Filtrovalnye-membrany;143304
Промислове обладнання та верстати;Промислове прибиральне та очисне обладнання;Фільтрувальні матеріали;Фільтрувальні мішки;https://prom.ua/ua/Filtrovalnye-meshki;143302
Промислове обладнання та верстати;Промислове термічне обладнання;Лабораторне термічне обладнання;;https://prom.ua/ua/Laboratornoe-termicheskoe-oborudovanie;143703
Промислове обладнання та верстати;Промислове термічне обладнання;"Промислове термічне обладнання, загальне";;https://prom.ua/ua/Promyshlennoe-termicheskoe-oborudovanie-obschee;143708
Промислове обладнання та верстати;Промислове термічне обладнання;Промислові печі для випалу кераміки та порцеляни;;https://prom.ua/ua/Promyshlennye-pechi-dlya-obzhiga-keramiki-i-farfora;143704
Промислове обладнання та верстати;Промислове термічне обладнання;Промислові печі для плавлення;;https://prom.ua/ua/Promyshlennye-pechi-dlya-plavki;143706
Промислове обладнання та верстати;Промислове термічне обладнання;Промислові печі для сушіння;;https://prom.ua/ua/Promyshlennye-pechi-dlya-sushki;143705
Промислове обладнання та верстати;Промислове термічне обладнання;Промислові печі для термообробки металів та сплавів;;https://prom.ua/ua/Promyshlennye-pechi-dlya-termoobrabotki-metallov-i-splavov;143701
Промислове обладнання та верстати;Промислові насоси;Вакуумні промислові насоси;;https://prom.ua/ua/Nasosy-vakuumnye;142501
Промислове обладнання та верстати;Промислові насоси;Вихрові промислові насоси;;https://prom.ua/ua/Vihrevye-nasosy;14030102
Промислове обладнання та верстати;Промислові насоси;Відцентрові промислові насоси;;https://prom.ua/ua/Nasosy-tsentrobezhnye;14030105
Промислове обладнання та верстати;Промислові насоси;Гвинтові промислові насоси;;https://prom.ua/ua/Vintovye-nasosy;14031501
Промислове обладнання та верстати;Промислові насоси;"Деталі промислових насосів, помп";;https://prom.ua/ua/Nasosy-pompy;4104
Промислове обладнання та верстати;Промислові насоси;"Діафрагмові, мембранні промислові насоси";;https://prom.ua/ua/Diafragmennye-nasosy;140313
Промислове обладнання та верстати;Промислові насоси;Насоси-дозатори;;https://prom.ua/ua/Nasosy-dozatory;147603
Промислове обладнання та верстати;Промислові насоси;Насосні станції;;https://prom.ua/ua/Nasosnye-stantsii;140305
Промислове обладнання та верстати;Промислові насоси;Пластинчасті промислові насоси;;https://prom.ua/ua/Nasosy-plastinchatye;14030104
Промислове обладнання та верстати;Промислові насоси;Поршневі та плунжерні насоси;;https://prom.ua/ua/Nasosy-porshnevye;14030103
Промислове обладнання та верстати;Промислові насоси;"Промислові насоси, загальне";;https://prom.ua/ua/Promyshlennye-nasosy-obschee;147601
Промислове обладнання та верстати;Промислові насоси;Роторно-поршневі промислові насоси;;https://prom.ua/ua/Rotorno-porshnevye-nasosy;14030107
Промислове обладнання та верстати;Промислові насоси;Свердловинні насоси;;https://prom.ua/ua/Skvazhinnye-nasosy;140309
Промислове обладнання та верстати;Промислові насоси;Харчові насоси;;https://prom.ua/ua/Pischevye-nasosy;147602
Промислове обладнання та верстати;Промислові насоси;Циркуляційні промислові насоси;;https://prom.ua/ua/Tsirkulyatsionnye-nasosy;140307
Промислове обладнання та верстати;Промислові насоси;Шестеренні промислові насоси;;https://prom.ua/ua/Nasosy-shesterennye;14030101
Промислове обладнання та верстати;Промислові роботи;;;https://prom.ua/ua/Promyshlennye-roboty;1474
Промислове обладнання та верстати;Промислові фільтри;;;https://prom.ua/ua/Promyshlennye-filtry;1405
Промислове обладнання та верстати;Резервуари та баки;Бочкові насоси;;https://prom.ua/ua/Bochkovye-nasosy;140310
Промислове обладнання та верстати;Резервуари та баки;Деаераторні баки;;https://prom.ua/ua/Deaeratornye-baki;145004
Промислове обладнання та верстати;Резервуари та баки;Резервуари для зберігання води;;https://prom.ua/ua/Rezervuary-dlya-hraneniya-vody;1430
Промислове обладнання та верстати;Резервуари та баки;Резервуари для зберігання пмм;;https://prom.ua/ua/Rezervuary-dlya-hraneniya-gsm;1419
Промислове обладнання та верстати;Резервуари та баки;Резервуари та баки для зберігання токсичних речовин;;https://prom.ua/ua/Rezervuary-i-baki-dlya-hraneniya-toksichnyh-veschestv;145003
Промислове обладнання та верстати;Резервуари та баки;Резервуари та баки для харчової промисловості;;https://prom.ua/ua/Rezervuary-i-baki-dlya-pischevoj-promyshlennosti;145002
Промислове обладнання та верстати;Резервуари та баки;"Резервуари та баки, загальне";;https://prom.ua/ua/Rezervuary-i-baki-obschee;145001
Промислове обладнання та верстати;Складське обладнання;Автомобілерозвантажувальні платформи;;https://prom.ua/ua/Avtomobilerazgruzochnye-platformy;142919
Промислове обладнання та верстати;Складське обладнання;Гідравлічні ручні візки;;https://prom.ua/ua/Gidravlicheskie-ruchnye-telezhki;142915
Промислове обладнання та верстати;Складське обладнання;Домкрати;;https://prom.ua/ua/Lebedki-i-domkraty;142910
Промислове обладнання та верстати;Складське обладнання;Завіси пвх;;https://prom.ua/ua/Zavesy-pvh;142914
Промислове обладнання та верстати;Складське обладнання;Комплектуючі для візків;;https://prom.ua/ua/Komplektuyuschie-dlya-telezhek;240659
Промислове обладнання та верстати;Складське обладнання;Перевантажувальне обладнання;Перевантажувальне обладнання;https://prom.ua/ua/Peredvizhnye-rampy;14291804
Промислове обладнання та верстати;Складське обладнання;Промислово-складські ваги;Палетні ваги;https://prom.ua/ua/Vesy-paletnye;15371118
Промислове обладнання та верстати;Складське обладнання;Промислово-складські ваги;Платформні ваги;https://prom.ua/ua/Vesy-platformennye;15371111
Промислове обладнання та верстати;Складське обладнання;Промислово-складські ваги;"Промислово-складські ваги, загальне";https://prom.ua/ua/Promyshlenno-skladskie-vesy-obschee;14292001
Промислове обладнання та верстати;Складське обладнання;Промислово-складські ваги;Стрижневі ваги;https://prom.ua/ua/Vesy-sterzhnevye;14292002
Промислове обладнання та верстати;Складське обладнання;Промислові стелажі;;https://prom.ua/ua/Polochnye-stellazhi;14290202
Промислове обладнання та верстати;Складське обладнання;Ручні візки;;https://prom.ua/ua/Ruchnye-telezhki;142904
Промислове обладнання та верстати;Складське обладнання;"Складське обладнання, загальне";;https://prom.ua/ua/Drugoe-skladskoe-oborudovanie;142905
Промислове обладнання та верстати;Складське обладнання;Складські контейнери;;https://prom.ua/ua/Skladskie-kontejnery;142909
Промислове обладнання та верстати;Складське обладнання;Складські навантажувачі;;https://prom.ua/ua/Pogruzchiki-skladskie;142913
Промислове обладнання та верстати;Складське обладнання;Складські ножичні підйомники;;https://prom.ua/ua/Podemnye-stoly-i-telezhki;142908
Промислове обладнання та верстати;Складське обладнання;"Штабелери, електровізки для палет";;https://prom.ua/ua/Pogruzchiki-i-shtabelery;142906
Промислове обладнання та верстати;Технологічне обладнання;Вакуумне обладнання;"Вакуумне обладнання, загальне";https://prom.ua/ua/Vakuumnoe-oborudovanie-obschee;1439
Промислове обладнання та верстати;Технологічне обладнання;Вакуумне обладнання;Вакуумні прилади;https://prom.ua/ua/Vakuumnye-pribory;142502
Промислове обладнання та верстати;Технологічне обладнання;Вакуумне обладнання;Вакуумні системи;https://prom.ua/ua/Vakuumnye-sistemy;142503
Промислове обладнання та верстати;Технологічне обладнання;Виробничі лінії;;https://prom.ua/ua/Proizvodstvennye-linii;144501
Промислове обладнання та верстати;Технологічне обладнання;Генератори технічних газів;;https://prom.ua/ua/Generatory-tehnicheskih-gazov;144503
Промислове обладнання та верстати;Технологічне обладнання;Гранулятори;;https://prom.ua/ua/Granulyatory;147105
Промислове обладнання та верстати;Технологічне обладнання;"Гідропневмоабразивне обладнання, загальне";;https://prom.ua/ua/Gidropnevmoabrazivnoe-oborudovanie-obschee;1443
Промислове обладнання та верстати;Технологічне обладнання;Кантувачі;;https://prom.ua/ua/Kantovateli;4316
Промислове обладнання та верстати;Технологічне обладнання;"Конвеєри, транспортери";;https://prom.ua/ua/Konvejery-transportery;1457
Промислове обладнання та верстати;Технологічне обладнання;Конвеєрні стрічки;;https://prom.ua/ua/Konvejernye-lenty;145709
Промислове обладнання та верстати;Технологічне обладнання;Лазерне обладнання;"Лазерне обладнання, загальне";https://prom.ua/ua/Lazernoe-oborudovanie-obschee;1447
Промислове обладнання та верстати;Технологічне обладнання;Лазерне обладнання;Обладнання для лазерного гравіювання;https://prom.ua/ua/Lazernaya-gravirovka-1;52002
Промислове обладнання та верстати;Технологічне обладнання;Лазерне обладнання;Обладнання для лазерного різання;https://prom.ua/ua/Lazernaya-rezka;52001
Промислове обладнання та верстати;Технологічне обладнання;Обладнання для прочищення та телеінспекції трубопроводів;;https://prom.ua/ua/Oborudovanie-dlya-prochistki-i-teleinspektsii-truboprovodov;144504
Промислове обладнання та верстати;Технологічне обладнання;Обладнання для різання та перемотування рулонних матеріалів;;https://prom.ua/ua/Oborudovanie-dlya-rezki-i-peremotki-rulonnyh-materialov;1436
Промислове обладнання та верстати;Технологічне обладнання;Панелі оператора;;https://prom.ua/ua/Paneli-operatora;1414
Промислове обладнання та верстати;Технологічне обладнання;Промислове обладнання для спеціального ремонту;Обладнання для будівництва та ремонту трубопроводів;https://prom.ua/ua/Oborudovanie-dlya-stroitelstva-i-remonta-truboprovodov;1435
Промислове обладнання та верстати;Технологічне обладнання;Промислові установки для вирощування кристалів;;https://prom.ua/ua/Promyshlennye-ustanovki-dlya-vyraschivaniya-kristallov;1464
Промислове обладнання та верстати;Технологічне обладнання;Піскоструминне обладнання;Комплектуючі до піскоструминного обладнання;https://prom.ua/ua/Sopla-dlya-peskostrujnyh-apparatov;14171603
Промислове обладнання та верстати;Технологічне обладнання;Піскоструминне обладнання;"Піскоструминне обладнання, загальне";https://prom.ua/ua/Peskostrujnoe-oborudovanie-obschee;1442
Промислове обладнання та верстати;Технологічне обладнання;Піскоструминне обладнання;Піскоструминні камери;https://prom.ua/ua/Peskostrujnye-kamery;14171601
Промислове обладнання та верстати;Технологічне обладнання;Піскоструминне обладнання;Піскоструминні пересувні апарати;https://prom.ua/ua/Peskostrujnye-apparaty-peredvizhnye;14171602
Промислове обладнання та верстати;Технологічне обладнання;Сепаратори;Зерноочисні сепаратори;https://prom.ua/ua/Separatory-zernoochistitelnye;142303
Промислове обладнання та верстати;Технологічне обладнання;Сепаратори;Магнітні сепаратори;https://prom.ua/ua/Separatory-magnitnye;142302
Промислове обладнання та верстати;Технологічне обладнання;Сепаратори;Сепаратори жиру;https://prom.ua/ua/Separator-zhira;142306
Промислове обладнання та верстати;Технологічне обладнання;Сепаратори;Сепаратори зважених речовин;https://prom.ua/ua/Separatory-vzveshennyh-veschestv;142308
Промислове обладнання та верстати;Технологічне обладнання;Сепаратори;Сепаратори нафтопродуктів;https://prom.ua/ua/Separatory-topliva;142304
Промислове обладнання та верстати;Технологічне обладнання;Сепаратори;Сепаратори повітря;https://prom.ua/ua/Separatory-vozduha;142301
Промислове обладнання та верстати;Технологічне обладнання;Сепаратори;"Сепаратори, загальне";https://prom.ua/ua/Drugie-separatory;142305
Промислове обладнання та верстати;Технологічне обладнання;"Технологічне обладнання, загальне";;https://prom.ua/ua/Tehnologicheskoe-oborudovanie-obschee;144502
Промислове обладнання та верстати;Технологічне обладнання;Форсунки для промислового обладнання;;https://prom.ua/ua/Forsunki-dlya-promyshlennogo-oborudovaniya;141804
Промислове обладнання та верстати;Фармацевтичне обладнання;;;https://prom.ua/ua/Granulyatory-farmatsevticheskie;161508
Промислове обладнання та верстати;Хімічне обладнання;Ємності високого тиску;;https://prom.ua/ua/Sosudy-vysokogo-davleniya;141608
Промислове обладнання та верстати;Хімічне обладнання;Газобалонне обладнання;Балони для зберігання газів;https://prom.ua/ua/Gazovye-ballony;14160401
Промислове обладнання та верстати;Хімічне обладнання;Газобалонне обладнання;"Газобалонне обладнання, загальне";https://prom.ua/ua/Gazoballonnoe-oborudovanie-obschee;141612
Промислове обладнання та верстати;Хімічне обладнання;Газобалонне обладнання;Комплектуючі для газобалонного обладнання;https://prom.ua/ua/Komplektuyuschie-dlya-gazoballonnogo-oborudovaniya;141611
Промислове обладнання та верстати;Хімічне обладнання;Змішувальне обладнання;;https://prom.ua/ua/Smesitelnoe-oborudovanie;141607
Промислове обладнання та верстати;Хімічне обладнання;Обладнання для сушіння хімічних сполук;;https://prom.ua/ua/Oborudovanie-dlya-sushki;141603
Промислове обладнання та верстати;Хімічне обладнання;Обладнання для сховищ хімреактивів;;https://prom.ua/ua/Oborudovanie-dlya-hranilisch-himreaktivov;141601
Промислове обладнання та верстати;Хімічне обладнання;Хімічне аналітичне обладнання;;https://prom.ua/ua/Himicheskoe-analiticheskoe-oborudovanie;141613
Промислове обладнання та верстати;Хімічне обладнання;"Хімічне обладнання, загальне";;https://prom.ua/ua/Drugoe-himicheskoe-oborudovanie;141699
Промислові послуги;Виробництво гумотехнічних виробів;;;https://prom.ua/ua/Proizvodstvo-rezinotehnicheskih-izdelij;282090
Промислові послуги;Гравірувальні роботи;;;https://prom.ua/ua/Gravirovalnye-raboty;282034
Промислові послуги;Послуги деревообробки;;;https://prom.ua/ua/Tokarnye-raboty-po-derevu;282031
Промислові послуги;Послуги з обробки каменю;;;https://prom.ua/ua/Uslugi-po-obrabotke-kamnej;284220
Промислові послуги;Послуги обробки композитних матеріалів;;;https://prom.ua/ua/Uslugi-obrabotki-kompozitnyh-materialov;282041
Промислові послуги;Послуги обробки пластмас;;;https://prom.ua/ua/Lite-plastmass;282039
Промислові послуги;Послуги обробки скла;;;https://prom.ua/ua/Uslugi-po-obrabotki-stekla;282067
Промислові послуги;Послуги підприємств легкої промисловості;Послуги підприємств легкої промисловості;;https://prom.ua/ua/Uslugi-raskroya-tekstilya;282076
Промислові послуги;Послуги підприємств харчової промисловості;;;https://prom.ua/ua/Uslugi-predpriyatij-pischevoj-promyshlennosti;282071
Промислові послуги;Послуги піскоструминної і гідроструменевої обробки поверхонь;;;https://prom.ua/ua/Uslugi-peskostrujnoj-ochistki-poverhnostej;280259
Промислові послуги;Послуги фарбування та нанесення покриттів;;;https://prom.ua/ua/Poroshkovaya-pokraska;282021
Промислові послуги;Послуги із забезпечення охорони праці;;;https://prom.ua/ua/Uslugi-razrabotki-planov;282094
Промислові послуги;Проектно-конструкторські та технологічні роботи;;;https://prom.ua/ua/Proektno-konstruktorskie-i-tehnologicheskie-raboty;282003
Промислові послуги;"Промислові послуги, загальне";;;https://prom.ua/ua/Drugie-promyshlennye-uslugi;282027
Промислові послуги;Розробка і виготовлення електроніки;;;https://prom.ua/ua/Razrabotka-i-izgotovlenie-elektroniki;282047
Промислові послуги;Токарно-фрезерні роботи по металу;;;https://prom.ua/ua/Tokarno-frezernye-raboty-po-metallu;282012
"Реклама, маркетинг, pr";Pr послуги;;;https://prom.ua/ua/Pr-yslugi;2838
"Реклама, маркетинг, pr";Копірайтинг і рерайтинг;;;https://prom.ua/ua/Kopirajting-i-rerajting;281964
"Реклама, маркетинг, pr";Маркетингові послуги;;;https://prom.ua/ua/Internet-reklama;280610
"Реклама, маркетинг, pr";Послуги рекламних агентств;;;https://prom.ua/ua/Reklamnye-agentstva;281917
"Реклама, маркетинг, pr";"Рекламні послуги, загальне";;;https://prom.ua/ua/Drugie-reklamnye-uslugi;281918
Ремонт і обслуговування техніки та обладнання;Ремонт обладнання для сфери обслуговування;;;https://prom.ua/ua/Remont-i-obsluzhivanie-meditsinskoj-tehniki;282309
Ремонт і обслуговування техніки та обладнання;Ремонт та обслуговування офісної техніки;;;https://prom.ua/ua/Zapravka-i-vosstanovlenie-kartridzhej;282335
Ремонт і обслуговування техніки та обладнання;Ремонт та обслуговування промислового обладнання;;;https://prom.ua/ua/Remont-montazh-i-naladka-elektrotehnicheskogo-oborudovaniya;28200105
Ремонт і обслуговування техніки та обладнання;Ремонт та технічне обслуговування автотранспорту;Діагностика та ремонт двигуна;;https://prom.ua/ua/Diagnostika-i-remont-dvigatelya;282310
Ремонт і обслуговування техніки та обладнання;Ремонт та технічне обслуговування автотранспорту;Діагностика та ремонт ходової;;https://prom.ua/ua/Diagnostika-i-remont-hodovoj;282313
Ремонт і обслуговування техніки та обладнання;Ремонт та технічне обслуговування автотранспорту;Кузовні та малярні роботи;;https://prom.ua/ua/Kuzovnoj-remont-i-pokraska;282311
Ремонт і обслуговування техніки та обладнання;Ремонт та технічне обслуговування автотранспорту;Мийка автомобілів;;https://prom.ua/ua/Mojka-avtomobilej;282319
Ремонт і обслуговування техніки та обладнання;Ремонт та технічне обслуговування автотранспорту;Переобладнання автотранспорту;;https://prom.ua/ua/Pereoborudovanie-avtotransporta;282368
Ремонт і обслуговування техніки та обладнання;Ремонт та технічне обслуговування автотранспорту;Послуги автоелектрика;;https://prom.ua/ua/Remont-avtoelektriki;282379
Ремонт і обслуговування техніки та обладнання;Ремонт та технічне обслуговування автотранспорту;"Послуги з обслуговування автотранспорту, загальне";;https://prom.ua/ua/Drugie-uslugi-po-obsluzhivaniyu-avtotransporta;282325
Ремонт і обслуговування техніки та обладнання;Ремонт та технічне обслуговування автотранспорту;Ремонт автомобільної паливної системи;;https://prom.ua/ua/Remont-avtomobilnyh-toplivnyh-sistem;282377
Ремонт і обслуговування техніки та обладнання;Ремонт та технічне обслуговування автотранспорту;Ремонт вихлопної системи;;https://prom.ua/ua/Remont-vyhlopnoj-sistemy;282390
Ремонт і обслуговування техніки та обладнання;Ремонт та технічне обслуговування автотранспорту;Ремонт гальмівної системи;;https://prom.ua/ua/Remont-tormoznoj-sistemy;282393
Ремонт і обслуговування техніки та обладнання;Ремонт та технічне обслуговування автотранспорту;Ремонт систем охолодження та опалення автотранспорту;;https://prom.ua/ua/Ustanovka-i-remont-sistem-otopleniya-avtotransporta;282509
Ремонт і обслуговування техніки та обладнання;Ремонт та технічне обслуговування автотранспорту;Ремонт та діагностика рульового управління;;https://prom.ua/ua/Remont-i-diagnostika-rulevogo-upravleniya;282512
Ремонт і обслуговування техніки та обладнання;Ремонт та технічне обслуговування автотранспорту;Ремонт трансмісії та кпп;;https://prom.ua/ua/Remont-kpp;282315
Ремонт і обслуговування техніки та обладнання;Ремонт та технічне обслуговування автотранспорту;Ремонт і заміна автоскла;;https://prom.ua/ua/Remont-i-zamena-avtostekol;282346
Ремонт і обслуговування техніки та обладнання;Ремонт та технічне обслуговування автотранспорту;Технічне обслуговування (то) автомобілів;;https://prom.ua/ua/Tehnicheskoe-obsluzhivanie-to-avtomobilej;282380
Ремонт і обслуговування техніки та обладнання;Ремонт та технічне обслуговування автотранспорту;Тюнінг та стайлінг автотранспорту;;https://prom.ua/ua/Kompleksnyj-tyuning;282391
Ремонт і обслуговування техніки та обладнання;Ремонт та технічне обслуговування автотранспорту;Шиномонтаж та балансування;;https://prom.ua/ua/Shinomontazh-i-balansirovka;282316
Ремонт і обслуговування техніки та обладнання;Ремонт та технічне обслуговування вантажівок;;;https://prom.ua/ua/Remont-i-tehnicheskoe-obsluzhivanie-gruzovikov;282305
Ремонт і обслуговування техніки та обладнання;Ремонт та технічне обслуговування спецтехніки;;;https://prom.ua/ua/Remont-i-tehnicheskoe-obsluzhivanie-selhoztehniki;282303
Ремонт і обслуговування техніки та обладнання;Ремонт і обслуговування побутової техніки;;;https://prom.ua/ua/Remont-bytovoi-tekhniki;282326
Ремонт і обслуговування техніки та обладнання;Ремонт і технічне обслуговування мото-вело транспорту;;;https://prom.ua/ua/Remont-i-tehnicheskoe-obsluzhivanie-moto-velo-transporta;282302
Сировина та матеріали;Абразивні матеріали;;;https://prom.ua/ua/Abrazivy;1428
Сировина та матеріали;Композиційні матеріали;;;https://prom.ua/ua/Kompozitsionnye-materialy;924
Сировина та матеріали;Магніти та магнітні матеріали;;;https://prom.ua/ua/Magnity-i-magnitnye-materialy;911
Сировина та матеріали;Паливно-енергетична сировина;Газоподібне паливо;;https://prom.ua/ua/Prirodnyj-gaz;1003
Сировина та матеріали;Паливно-енергетична сировина;Мастильні оливи;"Мастильні оливи, загальне";https://prom.ua/ua/Drugie-smazochnye-masla;10010202
Сировина та матеріали;Паливно-енергетична сировина;Мастильні оливи;Промислові мастила;https://prom.ua/ua/Razdelitelnye-smazki-i-masla;10010211
Сировина та матеріали;Паливно-енергетична сировина;Мастильні оливи;Промислові оливи;https://prom.ua/ua/Promyshlennye-masla;10010203
Сировина та матеріали;Паливно-енергетична сировина;Нафта та нафтопродукти;Бітум;https://prom.ua/ua/Bitum;100105
Сировина та матеріали;Паливно-енергетична сировина;Нафта та нафтопродукти;Вазелін;https://prom.ua/ua/Vazelin;100106
Сировина та матеріали;Паливно-енергетична сировина;Нафта та нафтопродукти;Кокс;https://prom.ua/ua/Koks;100107
Сировина та матеріали;Паливно-енергетична сировина;Нафта та нафтопродукти;Нафта;https://prom.ua/ua/Toplivnaya-neft;100101
Сировина та матеріали;Паливно-енергетична сировина;Нафта та нафтопродукти;"Нафтопродукти, загальне";https://prom.ua/ua/Drugie-nefteprodukty;100111
Сировина та матеріали;Паливно-енергетична сировина;Нафта та нафтопродукти;Парафін;https://prom.ua/ua/Parafin;100104
Сировина та матеріали;Паливно-енергетична сировина;Рідке паливо;Бензинове паливо;https://prom.ua/ua/Benziny;10010302
Сировина та матеріали;Паливно-енергетична сировина;Рідке паливо;Гас;https://prom.ua/ua/Kerosin;10010305
Сировина та матеріали;Паливно-енергетична сировина;Рідке паливо;Дизельне паливо;https://prom.ua/ua/Dizelnoe-toplivo;10010301
Сировина та матеріали;Паливно-енергетична сировина;Рідке паливо;"Паливо, загальне";https://prom.ua/ua/Drugoe-toplivo;10010306
Сировина та матеріали;Паливно-енергетична сировина;Тверде паливо;Вугілля;https://prom.ua/ua/Ugol;1002
Сировина та матеріали;Паливно-енергетична сировина;Тверде паливо;Деревне вугілля;https://prom.ua/ua/Drevesnyj-ugol;122
Сировина та матеріали;Паливно-енергетична сировина;Тверде паливо;Паливні пелети та брикети;https://prom.ua/ua/Toplivnye-pellety;1006
Сировина та матеріали;Ротанг;;;https://prom.ua/ua/Iskusstvennyj-rotang;926
Сировина та матеріали;Сировина для важкої промисловості;Гумова сировина;;https://prom.ua/ua/Poliuretan;80809
Сировина та матеріали;Сировина для важкої промисловості;Полімерна сировина;Полівінілхлорид;https://prom.ua/ua/Polivinilhlorid;807020
Сировина та матеріали;Сировина для важкої промисловості;Полімерна сировина;Поліетилен;https://prom.ua/ua/Polietilen;807007
Сировина та матеріали;Сировина для важкої промисловості;Полімерна сировина;Полімери;https://prom.ua/ua/Polimery-1;800201
Сировина та матеріали;Сировина для важкої промисловості;Полімерна сировина;"Полімерна сировина, загальне";https://prom.ua/ua/Drugoe-plastikovoe-syre;807099
Сировина та матеріали;Сировина для важкої промисловості;Полімерна сировина;Поліпропілен;https://prom.ua/ua/Polipropilen;807015
Сировина та матеріали;Сировина для важкої промисловості;Полімерна сировина;Полістирол;https://prom.ua/ua/Polistirol;807006
Сировина та матеріали;Сировина для важкої промисловості;Полімерна сировина;Синтетичні смоли;https://prom.ua/ua/Sinteticheskie-smoly;80702
Сировина та матеріали;Сировина для важкої промисловості;Полімерна сировина;Фторопласти;https://prom.ua/ua/Ftoroplast;80804
Сировина та матеріали;Сировина для важкої промисловості;Сировина для металургії;;https://prom.ua/ua/Tsvetnye-metally;905
Сировина та матеріали;Сировина для легкої промисловості;Неткані матеріали;;https://prom.ua/ua/Netkanoe-polotno;425
Сировина та матеріали;Сировина для легкої промисловості;Пух та пір'я;;https://prom.ua/ua/Puh-i-perya;429
Сировина та матеріали;Сировина для легкої промисловості;Рулонна клейонка;;https://prom.ua/ua/Kleenka-rulonnaya;422
Сировина та матеріали;Сировина для легкої промисловості;Тканини;Інтер'єрні тканини;https://prom.ua/ua/Interernye-tkani;432
Сировина та матеріали;Сировина для легкої промисловості;Тканини;Спеціальні тканини;https://prom.ua/ua/Spetsialnye-tkani;431
Сировина та матеріали;Сировина для легкої промисловості;Тканини;Тканини для домашнього текстилю та horeca;https://prom.ua/ua/Tkani-dlya-domashnego-tekstilya;43201
Сировина та матеріали;Сировина для легкої промисловості;Тканини;Тканини для одягу;https://prom.ua/ua/Odezhnye-tkani;42315
Сировина та матеріали;Сировина для легкої промисловості;Тканини;"Тканини, загальне";https://prom.ua/ua/Drugie-tkani-1;420
Сировина та матеріали;Сировина для легкої промисловості;Холлофайбер;;https://prom.ua/ua/Holofajber;424
Сировина та матеріали;Сировина для легкої промисловості;Хутро;;https://prom.ua/ua/Meh-1;419
Сировина та матеріали;Сировина для легкої промисловості;Шкіра та замша;;https://prom.ua/ua/Kozha-i-zamsha;421
Сировина та матеріали;"Сировина та матеріали, загальне";;;https://prom.ua/ua/Drugie-mineraly-metally-i-materialy;918
Сировина та матеріали;Шпонкові матеріали;;;https://prom.ua/ua/Shponochnye-materialy;421007
Спецодяг та взуття;Академічний та суддівський одяг;;;https://prom.ua/ua/Akademicheskaya-i-sudejskaya-odezhda;30819
Спецодяг та взуття;Водонепроникний одяг;;;https://prom.ua/ua/Plaschi-vodostojkie;30802
Спецодяг та взуття;Захисний спецодяг;;;https://prom.ua/ua/Zaschitnaya-spetsodezhda;30813
Спецодяг та взуття;Медичний одяг;;;https://prom.ua/ua/Meditsinskaya-odezhda;30801
Спецодяг та взуття;Одяг для захисту від комах;;;https://prom.ua/ua/Odezhda-dlya-pchelovodstva;30815
Спецодяг та взуття;Одяг для сфери обслуговування;;;https://prom.ua/ua/Odezhda-dlya-sfery-obsluzhivaniya-i-torgovli;30803
Спецодяг та взуття;Робочий одяг;"Робочий одяг, загальне";;https://prom.ua/ua/Odezhda-rabochaya-obschee;3080809
Спецодяг та взуття;Робочий одяг;Робочі головні убори;;https://prom.ua/ua/Golovnye-ubory-rabochie;3080808
Спецодяг та взуття;Робочий одяг;Робочі жилети;;https://prom.ua/ua/Zhilety-rabochie;3080806
Спецодяг та взуття;Робочий одяг;Робочі комбінезони та напівкомбінезони;;https://prom.ua/ua/Polukombinezony-rabochie;3080804
Спецодяг та взуття;Робочий одяг;Робочі костюми;;https://prom.ua/ua/Kostyumy-rabochie;3080802
Спецодяг та взуття;Робочий одяг;Робочі куртки;;https://prom.ua/ua/Kurtki-rabochie;3080801
Спецодяг та взуття;Робочий одяг;Робочі фартухи;;https://prom.ua/ua/Fartuki-rabochie;3080807
Спецодяг та взуття;Робочий одяг;Робочі халати;;https://prom.ua/ua/Halaty-rabochie;3080803
Спецодяг та взуття;Робочий одяг;Штани робочі;;https://prom.ua/ua/Bryuki-rabochie;3080810
Спецодяг та взуття;Робочі рукавички;;;https://prom.ua/ua/Sredstva-zaschity-ruk;30816
Спецодяг та взуття;Сигнальний одяг;;;https://prom.ua/ua/Signalnaya-odezhda;30812
Спецодяг та взуття;Спецвзуття;;;https://prom.ua/ua/Spetsobuv;32208
Спецодяг та взуття;"Спецодяг та взуття, загальне";;;https://prom.ua/ua/Spetsodezhda-i-obuv-obschee;309
Спорт і відпочинок;Ігри з ракетками;"Ігри з ракетками, загальне";;https://prom.ua/ua/Igry-s-raketkami-obschee-1;182401
Спорт і відпочинок;Ігри з ракетками;Бадмінтон;"Бадмінтон, загальне";https://prom.ua/ua/Badminton-obschee;182405
Спорт і відпочинок;Ігри з ракетками;Настільний теніс;Накладки для ракеток;https://prom.ua/ua/Nakladki-dlya-raketok;182420
Спорт і відпочинок;Ігри з ракетками;Настільний теніс;"Настільний теніс, загальне";https://prom.ua/ua/Nastolnyj-tennis-obschee;182411
Спорт і відпочинок;Ігри з ракетками;Настільний теніс;Сітки для настільного тенісу;https://prom.ua/ua/Setki-dlya-nastolnogo-tennisa;182421
Спорт і відпочинок;Ігри з ракетками;Настільний теніс;Тенісні столи;https://prom.ua/ua/Stoly-dlya-nastolnogo-tennisa;182412
Спорт і відпочинок;Ігри з ракетками;Сквош;"Сквош, загальне";https://prom.ua/ua/Skvosh-obschee;182415
Спорт і відпочинок;Ігри з ракетками;Спідмінтон;"Спідмінтон, загальне";https://prom.ua/ua/Spidminton-obschee;182418
Спорт і відпочинок;Ігри з ракетками;Теніс;"Великий теніс, загальне";https://prom.ua/ua/Bolshoj-tennis-obschee;182403
Спорт і відпочинок;Ігри з ракетками;Теніс;М'ячі для ігор з ракетками;https://prom.ua/ua/Myachi-dlya-igr-s-raketkami;182413
Спорт і відпочинок;Ігри з ракетками;Теніс;Чохли для ракеток;https://prom.ua/ua/Tennisnye-chehly-sumki;200336
Спорт і відпочинок;Аксесуари та комплектуючі для електротранспорту;;;https://prom.ua/ua/Aksessuary-komplektuyuschie-dlya;1827
Спорт і відпочинок;Велосипеди та аксесуари;Велоаксесуари;"Велоаксесуари, загальне";https://prom.ua/ua/Veloaksessuary-obschee;342412
Спорт і відпочинок;Велосипеди та аксесуари;Велоаксесуари;Велозамки;https://prom.ua/ua/Velozamki;342405
Спорт і відпочинок;Велосипеди та аксесуари;Велоаксесуари;Велокомп'ютери;https://prom.ua/ua/Velokompyutery;342401
Спорт і відпочинок;Велосипеди та аксесуари;Велоаксесуари;Велорюкзаки та велосумки;https://prom.ua/ua/Veloryukzaki;3011807
Спорт і відпочинок;Велосипеди та аксесуари;Велоаксесуари;Велосигналізації;https://prom.ua/ua/Velosignalizatsii;342418
Спорт і відпочинок;Велосипеди та аксесуари;Велоаксесуари;"Велосипедні багажники, кошики";https://prom.ua/ua/Velosipednye-bagazhniki-korziny;342407
Спорт і відпочинок;Велосипеди та аксесуари;Велоаксесуари;Велосипедні дзвінки та клаксони;https://prom.ua/ua/Velosipednye-zvonki-i-klaksony;342420
Спорт і відпочинок;Велосипеди та аксесуари;Велоаксесуари;Велосипедні дзеркала;https://prom.ua/ua/Velosipednye-zerkala;342421
Спорт і відпочинок;Велосипеди та аксесуари;Велоаксесуари;Велосипедні ліхтарі та відбивачі;https://prom.ua/ua/Velosipednye-fonari-fary;342402
Спорт і відпочинок;Велосипеди та аксесуари;Велоаксесуари;Велосипедні насоси;https://prom.ua/ua/Velosipednye-nasosy;342406
Спорт і відпочинок;Велосипеди та аксесуари;Велоаксесуари;Велосипедні ремкомплекти;https://prom.ua/ua/Remkomplekty-velosipednyh-kamer;342413
Спорт і відпочинок;Велосипеди та аксесуари;Велоаксесуари;Велосипедні фляги та фляготримачі;https://prom.ua/ua/Velosipednye-flyagi-i-flyagoderzhateli;342404
Спорт і відпочинок;Велосипеди та аксесуари;Велоаксесуари;Велотримачі;https://prom.ua/ua/Veloderzhateli;342414
Спорт і відпочинок;Велосипеди та аксесуари;Велоаксесуари;Велохімія;https://prom.ua/ua/Velosmazki;342417
Спорт і відпочинок;Велосипеди та аксесуари;Велоаксесуари;Велочохли та велонакидки;https://prom.ua/ua/Velochehly;342410
Спорт і відпочинок;Велосипеди та аксесуари;Велоаксесуари;Велоінструменти;https://prom.ua/ua/Veloinstrumenty;342415
Спорт і відпочинок;Велосипеди та аксесуари;Велоаксесуари;Дитячі велокрісла;https://prom.ua/ua/Detskie-velokresla;15011605
Спорт і відпочинок;Велосипеди та аксесуари;Велоаксесуари;Захист рами та комплектуючих;https://prom.ua/ua/Zaschita-pera-ramy;342419
Спорт і відпочинок;Велосипеди та аксесуари;Велозапчастини;Акумулятори для електровелосипедів;https://prom.ua/ua/Akkumulyatory-dlya-elektrovelosipedov;122221
Спорт і відпочинок;Велосипеди та аксесуари;Велозапчастини;"Велозапчастини, загальне";https://prom.ua/ua/Velozapchasti-obschee;182102
Спорт і відпочинок;Велосипеди та аксесуари;Велозапчастини;Велосипедні вилки та запчастини до них;https://prom.ua/ua/Velosipednye-vilki;122208
Спорт і відпочинок;Велосипеди та аксесуари;Велозапчастини;Велосипедні втулки;https://prom.ua/ua/Velosipednye-vtulki;122212
Спорт і відпочинок;Велосипеди та аксесуари;Велозапчастини;Велосипедні камери та обідні стрічки;https://prom.ua/ua/Velosipednye-kamery;122203
Спорт і відпочинок;Велосипеди та аксесуари;Велозапчастини;Велосипедні касети;https://prom.ua/ua/Velosipednye-kassety;122213
Спорт і відпочинок;Велосипеди та аксесуари;Велозапчастини;Велосипедні керма та кермові колонки;https://prom.ua/ua/Velosipednye-ruli;122210
Спорт і відпочинок;Велосипеди та аксесуари;Велозапчастини;Велосипедні колеса та ободи;https://prom.ua/ua/Kolesa-i-oboda;122204
Спорт і відпочинок;Велосипеди та аксесуари;Велозапчастини;Велосипедні крила;https://prom.ua/ua/Velosipednye-krylya;342403
Спорт і відпочинок;Велосипеди та аксесуари;Велозапчастини;Велосипедні ланцюги;https://prom.ua/ua/Velosipednye-tsepi;122201
Спорт і відпочинок;Велосипеди та аксесуари;Велозапчастини;Велосипедні манетки;https://prom.ua/ua/Manetki;122209
Спорт і відпочинок;Велосипеди та аксесуари;Велозапчастини;Велосипедні перекидки;https://prom.ua/ua/Velosipednye-perekidki;122219
Спорт і відпочинок;Велосипеди та аксесуари;Велозапчастини;Велосипедні покришки;https://prom.ua/ua/Velosipednye-pokryishki;122202
Спорт і відпочинок;Велосипеди та аксесуари;Велозапчастини;Велосипедні підніжки ;https://prom.ua/ua/Podnozhki-velosipednye;122217
Спорт і відпочинок;Велосипеди та аксесуари;Велозапчастини;Велосипедні рами;https://prom.ua/ua/Velosipednye-ramy;122207
Спорт і відпочинок;Велосипеди та аксесуари;Велозапчастини;Велосипедні спиці;https://prom.ua/ua/Spitsy;122205
Спорт і відпочинок;Велосипеди та аксесуари;Велозапчастини;"Велосипедні сідла, штирі";https://prom.ua/ua/Velosipednye-sedla;122211
Спорт і відпочинок;Велосипеди та аксесуари;Велозапчастини;"Велосипедні шатуни, зірки, каретки";https://prom.ua/ua/Velosipednye-shatuny;122214
Спорт і відпочинок;Велосипеди та аксесуари;Велозапчастини;Виноси керма;https://prom.ua/ua/Vynosy-rulya;122216
Спорт і відпочинок;Велосипеди та аксесуари;Велозапчастини;Гальма та гальмівні ручки;https://prom.ua/ua/Tormoza-i-tormoznye-ruchki;122218
Спорт і відпочинок;Велосипеди та аксесуари;Велозапчастини;"Гріпси, роги та обмотки для керма";https://prom.ua/ua/Gripsy-rozhki;342409
Спорт і відпочинок;Велосипеди та аксесуари;Велозапчастини;Запчастини та комплектуючі для електровелосипедів;https://prom.ua/ua/Zapchasti-i-komplektuyuschie-dlya-elektrovelosipedov;122222
Спорт і відпочинок;Велосипеди та аксесуари;Велозапчастини;Мотор-колеса;https://prom.ua/ua/Velosipednye-elektrokolesa;122215
Спорт і відпочинок;Велосипеди та аксесуари;Велозапчастини;Натягувачі та заспокоювачі ланцюга;https://prom.ua/ua/Natyazhiteli-uspokoiteli;122223
Спорт і відпочинок;Велосипеди та аксесуари;Велозапчастини;"Педалі, тукліпси, ремінці";https://prom.ua/ua/Pedali;122206
Спорт і відпочинок;Велосипеди та аксесуари;Велозапчастини;Тросики та сорочки для велосипедів;https://prom.ua/ua/Tormoznye-trosiki-rubashki;122220
Спорт і відпочинок;Велосипеди та аксесуари;Велосипеди;;https://prom.ua/ua/Velosipedy;1204
Спорт і відпочинок;Велосипеди та аксесуари;"Велосипеди та аксесуари, загальне";;https://prom.ua/ua/Velosipedy-i-aksessuary-obschee;182101
Спорт і відпочинок;Велосипеди та аксесуари;Електровелосипеди;;https://prom.ua/ua/Elektrovelosipedy-1;182104
Спорт і відпочинок;Велосипеди та аксесуари;"Підвіси, стійки для велосипедів";;https://prom.ua/ua/Podvesy-stojki-dlya-velosipedov;182103
Спорт і відпочинок;Водні види спорту;Аксесуари для аквафітнесу;;https://prom.ua/ua/Poyasa-dlya-akvafitnesa;203422
Спорт і відпочинок;Водні види спорту;"Водні види спорту, загальне";;https://prom.ua/ua/Vodnye-vidy-sporta-obschee;203401
Спорт і відпочинок;Водні види спорту;Все для плавання;"Все для плавання, загальне";https://prom.ua/ua/Vse-dlya-plavaniya-1;203434
Спорт і відпочинок;Водні види спорту;Все для плавання;Набори для плавання;https://prom.ua/ua/Nabory-dlya-plavaniya;203443
Спорт і відпочинок;Водні види спорту;Плавання;"Дошки для плавання, колобашки";https://prom.ua/ua/Doski-dlya-plavaniya;203403
Спорт і відпочинок;Водні види спорту;Плавання;"Затискачі для носа, беруші для плавання";https://prom.ua/ua/Zazhimy-dlya-nosa-berushi-dlya-plavaniya;200321
Спорт і відпочинок;Водні види спорту;Плавання;Лопатки для плавання;https://prom.ua/ua/Lopatki-dlya-plavaniya;200320
Спорт і відпочинок;Водні види спорту;Плавання;"Плавання, загальне";https://prom.ua/ua/Vse-dlya-bassejna-obschee-1;203419
Спорт і відпочинок;Водні види спорту;Плавання;Шапочки для плавання;https://prom.ua/ua/Shapochki-dlya-plavanya;200308
Спорт і відпочинок;Все для пляжу;"Все для пляжу, загальне";;https://prom.ua/ua/Vse-dlya-plyazha-obschee-1;203417
Спорт і відпочинок;Все для пляжу;"Надувні жилети, нарукавники";;https://prom.ua/ua/Naduvnye-zhilety-narukavniki;203405
Спорт і відпочинок;Все для пляжу;Пляжні килимки;;https://prom.ua/ua/Plyazhnye-kovriki;203406
Спорт і відпочинок;Військово-спортивні ігри;"Військово-спортивні ігри, загальне";;https://prom.ua/ua/Voenno-sportivnye-igry-obschee;182201
Спорт і відпочинок;Військово-спортивні ігри;Пейнтбольне спорядження;"Пейнтбольне спорядження, загальне";https://prom.ua/ua/Drugoe-pejntbolnoe-snaryazhenie;181704
Спорт і відпочинок;Військово-спортивні ігри;Пейнтбольне спорядження;"Пейнтбольні, страйкбольні маски та захист";https://prom.ua/ua/Pejntbolnye-maski-i-zaschita;181702
Спорт і відпочинок;Військово-спортивні ігри;Страйкбольне обладнання;;https://prom.ua/ua/Strajkbolnoe-oborudovanie;1813
Спорт і відпочинок;Гаджети для спорту;"Гаджети для спорту, загальне";;https://prom.ua/ua/Gadzhety-dlya-sporta-obschee;205501
Спорт і відпочинок;Гаджети для спорту;Крокоміри;;https://prom.ua/ua/Shagomery;162518
Спорт і відпочинок;Гаджети для спорту;Пульсометри;;https://prom.ua/ua/Pulsometry;162519
Спорт і відпочинок;Екстремальні види спорту;Альпінізм;"Альпінізм, загальне";https://prom.ua/ua/Alpinizm-obschee;203507
Спорт і відпочинок;Екстремальні види спорту;Альпінізм;"Блоки, ролики та вертлюги";https://prom.ua/ua/Bloki-roliki-vertlyugi;203536
Спорт і відпочинок;Екстремальні види спорту;Альпінізм;Закладні елементи для альпінізму;https://prom.ua/ua/Zakladnye-elementy-dlya-alpinizma;203535
Спорт і відпочинок;Екстремальні види спорту;Альпінізм;Затискачі для мотузки;https://prom.ua/ua/Zazhimy-dlya-verevki;203534
Спорт і відпочинок;Екстремальні види спорту;Альпінізм;Карабіни;https://prom.ua/ua/Karabiny-i-verevki;203532
Спорт і відпочинок;Екстремальні види спорту;Альпінізм;Каски для альпінізму;https://prom.ua/ua/Kaski-dlya-alpinizma;203530
Спорт і відпочинок;Екстремальні види спорту;Альпінізм;Льодоруби;https://prom.ua/ua/Ledorub;203531
Спорт і відпочинок;Екстремальні види спорту;Альпінізм;Мотузки для альпінізму;https://prom.ua/ua/Verevki;203533
Спорт і відпочинок;Екстремальні види спорту;Альпінізм;"Петлі, самостраховки, відтяжки, драбинки";https://prom.ua/ua/Petli-samostrahovki-ottyazhki-lesenki;203539
Спорт і відпочинок;Екстремальні види спорту;Альпінізм;Рукавички для туризму та альпінізму;https://prom.ua/ua/Perchatki-dlya-turizma;203543
Спорт і відпочинок;Екстремальні види спорту;Альпінізм;Скеледроми та комплектуючі;https://prom.ua/ua/Skalodromy;203528
Спорт і відпочинок;Екстремальні види спорту;Альпінізм;Спортивна магнезія ;https://prom.ua/ua/Magneziya-sportivnaya;200325
Спорт і відпочинок;Екстремальні види спорту;Альпінізм;Спускові пристрої для альпінізму;https://prom.ua/ua/Spuskovye-ustrojstva-dlya-alpinizma;203537
Спорт і відпочинок;Екстремальні види спорту;Альпінізм;Страхувальні альтанки та системи;https://prom.ua/ua/Strahovochnye-sistemy;203529
Спорт і відпочинок;Екстремальні види спорту;Альпінізм;Сумки для альпінізму;https://prom.ua/ua/Meshochki-dlya-magnezii;203538
Спорт і відпочинок;Екстремальні види спорту;"Водні лижі, вейкборди і аксесуари до них";;https://prom.ua/ua/Vodnye-lyzhi-vejbordy;200306
Спорт і відпочинок;Екстремальні види спорту;Віндсерфінг та sup серфінг;"Віндсерфінг, загальне";https://prom.ua/ua/Vindserfing-obschee;203517
Спорт і відпочинок;Екстремальні види спорту;Віндсерфінг та sup серфінг;Дошки та аксесуари для віндсерфінгу та sup-серфінгу;https://prom.ua/ua/Doski-dlya-vindserfinga;203519
Спорт і відпочинок;Екстремальні види спорту;Віндсерфінг та sup серфінг;Спортивні рятувальні жилети;https://prom.ua/ua/Sportivnye-spasatelnye-zhilety;203525
Спорт і відпочинок;Екстремальні види спорту;Дайвінг;Балони для дайвінгу;https://prom.ua/ua/Ballony-dlya-dajvinga;203428
Спорт і відпочинок;Екстремальні види спорту;Дайвінг;Вантажні пояси та вантажі;https://prom.ua/ua/Gruzy-dlya-dajvinga;203424
Спорт і відпочинок;Екстремальні види спорту;Дайвінг;Взуття для дайвінгу та плавання;https://prom.ua/ua/Obuv-dlya-dajvinga;3220715
Спорт і відпочинок;Екстремальні види спорту;Дайвінг;Гідрокостюми;https://prom.ua/ua/Gidrokostyumy;30108
Спорт і відпочинок;Екстремальні види спорту;Дайвінг;"Дайвінг, загальне";https://prom.ua/ua/Dajving-obschee;203408
Спорт і відпочинок;Екстремальні види спорту;Дайвінг;Компенсатори плавучості;https://prom.ua/ua/Kompensatory-plavuchesti;203426
Спорт і відпочинок;Екстремальні види спорту;Дайвінг;Консолі для дайвінгу;https://prom.ua/ua/Konsoli-dlya-dajvinga;203429
Спорт і відпочинок;Екстремальні види спорту;Дайвінг;Ласти для плавання;https://prom.ua/ua/Lasty-dlya-plavaniya;200319
Спорт і відпочинок;Екстремальні види спорту;Дайвінг;"Маски, окуляри для плавання";https://prom.ua/ua/Maski-dlya-plavaniya;200317
Спорт і відпочинок;Екстремальні види спорту;Дайвінг;Підводні комп'ютери;https://prom.ua/ua/Podvodnye-kompyutery;203427
Спорт і відпочинок;Екстремальні види спорту;Дайвінг;"Регулятори, октопуси";https://prom.ua/ua/Regulyatory-oktopusy;203425
Спорт і відпочинок;Екстремальні види спорту;Дайвінг;Рукавички для дайвінгу;https://prom.ua/ua/Perchatki-dlya-dajvinga;203102
Спорт і відпочинок;Екстремальні види спорту;Дайвінг;Сумки для дайвінгу;https://prom.ua/ua/Sumki-dlya-dajvinga;203430
Спорт і відпочинок;Екстремальні види спорту;Дайвінг;Трубки для плавання;https://prom.ua/ua/Trubki-dlya-plavaniya;200318
Спорт і відпочинок;Екстремальні види спорту;"Джампери, пого стіки";;https://prom.ua/ua/Dzhampery;2021
Спорт і відпочинок;Екстремальні види спорту;"Екстремальні види спорту, загальне";;https://prom.ua/ua/Ekstremalnye-vidy-sporta-obschee;203501
Спорт і відпочинок;Екстремальні види спорту;Спортивний захист;Аксесуари та запчастини до шоломів;https://prom.ua/ua/Aksessuary-zapchasti-shlemam;204012
Спорт і відпочинок;Екстремальні види спорту;Спортивний захист;Захисні наколінники;https://prom.ua/ua/Nakolenniki-dlya-skejtbordistov-nakolenniki-dlya-rollerov-nakolenniki-dlya-sporta;204005
Спорт і відпочинок;Екстремальні види спорту;Спортивний захист;Захисні налокітники;https://prom.ua/ua/Zaschitnye-nalokotniki-1;204006
Спорт і відпочинок;Екстремальні види спорту;Спортивний захист;Захисні шоломи для спорту;https://prom.ua/ua/Zaschitnye-shlema-dlya-sporta;204010
Спорт і відпочинок;Екстремальні види спорту;Спортивний захист;Захисні шорти;https://prom.ua/ua/Zaschitnye-shorty-1;204008
Спорт і відпочинок;Екстремальні види спорту;Спортивний захист;Захист зап'ястя;https://prom.ua/ua/Zaschita-dlya-zapyastya-1;204007
Спорт і відпочинок;Екстремальні види спорту;Спортивний захист;Комплекти спортивного захисту;https://prom.ua/ua/Sportivnaya-zaschita-obschee;204009
Спорт і відпочинок;Екстремальні види спорту;Спортивний захист;"Спортивний захист, загальне";https://prom.ua/ua/Sportivnaya-zaschita-obschee-1;204011
Спорт і відпочинок;Зимові види спорту;"Зимові види спорту, загальне";;https://prom.ua/ua/Zimnie-vidy-sporta-obschee;202415
Спорт і відпочинок;Зимові види спорту;Ковзанярський спорт;"Ковзанярський спорт, загальне";https://prom.ua/ua/Konkobezhnyj-sport-obschee;202425
Спорт і відпочинок;Зимові види спорту;Лижний спорт та сноубординг;"Інструменти та мастила для лиж, сноубордів";https://prom.ua/ua/Lyzhnye-smazki-i-parafiny;202407
Спорт і відпочинок;Зимові види спорту;Лижний спорт та сноубординг;"Балаклави, підшоломники, маски";https://prom.ua/ua/Podshlemniki;3081801
Спорт і відпочинок;Зимові види спорту;Лижний спорт та сноубординг;"Кріплення для лиж, сноуборду";https://prom.ua/ua/Krepleniya-dlya-lyzh-snouborda;202406
Спорт і відпочинок;Зимові види спорту;Лижний спорт та сноубординг;Лавинне спорядження;https://prom.ua/ua/Lavinnoe-snaryazhenie;202427
Спорт і відпочинок;Зимові види спорту;Лижний спорт та сноубординг;"Лижний спорт та сноубординг, загальне";https://prom.ua/ua/Katanie-na-lyzhah-snouborde-obschee;202420
Спорт і відпочинок;Зимові види спорту;Лижний спорт та сноубординг;Лижний та сноубордичний захист;https://prom.ua/ua/Zaschita-lyzhnaya-snoubordicheskaya;202413
Спорт і відпочинок;Зимові види спорту;Лижний спорт та сноубординг;Лижні палиці та аксесуари до них;https://prom.ua/ua/Lyzhnye-palki;202403
Спорт і відпочинок;Зимові види спорту;Лижний спорт та сноубординг;"Лижні, сноубордичні маски";https://prom.ua/ua/Snoubordicheskie-lyzhnye-maski;202405
Спорт і відпочинок;Зимові види спорту;Лижний спорт та сноубординг;"Лижні, сноубордичні черевики";https://prom.ua/ua/Lyzhnye-botinki;20060106
Спорт і відпочинок;Зимові види спорту;Лижний спорт та сноубординг;"Лижні, сноубордичні шоломи";https://prom.ua/ua/Shlemy-lyzhnye-snoubordicheskie;202404
Спорт і відпочинок;Зимові види спорту;Лижний спорт та сноубординг;Лижі;https://prom.ua/ua/Gornye-i-begovye-lyzhi;202401
Спорт і відпочинок;Зимові види спорту;Лижний спорт та сноубординг;Сноуборди;https://prom.ua/ua/Snoubordy;202402
Спорт і відпочинок;Зимові види спорту;Лижний спорт та сноубординг;"Чохли для лиж, сноубордів";https://prom.ua/ua/Chehly-dlya-lyzh-snoubordov;202414
Спорт і відпочинок;Зимові види спорту;Фігурне катання;"Фігурне катання, загальне";https://prom.ua/ua/Figurnoe-katanie-obschee;202422
Спорт і відпочинок;Зимові види спорту;Хокей;Ковзани та аксесуари;https://prom.ua/ua/Ledovye-konki;200601
Спорт і відпочинок;Зимові види спорту;Хокей;"Хокей, загальне";https://prom.ua/ua/Hokkej-obschee-1;202423
Спорт і відпочинок;Зимові види спорту;Хокей;Хокейне захисне екіпірування;https://prom.ua/ua/Hokkejnaya-zaschitnaya-ekipirovka;202411
Спорт і відпочинок;Командні види спорту;Баскетбол;"Баскетбол, загальне";https://prom.ua/ua/Basketbol-obschee;203308
Спорт і відпочинок;Командні види спорту;Баскетбол;Стійки для ігрових майданчиків;https://prom.ua/ua/Basketbolnye-stojki-schity-koltsa;203306
Спорт і відпочинок;Командні види спорту;Бейсбол;"Бейсбол, загальне";https://prom.ua/ua/Bejsbol-obschee-1;203313
Спорт і відпочинок;Командні види спорту;Бейсбол;Рукавички для крикету та бейсболу;https://prom.ua/ua/Bejsbolnye-perchatki;203104
Спорт і відпочинок;Командні види спорту;Волейбол;Взуття для волейболу;https://prom.ua/ua/Obuv-dlya-volejbola;3220723
Спорт і відпочинок;Командні види спорту;Волейбол;"Волейбол, загальне";https://prom.ua/ua/Volejbol-obschee;203310
Спорт і відпочинок;Командні види спорту;Гандбол;"Гандбол, загальне";https://prom.ua/ua/Gandbol-obschee;203315
Спорт і відпочинок;Командні види спорту;Сітки для ігрових майданчиків;;https://prom.ua/ua/Setki-dlya-igrovyh-ploschadok;203305
Спорт і відпочинок;Командні види спорту;Футбол;Ворота для ігрових майданчиків;https://prom.ua/ua/Vorota-dlya-igrovyh-ploschadok;200322
Спорт і відпочинок;Командні види спорту;Футбол;Товари для тренерів та суддів;https://prom.ua/ua/Tovary-dlya-trenerov-i-sudej;2022
Спорт і відпочинок;Командні види спорту;Футбол;Товари для уболівальників;https://prom.ua/ua/Tovary-dlya-bolelschikov;1819
Спорт і відпочинок;Командні види спорту;Футбол;"Футбол, загальне";https://prom.ua/ua/Futbol-obschee;203701
Спорт і відпочинок;Командні види спорту;Футбол;Футбольні гетри;https://prom.ua/ua/Getry-futbolnye;203303
Спорт і відпочинок;Командні види спорту;Футбол;Футбольні рукавички;https://prom.ua/ua/Futbolnye-perchatki;203108
Спорт і відпочинок;Командні види спорту;Футбол;Футбольні щитки;https://prom.ua/ua/Schitki-futbolnye;203302
Спорт і відпочинок;Одяг та взуття для спортсменів;Велоекіпірування;Велобахіли;https://prom.ua/ua/Velobahily;3011808
Спорт і відпочинок;Одяг та взуття для спортсменів;Велоекіпірування;Веловзуття;https://prom.ua/ua/Veloobuv;3011805
Спорт і відпочинок;Одяг та взуття для спортсменів;Велоекіпірування;"Велоекіпірування, загальне";https://prom.ua/ua/Veloekipirovka-obschee;3011806
Спорт і відпочинок;Одяг та взуття для спортсменів;Велоекіпірування;Велоодяг;https://prom.ua/ua/Veloodezhda;3011801
Спорт і відпочинок;Одяг та взуття для спортсменів;Велоекіпірування;Велорукавички;https://prom.ua/ua/Veloperchatki;3011802
Спорт і відпочинок;Одяг та взуття для спортсменів;Взуття для спорту та активного відпочинку;Бігові кросівки;https://prom.ua/ua/Obuv-dlya-bega;3220722
Спорт і відпочинок;Одяг та взуття для спортсменів;Взуття для спорту та активного відпочинку;Взуття для бойових мистецтв;https://prom.ua/ua/Obuv-dlya-boevyh-edinoborstv;3220710
Спорт і відпочинок;Одяг та взуття для спортсменів;Взуття для спорту та активного відпочинку;Взуття для важкої атлетики;https://prom.ua/ua/Obuv-dlya-tyazheloj-atletiki;3220729
Спорт і відпочинок;Одяг та взуття для спортсменів;Взуття для спорту та активного відпочинку;Взуття для пляжу та басейну;https://prom.ua/ua/Obuv-dlya-plyazha-i-bassejna;34304
Спорт і відпочинок;Одяг та взуття для спортсменів;Взуття для спорту та активного відпочинку;Взуття для скейтборду;https://prom.ua/ua/Obuv-dlya-skejtborda;20060103
Спорт і відпочинок;Одяг та взуття для спортсменів;Взуття для спорту та активного відпочинку;Взуття для скелелазіння;https://prom.ua/ua/Obuv-dlya-skalolazaniya;3220725
Спорт і відпочинок;Одяг та взуття для спортсменів;Взуття для спорту та активного відпочинку;Взуття для танців та гімнастики;https://prom.ua/ua/Obuv-dlya-tantsa;3220705
Спорт і відпочинок;Одяг та взуття для спортсменів;Взуття для спорту та активного відпочинку;Кросівки для заняття спортом;https://prom.ua/ua/Futbolnaya-obuv;3220707
Спорт і відпочинок;Одяг та взуття для спортсменів;Взуття для спорту та активного відпочинку;"Спортивне взуття, загальне";https://prom.ua/ua/Drugaya-sportivnaya-obuv;20060199
Спорт і відпочинок;Одяг та взуття для спортсменів;Взуття для спорту та активного відпочинку;Туристичне взуття ;https://prom.ua/ua/Obuv-turisticheskaya;3220704
Спорт і відпочинок;Одяг та взуття для спортсменів;Гірськолижний та сноубордичний одяг;;https://prom.ua/ua/Lyzhnye-kostyumy;30106
Спорт і відпочинок;Одяг та взуття для спортсменів;"Лижні, сноубордичні рукавички";;https://prom.ua/ua/Gornolyzhnye-perchatki;203105
Спорт і відпочинок;Одяг та взуття для спортсменів;Одяг для йоги та фітнесу;;https://prom.ua/ua/Odezhda-dlya-fitnesa;30101
Спорт і відпочинок;Одяг та взуття для спортсменів;"Одяг та взуття для спортсменів, загальне";;https://prom.ua/ua/Odezhda-i-obuv-dlya-sportsmenov-obschee;182601
Спорт і відпочинок;Одяг та взуття для спортсменів;Окуляри для спорту;;https://prom.ua/ua/Sportivnye-ochki;361230
Спорт і відпочинок;Одяг та взуття для спортсменів;Спортивна форма;;https://prom.ua/ua/Sportivnaya-forma;30124
Спорт і відпочинок;Одяг та взуття для спортсменів;Туристичні штани та шорти;;https://prom.ua/ua/Bryuki-turisticheskie;34305
Спорт і відпочинок;Спортивне харчування та препарати;Енергетичні батончики;;https://prom.ua/ua/Batonchiki;20814
Спорт і відпочинок;Спортивне харчування та препарати;Замінники харчування;;https://prom.ua/ua/Zameniteli-pitaniya;20820
Спорт і відпочинок;Спортивне харчування та препарати;Спортивне харчування;;https://prom.ua/ua/Vitaminy-i-mineraly;20808
Спорт і відпочинок;Спортивне харчування та препарати;"Спортивне харчування, загальне";;https://prom.ua/ua/Sportivnoe-pitanii-obschee;20816
Спорт і відпочинок;Спортивні товари;Бойові мистецтва;Боксерські бинти ;https://prom.ua/ua/Binty-bokserskie;202704
Спорт і відпочинок;Спортивні товари;Бойові мистецтва;Боксерські груші та снаряди;https://prom.ua/ua/Bokserskie-grushi-snaryady;2018
Спорт і відпочинок;Спортивні товари;Бойові мистецтва;Боксерські ринги;https://prom.ua/ua/Bokserskie-ringi;202711
Спорт і відпочинок;Спортивні товари;Бойові мистецтва;Захист для бойових мистецтв;https://prom.ua/ua/Zaschita-dlya-boevyh-iskusstv;202709
Спорт і відпочинок;Спортивні товари;Бойові мистецтва;Капи;https://prom.ua/ua/Kapy;202702
Спорт і відпочинок;Спортивні товари;Бойові мистецтва;"Кріплення, стійки для груш";https://prom.ua/ua/Krepleniya-dlya-grush-meshkov-snaryadov;202710
Спорт і відпочинок;Спортивні товари;Бойові мистецтва;"Лапи, маківари ручні";https://prom.ua/ua/Lapy-makivary;202708
Спорт і відпочинок;Спортивні товари;Бойові мистецтва;Рукавички для боксу та єдиноборств;https://prom.ua/ua/Bokserskie-perchatki;203106
Спорт і відпочинок;Спортивні товари;Бойові мистецтва;Товари для бойових мистецтв;https://prom.ua/ua/Tovary-dlya-boevyh;202712
Спорт і відпочинок;Спортивні товари;Бойові мистецтва;"Товари для бойових мистецтв, загальне";https://prom.ua/ua/Tovary-dlya-boevyh-iskusstv-obschee;202705
Спорт і відпочинок;Спортивні товари;Бойові мистецтва;Шоломи для боксу та єдиноборств;https://prom.ua/ua/Shlemy-dlya-edinoborstv;202701
Спорт і відпочинок;Спортивні товари;Важка атлетика;"Атлетичні петлі, лямки та напульсники";https://prom.ua/ua/Lyamki-atleticheskie;200329
Спорт і відпочинок;Спортивні товари;Важка атлетика;Атлетичні пояси;https://prom.ua/ua/Lyamki-poyasa-atleticheskie;200324
Спорт і відпочинок;Спортивні товари;Важка атлетика;"Важка атлетика, загальне";https://prom.ua/ua/Tyazhelaya-atletika-obschee;205401
Спорт і відпочинок;Спортивні товари;Важка атлетика;Рукавички для фітнесу і атлетики;https://prom.ua/ua/Perchatki-dlya-fitnesa;203109
Спорт і відпочинок;Спортивні товари;Важка атлетика;Сендбеги;https://prom.ua/ua/Sendbegi;203602
Спорт і відпочинок;Спортивні товари;Важка атлетика;Спортивні обважнювачі;https://prom.ua/ua/Sportivnye-utyazheliteli;200316
Спорт і відпочинок;Спортивні товари;Важка атлетика;Тяги для тренування шиї;https://prom.ua/ua/Tyagi-dlya-shei;200333
Спорт і відпочинок;Спортивні товари;Важка атлетика;Шейкери для спортивного харчування;https://prom.ua/ua/Shejkery-dlya-sportivnogo-pitaniya;2016
Спорт і відпочинок;Спортивні товари;Гольф;;https://prom.ua/ua/Golf;2005
Спорт і відпочинок;Спортивні товари;Гімнастика;Інвентар для гімнастики;https://prom.ua/ua/Inventar-dlya-hudozhestvennoj-gimnastiki;204204
Спорт і відпочинок;Спортивні товари;Гімнастика;Батути та комплектуючі;https://prom.ua/ua/Sportivnye-batuty;2015
Спорт і відпочинок;Спортивні товари;Гімнастика;"Гімнастика, загальне";https://prom.ua/ua/Gimnastika-obschee;204201
Спорт і відпочинок;Спортивні товари;Гімнастика;Спортивні мати;https://prom.ua/ua/Sportivnye-maty;200304
Спорт і відпочинок;Спортивні товари;Йога;Блоки та ролики для йоги;https://prom.ua/ua/Bloki-dlya-jogi;204302
Спорт і відпочинок;Спортивні товари;Йога;Гамаки для йоги;https://prom.ua/ua/Gamaki-dlya-jogi;204303
Спорт і відпочинок;Спортивні товари;Йога;"Йога, загальне";https://prom.ua/ua/Joga-obschee;204301
Спорт і відпочинок;Спортивні товари;Йога;Ремені для йоги;https://prom.ua/ua/Remni-dlya-jogi;204304
Спорт і відпочинок;Спортивні товари;Легка атлетика;Інвентар для легкої атлетики;https://prom.ua/ua/Inventar-dlya-legkoj-atletiki;200332
Спорт і відпочинок;Спортивні товари;Легка атлетика;"Легка атлетика, загальне";https://prom.ua/ua/Legkaya-atletika-obschee;204601
Спорт і відпочинок;Спортивні товари;Легка атлетика;Метальний інвентар;https://prom.ua/ua/Metatelnyj-inventar;204603
Спорт і відпочинок;Спортивні товари;"Ролики, скейтборди та самокати";Електросамокати;https://prom.ua/ua/Elektrosamokaty;205302
Спорт і відпочинок;Спортивні товари;"Ролики, скейтборди та самокати";"Запчастини та аксесуари для самокатів, скейтборду, роликових ковзанів";https://prom.ua/ua/Zapchasti-i-aksessuary-dlya-samokatov;3423
Спорт і відпочинок;Спортивні товари;"Ролики, скейтборди та самокати";"Ролики, скейтборди та самокати, загальне";https://prom.ua/ua/Roliki-skejtbordy-i-samokaty-obschee;205301
Спорт і відпочинок;Спортивні товари;"Ролики, скейтборди та самокати";Роликові ковзани та лижоролери;https://prom.ua/ua/Rolikovye-konki;20060102
Спорт і відпочинок;Спортивні товари;"Ролики, скейтборди та самокати";Самокати;https://prom.ua/ua/Samokaty;202104
Спорт і відпочинок;Спортивні товари;"Ролики, скейтборди та самокати";Скейтборди та ролерсерфи;https://prom.ua/ua/Skejtbordy;2006
Спорт і відпочинок;Спортивні товари;Спортивна медицина;;https://prom.ua/ua/Sportivnye-kosmeticheskie-sredstva;2017
Спорт і відпочинок;Спортивні товари;Спортивний інвентар;Аксесуари для м'ячів;https://prom.ua/ua/Aksessuary-dlya-myachej;200315
Спорт і відпочинок;Спортивні товари;Спортивний інвентар;Волани;https://prom.ua/ua/Volanchiki;182406
Спорт і відпочинок;Спортивні товари;Спортивний інвентар;Ключки для флорболу;https://prom.ua/ua/Klyushki-dlya-florbola;200323
Спорт і відпочинок;Спортивні товари;Спортивний інвентар;Слеклайн;https://prom.ua/ua/Sleklajn;200340
Спорт і відпочинок;Спортивні товари;Спортивний інвентар;"Спортивний інвентар, загальне";https://prom.ua/ua/Drugoj-sportivnyj-inventar;200302
Спорт і відпочинок;Спортивні товари;Спортивний інвентар;Спортивні бити;https://prom.ua/ua/Bity-bejsbolnye;3220728
Спорт і відпочинок;Спортивні товари;Спортивний інвентар;Спортивні ігрові м'ячі;https://prom.ua/ua/Sportivnye-myachi;2023
Спорт і відпочинок;Спортивні товари;Спортивний інвентар;Спортивні ігрові ракетки;https://prom.ua/ua/Raketki-dlya-nastolnogo-tennisa;182422
Спорт і відпочинок;Спортивні товари;Спортивний інвентар;"Фрісбі, літаючі диски та бумеранги";https://prom.ua/ua/Frisbi-letayuschie-diski;200338
Спорт і відпочинок;Спортивні товари;Спортивний інвентар;"Хокейні ключки, шайби";https://prom.ua/ua/Hokkejnye-klyushki-shajby;202408
Спорт і відпочинок;Спортивні товари;Спортивні пістолети та рушниці;;https://prom.ua/ua/Sportivnoe-oruzhie;302101
Спорт і відпочинок;Спортивні товари;Спортивні сумки та рюкзаки;Міські сумки;https://prom.ua/ua/Gorodskie-sumki;380603
Спорт і відпочинок;Спортивні товари;Спортивні сумки та рюкзаки;Міські та спортивні рюкзаки ;https://prom.ua/ua/Ryukzaki-gorodskie;380601
Спорт і відпочинок;Спортивні товари;Спортивні сумки та рюкзаки;Поясні сумки;https://prom.ua/ua/Poyasnye-sumki;380650
Спорт і відпочинок;Спортивні товари;Спортивні сумки та рюкзаки;Спортивні сумки;https://prom.ua/ua/Sportivnye-sumki;380630
Спорт і відпочинок;Спортивні товари;Спортивні сумки та рюкзаки;"Сумки для дозвілля, загальне";https://prom.ua/ua/Drugie-sumki-dlya-dosuga;380699
Спорт і відпочинок;Спортивні товари;Спортивні сумки та рюкзаки;"Сумки для ковзанів, черевиків";https://prom.ua/ua/Sumki-dlya-konkov-botinok;380602
Спорт і відпочинок;Спортивні товари;"Спортивні товари, загальне";;https://prom.ua/ua/Sportivnye-tovary-obschee;2047
Спорт і відпочинок;Спортивні товари;Спортивні фіксатори та супорти;Еластичні бинти;https://prom.ua/ua/Elastichnye-binty;401010
Спорт і відпочинок;Спортивні товари;Спортивні фіксатори та супорти;Кінезіо тейпи і засоби для тейпування;https://prom.ua/ua/Kinezio-tejpy-i-sredstva-dlya-tejpirovaniya;201302
Спорт і відпочинок;Спортивні товари;Товари для кінного спорту;;https://prom.ua/ua/Tovary-dlya-verhovoj-ezdy;2020
Спорт і відпочинок;Спортивні товари;Фітнес;Інверсійні черевики;https://prom.ua/ua/Inversionnye-botinki;200335
Спорт і відпочинок;Спортивні товари;Фітнес;Гімнастичні диски;https://prom.ua/ua/Gimnasticheskie-diski;203604
Спорт і відпочинок;Спортивні товари;Фітнес;Гімнастичні обручі ;https://prom.ua/ua/Obruchi-gimnasticheskie;200327
Спорт і відпочинок;Спортивні товари;Фітнес;"Гімнастичні палиці, бодібари";https://prom.ua/ua/Bodibary;200326
Спорт і відпочинок;Спортивні товари;Фітнес;Килимки для йоги та фітнесу;https://prom.ua/ua/Kovriki-dlya-jogi-i-fitnesa;200311
Спорт і відпочинок;Спортивні товари;Фітнес;Медболи;https://prom.ua/ua/Medboly;200330
Спорт і відпочинок;Спортивні товари;Фітнес;Скакалки;https://prom.ua/ua/Skakalki;200313
Спорт і відпочинок;Спортивні товари;Фітнес;Упори для віджимань;https://prom.ua/ua/Upory-dlya-otzhimanij;200337
Спорт і відпочинок;Спортивні товари;Фітнес;Фітболи;https://prom.ua/ua/Fitboly;200331
Спорт і відпочинок;Спортивні товари;Фітнес;"Фітнес, загальне";https://prom.ua/ua/Tovary-dlya-fitnesa-i-bodibildinga-obschee;203601
Спорт і відпочинок;Сігвеї та гіроскутери;;;https://prom.ua/ua/Sigvei;203502
Спорт і відпочинок;Товари для полювання;"Переноски, підвіси для дичини";;https://prom.ua/ua/Perenoski-podvesy-dlya-dichi;180306
Спорт і відпочинок;Товари для полювання;Приманки для полювання;Манки для полювання;https://prom.ua/ua/Manki-i-primanki-dlya-ohoty;180304
Спорт і відпочинок;Товари для полювання;Приманки для полювання;Опудала для полювання;https://prom.ua/ua/Chuchela-dlya-ohoty;180311
Спорт і відпочинок;Товари для полювання;Приманки для полювання;"Приманки для полювання, загальне";https://prom.ua/ua/Primanki-dlya-ohoty-obschee;180316
Спорт і відпочинок;Товари для полювання;Релоадінг;;https://prom.ua/ua/Reloading;180317
Спорт і відпочинок;Товари для полювання;Сумки для полювання;;https://prom.ua/ua/Sumki-dlya-ohoty;180310
Спорт і відпочинок;Товари для полювання;"Фотопастки, камери для полювання";;https://prom.ua/ua/Fotolovushki-kamery-dlya-ohoty;180312
Спорт і відпочинок;Товари для полювання;Чохли та кейси для зброї;;https://prom.ua/ua/Chehly-oruzhejnye;181610
Спорт і відпочинок;Товари для підводного полювання;Буї для підводного полювання;;https://prom.ua/ua/Bui-dlya-podvodnoj-ohoty;182303
Спорт і відпочинок;Товари для підводного полювання;Підводні рушниці;Аксесуари і комплектуючі для підводних рушниць;https://prom.ua/ua/Komplektuyuschie-dlya-podvodnogo-oruzhiya;302117
Спорт і відпочинок;Товари для підводного полювання;Підводні рушниці;Котушки для підводних рушниць;https://prom.ua/ua/Katushki-dlya-podvodnogo-oruzhiya;302116
Спорт і відпочинок;Товари для підводного полювання;Підводні рушниці;"Підводні рушниці, загальне";https://prom.ua/ua/Podvodnoe-oruzhie-obschee;302118
Спорт і відпочинок;Товари для підводного полювання;Підводні рушниці;Рушниці для підводного полювання;https://prom.ua/ua/Ruzhya-dlya-podvodnoj-ohoty;302114
Спорт і відпочинок;Товари для підводного полювання;"Товари для підводного полювання, загальне";;https://prom.ua/ua/Tovary-dlya-podvodnoj-ohoty-obschee;182301
Спорт і відпочинок;Товари для риболовлі;Вершинки та комелі до вудилищ;;https://prom.ua/ua/Vershinki-i-komeli-k-udilischam;181042
Спорт і відпочинок;Товари для риболовлі;Вудки та спінінги;;https://prom.ua/ua/Udochki-spinningi;181005
Спорт і відпочинок;Товари для риболовлі;Ехолоти та камери;;https://prom.ua/ua/Eholoty;181007
Спорт і відпочинок;Товари для риболовлі;Корми та підгодовування для риби;;https://prom.ua/ua/Korma-i-prikormki-dlya-ryby;181004
Спорт і відпочинок;Товари для риболовлі;Льодобури;;https://prom.ua/ua/Ledobury-rybatskie;181020
Спорт і відпочинок;Товари для риболовлі;Одяг для полювання та риболовлі;Верхній одяг для полювання та риболовлі;https://prom.ua/ua/Kurtki-dlya-ohoty-i-rybalki;181024
Спорт і відпочинок;Товари для риболовлі;Одяг для полювання та риболовлі;Взуття для полювання та риболовлі;https://prom.ua/ua/Zabrody-i-polukombinezony-rybatskie;181015
Спорт і відпочинок;Товари для риболовлі;Одяг для полювання та риболовлі;Костюми для полювання та риболовлі;https://prom.ua/ua/Kostyumy-dlya-ohoty-i-rybalki;181026
Спорт і відпочинок;Товари для риболовлі;Одяг для полювання та риболовлі;"Шорти, штани для полювання та риболовлі";https://prom.ua/ua/Bryuki-dlya-ohoty-i-rybalki;181025
Спорт і відпочинок;Товари для риболовлі;Прикормочні кораблики;;https://prom.ua/ua/Korabliki-dlya-prikormki;181030
Спорт і відпочинок;Товари для риболовлі;Підставки для вудилищ;;https://prom.ua/ua/Stojki-dlya-udilisch;181022
Спорт і відпочинок;Товари для риболовлі;Рибальські котушки;;https://prom.ua/ua/Katushki-dlya-spinninga;181003
Спорт і відпочинок;Товари для риболовлі;"Рибальські садки, кукани";;https://prom.ua/ua/Sadki-rybolovnye;181018
Спорт і відпочинок;Товари для риболовлі;Рибальські санки;;https://prom.ua/ua/Rybolovnye-sanki;181043
Спорт і відпочинок;Товари для риболовлі;Рибальські снасті;Блесни та балансири;https://prom.ua/ua/Blesny;181001
Спорт і відпочинок;Товари для риболовлі;Рибальські снасті;Вертлюги та застібки для риболовлі;https://prom.ua/ua/Vertlyuzhki-i-zastezhki-dlya-rybalki;181040
Спорт і відпочинок;Товари для риболовлі;Рибальські снасті;Воблери;https://prom.ua/ua/Voblery;181009
Спорт і відпочинок;Товари для риболовлі;Рибальські снасті;Гачки та грузила;https://prom.ua/ua/Gruzila-rybolovnye;181011
Спорт і відпочинок;Товари для риболовлі;Рибальські снасті;Готове оснастка;https://prom.ua/ua/Gotovaya-osnastka;181044
Спорт і відпочинок;Товари для риболовлі;Рибальські снасті;Ліски та повідки;https://prom.ua/ua/Leska-i-kryuchki-dlya-rybalki;181002
Спорт і відпочинок;Товари для риболовлі;Рибальські снасті;Матеріали для нахлисту;https://prom.ua/ua/Materialy-dlya-nahlysta;181034
Спорт і відпочинок;Товари для риболовлі;Рибальські снасті;Поплавці;https://prom.ua/ua/Poplavki;181041
Спорт і відпочинок;Товари для риболовлі;Рибальські снасті;Рибальські кормушки;https://prom.ua/ua/Rybolovnye-kormushki;181021
Спорт і відпочинок;Товари для риболовлі;Рибальські снасті;"Рибальські снасті, загальне";https://prom.ua/ua/Rybolovnye-snasti-obschee-1;181037
Спорт і відпочинок;Товари для риболовлі;Рибальські снасті;Сигналізатори клювання та свінгери;https://prom.ua/ua/Signalizatory-poklevki-svingera-dlya-rybalki;181013
Спорт і відпочинок;Товари для риболовлі;Рибальські снасті;"Силіконові приманки, мандула та стримери";https://prom.ua/ua/Silikonovye-primanki;181012
Спорт і відпочинок;Товари для риболовлі;Рибальські сумки та коробки;;https://prom.ua/ua/Yaschiki-dlya-snastej;181014
Спорт і відпочинок;Товари для риболовлі;Рибальські інструменти;;https://prom.ua/ua/Rybolovnye-instrumenty;181032
Спорт і відпочинок;Товари для риболовлі;Рукавички для риболовлі;;https://prom.ua/ua/Perchatki-dlya-rybalki;181038
Спорт і відпочинок;Товари для риболовлі;"Товари для риболовлі, загальне";;https://prom.ua/ua/Drugie-tovary-dlya-rybalki;181008
Спорт і відпочинок;Товари для риболовлі;Чохли та тубуси для вудилищ;;https://prom.ua/ua/Chehly-sumki-dlya-udilisch;181019
Спорт і відпочинок;"Товари для спорту та відпочинку, загальне";;;https://prom.ua/ua/Drugie-tovary-dlya-sporta-i-razvlechenij;1814
Спорт і відпочинок;Товари для туризму та подорожей;"Аксесуари для спальних мішків, карематів та наметів";;https://prom.ua/ua/Aksessuary-i-komplektuyuschie-dlya-palatok-i-tentov-turisticheskih;240435
Спорт і відпочинок;Товари для туризму та подорожей;Біотуалети та кабінки туалетні дачні;;https://prom.ua/ua/Biotualety;13240202
Спорт і відпочинок;Товари для туризму та подорожей;Газове обладнання для туризму;Аксесуари для туристичних пальників та балонів;https://prom.ua/ua/Komplektuyuschie-dlya-plit-i-gorelok-turisticheskih;240446
Спорт і відпочинок;Товари для туризму та подорожей;Газове обладнання для туризму;Туристичні газові балони ;https://prom.ua/ua/Gazovye-ballony-turisticheskie;240432
Спорт і відпочинок;Товари для туризму та подорожей;Газове обладнання для туризму;Туристичні плити та пальники ;https://prom.ua/ua/Gazovaya-gorelka;13240602
Спорт і відпочинок;Товари для туризму та подорожей;Каремати та сидушки;;https://prom.ua/ua/Kovriki-turisticheskie;240405
Спорт і відпочинок;Товари для туризму та подорожей;Льодоходи та льодоступи;;https://prom.ua/ua/Ledohody;240452
Спорт і відпочинок;Товари для туризму та подорожей;Надувні подушки та підголовники;;https://prom.ua/ua/Naduvnye-podushki;370601
Спорт і відпочинок;Товари для туризму та подорожей;"Накидки для рюкзаків, сумок";;https://prom.ua/ua/Nakidki-dlya-ryukzakov-sumok;240451
Спорт і відпочинок;Товари для туризму та подорожей;Переносне освітлення;Аксесуари для переносних ліхтарів;https://prom.ua/ua/Aksessuary-dlya-perenosnyh-fonarej;390505
Спорт і відпочинок;Товари для туризму та подорожей;Переносне освітлення;"Переносне освітлення, загальне";https://prom.ua/ua/Drugoe-perenosnoe-osveschenie;39050399
Спорт і відпочинок;Товари для туризму та подорожей;Переносне освітлення;Переносні світильники;https://prom.ua/ua/Perenosnye-tochechnye-svetilniki;39050303
Спорт і відпочинок;Товари для туризму та подорожей;Польові кухні;;https://prom.ua/ua/Polevye-kuhni;341804
Спорт і відпочинок;Товари для туризму та подорожей;"Снігоступи, альпіністські кішки";;https://prom.ua/ua/Snegostupy-alpinistskie-koshki;240453
Спорт і відпочинок;Товари для туризму та подорожей;Спальні мішки;;https://prom.ua/ua/Spalnye-meshki;240407
Спорт і відпочинок;Товари для туризму та подорожей;Тенти ;;https://prom.ua/ua/Tenty-zavesy;130734
Спорт і відпочинок;Товари для туризму та подорожей;"Товари для туризму та подорожей, загальне";;https://prom.ua/ua/Drugie-tovary-dlya-turizma-i-puteshestviya;240410
Спорт і відпочинок;Товари для туризму та подорожей;Туристична косметика та хімія;Засоби для чищення взуття;https://prom.ua/ua/Sredstva-dlya-chistki-obuvi;240447
Спорт і відпочинок;Товари для туризму та подорожей;Туристична косметика та хімія;Засоби по догляду за екіпіруванням;https://prom.ua/ua/Sredstva-po-uhodu-za-ekipirovkoj;240443
Спорт і відпочинок;Товари для туризму та подорожей;Туристичний посуд;Казани;https://prom.ua/ua/Kazany;15230310
Спорт і відпочинок;Товари для туризму та подорожей;Туристичний посуд;Набори туристичного посуду;https://prom.ua/ua/Nabory-turisticheskoj-posudy;240412
Спорт і відпочинок;Товари для туризму та подорожей;Туристичний посуд;Підставки і триноги для багаття;https://prom.ua/ua/Trenogi-kostrovye;240445
Спорт і відпочинок;Товари для туризму та подорожей;Туристичний посуд;Термоси та термокружки;https://prom.ua/ua/Termosy;1531
Спорт і відпочинок;Товари для туризму та подорожей;Туристичний посуд;"Туристичний посуд, загальне";https://prom.ua/ua/Turisticheskaya-posuda-obschee;240424
Спорт і відпочинок;Товари для туризму та подорожей;Туристичний посуд;"Туристичні каструлі, казанки";https://prom.ua/ua/Kotelki-turisticheskie;240413
Спорт і відпочинок;Товари для туризму та подорожей;Туристичний посуд;Туристичні кухлі;https://prom.ua/ua/Kruzhki-turisticheskie;240418
Спорт і відпочинок;Товари для туризму та подорожей;Туристичний посуд;Туристичні миски і тарілки ;https://prom.ua/ua/Miski-i-tarelki-turisticheskie;240416
Спорт і відпочинок;Товари для туризму та подорожей;Туристичний посуд;Туристичні сковорідки ;https://prom.ua/ua/Skovorodki-turisticheskie;240414
Спорт і відпочинок;Товари для туризму та подорожей;Туристичний посуд;Туристичні столові прибори;https://prom.ua/ua/Turisticheskie-stolovye-pribory;240417
Спорт і відпочинок;Товари для туризму та подорожей;Туристичний посуд;Туристичні фляги ;https://prom.ua/ua/Flyagi-turisticheskie-;240457
Спорт і відпочинок;Товари для туризму та подорожей;Туристичний посуд;Туристичні чайники ;https://prom.ua/ua/Chajniki-turisticheskie;240415
Спорт і відпочинок;Товари для туризму та подорожей;"Туристичні бахіли, гамаші";;https://prom.ua/ua/Turisticheskie-bahily;240436
Спорт і відпочинок;Товари для туризму та подорожей;Туристичні намети;;https://prom.ua/ua/Palatki-i-tenty-turisticheskie;240409
Спорт і відпочинок;Товари для туризму та подорожей;Туристичні рюкзаки ;;https://prom.ua/ua/Ryukzaki-turisticheskie;240411
Спорт і відпочинок;Товари для туризму та подорожей;Туристичні складані відра;;https://prom.ua/ua/Turisticheskie-skladnye-vedra;240459
Спорт і відпочинок;Товари для туризму та подорожей;Туристичні інструменти;Компаси ;https://prom.ua/ua/Kompasy;240404
Спорт і відпочинок;Товари для туризму та подорожей;Туристичні інструменти;Компресійні мішки та гермомішки;https://prom.ua/ua/Kompressionnye-i-germomeshki;240438
Спорт і відпочинок;Товари для туризму та подорожей;Туристичні інструменти;Набори туристичних інструментів;https://prom.ua/ua/Nabory-turisticheskih-instrumentov;240460
Спорт і відпочинок;Товари для туризму та подорожей;Туристичні інструменти;"Питні системи, туристичні гідратори ";https://prom.ua/ua/Pitevye-sistemy-gidratory-turisticheskie;240449
Спорт і відпочинок;Товари для туризму та подорожей;Туристичні інструменти;Польові душі;https://prom.ua/ua/Pohodnye-dushi;240437
Спорт і відпочинок;Товари для туризму та подорожей;Туристичні інструменти;Ручні та налобні ліхтарі;https://prom.ua/ua/Fonariki-;150410
Спорт і відпочинок;Товари для туризму та подорожей;Туристичні інструменти;"Сумки-холодильники, термобокси";https://prom.ua/ua/Sumki-holodilniki;152410
Спорт і відпочинок;Товари для туризму та подорожей;Туристичні інструменти;Трекінгові палиці та аксесуари до них;https://prom.ua/ua/Palki-dlya-hodby;240433
Спорт і відпочинок;Товари для туризму та подорожей;Туристичні інструменти;Туристичні лопати ;https://prom.ua/ua/Lopaty-turisticheskie;240429
Спорт і відпочинок;Товари для туризму та подорожей;Туристичні інструменти;Туристичні обігрівачі ;https://prom.ua/ua/Kataliticheskie-grelki;240434
Спорт і відпочинок;Товари для туризму та подорожей;Туристичні інструменти;Туристичні пилки;https://prom.ua/ua/Pily-turisticheskie;240426
Спорт і відпочинок;Товари для туризму та подорожей;Туристичні інструменти;Туристичні рушники;https://prom.ua/ua/Turisticheskie-polotentsa;240439
Спорт і відпочинок;Товари для туризму та подорожей;Туристичні інструменти;Туристичні фільтри та пігулки для питної води;https://prom.ua/ua/Turisticheskie-filtry-dlya-vody;240458
Спорт і відпочинок;Товари для туризму та подорожей;Туристичні інструменти;"Туристичні інструменти, загальне";https://prom.ua/ua/Turisticheskie-instrumenty-obschee;240430
Спорт і відпочинок;Товари для туризму та подорожей;Туристичні інструменти;"Чохли, футляри для ножів";https://prom.ua/ua/Chehly-dlya-nozhej;240444
Спорт і відпочинок;Тренажери;Інверсійні столи;;https://prom.ua/ua/Inversionnye-stoly;200918
Спорт і відпочинок;Тренажери;"Балансувальні, степ платформи";;https://prom.ua/ua/Step-doski;200912
Спорт і відпочинок;Тренажери;Бігові доріжки;;https://prom.ua/ua/Begovye-dorozhki;200905
Спорт і відпочинок;Тренажери;Велотренажери;;https://prom.ua/ua/Velotrenazhery;200904
Спорт і відпочинок;Тренажери;"Гантелі, гирі, штанги та диски";;https://prom.ua/ua/Ganteli-grify-trenazhery-dlya-tyazheloj-atletiki;200901
Спорт і відпочинок;Тренажери;Гребні тренажери;;https://prom.ua/ua/Grebnye-trenazhery;200909
Спорт і відпочинок;Тренажери;Дитячі тренажери;;https://prom.ua/ua/Detskie-trenazhery;200916
Спорт і відпочинок;Тренажери;Еліптичні тренажери;;https://prom.ua/ua/Ellipticheskie-trenazhery;200914
Спорт і відпочинок;Тренажери;Еспандери;;https://prom.ua/ua/Espandery;200314
Спорт і відпочинок;Тренажери;Комплектуючі та аксесуари для тренажерів;;https://prom.ua/ua/Komplektuyuschie-i-aksessuary-dlya-trenazherov;200920
Спорт і відпочинок;Тренажери;Силові тренажери;;https://prom.ua/ua/Fitnes-stantsii;200911
Спорт і відпочинок;Тренажери;Спортивні стінки і турніки для дому;;https://prom.ua/ua/Sportivnye-stenki;200908
Спорт і відпочинок;Тренажери;Степери;;https://prom.ua/ua/Steppery;200917
Спорт і відпочинок;Тренажери;"Стійки, лави для жиму та присідань";;https://prom.ua/ua/Skami-dlya-sport-zalov;200902
Спорт і відпочинок;Тренажери;"Тренажери для пресу, гіперекстензії";;https://prom.ua/ua/Trenazhery-dlya-bryushnogo-pressa;200903
Спорт і відпочинок;Тренажери;Тренажери імітатори;;https://prom.ua/ua/Trenazhery-imitatory;200924
Спорт і відпочинок;Тренажери;"Тренажери, загальне";;https://prom.ua/ua/Drugie-trenazhery;200913
"Сільгосппродукція, техніка та обладнання";Грибівництво;;;https://prom.ua/ua/Gribovodstvo;10601
"Сільгосппродукція, техніка та обладнання";Компостне обладнання;;;https://prom.ua/ua/Kompostnoe-oborudovanie;169
"Сільгосппродукція, техніка та обладнання";Рибництво;"Рибництво, загальне";;https://prom.ua/ua/Rybovodstvo-obschee;12601
"Сільгосппродукція, техніка та обладнання";Рибництво;Рибопосадковий матеріал;;https://prom.ua/ua/Ryboposadochnyj-material;12602
"Сільгосппродукція, техніка та обладнання";Рослинництво;Добрива;Азотні добрива;https://prom.ua/ua/Azotnye-udobreniya;11504
"Сільгосппродукція, техніка та обладнання";Рослинництво;Добрива;Бактеріальні добрива;https://prom.ua/ua/Bakterialnye-udobreniya;11605
"Сільгосппродукція, техніка та обладнання";Рослинництво;Добрива;Вермикулітові добрива;https://prom.ua/ua/Vermikulitovye-udobreniya;11508
"Сільгосппродукція, техніка та обладнання";Рослинництво;Добрива;"Добрива, загальне";https://prom.ua/ua/Udobreniya-obschee;11699
"Сільгосппродукція, техніка та обладнання";Рослинництво;Добрива;Кальцієві добрива;https://prom.ua/ua/Kaltsievye-udobreniya;11608
"Сільгосппродукція, техніка та обладнання";Рослинництво;Добрива;Калійні добрива;https://prom.ua/ua/Kalievye-udobreniya;11506
"Сільгосппродукція, техніка та обладнання";Рослинництво;Добрива;Комплексні добрива;https://prom.ua/ua/Kompleksnye-udobreniya;11503
"Сільгосппродукція, техніка та обладнання";Рослинництво;Добрива;Мікродобрива;https://prom.ua/ua/Mikroudobreniya;11607
"Сільгосппродукція, техніка та обладнання";Рослинництво;Добрива;Органічні добрива;https://prom.ua/ua/Organicheskie-udobreniya;11502
"Сільгосппродукція, техніка та обладнання";Рослинництво;Добрива;Регулятори росту рослин;https://prom.ua/ua/Regulyatory-rosta-rastenij;11604
"Сільгосппродукція, техніка та обладнання";Рослинництво;Добрива;Фосфорні добрива;https://prom.ua/ua/Fosfornye-udobreniya;11505
"Сільгосппродукція, техніка та обладнання";Рослинництво;Засоби захисту рослин;Інсектициди;https://prom.ua/ua/Insektitsidy;11603
"Сільгосппродукція, техніка та обладнання";Рослинництво;Засоби захисту рослин;Бактерициди;https://prom.ua/ua/Bakteritsidy;1160206
"Сільгосппродукція, техніка та обладнання";Рослинництво;Засоби захисту рослин;Біопрепарати;https://prom.ua/ua/Biopreparaty;1110501
"Сільгосппродукція, техніка та обладнання";Рослинництво;Засоби захисту рослин;Гербіциди;https://prom.ua/ua/Gerbitsidy-1;1160205
"Сільгосппродукція, техніка та обладнання";Рослинництво;Засоби захисту рослин;Десиканти;https://prom.ua/ua/Desikanty;11108
"Сільгосппродукція, техніка та обладнання";Рослинництво;Засоби захисту рослин;"Засоби захисту рослин, загальне";https://prom.ua/ua/Sredstva-zaschity-rastenij-obschee;11106
"Сільгосппродукція, техніка та обладнання";Рослинництво;Засоби захисту рослин;Зооциди;https://prom.ua/ua/Zootsidy;1160208
"Сільгосппродукція, техніка та обладнання";Рослинництво;Засоби захисту рослин;Прилипачі;https://prom.ua/ua/Prilipateli;11107
"Сільгосппродукція, техніка та обладнання";Рослинництво;Засоби захисту рослин;Протруйники насіння;https://prom.ua/ua/Protraviteli-semyan;1160207
"Сільгосппродукція, техніка та обладнання";Рослинництво;Засоби захисту рослин;Фунгіциди;https://prom.ua/ua/Fungitsidy;11601
"Сільгосппродукція, техніка та обладнання";Рослинництво;Плодоовочеві культури;"Плодоовочеві культури, загальне";https://prom.ua/ua/Plodoovoschnye-kultury-obschee;12104
"Сільгосппродукція, техніка та обладнання";Рослинництво;Польові культури;Насіння бобових культур;https://prom.ua/ua/Bobovye-kultury;10101
"Сільгосппродукція, техніка та обладнання";Рослинництво;Польові культури;Насіння зернових культур;https://prom.ua/ua/Zernovye-kultury;10102
"Сільгосппродукція, техніка та обладнання";Рослинництво;Польові культури;Насіння олійних культур;https://prom.ua/ua/Maslichnye-kultury;10104
"Сільгосппродукція, техніка та обладнання";Рослинництво;Польові культури;Непродовольчі культури;https://prom.ua/ua/Drugie-semena;1140210
"Сільгосппродукція, техніка та обладнання";Рослинництво;Польові культури;"Польові культури, загальне";https://prom.ua/ua/Polevye-kultury-obschee;1140701
"Сільгосппродукція, техніка та обладнання";Сільськогосподарська техніка; запчастини до грунтообробної техніки;;https://prom.ua/ua/Zapchasti-pochvoobrabatyvayuschej-tehnike;14090207
"Сільгосппродукція, техніка та обладнання";Сільськогосподарська техніка;Запасні частини для причіпної техніки;;https://prom.ua/ua/Zapasnye-chasti-dlya-pritsepnoj-tehniki;14090204
"Сільгосппродукція, техніка та обладнання";Сільськогосподарська техніка;Комбайни;;https://prom.ua/ua/Kombajny-zernouborochnye;1280201
"Сільгосппродукція, техніка та обладнання";Сільськогосподарська техніка;Навісне та причіпне сільгоспобладнання;Борони;https://prom.ua/ua/Borony;1280801
"Сільгосппродукція, техніка та обладнання";Сільськогосподарська техніка;Навісне та причіпне сільгоспобладнання;Ворошителі та граблі-ворошилки;https://prom.ua/ua/Grabli-voroshilki;1280602
"Сільгосппродукція, техніка та обладнання";Сільськогосподарська техніка;Навісне та причіпне сільгоспобладнання;Грунтообробні агрегати;https://prom.ua/ua/Agregaty-pochvoobrabatyvayuschie;1280807
"Сільгосппродукція, техніка та обладнання";Сільськогосподарська техніка;Навісне та причіпне сільгоспобладнання;Грунтообробні котки;https://prom.ua/ua/Katki-pochvoobrabatyvayuschie;1280806
"Сільгосппродукція, техніка та обладнання";Сільськогосподарська техніка;Навісне та причіпне сільгоспобладнання;Додаткове обладнання для культиваторів;https://prom.ua/ua/Dopolnitelno-oborudovanie-dlya-kultivatorov;1280808
"Сільгосппродукція, техніка та обладнання";Сільськогосподарська техніка;Навісне та причіпне сільгоспобладнання;Жниварки;https://prom.ua/ua/Zhatki;1280501
"Сільгосппродукція, техніка та обладнання";Сільськогосподарська техніка;Навісне та причіпне сільгоспобладнання;Картоплекопалки;https://prom.ua/ua/Kartofelekopalki;1280504
"Сільгосппродукція, техніка та обладнання";Сільськогосподарська техніка;Навісне та причіпне сільгоспобладнання;Комплектуючі для навісного сільгоспобладнання;https://prom.ua/ua/Komplektuyuschie-dlya-navesnogo-selhoz-oborudovaniya;1281104
"Сільгосппродукція, техніка та обладнання";Сільськогосподарська техніка;Навісне та причіпне сільгоспобладнання;Кормороздавачі;https://prom.ua/ua/Kormorazdatchiki;13114
"Сільгосппродукція, техніка та обладнання";Сільськогосподарська техніка;Навісне та причіпне сільгоспобладнання;Косарки;https://prom.ua/ua/Kosilki;1281102
"Сільгосппродукція, техніка та обладнання";Сільськогосподарська техніка;Навісне та причіпне сільгоспобладнання;Лущильники;https://prom.ua/ua/Luschilniki;1280804
"Сільгосппродукція, техніка та обладнання";Сільськогосподарська техніка;Навісне та причіпне сільгоспобладнання;"Навісне та причіпне сільгоспобладнання, загальне";https://prom.ua/ua/Navesnoe-i-pritsepnoe-selhozoborudovanie-obschee;12805
"Сільгосппродукція, техніка та обладнання";Сільськогосподарська техніка;Навісне та причіпне сільгоспобладнання;Навісні культиватори;https://prom.ua/ua/Kultivatory;1280802
"Сільгосппродукція, техніка та обладнання";Сільськогосподарська техніка;Навісне та причіпне сільгоспобладнання;Навісні та причіпні сівалки;https://prom.ua/ua/Seyalki;1280901
"Сільгосппродукція, техніка та обладнання";Сільськогосподарська техніка;Навісне та причіпне сільгоспобладнання;Обладнання для розчищення посівних площ;https://prom.ua/ua/Oborudovanie-dlya-raschistki;1281106
"Сільгосппродукція, техніка та обладнання";Сільськогосподарська техніка;Навісне та причіпне сільгоспобладнання;Обмотувачі рулонів для заготівлі кормів;https://prom.ua/ua/Obmotchiki-rulonov-dlya-zagotovki-kormov;1280605
"Сільгосппродукція, техніка та обладнання";Сільськогосподарська техніка;Навісне та причіпне сільгоспобладнання;Плуги;https://prom.ua/ua/Plugi;1280805
"Сільгосппродукція, техніка та обладнання";Сільськогосподарська техніка;Навісне та причіпне сільгоспобладнання;Польові подрібнювачі рослинних залишків;https://prom.ua/ua/Polevye-izmelchiteli-rastitelnyh-ostatkov;1281105
"Сільгосппродукція, техніка та обладнання";Сільськогосподарська техніка;Навісне та причіпне сільгоспобладнання;Посівні комплекси;https://prom.ua/ua/Posevnye-kompleksy;1280903
"Сільгосппродукція, техніка та обладнання";Сільськогосподарська техніка;Навісне та причіпне сільгоспобладнання;Прес-підбирач;https://prom.ua/ua/Press-podborschik;1280603
"Сільгосппродукція, техніка та обладнання";Сільськогосподарська техніка;Навісне та причіпне сільгоспобладнання;"Пристосування для збирання соняшника, ріпаку, сої";https://prom.ua/ua/Prisposobleniya-dlya-uborki-rapsa;1280503
"Сільгосппродукція, техніка та обладнання";Сільськогосподарська техніка;Навісне та причіпне сільгоспобладнання;Розкидачі добрив;https://prom.ua/ua/Razbrasyvateli-udobrenij;1281107
"Сільгосппродукція, техніка та обладнання";Сільськогосподарська техніка;Навісне та причіпне сільгоспобладнання;Садилки навісні та причіпні;https://prom.ua/ua/Sazhalki;1280904
"Сільгосппродукція, техніка та обладнання";Сільськогосподарська техніка;Навісне та причіпне сільгоспобладнання;Силосні машини;https://prom.ua/ua/Silosnye-mashiny;1280606
"Сільгосппродукція, техніка та обладнання";Сільськогосподарська техніка;Навісне та причіпне сільгоспобладнання;Системи контролю висіву;https://prom.ua/ua/Sistemy-kontrolya-vyseva;1280905
"Сільгосппродукція, техніка та обладнання";Сільськогосподарська техніка;Системи точного землеробства;;https://prom.ua/ua/Sistemy-tochnogo-zemledeliya;12818
"Сільгосппродукція, техніка та обладнання";Сільськогосподарська техніка;"Сільгосптехніка, загальне";;https://prom.ua/ua/Drugaya-selhoztehnika;14090201
"Сільгосппродукція, техніка та обладнання";Сільськогосподарська техніка;Сільськогосподарські напівпричепи та причепи;;https://prom.ua/ua/Polupritsepy-i-pritsepy-selskohozyajstvennye;1281103
"Сільгосппродукція, техніка та обладнання";Сільськогосподарська техніка;Трактори;;https://prom.ua/ua/Traktory;12801
"Сільгосппродукція, техніка та обладнання";Сільськогосподарське обладнання;Елеватори та зерносховища;Елеватори;https://prom.ua/ua/Elevatory;120801
"Сільгосппродукція, техніка та обладнання";Сільськогосподарське обладнання;Елеватори та зерносховища;"Елеватори та зерносховища, загальне";https://prom.ua/ua/Drugie-hranilischa-zerna;120805
"Сільгосппродукція, техніка та обладнання";Сільськогосподарське обладнання;Елеватори та зерносховища;Завантажувачі зерна;https://prom.ua/ua/Zagruzchik-zerna;120807
"Сільгосппродукція, техніка та обладнання";Сільськогосподарське обладнання;Елеватори та зерносховища;Зерносушарки;https://prom.ua/ua/Zernosushilki;120804
"Сільгосппродукція, техніка та обладнання";Сільськогосподарське обладнання;Елеватори та зерносховища;Зерносховища;https://prom.ua/ua/Zernohranilischa;120802
"Сільгосппродукція, техніка та обладнання";Сільськогосподарське обладнання;Елеватори та зерносховища;Самопливне обладнання;https://prom.ua/ua/Samotechnoe-oborudovanie;120809
"Сільгосппродукція, техніка та обладнання";Сільськогосподарське обладнання;Елеватори та зерносховища;Силоси для зерна;https://prom.ua/ua/Silosy;120803
"Сільгосппродукція, техніка та обладнання";Сільськогосподарське обладнання;Обладнання для вирощування та переробки зерна;Запчастини до зерноочисної техніки;https://prom.ua/ua/Zapchasti-zernoochistitelnoj-tehnike;1281005
"Сільгосппродукція, техніка та обладнання";Сільськогосподарське обладнання;Обладнання для вирощування та переробки зерна;Зерномети;https://prom.ua/ua/Zernometateli;1281003
"Сільгосппродукція, техніка та обладнання";Сільськогосподарське обладнання;Обладнання для вирощування та переробки зерна;Зерноочисні машини;https://prom.ua/ua/Zernoochistitelnye-mashiny;1281001
"Сільгосппродукція, техніка та обладнання";Сільськогосподарське обладнання;Обладнання для вирощування та переробки зерна;Лабораторне обладнання для зернової промисловості;https://prom.ua/ua/Oborudovanie-dlya-hraneni-zerna;120806
"Сільгосппродукція, техніка та обладнання";Сільськогосподарське обладнання;Обладнання для вирощування та переробки зерна;"Обладнання для вирощування та переробки зерна, загальне";https://prom.ua/ua/Drugoe-oborudovanie-dlya-vyraschivaniya-i-pererabotki-zerna;1281002
"Сільгосппродукція, техніка та обладнання";Сільськогосподарське обладнання;Обладнання для рибних господарств;;https://prom.ua/ua/Aeratory-dlya-vodoemov;13006
"Сільгосппродукція, техніка та обладнання";Сільськогосподарське обладнання;Обладнання для рослинництва;Гідропонні установки;https://prom.ua/ua/Gidroponnye-ustanovki;12821
"Сільгосппродукція, техніка та обладнання";Сільськогосподарське обладнання;Обладнання для рослинництва;Комплектуючі та запчастини до обприскувачів;https://prom.ua/ua/Komplektuyuschie-i-zapchasti-k-opryskivatelyam;12820
"Сільгосппродукція, техніка та обладнання";Сільськогосподарське обладнання;Обладнання для рослинництва;Обладнання для обробки біомаси;https://prom.ua/ua/Oborudovanie-dlya-obrabotki-biomassy;12816
"Сільгосппродукція, техніка та обладнання";Сільськогосподарське обладнання;Обладнання для рослинництва;"Обладнання для рослинництва, загальне";https://prom.ua/ua/Oborudovanie-dlya-rastenievodstva-obschee;1280701
"Сільгосппродукція, техніка та обладнання";Сільськогосподарське обладнання;Обладнання для рослинництва;Обладнання для хімзахисту та внесення добрив;https://prom.ua/ua/Oborudovanie-dlya-himzaschity-i-udobrenij;12812
"Сільгосппродукція, техніка та обладнання";Сільськогосподарське обладнання;Обладнання для рослинництва;Обладнання та машини для сільськогосподарської іригації;https://prom.ua/ua/Orositelnye-sistemy-i-oborudovanie-dlya-irrigatsii;12813
"Сільгосппродукція, техніка та обладнання";Сільськогосподарське обладнання;Обладнання для рослинництва;Сітки для сінажу;https://prom.ua/ua/Setki-dlya-senazha;1280604
"Сільгосппродукція, техніка та обладнання";Сільськогосподарське обладнання;Обладнання для рослинництва;Фітоосвітлення;https://prom.ua/ua/Fitoosveschenie;1280702
"Сільгосппродукція, техніка та обладнання";Сільськогосподарське обладнання;Обладнання для тваринництва;Інвентар для бджільництва;https://prom.ua/ua/Inventar-dlya-pchelovodstva;12814
"Сільгосппродукція, техніка та обладнання";Сільськогосподарське обладнання;Обладнання для тваринництва;Аналізатори молока;https://prom.ua/ua/Analizatory-moloka;15370108
"Сільгосппродукція, техніка та обладнання";Сільськогосподарське обладнання;Обладнання для тваринництва;Гноєзбиральні транспортери;https://prom.ua/ua/Navozouborochnye-transportery;13121
"Сільгосппродукція, техніка та обладнання";Сільськогосподарське обладнання;Обладнання для тваринництва;Годівниці для сільськогосподарських тварин;https://prom.ua/ua/Kormushki;13104
"Сільгосппродукція, техніка та обладнання";Сільськогосподарське обладнання;Обладнання для тваринництва;Доїльні апарати;https://prom.ua/ua/Doilnye-apparaty;13107
"Сільгосппродукція, техніка та обладнання";Сільськогосподарське обладнання;Обладнання для тваринництва;"Електрозагорожі, електропастухи";https://prom.ua/ua/Elektroizgorodi-elektropastuhi;13112
"Сільгосппродукція, техніка та обладнання";Сільськогосподарське обладнання;Обладнання для тваринництва;Запчастини та аксесуари до доїльних апаратів;https://prom.ua/ua/Zapchasti-doilnym-apparatam;1310702
"Сільгосппродукція, техніка та обладнання";Сільськогосподарське обладнання;Обладнання для тваринництва;Керування мікрокліматом на фермах;https://prom.ua/ua/Upravlenie-mikroklimatom-na-fermah;13110
"Сільгосппродукція, техніка та обладнання";Сільськогосподарське обладнання;Обладнання для тваринництва;Комплектуючі для тваринницького обладнання;https://prom.ua/ua/Komplektuyuschie-dlya-zhivotnovodcheskogo;13122
"Сільгосппродукція, техніка та обладнання";Сільськогосподарське обладнання;Обладнання для тваринництва;Обладнання для вівчарства та козівництва;https://prom.ua/ua/Oborudovanie-dlya-ovtsevodstva-i-kozovodstva;13117
"Сільгосппродукція, техніка та обладнання";Сільськогосподарське обладнання;Обладнання для тваринництва;Обладнання для забою худоби;https://prom.ua/ua/Oborudovanie-dlya-uboya-skota;13120
"Сільгосппродукція, техніка та обладнання";Сільськогосподарське обладнання;Обладнання для тваринництва;Обладнання для запліднення;https://prom.ua/ua/Oborudovanie-dlya-osemeneniya;13108
"Сільгосппродукція, техніка та обладнання";Сільськогосподарське обладнання;Обладнання для тваринництва;Обладнання для кролівництва;https://prom.ua/ua/Oborudovanie-dlya-krolikovodstva;13109
"Сільгосппродукція, техніка та обладнання";Сільськогосподарське обладнання;Обладнання для тваринництва;Обладнання для птахівництва;https://prom.ua/ua/Oborudovanie-dlya-ptitsevodstva;11101
"Сільгосппродукція, техніка та обладнання";Сільськогосподарське обладнання;Обладнання для тваринництва;Обладнання для розведення великої рогатої худоби;https://prom.ua/ua/Oborudovanie-dlya-razvedeniya-krupnogo-rogatogo-skota;13111
"Сільгосппродукція, техніка та обладнання";Сільськогосподарське обладнання;Обладнання для тваринництва;Обладнання для свинарства;https://prom.ua/ua/Oborudovanie-dlya-svinoferm;13105
"Сільгосппродукція, техніка та обладнання";Сільськогосподарське обладнання;Обладнання для тваринництва;"Обладнання для тваринництва, загальне";https://prom.ua/ua/Drugoe-oborudovanie-dlya-zhivotnovodstva;13102
"Сільгосппродукція, техніка та обладнання";Сільськогосподарське обладнання;Обладнання для тваринництва;Опалення та системи мікроклімату для тваринництва і птахівництва;https://prom.ua/ua/Otoplenie-i-sistemy-mikroklimata-dlya-zhivotnovodstva-i-ptitsevodstva;12815
"Сільгосппродукція, техніка та обладнання";Сільськогосподарське обладнання;Обладнання для тваринництва;Охолоджувачі молока;https://prom.ua/ua/Ohladiteli-moloka;13119
"Сільгосппродукція, техніка та обладнання";Сільськогосподарське обладнання;Обладнання для тваринництва;Поїлки для сільськогосподарських тварин;https://prom.ua/ua/Poilki;13103
"Сільгосппродукція, техніка та обладнання";Сільськогосподарське обладнання;Сортувальне сільськогосподарське обладнання;;https://prom.ua/ua/Sortirovochnoe-selskohozyajstvennoe-oborudovanie;12817
"Сільгосппродукція, техніка та обладнання";Сільськогосподарське обладнання;"Сільськогосподарська техніка та обладнання, загальне";;https://prom.ua/ua/Drugaya-selskohozyajstvennaya-tehnika-i-oborudovanie;12804
"Сільгосппродукція, техніка та обладнання";Тваринництво;Бджільництво;;https://prom.ua/ua/Pchelovodstvo;105
"Сільгосппродукція, техніка та обладнання";Тваринництво;Вермікультура;;https://prom.ua/ua/Vermikultura;127
"Сільгосппродукція, техніка та обладнання";Тваринництво;Маркувальні бирки та кільця;;https://prom.ua/ua/Markirovochnye-koltsa-dlya;1100210
"Сільгосппродукція, техніка та обладнання";Тваринництво;Свійські тварини та птиця;;https://prom.ua/ua/Domashnij-skot-ptitsa;1100211
"Сільгосппродукція, техніка та обладнання";Тваринництво;Сільськогосподарські корми;Комбікорми та премікси;https://prom.ua/ua/Kombikorma-i-premiksy;11302
"Сільгосппродукція, техніка та обладнання";Тваринництво;Сільськогосподарські корми;Корми рослинного походження;https://prom.ua/ua/Korma-rastitelnogo-proishozhdeniya;11308
"Сільгосппродукція, техніка та обладнання";Тваринництво;Сільськогосподарські корми;Корми тваринного походження;https://prom.ua/ua/Rybnaya-muka;11301
"Сільгосппродукція, техніка та обладнання";Тваринництво;Сільськогосподарські корми;Кормові добавки;https://prom.ua/ua/Kormovye-dobavki;818
Сільськогосподарські послуги;;;;https://prom.ua/ua/Selskohozyajstvennye-uslug;2851
Тара та упаковка;Етикетки та бирки;;;https://prom.ua/ua/Etiketki-i-birki;2305
Тара та упаковка;Контейнери морські та комплектуючі до них;;;https://prom.ua/ua/Kontejnery-morskie;1205
Тара та упаковка;Пакувальні матеріали;Гнучка упаковка;;https://prom.ua/ua/Gibkaya-upakovka;2318
Тара та упаковка;Пакувальні матеріали;Дерев'яні пакувальні матеріали;"Дерев'яні пакувальні матеріали, загальне";https://prom.ua/ua/Drugie-derevyannye-upakovochnye-materialy;230628
Тара та упаковка;Пакувальні матеріали;Захисні та протиударні пакувальні матеріали;;https://prom.ua/ua/Zaschitnye-i-protivoudarnye-upakovochnye-materialy;230615
Тара та упаковка;Пакувальні матеріали;"Ковпачки, кришки, ручка для пет пляшок";;https://prom.ua/ua/Kolpachki-kryshki;230609
Тара та упаковка;Пакувальні матеріали;Металеві пакувальні матеріали;Аерозольні балони;https://prom.ua/ua/Aerozolnye-ballony;230601
Тара та упаковка;Пакувальні матеріали;Металеві пакувальні матеріали;Металеві бокси;https://prom.ua/ua/Boksy;230605
Тара та упаковка;Пакувальні матеріали;Металеві пакувальні матеріали;Металеві каністри;https://prom.ua/ua/Kanistry-metallicheskie;230648
Тара та упаковка;Пакувальні матеріали;Металеві пакувальні матеріали;"Металеві пакувальні матеріали, загальне";https://prom.ua/ua/Drugie-metallicheskie-upakovochnye-materialy;230630
Тара та упаковка;Пакувальні матеріали;Металеві пакувальні матеріали;Фольга;https://prom.ua/ua/Folga;230606
Тара та упаковка;Пакувальні матеріали;Мотузкові вироби;Будівельні шнури;https://prom.ua/ua/Shnury-stroitelnye;230657
Тара та упаковка;Пакувальні матеріали;Мотузкові вироби;Канати;https://prom.ua/ua/Kanaty;130728
Тара та упаковка;Пакувальні матеріали;Мотузкові вироби;"Мотузкові вироби, загальне";https://prom.ua/ua/Drugie-verevochnye-izdeliya;230632
Тара та упаковка;Пакувальні матеріали;Мотузкові вироби;Пакувальні мотузки;https://prom.ua/ua/Verevki-upakovochnye;230633
Тара та упаковка;Пакувальні матеріали;Мотузкові вироби;Технічні стрічки;https://prom.ua/ua/Tehnicheskie-lenty;230656
Тара та упаковка;Пакувальні матеріали;Мотузкові вироби;Шпагати;https://prom.ua/ua/Shpagaty;230645
Тара та упаковка;Пакувальні матеріали;Пакети;;https://prom.ua/ua/Pakety;2302
Тара та упаковка;Пакувальні матеріали;"Пакувальні матеріали, загальне";;https://prom.ua/ua/Drugie-upakovochnye-materialy;230699
Тара та упаковка;Пакувальні матеріали;Пакувальні плівки;Бар'єрна плівка;https://prom.ua/ua/Barernaya-plenka;230621
Тара та упаковка;Пакувальні матеріали;Пакувальні плівки;Металізована плівка;https://prom.ua/ua/Metallizirovannaya-plenka;230650
Тара та упаковка;Пакувальні матеріали;Пакувальні плівки;"Пакувальні плівки, загальне";https://prom.ua/ua/Drugie-plenki-upakovochnye;230629
Тара та упаковка;Пакувальні матеріали;Пакувальні плівки;Повітряно-пухирчаста плівка;https://prom.ua/ua/Plenka-vozdushno-puzyrkovaya;230647
Тара та упаковка;Пакувальні матеріали;Пакувальні плівки;Стретч-плівка;https://prom.ua/ua/Stretch-plenka;230646
Тара та упаковка;Пакувальні матеріали;Пакувальні плівки;Термозбіжна плівка;https://prom.ua/ua/Termousadochnaya-plenka;230610
Тара та упаковка;Пакувальні матеріали;Пакувальні плівки;Тефлонова плівка;https://prom.ua/ua/Teflonovaya-plenka;230635
Тара та упаковка;Пакувальні матеріали;Пакувальні плівки;Універсальні плівки;https://prom.ua/ua/Plenki-universalnye;230654
Тара та упаковка;Пакувальні матеріали;Пакувальні стяжки;;https://prom.ua/ua/Styazhki-upakovochnye;230653
Тара та упаковка;Пакувальні матеріали;Пластикові ємності;Пластикові бідони та фляги;https://prom.ua/ua/Plastikovye-bidony-i-flyagi;232008
Тара та упаковка;Пакувальні матеріали;Пластикові ємності;Пластикові каністри;https://prom.ua/ua/Kanistry-plastikovye;230649
Тара та упаковка;Пакувальні матеріали;Пластикові ємності;Пластикові пляшки;https://prom.ua/ua/Pet-upakovka-dlya-napitkov;230623
Тара та упаковка;Пакувальні матеріали;Пластикові ємності;"Пластикові ємності, загальне";https://prom.ua/ua/Drugie-plastikovye-upakovochnye-materialy;230612
Тара та упаковка;Пакувальні матеріали;Пластикові ємності;Ящики;https://prom.ua/ua/Yaschiki-plastikovye;230636
Тара та упаковка;Пакувальні матеріали;Скляні пакувальні матеріали;Бутлі;https://prom.ua/ua/Butyli;230622
Тара та упаковка;Пакувальні матеріали;Скляні пакувальні матеріали;"Скляні пакувальні матеріали, загальне";https://prom.ua/ua/Drugie-butylki;230626
Тара та упаковка;Пакувальні матеріали;Термоізоляційні пакети для сфери торгівлі;;https://prom.ua/ua/Termoizolyatsionnye-pakety-dlya-sfery-torovli;230638
Тара та упаковка;Пакувальні матеріали;"Тефлонові сітки, стрічки";;https://prom.ua/ua/Teflonovye-setki-lenty;230655
Тара та упаковка;Пакувальні матеріали;Тримачі;;https://prom.ua/ua/Derzhateli;230608
Тара та упаковка;Пакувальні матеріали;Упаковка з пінопласту;;https://prom.ua/ua/Upakovka-iz-penoplasta;230651
Тара та упаковка;Паперова продукція та упаковка;Картон;;https://prom.ua/ua/Karton;230110
Тара та упаковка;Паперова продукція та упаковка;Картонні гільзи;;https://prom.ua/ua/Kartonnye-gilzy;230117
Тара та упаковка;Паперова продукція та упаковка;Паперові кондитерські серветки та форми;;https://prom.ua/ua/Bumazhnye-konditerskie-salfetki-i-formy;230115
Тара та упаковка;Паперова продукція та упаковка;"Паперові пакети, коробки та тубуси";;https://prom.ua/ua/Bumazhnye-pakety-i-korobki;230106
Тара та упаковка;Паперова продукція та упаковка;"Папір, загальне";;https://prom.ua/ua/Drugaya-bumaga;230108
Тара та упаковка;Паперова продукція та упаковка;Промисловий папір;;https://prom.ua/ua/Promyshlennaya-bumaga;230112
Тара та упаковка;Промислова упаковка;"Промислова упаковка, загальне";;https://prom.ua/ua/Drugie-vidy-upakovki;231999
Тара та упаковка;Промислова упаковка;Упаковка для медичних товарів;;https://prom.ua/ua/Upakovka-dlya-meditsinskih-tovarov;231904
Тара та упаковка;Промислова упаковка;Упаковка для продуктів харчування;Упаковка для продуктів харчування та напівфабрикатів;https://prom.ua/ua/Upakovka-dlya-salatov-i-polufabrikatov;231919
Тара та упаковка;Промислова упаковка;Упаковка для продуктів харчування;"Упаковка для продуктів харчування, загальне";https://prom.ua/ua/Drugaya-upakovka-dlya-produktov-pitaniya;231911
Тара та упаковка;Промислова упаковка;Упаковка для продуктів харчування;Упаковка і тара для напоїв;https://prom.ua/ua/Steklyannaya-upakovka-dlya-napitkov;231916
Тара та упаковка;Промислова упаковка;Упаковка для роздрібної торгівлі;;https://prom.ua/ua/Upakovka-dlya-roznichnoj-torgovli;231908
Тара та упаковка;Промислова упаковка;Упаковка для сільгосппродуктів;;https://prom.ua/ua/Upakovka-dlya-selhozproduktov;231901
Тара та упаковка;Промислова упаковка;Упаковка і флакони для парфумерії та косметики;;https://prom.ua/ua/Upakovka-dlya-parfyumerii;231912
Тара та упаковка;Спеціальна упаковка;"Сейф-пакети, кур'єр-пакети";;https://prom.ua/ua/Sejf-pakety-kurer-pakety;231001
Тара та упаковка;"Тара та упаковка, загальне";;;https://prom.ua/ua/Drugie-vidy-upakovki-i-tary;2313
Тара та упаковка;Транспортні ємності;;;https://prom.ua/ua/Transportnye-yomkosti;2304
Тара та упаковка;Упаковка для транспортування;Ізотермічні контейнери;;https://prom.ua/ua/Izotermicheskie-kontejnery;232013
Тара та упаковка;Упаковка для транспортування;Акумулятори холоду;;https://prom.ua/ua/Akkumulyatory-holoda;232012
Тара та упаковка;Упаковка для транспортування;Бочки та кеги;;https://prom.ua/ua/Bochki-metallicheskie;232009
Тара та упаковка;Упаковка для транспортування;Пакувальні мішки;;https://prom.ua/ua/Tkannye-i-setchatye-meshki;232001
Тара та упаковка;Упаковка для транспортування;Палети;;https://prom.ua/ua/Pallety;232003
Тара та упаковка;Упаковка для транспортування;Пластикові контейнери;;https://prom.ua/ua/Plastikovye-kontejnery;232014
Тара та упаковка;Упаковка для транспортування;"Упаковка для транспортування, загальне";;https://prom.ua/ua/Drugaya-upakovka-dlya-transportirovki;232011
Телекомунікації та зв'язок;Інструмент для мережевих робіт;Інструмент для закладення кабелю;;https://prom.ua/ua/Instrument-dlya-zadelki-kabelya;5093501
Телекомунікації та зв'язок;Інструмент для мережевих робіт;"Інструмент для мережевих робіт, загальне";;https://prom.ua/ua/Instrument-dlya-setevyh-rabot-obschee;5093502
Телекомунікації та зв'язок;Інструмент для мережевих робіт;Інструмент для монтажу кабельних стяжок;;https://prom.ua/ua/Instrument-dlya-montazha-kabelnyh-styazhek;5093503
Телекомунікації та зв'язок;Інструмент для мережевих робіт;Зварювальні апарати і сколювачі для оптоволокна;;https://prom.ua/ua/Svarochnye-apparaty-i-skalyvateli-dlya-optovolokna;50934
Телекомунікації та зв'язок;Інструмент для мережевих робіт;"Кабельні тестери, wi-fi тестери";;https://prom.ua/ua/Kabelnyj-tester;50918
Телекомунікації та зв'язок;Активне мережеве обладнання;"Активне мережеве обладнання, загальне";;https://prom.ua/ua/Drugoe-setevoe-oborudovanie;71901
Телекомунікації та зв'язок;Активне мережеве обладнання;Генератори шуму;;https://prom.ua/ua/Generatory-shuma;300407
Телекомунікації та зв'язок;Активне мережеве обладнання;Комутатори;;https://prom.ua/ua/Kommutatory;71903
Телекомунікації та зв'язок;Активне мережеве обладнання;Комутатори консолей (kvm);;https://prom.ua/ua/Kommutatory-konsolej-kvm;50927
Телекомунікації та зв'язок;Активне мережеве обладнання;Мережеві карти;;https://prom.ua/ua/Setevye-karty;71904
Телекомунікації та зв'язок;Активне мережеве обладнання;"Модеми 3g, 4g";;https://prom.ua/ua/Modemy-3g-gsm-dma;50921
Телекомунікації та зв'язок;Активне мережеве обладнання;Мультиплексори;;https://prom.ua/ua/Multipleksory;50923
Телекомунікації та зв'язок;Активне мережеве обладнання;Міжмережеві екрани;;https://prom.ua/ua/Mezhsetevye-ekrany;50924
Телекомунікації та зв'язок;Активне мережеве обладнання;Обладнання pon;;https://prom.ua/ua/Oborudovanie-pon;71907
Телекомунікації та зв'язок;Активне мережеве обладнання;Обладнання xdsl;;https://prom.ua/ua/Modemy;70803
Телекомунікації та зв'язок;Активне мережеве обладнання;Обладнання для живлення по ethernet;;https://prom.ua/ua/Oborudovanie-dlya-pitaniya-po-ethernet;50928
Телекомунікації та зв'язок;Активне мережеве обладнання;Обладнання для мереж isdn;;https://prom.ua/ua/Oborudovanie-dlya-setej-isdn;50926
Телекомунікації та зв'язок;Активне мережеве обладнання;Принт-сервери;;https://prom.ua/ua/Print-servery;50922
Телекомунікації та зв'язок;Активне мережеве обладнання;Трансивери;;https://prom.ua/ua/Transivery;71905
Телекомунікації та зв'язок;Антенно-щоглові споруди;;;https://prom.ua/ua/Antenno-machtovye-sooruzheniya;50933
Телекомунікації та зв'язок;Багатофункціональні апаратні;"Багатофункціональні апаратні, загальне";;https://prom.ua/ua/Mnogofunktsionalnye-apparatnye-obschee;5090901
Телекомунікації та зв'язок;Багатофункціональні апаратні;"Модулі, плати вводу/виводу";;https://prom.ua/ua/Moduli-platy-vvodavyvoda;5090903
Телекомунікації та зв'язок;Обладнання для телебачення;Головні станції кабельного телебачення;;https://prom.ua/ua/Golovnye-stantsii;5093602
Телекомунікації та зв'язок;Обладнання для телебачення;"Обладнання для телебачення, загальне";;https://prom.ua/ua/Oborudovanie-dlya-televideniya-obschee;5093601
Телекомунікації та зв'язок;Пасивне мережеве обладнання;"Hub'и, мости, репітери";;https://prom.ua/ua/Setevye-kontsentratory;7190603
Телекомунікації та зв'язок;Пасивне мережеве обладнання;Комунікаційні розетки;;https://prom.ua/ua/Kommunikatsionnaya-rozetka;5092904
Телекомунікації та зв'язок;Пасивне мережеве обладнання;Кросове обладнання;;https://prom.ua/ua/Krossovoe-oborudovanie;50931
Телекомунікації та зв'язок;Пасивне мережеве обладнання;"Мережеві конектори, модулі та роз'єми";;https://prom.ua/ua/Setevye-konnektory;7190601
Телекомунікації та зв'язок;Пасивне мережеве обладнання;Оптоволоконне обладнання;Витратні матеріали та інструменти для оптоволокна;https://prom.ua/ua/Rashodnye-materialy-instrumenty;5092009
Телекомунікації та зв'язок;Пасивне мережеве обладнання;Оптоволоконне обладнання;Модулі gbic та sfp;https://prom.ua/ua/Moduli-gbic-i-sfp;5092007
Телекомунікації та зв'язок;Пасивне мережеве обладнання;Оптоволоконне обладнання;Оптико-волоконні адаптери та конектори;https://prom.ua/ua/Optiko-volokonnye-adaptery;5092003
Телекомунікації та зв'язок;Пасивне мережеве обладнання;Оптоволоконне обладнання;Оптико-волоконні муфти;https://prom.ua/ua/Optiko-volokonnye-mufty;5092005
Телекомунікації та зв'язок;Пасивне мережеве обладнання;Оптоволоконне обладнання;Оптичні дільники;https://prom.ua/ua/Opticheskie-deliteli;5092008
Телекомунікації та зв'язок;Пасивне мережеве обладнання;Оптоволоконне обладнання;Оптичні конвертери;https://prom.ua/ua/Opticheskij-konverter;5092006
Телекомунікації та зв'язок;Пасивне мережеве обладнання;Оптоволоконне обладнання;Оптичні панелі та бокси;https://prom.ua/ua/Opticheskie-paneli-i-boksy;5092004
Телекомунікації та зв'язок;Пасивне мережеве обладнання;Оптоволоконне обладнання;"Оптоволоконне обладнання, загальне";https://prom.ua/ua/Drugoe-optovolokonnoe-oborudovanie;5092002
Телекомунікації та зв'язок;Пасивне мережеве обладнання;"Пасивне мережеве обладнання, загальне";;https://prom.ua/ua/Drugoe-passivnoe-setev-oborudovanie;7190602
Телекомунікації та зв'язок;Пасивне мережеве обладнання;Патч-корди;;https://prom.ua/ua/Patch-kordy;7190604
Телекомунікації та зв'язок;Пасивне мережеве обладнання;Патч-панелі;;https://prom.ua/ua/Patch-paneli;5092902
Телекомунікації та зв'язок;Серверне обладнання;Аксесуари та комплектуючі для серверного обладнання;;https://prom.ua/ua/Aksessuary-i-komplektuyuschie-dlya-servernogo-oborudovaniya;70308
Телекомунікації та зв'язок;Серверне обладнання;Засоби управління серверами;;https://prom.ua/ua/Sredstva-upravleniya-serverami;70305
Телекомунікації та зв'язок;Серверне обладнання;"Контролери та комплектуючі для sata, sas, scsi raid";;https://prom.ua/ua/Kontrollery-satasasssi-raid;70304
Телекомунікації та зв'язок;Серверне обладнання;Мережеві накопичувачі;;https://prom.ua/ua/Setevye-nakopiteli;70807
Телекомунікації та зв'язок;Серверне обладнання;Промислові комп'ютери;;https://prom.ua/ua/Promyshlennye-kompyutery;70307
Телекомунікації та зв'язок;Серверне обладнання;Сервери;;https://prom.ua/ua/Servery;70302
Телекомунікації та зв'язок;Серверне обладнання;"Серверне обладнання, загальне";;https://prom.ua/ua/Drugoe-servernoe-oborudovanie;70301
Телекомунікації та зв'язок;"Телекомунікаційне обладнання, загальне";;;https://prom.ua/ua/Drugoe-telekommunikatsionnoe-oborudovanie;50914
Телекомунікації та зв'язок;Телефонія;Gsm шлюзи;;https://prom.ua/ua/Gsm-shlyuzy;5090103
Телекомунікації та зв'язок;Телефонія;Voip шлюзи;;https://prom.ua/ua/Voip-shlyuzy;5092502
Телекомунікації та зв'язок;Телефонія;"Атс, міні-атс";;https://prom.ua/ua/Mini-ats-1;5090102
Телекомунікації та зв'язок;Телефонія;Відеофони та комплектуючі;;https://prom.ua/ua/Videofony-i-komplektuyuschie;50917
Телекомунікації та зв'язок;Телефонія;"Комплектуючі для атс, міні-атс";;https://prom.ua/ua/Komplektuyuschie-dlya-mini-ats;5090106
Телекомунікації та зв'язок;Телефонія;Системні телефони та консолі до міні-атс;;https://prom.ua/ua/Sistemnyj-telefon-k-mini-ats;5090101
Телекомунікації та зв'язок;Телефонія;"Телефонія, загальне";;https://prom.ua/ua/Drugie-mini-ats-i-oborudovanie-dlya-mini-ats;5090105
Техніка та електроніка;3d пристрої та аксесуари;3d принтери та 3d сканери;;https://prom.ua/ua/3d-printer;230932
Техніка та електроніка;3d пристрої та аксесуари;"3d пристрої, загальне";;https://prom.ua/ua/Ustrojstva-obschee;500701
Техніка та електроніка;3d пристрої та аксесуари;Витратні матеріали для 3d пристроїв;;https://prom.ua/ua/Rashodnye-materialy-dlya;500702
Техніка та електроніка;3d пристрої та аксесуари;Комплектуючі для 3d пристроїв;;https://prom.ua/ua/Komplektuyuschie-dlya-3d-ustroystv;500704
Техніка та електроніка;Tv та відеотехніка;"Tv та відеотехніка, загальне";;https://prom.ua/ua/Drugaya-audio-video-foto-tehnika;63799
Техніка та електроніка;Tv та відеотехніка;Аксесуари для телевізорів та проекторів;Wi-fi адаптери для тб;https://prom.ua/ua/Wi-fi-adaptery-dlya-tv;6370706
Техніка та електроніка;Tv та відеотехніка;Аксесуари для телевізорів та проекторів;"Аксесуари для телевізорів та проекторів, загальне";https://prom.ua/ua/Aksessuary-dlya-televizorov-i-proektorov-obschee;6370713
Техніка та електроніка;Tv та відеотехніка;Аксесуари для телевізорів та проекторів;Ду пульти;https://prom.ua/ua/Du-pultyi;623
Техніка та електроніка;Tv та відеотехніка;Аксесуари для телевізорів та проекторів;Кабелі для електроніки;https://prom.ua/ua/Audio-video-kabeli-perehodniki-razemy;63719
Техніка та електроніка;Tv та відеотехніка;Аксесуари для телевізорів та проекторів;"Кріплення та ліфти для побутової, цифрової техніки";https://prom.ua/ua/Kronshtejny-dlya-audio-video-tehniki;63708
Техніка та електроніка;Tv та відеотехніка;Аксесуари для телевізорів та проекторів;Окуляри віртуальної реальності (vr окуляри);https://prom.ua/ua/Stereo-ochki;151201
Техніка та електроніка;Tv та відеотехніка;Аксесуари для телевізорів та проекторів;Телевізійні антени;https://prom.ua/ua/Televizionnye-antenny;5090510
Техніка та електроніка;Tv та відеотехніка;Аксесуари для телевізорів та проекторів;Чистячі засоби для цифрової техніки;https://prom.ua/ua/Chistyaschie-sredstva-dlya-monitorov-i-televizor;6370709
Техніка та електроніка;Tv та відеотехніка;Аксесуари для телевізорів та проекторів;Чохли для пультів;https://prom.ua/ua/Chehly-dlya-pultov;6370717
Техніка та електроніка;Tv та відеотехніка;Домашні кінотеатри;;https://prom.ua/ua/Domashnie-kinoteatry;635
Техніка та електроніка;Tv та відеотехніка;Медіаплеєри;;https://prom.ua/ua/Mediapleery;6370902
Техніка та електроніка;Tv та відеотехніка;Проектори;;https://prom.ua/ua/Proektory;6370701
Техніка та електроніка;Tv та відеотехніка;"Супутникове, кабельне телебачення";"Дайсеки, підсилювачі, телевізійні розгалужувачі";https://prom.ua/ua/Dajseki;6371703
Техніка та електроніка;Tv та відеотехніка;"Супутникове, кабельне телебачення";Запчастини для супутникового обладнання;https://prom.ua/ua/Zapchasti-dlya-sputnikovogo-oborudovaniya;6371707
Техніка та електроніка;Tv та відеотехніка;"Супутникове, кабельне телебачення";Комплекти для супутникового телебачення;https://prom.ua/ua/Komplekty-dlya-sputnikovogo-televideniya;6371706
Техніка та електроніка;Tv та відеотехніка;"Супутникове, кабельне телебачення";"Обладнання для супутникового телебачення, загальне";https://prom.ua/ua/Oborudovanie-dlya-sputnikovogo-televideniya-obschee;6371705
Техніка та електроніка;Tv та відеотехніка;"Супутникове, кабельне телебачення";Ресивери цифрового телебачення;https://prom.ua/ua/Resivery-tsifrovogo-televideniya;6370603
Техніка та електроніка;Tv та відеотехніка;"Супутникове, кабельне телебачення";Супутникові антени;https://prom.ua/ua/Sputnikovye-tarelki;6371704
Техніка та електроніка;Tv та відеотехніка;"Супутникове, кабельне телебачення";Супутникові конвертери;https://prom.ua/ua/Sputnikovye-konvertory;6371702
Техніка та електроніка;Tv та відеотехніка;Телевізори;;https://prom.ua/ua/Televizory;6370714
Техніка та електроніка;Автономная энергетика;"Автономная энергетика, общее";;https://prom.ua/ua/Avtonomnaya-energetika-obschee;501001
Техніка та електроніка;Аудіотехніка та аксесуари; чохли та футляри для навушників;;https://prom.ua/ua/Chehly-futlyary-dlya;500502
Техніка та електроніка;Аудіотехніка та аксесуари;Av-ресивери;;https://prom.ua/ua/Resivery;6371602
Техніка та електроніка;Аудіотехніка та аксесуари;Акустичні системи;;https://prom.ua/ua/Akusticheskie-sistemy;518
Техніка та електроніка;Аудіотехніка та аксесуари;"Аудіо та аксесуари, загальне";;https://prom.ua/ua/Audio-i-aksessuary-obschee;500501
Техніка та електроніка;Аудіотехніка та аксесуари;Батарейки;;https://prom.ua/ua/Batarejki;1507
Техніка та електроніка;Аудіотехніка та аксесуари;Бездротові адаптери для акустичних систем;;https://prom.ua/ua/Besprovodnye-adaptery-dlya-akusticheskih-sistem;6372019
Техніка та електроніка;Аудіотехніка та аксесуари;Вінілові програвачі;;https://prom.ua/ua/Proigryvateli-vinilovyh-diskov;6371201
Техніка та електроніка;Аудіотехніка та аксесуари;Диктофони та аксесуари;;https://prom.ua/ua/Diktofony;63704
Техніка та електроніка;Аудіотехніка та аксесуари;Мережеві аудіо програвачі;;https://prom.ua/ua/D-proigryvateli;6370602
Техніка та електроніка;Аудіотехніка та аксесуари;"Музичні центри, магнітоли";;https://prom.ua/ua/Muzykalnye-tsentry;6370605
Техніка та електроніка;Аудіотехніка та аксесуари;Мікрофони;;https://prom.ua/ua/Mikrofony;6371204
Техніка та електроніка;Аудіотехніка та аксесуари;Навушники та гарнітури;;https://prom.ua/ua/Naushniki-i-mikrofony;63715
Техніка та електроніка;Аудіотехніка та аксесуари;"Плеєри mp3, mp4";;https://prom.ua/ua/Mp3-pleery;63710
Техніка та електроніка;Аудіотехніка та аксесуари;Портативні колонки;;https://prom.ua/ua/Portativnaya-akustika;6371101
Техніка та електроніка;Аудіотехніка та аксесуари;Підсилювачі звуку;;https://prom.ua/ua/Usiliteli;63701
Техніка та електроніка;Аудіотехніка та аксесуари;Підставки-тримачі для портативних пристроїв;;https://prom.ua/ua/Avtomobilnye-derzhateli;121226
Техніка та електроніка;Аудіотехніка та аксесуари;Радіоприймачі;;https://prom.ua/ua/Radiopriemniki;632
Техніка та електроніка;Бездротовий зв'язок;Bluetooth адаптери;;https://prom.ua/ua/Bluetooth-adaptery;70810
Техніка та електроніка;Бездротовий зв'язок;Wi-fi адаптери;;https://prom.ua/ua/Ifi-adapter;5090509
Техніка та електроніка;Бездротовий зв'язок;Антени бездротових мереж;;https://prom.ua/ua/Antenny-besprovodnyh-setej;5090507
Техніка та електроніка;Бездротовий зв'язок;Антенні підсилювачі;;https://prom.ua/ua/Usilitel-antennyj;5090503
Техніка та електроніка;Бездротовий зв'язок;"Бездротовий зв'язок, загальне";;https://prom.ua/ua/Drugoe-oborudovanie-dlya-besprovodnyh-setej;5090599
Техніка та електроніка;Бездротовий зв'язок;"Мости, шлюзи бездротових мереж";;https://prom.ua/ua/Mosty-shlyuzy-besprovodnyh-setej;5090506
Техніка та електроніка;Бездротовий зв'язок;Обладнання для бездротових мереж;;https://prom.ua/ua/Oborudovanie-dlya-besprovodnyh-setej;5090504
Техніка та електроніка;Бездротовий зв'язок;Радари та деталі;;https://prom.ua/ua/Radary-i-detali;5090501
Техніка та електроніка;Бездротовий зв'язок;Роутери;;https://prom.ua/ua/Routeryi;71902
Техніка та електроніка;Запчастини для техніки та електроніки;"Запчастини для техніки та електроніки, загальне";;https://prom.ua/ua/Zapchasti-dlya-tehniki-obschaya;500601
Техніка та електроніка;Запчастини для техніки та електроніки;Запчастини та аксесуари для аудіотехніки;;https://prom.ua/ua/Zapchasti-dlya-audiotehniki;6371203
Техніка та електроніка;Запчастини для техніки та електроніки;Запчастини та аксесуари для побутової техніки;"Аксесуари для зубних електрощіток, іригаторів";https://prom.ua/ua/Zapchasti-dlya-zubnyh-elektroschetok-irrigatorov;64432
Техніка та електроніка;Запчастини для техніки та електроніки;Запчастини та аксесуари для побутової техніки;Аксесуари та запчастини до кулерів для води;https://prom.ua/ua/Zapchasti-i-aksessuary-k-kuleram;64414
Техніка та електроніка;Запчастини для техніки та електроніки;Запчастини та аксесуари для побутової техніки;"Запчастини для аерогрилів, фритюрниць";https://prom.ua/ua/Zapchasti-dlya-aerogrilej;64429
Техніка та електроніка;Запчастини для техніки та електроніки;Запчастини та аксесуари для побутової техніки;"Запчастини для блендерів, міксерів";https://prom.ua/ua/Zapchasti-dlya-blenderov-mikserov;64426
Техніка та електроніка;Запчастини для техніки та електроніки;Запчастини та аксесуари для побутової техніки;Запчастини для вафельниць та тостерів;https://prom.ua/ua/Zapchasti-dlya-vafelnits-i-buterbrodnits;64435
Техніка та електроніка;Запчастини для техніки та електроніки;Запчастини та аксесуари для побутової техніки;Запчастини для витяжок;https://prom.ua/ua/Zapchasti-i-aksessuary-dlya-vytyazhek;64410
Техніка та електроніка;Запчастини для техніки та електроніки;Запчастини та аксесуари для побутової техніки;"Запчастини для електробритв, машинок для стрижки";https://prom.ua/ua/Zapchasti-i-aksessuary-dlya-elektrobritv;64418
Техніка та електроніка;Запчастини для техніки та електроніки;Запчастини та аксесуари для побутової техніки;"Запчастини для зволожувачів, очищувачів повітря";https://prom.ua/ua/Zapchasti-dlya-uvlazhnitelej-ochistitelej-vozduha;64430
Техніка та електроніка;Запчастини для техніки та електроніки;Запчастини та аксесуари для побутової техніки;"Запчастини для йогуртниць, морозивниць";https://prom.ua/ua/Zapchasti-dlya-jogurtnits-morozhenits;64427
Техніка та електроніка;Запчастини для техніки та електроніки;Запчастини та аксесуари для побутової техніки;Запчастини для кавомашин та кавомолок;https://prom.ua/ua/Zapchasti-dlya-kofemashin;64424
Техніка та електроніка;Запчастини для техніки та електроніки;Запчастини та аксесуари для побутової техніки;Запчастини для кухонних комбайнів;https://prom.ua/ua/Zapchasti-dlya-kuhonnyh-kombajnov;64425
Техніка та електроніка;Запчастини для техніки та електроніки;Запчастини та аксесуари для побутової техніки;Запчастини для кухонних плит;https://prom.ua/ua/Zapchasti-dlya-bytovyh-plit;64416
Техніка та електроніка;Запчастини для техніки та електроніки;Запчастини та аксесуари для побутової техніки;Запчастини для м'ясорубок;https://prom.ua/ua/Zapchasti-dlya-myasorubok;64421
Техніка та електроніка;Запчастини для техніки та електроніки;Запчастини та аксесуари для побутової техніки;Запчастини для мультиварок і мультипечей;https://prom.ua/ua/Zapchasti-dlya-multivarok-i-multipechey;64422
Техніка та електроніка;Запчастини для техніки та електроніки;Запчастини та аксесуари для побутової техніки;Запчастини для мікрохвильових печей;https://prom.ua/ua/Zapchasti-i-aksessuary-dlya-mikrovolnovyh-pechej;64415
Техніка та електроніка;Запчастини для техніки та електроніки;Запчастини та аксесуари для побутової техніки;Запчастини для обігрівачів та вентиляторів;https://prom.ua/ua/Komplektuyuschie-dlya-infrakrasnyh-obogrevatelej;13240125
Техніка та електроніка;Запчастини для техніки та електроніки;Запчастини та аксесуари для побутової техніки;"Запчастини для пилососів, пароочисників";https://prom.ua/ua/Zapchasti-i-prinadlezhnosti-dlya-pylesosov;64404
Техніка та електроніка;Запчастини для техніки та електроніки;Запчастини та аксесуари для побутової техніки;Запчастини для побутових скиборізок;https://prom.ua/ua/Zapchasti-dlya-bytovyh-lomterezok;64434
Техніка та електроніка;Запчастини для техніки та електроніки;Запчастини та аксесуари для побутової техніки;Запчастини для побутових швейних машин;https://prom.ua/ua/Zapchasti-i-aksessuary-dlya-bytovyh-shvejnyh-mashin;64417
Техніка та електроніка;Запчастини для техніки та електроніки;Запчастини та аксесуари для побутової техніки;Запчастини для посудомийних машин;https://prom.ua/ua/Zapchasti-i-aksessuary-dlya-posudomoechnyh-mashin;64408
Техніка та електроніка;Запчастини для техніки та електроніки;Запчастини та аксесуари для побутової техніки;Запчастини для пральних та сушильних машин;https://prom.ua/ua/Zapchasti-dlya-stiralnyh-mashin;64403
Техніка та електроніка;Запчастини для техніки та електроніки;Запчастини та аксесуари для побутової техніки;Запчастини для прасок;https://prom.ua/ua/Zapchasti-i-aksessuary-dlya-paroochistitelej;64419
Техніка та електроніка;Запчастини для техніки та електроніки;Запчастини та аксесуари для побутової техніки;Запчастини для соковитискачів ;https://prom.ua/ua/Zapchasti-dlya-sokovyzhimalok;64423
Техніка та електроніка;Запчастини для техніки та електроніки;Запчастини та аксесуари для побутової техніки;Запчастини для хлібопічок;https://prom.ua/ua/Zapchasti-i-prinadlezhnosti-dlya-hlebopechek;64405
Техніка та електроніка;Запчастини для техніки та електроніки;Запчастини та аксесуари для побутової техніки;Запчастини для холодильників;https://prom.ua/ua/Zapchasti-i-aksessuary-dlya-holodilnikov;64409
Техніка та електроніка;Запчастини для техніки та електроніки;Запчастини та аксесуари для побутової техніки;"Запчастини для чайників, термопотів";https://prom.ua/ua/Zapchasti-dlya-chajnikov-termopotov;64428
Техніка та електроніка;Запчастини для техніки та електроніки;Запчастини та аксесуари для побутової техніки;Запчастини до овочесушарок;https://prom.ua/ua/Zapchasti-k-ovoschesushilkam;64433
Техніка та електроніка;Запчастини для техніки та електроніки;Запчастини та аксесуари для побутової техніки;Запчастини та аксесуари для побутових грилів;https://prom.ua/ua/Zapchasti-akssesuary-dlya;64436
Техніка та електроніка;Запчастини для техніки та електроніки;Запчастини та аксесуари для побутової техніки;Запчастини та аксесуари для побутових кондиціонерів;https://prom.ua/ua/Komplektuyuschie-dlya-bytovyh-konditsionerov;60108
Техніка та електроніка;Запчастини для техніки та електроніки;Запчастини та аксесуари для побутової техніки;"Запчастини та аксесуари для побутової техніки, загальне";https://prom.ua/ua/Zapchasti-dlya-drugoj-bytovoj-tehniki;64402
Техніка та електроніка;Запчастини для техніки та електроніки;Запчастини та аксесуари для побутової техніки;Запчастини та аксесуари до приладів для укладання волосся;https://prom.ua/ua/Zapchasti-k-priboram-dlya-ukladki-volos;64431
Техніка та електроніка;Запчастини для техніки та електроніки;Комплектуючі для відеотехніки;Запчастини для відеопрогравачів;https://prom.ua/ua/Zapchasti-dlya-videoproigryvatelej-1;6440605
Техніка та електроніка;Запчастини для техніки та електроніки;Комплектуючі для відеотехніки;Запчастини для проекторів;https://prom.ua/ua/Zapchasti-i-prinadlezhnosti-dlya-proektorov;6440602
Техніка та електроніка;Запчастини для техніки та електроніки;Комплектуючі для відеотехніки;Запчастини для телевізорів та моніторів;https://prom.ua/ua/Zapchasti-i-prinadlezhnosti-dlya-televizorov;6440601
Техніка та електроніка;Запчастини для техніки та електроніки;Комплектуючі для відеотехніки;"Комплектуючі для відеотехніки, загальне";https://prom.ua/ua/Zapchasti-i-prinadlezhnosti-dlya-tv-i-videotehniki-obschee;6440603
Техніка та електроніка;Запчастини для техніки та електроніки;Набори та компоненти для самостійного збирання електроніки;;https://prom.ua/ua/Moduli-dlya-samostoyatelnoj-sborki-elektroniki;500602
Техніка та електроніка;Комп'ютерна техніка та пз;Ігрові консолі та приставки;Ігрові приставки;https://prom.ua/ua/Igrovye-pristavki-i-komplektuyuschie;180603
Техніка та електроніка;Комп'ютерна техніка та пз;Ігрові консолі та приставки;"Ігрові приставки та комплектуючі, загальне";https://prom.ua/ua/Igrovye-pristavki-i-komplektuyuschie-obschee;71801
Техніка та електроніка;Комп'ютерна техніка та пз;Ігрові консолі та приставки;Відео ігри;https://prom.ua/ua/Video-igry;180606
Техніка та електроніка;Комп'ютерна техніка та пз;Ігрові консолі та приставки;"Джойстики, геймпади та ігрові контролери";https://prom.ua/ua/Dzhojstiki-i-igrovye-ustrojstva;70801
Техніка та електроніка;Комп'ютерна техніка та пз;Ігрові консолі та приставки;Комплектуючі до ігрових приставок;https://prom.ua/ua/Komplektuyuschie-k-igrovym-pristavkam;71802
Техніка та електроніка;Комп'ютерна техніка та пз;Ігрові консолі та приставки;Чохли для ігрових приставок;https://prom.ua/ua/Chehly-dlya-psp;380204
Техніка та електроніка;Комп'ютерна техніка та пз;Електронні книги (пристрої);;https://prom.ua/ua/Ustrojstva-dlya-chteniya-elektronnyh-knig;70402
Техніка та електроніка;Комп'ютерна техніка та пз;Електронні перекладачі;;https://prom.ua/ua/Portativnye-elektronnye-perevodchiki;70405
Техніка та електроніка;Комп'ютерна техніка та пз;"Комп'ютерна техніка, загальне";;https://prom.ua/ua/Drugaya-kompyuternaya-tehnika;717
Техніка та електроніка;Комп'ютерна техніка та пз;Комп'ютерні аксесуари;Usb пристрої та гаджети;https://prom.ua/ua/Usb-gadzhety;71108
Техніка та електроніка;Комп'ютерна техніка та пз;Комп'ютерні аксесуари;Usb хаби;https://prom.ua/ua/Usb-hub-razvetviteli;71106
Техніка та електроніка;Комп'ютерна техніка та пз;Комп'ютерні аксесуари;Аксесуари до графічних планшетів;https://prom.ua/ua/Aksessuary-graficheskim-planshetam;71114
Техніка та електроніка;Комп'ютерна техніка та пз;Комп'ютерні аксесуари;Веб камери;https://prom.ua/ua/Veb-kamery;70811
Техніка та електроніка;Комп'ютерна техніка та пз;Комп'ютерні аксесуари;Графічні планшети;https://prom.ua/ua/Planshety;70804
Техніка та електроніка;Комп'ютерна техніка та пз;Комп'ютерні аксесуари;Док-станції;https://prom.ua/ua/Dok-stantsii;6371205
Техніка та електроніка;Комп'ютерна техніка та пз;Комп'ютерні аксесуари;Замки для ноутбуків;https://prom.ua/ua/Zamki-dlya-noutbukov;71102
Техніка та електроніка;Комп'ютерна техніка та пз;Комп'ютерні аксесуари;Картрідери;https://prom.ua/ua/Kardridery;70809
Техніка та електроніка;Комп'ютерна техніка та пз;Комп'ютерні аксесуари;Килимки для миші;https://prom.ua/ua/Kovriki-dlya-myshi;71105
Техніка та електроніка;Комп'ютерна техніка та пз;Комп'ютерні аксесуари;Кишені для жорстких дисків;https://prom.ua/ua/Karmany-dlya-zhestkih-diskov;71110
Техніка та електроніка;Комп'ютерна техніка та пз;Комп'ютерні аксесуари;"Комп'ютерні аксесуари, загальне";https://prom.ua/ua/Drugie-kompyuternye-aksessuary;71103
Техніка та електроніка;Комп'ютерна техніка та пз;Комп'ютерні аксесуари;Комп'ютерні клавіатури;https://prom.ua/ua/Kompyuternye-klaviatury;71113
Техніка та електроніка;Комп'ютерна техніка та пз;Комп'ютерні аксесуари;Комп'ютерні миші ;https://prom.ua/ua/Myshi-i-manipulyatory;70805
Техніка та електроніка;Комп'ютерна техніка та пз;Комп'ютерні аксесуари;Комп'ютерні підставки для рук;https://prom.ua/ua/Podstavki-dlya-ruk;71112
Техніка та електроніка;Комп'ютерна техніка та пз;Комп'ютерні аксесуари;Підставки для ноутбуків;https://prom.ua/ua/Podstavki-dlya-noutbukov;71107
Техніка та електроніка;Комп'ютерна техніка та пз;Комп'ютерні аксесуари;Сумки та бокси для cd;https://prom.ua/ua/Sumki-dlya-d;152408
Техніка та електроніка;Комп'ютерна техніка та пз;Комп'ютерні аксесуари;Сумки та рюкзаки для ноутбуків;https://prom.ua/ua/Sumki-dlya-noutbukov;380110
Техніка та електроніка;Комп'ютерна техніка та пз;Комп'ютерні аксесуари;Чохли для зовнішніх hdd;https://prom.ua/ua/Chehly-dlya-vneshnih-hdd;380203
Техніка та електроніка;Комп'ютерна техніка та пз;Комп'ютерні аксесуари;"Чохли для планшетів, електронних книг";https://prom.ua/ua/Chehly-dlya-planshetov-elektronnyh-knig;380201
Техніка та електроніка;Комп'ютерна техніка та пз;Комплектуючі для комп'ютерної техніки;Post-карти;https://prom.ua/ua/Post-karty;70710
Техніка та електроніка;Комп'ютерна техніка та пз;Комплектуючі для комп'ютерної техніки;Touchscreen для дисплеїв;https://prom.ua/ua/Touchscreen-dlya-displeev;7070907
Техніка та електроніка;Комп'ютерна техніка та пз;Комплектуючі для комп'ютерної техніки;Tv-тюнери та fm-тюнери;https://prom.ua/ua/Tv-tyunery-i-fm-tyunery;71402
Техніка та електроніка;Комп'ютерна техніка та пз;Комплектуючі для комп'ютерної техніки;Адаптери та плати розширення портів;https://prom.ua/ua/Adaptery-i-platy-rasshireniya-portov;70717
Техніка та електроніка;Комп'ютерна техніка та пз;Комплектуючі для комп'ютерної техніки;"Акумулятори для ноутбуків, планшетів, електронних книг, перекладачів";https://prom.ua/ua/Akkumulyatory-dlya-noutbukov;52808
Техніка та електроніка;Комп'ютерна техніка та пз;Комплектуючі для комп'ютерної техніки;Блоки живлення для комп'ютерів;https://prom.ua/ua/Bloki-pitaniya-dlya-kompyuterov;70711
Техніка та електроніка;Комп'ютерна техніка та пз;Комплектуючі для комп'ютерної техніки;"Внутрішні та зовнішні жорсткі диски, hdd, ssd";https://prom.ua/ua/Zhestkie-diski;70704
Техніка та електроніка;Комп'ютерна техніка та пз;Комплектуючі для комп'ютерної техніки;Відеокарти;https://prom.ua/ua/Videokarty;70703
Техніка та електроніка;Комп'ютерна техніка та пз;Комплектуючі для комп'ютерної техніки;Зарядні пристрої для ноутбуків;https://prom.ua/ua/Bloki-pitaniya-dlya-noutbukov-i-netbukov;7070901
Техніка та електроніка;Комп'ютерна техніка та пз;Комплектуючі для комп'ютерної техніки;Звукові запчастини для портативних пк;https://prom.ua/ua/Zvukovye-zapchasti-dlya-portativnyh-pk;70715
Техніка та електроніка;Комп'ютерна техніка та пз;Комплектуючі для комп'ютерної техніки;Звукові карти;https://prom.ua/ua/Zvukovye-karty;71403
Техніка та електроніка;Комп'ютерна техніка та пз;Комплектуючі для комп'ютерної техніки;Камери для портативних пк;https://prom.ua/ua/Kamery-dlya-portativnyh-pk;70714
Техніка та електроніка;Комп'ютерна техніка та пз;Комплектуючі для комп'ютерної техніки;Клавіатурні блоки для ноутбуків;https://prom.ua/ua/Klaviatury-dlya-noutbukov-i-netbukov;7070903
Техніка та електроніка;Комп'ютерна техніка та пз;Комплектуючі для комп'ютерної техніки;"Комп'ютерні комплектуючі, загальне";https://prom.ua/ua/Drugie-kompyuternye-komplektuyuschie;70707
Техніка та електроніка;Комп'ютерна техніка та пз;Комплектуючі для комп'ютерної техніки;Комплектуючі для маршрутизаторів;https://prom.ua/ua/Komplektuyuschie-dlya-marshrutizatorov;71111
Техніка та електроніка;Комп'ютерна техніка та пз;Комплектуючі для комп'ютерної техніки;Комплектуючі для матриць та дисплеїв;https://prom.ua/ua/Komplektuyuschie-dlya-matrits-i-displeev;70718
Техніка та електроніка;Комп'ютерна техніка та пз;Комплектуючі для комп'ютерної техніки;Корпуси для комп'ютерів;https://prom.ua/ua/Korpusa-kompyuterov;720
Техніка та електроніка;Комп'ютерна техніка та пз;Комплектуючі для комп'ютерної техніки;Корпуси для планшетів;https://prom.ua/ua/Korpusa-dlya-planshetov;70713
Техніка та електроніка;Комп'ютерна техніка та пз;Комплектуючі для комп'ютерної техніки;Кулери та системи охолодження;https://prom.ua/ua/Kulery-i-sistemy-ohlazhdeniya;70708
Техніка та електроніка;Комп'ютерна техніка та пз;Комплектуючі для комп'ютерної техніки;Материнські плати;https://prom.ua/ua/Materinskie-platy;70702
Техніка та електроніка;Комп'ютерна техніка та пз;Комплектуючі для комп'ютерної техніки;"Матриці для ноутбуків, планшетів та моніторів";https://prom.ua/ua/Matritsy-dlya-noutbukov-i-netbukov;7070902
Техніка та електроніка;Комп'ютерна техніка та пз;Комплектуючі для комп'ютерної техніки;Мікросхеми;https://prom.ua/ua/Mikroshemy;70716
Техніка та електроніка;Комп'ютерна техніка та пз;Комплектуючі для комп'ютерної техніки;Оперативна пам'ять;https://prom.ua/ua/Moduli-pamyati;70705
Техніка та електроніка;Комп'ютерна техніка та пз;Комплектуючі для комп'ютерної техніки;Оптичні приводи;https://prom.ua/ua/Opticheskie-privody;70706
Техніка та електроніка;Комп'ютерна техніка та пз;Комплектуючі для комп'ютерної техніки;Процесори;https://prom.ua/ua/Protsessory;70701
Техніка та електроніка;Комп'ютерна техніка та пз;Комплектуючі для комп'ютерної техніки;Термопрокладки й термопаста;https://prom.ua/ua/Termopasta;71007
Техніка та електроніка;Комп'ютерна техніка та пз;Комплектуючі для комп'ютерної техніки;Частини корпусу ноутбука;https://prom.ua/ua/Chasti-korpusa-noutbuka;7070908
Техніка та електроніка;Комп'ютерна техніка та пз;Комплектуючі для комп'ютерної техніки;"Шлейфи та роз'єми для ноутбуків, комп'ютерів, планшетів";https://prom.ua/ua/Kompyuternye-shlejfy;70712
Техніка та електроніка;Комп'ютерна техніка та пз;Монітори;;https://prom.ua/ua/Monitory;706
Техніка та електроніка;Комп'ютерна техніка та пз;Настільні комп'ютери;;https://prom.ua/ua/Kompyutery;701
Техніка та електроніка;Комп'ютерна техніка та пз;Носії інформації;"Dvd, bd та cd диски";https://prom.ua/ua/Dvd-i-d-diski;70502
Техніка та електроніка;Комп'ютерна техніка та пз;Носії інформації;Usb накопичувачі;https://prom.ua/ua/Flesh-nakopitel;70501
Техніка та електроніка;Комп'ютерна техніка та пз;Носії інформації;"Аудіо-, відеокасети для запису";https://prom.ua/ua/Audio--videokassety-dlya-zapisi;70507
Техніка та електроніка;Комп'ютерна техніка та пз;Носії інформації;Карти пам'яті;https://prom.ua/ua/Karty-pamyati;63705
Техніка та електроніка;Комп'ютерна техніка та пз;Носії інформації;"Носії інформації, загальне";https://prom.ua/ua/Drugie-nositeli-informatsii;70503
Техніка та електроніка;Комп'ютерна техніка та пз;Ноутбуки;;https://prom.ua/ua/Noutbuki;702
Техніка та електроніка;Комп'ютерна техніка та пз;Обладнання для майнінгу;;https://prom.ua/ua/Oborudovanie-dlya-majninga;722
Техніка та електроніка;Комп'ютерна техніка та пз;Одноплатні комп'ютери та неттопи;;https://prom.ua/ua/Odnoplatnye-kompyutery-i-nettopy;723
Техніка та електроніка;Комп'ютерна техніка та пз;Планшети;;https://prom.ua/ua/Planshetnye-netbuki;70105
Техніка та електроніка;Комп'ютерна техніка та пз;"Принтери, сканери, бфп та комплектуючі";"Картриджі, фотобарабани";https://prom.ua/ua/Kartridzhi-fotobarabany;71001
Техніка та електроніка;Комп'ютерна техніка та пз;"Принтери, сканери, бфп та комплектуючі";"Принтери, сканери, бфп";https://prom.ua/ua/Printery-skanery-mfu;70812
Техніка та електроніка;Комп'ютерна техніка та пз;"Принтери, сканери, бфп та комплектуючі";"Принтери, сканери, бфп та комплектуючі, загальне";https://prom.ua/ua/Drugie-rashodnye-materialy-dlya-kompyuternoj-tehniki;71002
Техніка та електроніка;Комп'ютерна техніка та пз;"Принтери, сканери, бфп та комплектуючі";Система безперервної подачі чорнила;https://prom.ua/ua/Sistema-nepreryvnoj-podachi-chernil;71004
Техніка та електроніка;Комп'ютерна техніка та пз;"Принтери, сканери, бфп та комплектуючі";Тонер та чорнила для друку;https://prom.ua/ua/Zapravka-dlya-kartridzha;71003
Техніка та електроніка;Комп'ютерна техніка та пз;Програмне забезпечення (пз);"Аудіокниги, e-text книги";https://prom.ua/ua/Audioknigi-e-text-knigi;284336
Техніка та електроніка;Комп'ютерна техніка та пз;Програмне забезпечення (пз);Бухгалтерське пз;https://prom.ua/ua/Delovoe-programmnoe-obespechenie;28420302
Техніка та електроніка;Комп'ютерна техніка та пз;Програмне забезпечення (пз);"Навчальні програми, словники, перекладачі";https://prom.ua/ua/Slovari-perevodchiki-obuchayuschie-programmy;28420305
Техніка та електроніка;Комп'ютерна техніка та пз;Програмне забезпечення (пз);Навігаційне пз;https://prom.ua/ua/Programmnoe-obespechenie-dlya-gps-karty-obnovleniya;5091002
Техніка та електроніка;Комп'ютерна техніка та пз;Програмне забезпечення (пз);Науково-технічне пз;https://prom.ua/ua/Promyshlennoe-programmnoe-obespechenie;28420307
Техніка та електроніка;Комп'ютерна техніка та пз;Програмне забезпечення (пз);Операційні системи та утиліти;https://prom.ua/ua/Sistemnoe-programmnoe-obespechenie;28420310
Техніка та електроніка;Комп'ютерна техніка та пз;Програмне забезпечення (пз);Офісне пз;https://prom.ua/ua/Ofisnoe-programmnoe-obespechenie;28420308
Техніка та електроніка;Комп'ютерна техніка та пз;Програмне забезпечення (пз);Пз для мультимедіа;https://prom.ua/ua/Programmnoe-obespechenie-dlya-multimedia;28420303
Техніка та електроніка;Комп'ютерна техніка та пз;Програмне забезпечення (пз);Пз для сфери надання послуг;https://prom.ua/ua/Programmnoe-obespechenie-dlya-sfery-okazaniya-uslug;712
Техніка та електроніка;Комп'ютерна техніка та пз;Програмне забезпечення (пз);Пз для торгівлі;https://prom.ua/ua/Dlya-torgovli;284346
Техніка та електроніка;Комп'ютерна техніка та пз;Програмне забезпечення (пз);"Пз для інтернету, локальних мереж";https://prom.ua/ua/Programmnoe-obespechenie-dlya-internet;28420312
Техніка та електроніка;Комп'ютерна техніка та пз;Програмне забезпечення (пз);Програми антивіруси та захист інформації;https://prom.ua/ua/Kompyuternaya-bezopasnost-i-zaschita-informatsii;28420313
Техніка та електроніка;Комп'ютерна техніка та пз;Програмне забезпечення (пз);"Програмне забезпечення (пз), загальне";https://prom.ua/ua/Drugoe-programmnoe-obespechenie;28420301
Техніка та електроніка;Комп'ютерна техніка та пз;Програмне забезпечення (пз);"Системи програмування, субд";https://prom.ua/ua/Sistemy-programmirovaniya-subd;28420314
Техніка та електроніка;Обладнання для супутникового інтернету;;;https://prom.ua/ua/Oborudovanie-dlya-sputnikovogo-interneta;5008
Техніка та електроніка;Побутова техніка;Велика побутова техніка для кухні;Вбудовані варильні поверхні;https://prom.ua/ua/Vstraivaemye-varochnye-poverhnosti;61911
Техніка та електроніка;Побутова техніка;Велика побутова техніка для кухні;Вбудовані духові шафи;https://prom.ua/ua/Vstraivaemye-duhovye-shkafy;61903
Техніка та електроніка;Побутова техніка;Велика побутова техніка для кухні;"Велика побутова техніка для кухні, загальне";https://prom.ua/ua/Krupnaya-bytovaya-tehnika-dlya-kuhni-obschee;62704
Техніка та електроніка;Побутова техніка;Велика побутова техніка для кухні;Диспоузери та утилізатори харчових відходів;https://prom.ua/ua/Izmelchiteli-pischevyh-othodov;13240221
Техніка та електроніка;Побутова техніка;Велика побутова техніка для кухні;"Кулери для води, пурифаєри";https://prom.ua/ua/Kulery;610
Техніка та електроніка;Побутова техніка;Велика побутова техніка для кухні;Кухонні витяжки;https://prom.ua/ua/Kuhonnye-vytyazhki-bytovye;642
Техніка та електроніка;Побутова техніка;Велика побутова техніка для кухні;Кухонні плити;https://prom.ua/ua/Kuhonnye-plity;641
Техніка та електроніка;Побутова техніка;Велика побутова техніка для кухні;Морозильні камери;https://prom.ua/ua/Morozilnye-kamery;62701
Техніка та електроніка;Побутова техніка;Велика побутова техніка для кухні;Мікрохвильові печі;https://prom.ua/ua/Mikrovolnovye-pechi;605
Техніка та електроніка;Побутова техніка;Велика побутова техніка для кухні;"Настільні електропечі, електродуховки";https://prom.ua/ua/Elektropechi-elektroduhovki-nastolnye;6300407
Техніка та електроніка;Побутова техніка;Велика побутова техніка для кухні;Посудомийні машини;https://prom.ua/ua/Posudomoechnye-mashiny;615
Техніка та електроніка;Побутова техніка;Велика побутова техніка для кухні;Холодильники;https://prom.ua/ua/Holodilniki;602
Техніка та електроніка;Побутова техніка;Велика побутова техніка для кухні;Холодильники для вина;https://prom.ua/ua/Vinnye-holodilniki;60204
Техніка та електроніка;Побутова техніка;Дрібна побутова техніка для кухні;Аерогрилі;https://prom.ua/ua/Aerogril;64310
Техніка та електроніка;Побутова техніка;Дрібна побутова техніка для кухні;Блендери;https://prom.ua/ua/Blendery;64301
Техніка та електроніка;Побутова техніка;Дрібна побутова техніка для кухні;Вакуумні пакувальники;https://prom.ua/ua/Vakuumnye-upakovschiki;6300420
Техніка та електроніка;Побутова техніка;Дрібна побутова техніка для кухні;"Дрібна побутова техніка для кухні, загальне";https://prom.ua/ua/Melkaya-bytovaya-tehnika-dlya-kuhni-obschee;6300404
Техніка та електроніка;Побутова техніка;Дрібна побутова техніка для кухні;Електричні грилі та барбекю;https://prom.ua/ua/Elektricheskie-grili-i-barbekyu;63009
Техніка та електроніка;Побутова техніка;Дрібна побутова техніка для кухні;Електричні м'ясорубки;https://prom.ua/ua/Elektricheskie-myasorubki;63005
Техніка та електроніка;Побутова техніка;Дрібна побутова техніка для кухні;Електросковорідки та електрокаструлі;https://prom.ua/ua/Elektroskovorodki;64303
Техніка та електроніка;Побутова техніка;Дрібна побутова техніка для кухні;Електрочайники ;https://prom.ua/ua/Elektrochajniki;640
Техніка та електроніка;Побутова техніка;Дрібна побутова техніка для кухні;"Йогуртниці, морозивниці";https://prom.ua/ua/Yohurtnytsi-morozyvnytsi;64311
Техніка та електроніка;Побутова техніка;Дрібна побутова техніка для кухні;Кавоварки та кавомашини;https://prom.ua/ua/Kofevarki;638
Техніка та електроніка;Побутова техніка;Дрібна побутова техніка для кухні;Кавомолки;https://prom.ua/ua/Kofemolki;6300401
Техніка та електроніка;Побутова техніка;Дрібна побутова техніка для кухні;Кухонні ваги;https://prom.ua/ua/Kuhonnye-vesy;15230411
Техніка та електроніка;Побутова техніка;Дрібна побутова техніка для кухні;Кухонні комбайни та подрібнювачі;https://prom.ua/ua/Kuhonnye-kombajny;64302
Техніка та електроніка;Побутова техніка;Дрібна побутова техніка для кухні;"Мультиварки, рисоварки";https://prom.ua/ua/Multivarki;606
Техніка та електроніка;Побутова техніка;Дрібна побутова техніка для кухні;Мультипекарі;https://prom.ua/ua/Blinnitsy-vafelnitsy-keksnitsy-bytovye;6300413
Техніка та електроніка;Побутова техніка;Дрібна побутова техніка для кухні;Мультипечі;https://prom.ua/ua/Multipechi;6300424
Техніка та електроніка;Побутова техніка;Дрібна побутова техніка для кухні;Міксери;https://prom.ua/ua/Miksery;612
Техніка та електроніка;Побутова техніка;Дрібна побутова техніка для кухні;Пароварки;https://prom.ua/ua/Parovarky;15230308
Техніка та електроніка;Побутова техніка;Дрібна побутова техніка для кухні;Побутові мініпивоварні;https://prom.ua/ua/Minipivovarni-bytovye;6300409
Техніка та електроніка;Побутова техніка;Дрібна побутова техніка для кухні;Пророщувачі насіння;https://prom.ua/ua/Proroshchuvachi-nasinnia;6300417
Техніка та електроніка;Побутова техніка;Дрібна побутова техніка для кухні;Скиборізки;https://prom.ua/ua/Skyborizky;63003
Техніка та електроніка;Побутова техніка;Дрібна побутова техніка для кухні;Соковижималки;https://prom.ua/ua/Sokovyzhimalki;611
Техніка та електроніка;Побутова техніка;Дрібна побутова техніка для кухні;Спінювачі;https://prom.ua/ua/Vspenivateli;6300422
Техніка та електроніка;Побутова техніка;Дрібна побутова техніка для кухні;Сушарки для овочів і фруктів;https://prom.ua/ua/Susharky-dlia-ovochiv-i-fruktiv;6300403
Техніка та електроніка;Побутова техніка;Дрібна побутова техніка для кухні;Термопоти;https://prom.ua/ua/Termopoty;6300423
Техніка та електроніка;Побутова техніка;Дрібна побутова техніка для кухні;Тостери;https://prom.ua/ua/Tostery;639
Техніка та електроніка;Побутова техніка;Дрібна побутова техніка для кухні;Фритюрниці;https://prom.ua/ua/Frityurnitsy-elektroskovorodki;64306
Техніка та електроніка;Побутова техніка;Дрібна побутова техніка для кухні;Хлібопечі;https://prom.ua/ua/Khlibopechi;63007
Техніка та електроніка;Побутова техніка;Дрібна побутова техніка для кухні;Яйцеварки;https://prom.ua/ua/Yajtsevarki;647
Техніка та електроніка;Побутова техніка;Кліматична техніка;Інфрачервоні та каталітичні обігрівачі;https://prom.ua/ua/Obogrevateli-infrakrasnye;62601
Техніка та електроніка;Побутова техніка;Кліматична техніка;Аксесуари для зволожувачів та очищувачів повітря;https://prom.ua/ua/Aksessuary-dlya-uvlazhnitelej-i-ochistitelej-vozduha;61606
Техніка та електроніка;Побутова техніка;Кліматична техніка;Вентилятори;https://prom.ua/ua/Ventilyatory;618
Техніка та електроніка;Побутова техніка;Кліматична техніка;Електричні побутові та комерційні конвектори;https://prom.ua/ua/Konvektory-elektricheskie;61601
Техніка та електроніка;Побутова техніка;Кліматична техніка;Зволожувачі та очищувачі повітря;https://prom.ua/ua/Uvlazhniteli-vozduha;625
Техніка та електроніка;Побутова техніка;Кліматична техніка;"Кліматичне обладнання, загальне";https://prom.ua/ua/Drugie-klimaticheskie-sistemy;61603
Техніка та електроніка;Побутова техніка;Кліматична техніка;Кліматичні комплекси;https://prom.ua/ua/Klimaticheskie-kompleksy;61605
Техніка та електроніка;Побутова техніка;Кліматична техніка;Кондиціонери;https://prom.ua/ua/Konditsionery;601
Техніка та електроніка;Побутова техніка;Кліматична техніка;Осушувачі повітря;https://prom.ua/ua/Osushiteli-vozduha;624
Техніка та електроніка;Побутова техніка;Кліматична техніка;Побутові масляні обігрівачі;https://prom.ua/ua/Obogrevateli-maslyanye-bytovye;13240108
Техніка та електроніка;Побутова техніка;Кліматична техніка;Тепловентилятори;https://prom.ua/ua/Teploventilyatory-bytovye;62611
Техніка та електроніка;Побутова техніка;Побутова техніка для дому;Вертикальні (акумуляторні) пилососи;https://prom.ua/ua/Vertikalnye-akkumulyatornye-pylesosy;63021
Техніка та електроніка;Побутова техніка;Побутова техніка для дому;Відпарювачі для одягу;https://prom.ua/ua/Otparivateli;63006
Техніка та електроніка;Побутова техніка;Побутова техніка для дому;Домашні метеостанції та аксесуари;https://prom.ua/ua/Domashnie-meteostantsii;63013
Техніка та електроніка;Побутова техніка;Побутова техніка для дому;Килимки з підігрівом;https://prom.ua/ua/Kovriki-napolnye-s-podogrevom;62612
Техніка та електроніка;Побутова техніка;Побутова техніка для дому;Машинки для видалення ковтунців з одягу;https://prom.ua/ua/Mashinki-dlya-udaleniya-katyshkov;63020
Техніка та електроніка;Побутова техніка;Побутова техніка для дому;Пароочисники;https://prom.ua/ua/Paroochistitel;63022
Техніка та електроніка;Побутова техніка;Побутова техніка для дому;Пилососи;https://prom.ua/ua/Pylesosy;608
Техніка та електроніка;Побутова техніка;Побутова техніка для дому;"Побутова техніка для дому, загальне";https://prom.ua/ua/Bytovaya-tehnika-dlya-doma-obschee;63011
Техніка та електроніка;Побутова техніка;Побутова техніка для дому;Побутові озонатори;https://prom.ua/ua/Ozonatory-bytovye;63019
Техніка та електроніка;Побутова техніка;Побутова техніка для дому;Пральні машини;https://prom.ua/ua/Stiralnye-mashiny;603
Техніка та електроніка;Побутова техніка;Побутова техніка для дому;Праски та прасувальні системи;https://prom.ua/ua/Utyugi;609
Техніка та електроніка;Побутова техніка;Побутова техніка для дому;Роботи для миття вікон;https://prom.ua/ua/Steklomojnyj-instrument;14200312
Техніка та електроніка;Побутова техніка;Побутова техніка для дому;Роботи-пилососи;https://prom.ua/ua/Robot-pylesos;63023
Техніка та електроніка;Побутова техніка;Побутова техніка для дому;Сушарки для взуття;https://prom.ua/ua/Sushilki-dlya-obuvi-bytovye-elektricheskie;63018
Техніка та електроніка;Побутова техніка;Побутова техніка для дому;Сушильні машини для білизни;https://prom.ua/ua/Sushilnye-mashiny;62702
Техніка та електроніка;Побутова техніка;Побутова техніка для дому;Ультразвукові пральні машини;https://prom.ua/ua/Ultrazvukovye-stiralnye-mashiny;60304
Техніка та електроніка;Побутова техніка;Побутова техніка для дому;Швейні машини;https://prom.ua/ua/Bytovye-shvejnye-mashiny;62707
Техніка та електроніка;Побутова техніка;Побутова техніка для особистого користування;Жіночі епілятори та електробритви;https://prom.ua/ua/Epilyatory;63010
Техніка та електроніка;Побутова техніка;Побутова техніка для особистого користування;"Зубні електрощітки, іригатори";https://prom.ua/ua/Zubnye-elektroschetki;63301
Техніка та електроніка;Побутова техніка;Побутова техніка для особистого користування;Косметичні апарати для домашнього використання;https://prom.ua/ua/Apparaty-kosmetologicheskie-i-dermatologicheskie;282990
Техніка та електроніка;Побутова техніка;Побутова техніка для особистого користування;Машинки для стрижки волосся та тримери;https://prom.ua/ua/Trimmery-dlya-volos;28290204
Техніка та електроніка;Побутова техніка;Побутова техніка для особистого користування;"Побутова техніка для особистого користування, загальне";https://prom.ua/ua/Melkaya-bytovaya-tehnika-dlya-lichnogo-polzovaniya-obschee;63309
Техніка та електроніка;Побутова техніка;Побутова техніка для особистого користування;Прилади для укладання волосся;https://prom.ua/ua/Plojki-dlya-volos-stajlery;63303
Техніка та електроніка;Побутова техніка;Побутова техніка для особистого користування;Пристрої для чищення вух;https://prom.ua/ua/Ustrojstva-dlya-chistki-ushej;63312
Техніка та електроніка;Побутова техніка;Побутова техніка для особистого користування;Підлогові ваги;https://prom.ua/ua/Napolnyie-vesyi;154004
Техніка та електроніка;Побутова техніка;Побутова техніка для особистого користування;Сауни для обличчя;https://prom.ua/ua/Sauny-dlya-litsa;63307
Техніка та електроніка;Побутова техніка;Побутова техніка для особистого користування;Фени для волосся;https://prom.ua/ua/Feny-bytovye;617
Техніка та електроніка;Побутова техніка;Побутова техніка для особистого користування;Чоловічі електробритви ;https://prom.ua/ua/Elektrobritvy;3314
Техніка та електроніка;Побутова техніка;"Побутова техніка, загальне";;https://prom.ua/ua/Drugaya-bytovaya-tehnika;628
Техніка та електроніка;Повербанки та зарядні станції;Зарядні станції;;https://prom.ua/ua/Zaryadnye-stantsii;500901
Техніка та електроніка;Повербанки та зарядні станції;Повербанки;;https://prom.ua/ua/Vneshnie-akkumulyatory-dlya-tsifrovoj-tehniki;71109
Техніка та електроніка;Повербанки та зарядні станції;"Повербанки та зарядні станції, загальне";;https://prom.ua/ua/Poverbanki-zaryadnye-stantsii-obschee;500902
Техніка та електроніка;Телефони та аксесуари;Інструмент для ремонту мобільних пристроїв;;https://prom.ua/ua/Instrument-dlya-remonta;5090216
Техніка та електроніка;Телефони та аксесуари;Аксесуари для мобільних телефонів;Адаптери для sim-карток;https://prom.ua/ua/Adaptery-dlya-sim-kart;5090209
Техніка та електроніка;Телефони та аксесуари;Аксесуари для мобільних телефонів;"Аксесуари для мобільних телефонів, загальне";https://prom.ua/ua/Drugie-aksessuary-dlya-mobilnyh-telefonov;5090315
Техніка та електроніка;Телефони та аксесуари;Аксесуари для мобільних телефонів;Зарядні пристрої для смартфонів та планшетів;https://prom.ua/ua/Zariadnye-ustroistva-dlia-smartfonov-y-planshetov;5090319
Техніка та електроніка;Телефони та аксесуари;Аксесуари для мобільних телефонів;Захисні плівки та скло для портативних пристроїв;https://prom.ua/ua/Zaschitnaya-plenka-dlya-mobilnyh-telefonov;5090318
Техніка та електроніка;Телефони та аксесуари;Аксесуари для мобільних телефонів;Прикраси для мобільних телефонів;https://prom.ua/ua/Brelki-dlya-mobilnyh-telefonov;5090314
Техніка та електроніка;Телефони та аксесуари;Аксесуари для мобільних телефонів;Стартові пакети та картки поповнення рахунку;https://prom.ua/ua/Startovye-pakety-mobilnyh-operatorov;5090207
Техніка та електроніка;Телефони та аксесуари;Аксесуари для мобільних телефонів;Чохли для телефонів;https://prom.ua/ua/Chehly-dlya-telefonov;380230
Техніка та електроніка;Телефони та аксесуари;Аксесуари та запчастини для розумних годинників;;https://prom.ua/ua/Aksessuary-dlya-umnyh-chasov-i-fitnes-brasletov;5090215
Техніка та електроніка;Телефони та аксесуари;Все для selfie;Об'єктиви для телефонів;https://prom.ua/ua/Obektivy-dlya-telefonov;5090219
Техніка та електроніка;Телефони та аксесуари;Все для selfie;Підсвітка та спалах для селфі;https://prom.ua/ua/Podsvetka-vspyshka-dlya;5090218
Техніка та електроніка;Телефони та аксесуари;Комплектуючі для мобільних телефонів;Акумулятори для телефонів;https://prom.ua/ua/Akkumulyatory-dlya-mobilnyh-telefonov-i-tsifrovoj-tehniki;52804
Техніка та електроніка;Телефони та аксесуари;Комплектуючі для мобільних телефонів;Антени для мобільних телефонів;https://prom.ua/ua/Antenny-dlya-mobilnyh-telefonov;5090211
Техніка та електроніка;Телефони та аксесуари;Комплектуючі для мобільних телефонів;"Болти, шурупи для телефонів";https://prom.ua/ua/Bolty-shurupy-dlya-telefonov;5090332
Техніка та електроніка;Телефони та аксесуари;Комплектуючі для мобільних телефонів;Вібромотори для мобільних телефонів;https://prom.ua/ua/Vibromotory-dlya-mobilnyh-telefonov;5090333
Техніка та електроніка;Телефони та аксесуари;Комплектуючі для мобільних телефонів;"Дисплей, touchscreen для телефонів";https://prom.ua/ua/Displej-dlya-mobilnyh-telefonov;5090313
Техніка та електроніка;Телефони та аксесуари;Комплектуючі для мобільних телефонів;Звукові запчастини для мобільних телефонів;https://prom.ua/ua/Dinamiki-dlya-mobilnyh-telefonov;5090321
Техніка та електроніка;Телефони та аксесуари;Комплектуючі для мобільних телефонів;Камери для мобільних телефонів;https://prom.ua/ua/Kamery-dlya-mobilnyh-telefonov;5090214
Техніка та електроніка;Телефони та аксесуари;Комплектуючі для мобільних телефонів;Клавіатурні блоки для мобільних телефонів;https://prom.ua/ua/Klaviatury-dlya-mobilnyh-telefonov;5090310
Техніка та електроніка;Телефони та аксесуари;Комплектуючі для мобільних телефонів;Кнопки та джойстики для мобільних телефонів;https://prom.ua/ua/Knopki-i-dzhojstiki-dlya-mobilnyh-telefonov;5090210
Техніка та електроніка;Телефони та аксесуари;Комплектуючі для мобільних телефонів;"Комплектуючі для мобільних телефонів, загальне";https://prom.ua/ua/Drugie-komplektuyuschie-dlya-mobilnyh-telefonov;5090311
Техніка та електроніка;Телефони та аксесуари;Комплектуючі для мобільних телефонів;Конектори для мобільних телефонів;https://prom.ua/ua/Konnektory-dlya-mobilnyh-telefonov;5090212
Техніка та електроніка;Телефони та аксесуари;Комплектуючі для мобільних телефонів;Корпуси для телефонів;https://prom.ua/ua/Korpusa-dlya-mobilnyh-telefonov;5090312
Техніка та електроніка;Телефони та аксесуари;Комплектуючі для мобільних телефонів;Мікросхеми та плати для мобільних телефонів;https://prom.ua/ua/Mikroshemy-i-protsessory-dlya-mobilnyh-telefonov;5090213
Техніка та електроніка;Телефони та аксесуари;Комплектуючі для мобільних телефонів;Стилуси;https://prom.ua/ua/Stilusy;5090320
Техніка та електроніка;Телефони та аксесуари;Комплектуючі для мобільних телефонів;Шлейфи для мобільних телефонів;https://prom.ua/ua/Shlejfy-dlya-mobilnyh-telefonov;5090309
Техніка та електроніка;Телефони та аксесуари;Смарт-годинники ;;https://prom.ua/ua/Umnye-chasy-i-braslety;721
Техніка та електроніка;Телефони та аксесуари;Смартфони та мобільні телефони;;https://prom.ua/ua/Mobilnye-telefony;5090301
Техніка та електроніка;Телефони та аксесуари;Стаціонарні телефони;;https://prom.ua/ua/Radiotelefony;5090201
Техніка та електроніка;Телефони та аксесуари;"Телефони та аксесуари, загальне";;https://prom.ua/ua/Drugie-telefony;5090204
Техніка та електроніка;"Фото-, відеокамери та аксесуари";"Аксесуари для фото-, відеокамер";"Аксесуари для фото-, відеокамер, загальне";https://prom.ua/ua/Aksessuary-dlya-foto-i-video-kamer-obschee;1916
Техніка та електроніка;"Фото-, відеокамери та аксесуари";"Аксесуари для фото-, відеокамер";"Акумулятори для фото-, відеокамер";https://prom.ua/ua/Elementy-pitaniya-i-dopolnitelnoe-oborudovanie;1903
Техніка та електроніка;"Фото-, відеокамери та аксесуари";"Аксесуари для фото-, відеокамер";"Батарейні блоки для фото-, відеокамер";https://prom.ua/ua/Batarejnye-bloki-dlya-foto--videokamer;6372012
Техніка та електроніка;"Фото-, відеокамери та аксесуари";"Аксесуари для фото-, відеокамер";Бленди;https://prom.ua/ua/Blendy;6372011
Техніка та електроніка;"Фото-, відеокамери та аксесуари";"Аксесуари для фото-, відеокамер";Видошукачі та наочники;https://prom.ua/ua/Naglazniki-na-vidoiskatel;6372010
Техніка та електроніка;"Фото-, відеокамери та аксесуари";"Аксесуари для фото-, відеокамер";"Зарядні пристрої для фото-, відеокамер";https://prom.ua/ua/Zaryadnye-ustrojstva-dlya-foto--videokamer;6372006
Техніка та електроніка;"Фото-, відеокамери та аксесуари";"Аксесуари для фото-, відеокамер";Захисні бокси та пакети;https://prom.ua/ua/Zaschitnye-boksy-dlya-foto-videokamer;6372014
Техніка та електроніка;"Фото-, відеокамери та аксесуари";"Аксесуари для фото-, відеокамер";Знімні об'єктиви;https://prom.ua/ua/Optika-obektivy-blendy-filtry-konvertery;1906
Техніка та електроніка;"Фото-, відеокамери та аксесуари";"Аксесуари для фото-, відеокамер";"Конвертери, перехідники для об'єктивів";https://prom.ua/ua/Adaptery-koltsa-perehodniki-na-obektiv;6372005
Техніка та електроніка;"Фото-, відеокамери та аксесуари";"Аксесуари для фото-, відеокамер";Кришки для об'єктивів;https://prom.ua/ua/Kryshki-dlya-obektivov;6372016
Техніка та електроніка;"Фото-, відеокамери та аксесуари";"Аксесуари для фото-, відеокамер";Світлофільтри;https://prom.ua/ua/Svetofiltry;6372007
Техніка та електроніка;"Фото-, відеокамери та аксесуари";"Аксесуари для фото-, відеокамер";Синхронізатори та пульти;https://prom.ua/ua/Radiosinhronizatory-dlya-vspyshek;6372022
Техніка та електроніка;"Фото-, відеокамери та аксесуари";"Аксесуари для фото-, відеокамер";Спалахи та накамерне світло;https://prom.ua/ua/Svetodiodnye-vspyshki;39050101
Техніка та електроніка;"Фото-, відеокамери та аксесуари";"Аксесуари для фото-, відеокамер";"Сумки, ремені для фото-, відеокамер";https://prom.ua/ua/Sumki-dlya-fotoapparatov-video-kamer;380210
Техніка та електроніка;"Фото-, відеокамери та аксесуари";"Аксесуари для фото-, відеокамер";Фото- та відеоплівка;https://prom.ua/ua/Foto-i-video-plenka;1908
Техніка та електроніка;"Фото-, відеокамери та аксесуари";"Аксесуари для фото-, відеокамер";"Штативи та кріплення для фото-, відеотехніки";https://prom.ua/ua/Shtativy-dlya-foto-videotehniki;63714
Техніка та електроніка;"Фото-, відеокамери та аксесуари";Відеотехніка;"Відеокамери, екшн-камери";https://prom.ua/ua/Tsifrovye-videokamery;1902
Техніка та електроніка;"Фото-, відеокамери та аксесуари";Відеотехніка;"Відеотехніка, загальне";https://prom.ua/ua/Videotehnika-obschee;500405
Техніка та електроніка;"Фото-, відеокамери та аксесуари";Відеотехніка;Накамерні монітори;https://prom.ua/ua/Nakamernye-monitory;6371821
Техніка та електроніка;"Фото-, відеокамери та аксесуари";"Запчастини для фото-, відеокамер";;https://prom.ua/ua/Komplektuyuschie-dlya-foto-tehniki;1915
Техніка та електроніка;"Фото-, відеокамери та аксесуари";Запчастини та комплектуючі для квадрокоптерів;;https://prom.ua/ua/Zapchasti-dlya-kvadrokopterov;500415
Техніка та електроніка;"Фото-, відеокамери та аксесуари";Квадрокоптери;;https://prom.ua/ua/Kvadrokoptery;2657
Техніка та електроніка;"Фото-, відеокамери та аксесуари";Студійне обладнання;"Відбивачі, прапори";https://prom.ua/ua/Otrazhateli-flagi;500410
Техніка та електроніка;"Фото-, відеокамери та аксесуари";Студійне обладнання;Обладнання для предметної фотозйомки;https://prom.ua/ua/Oborudovanie-dlya-predmetnoj-fotosemki;500412
Техніка та електроніка;"Фото-, відеокамери та аксесуари";Студійне обладнання;Рефлектори та стільники;https://prom.ua/ua/Reflektory-i-soty;500413
Техніка та електроніка;"Фото-, відеокамери та аксесуари";Студійне обладнання;Софтбокси та парасолі;https://prom.ua/ua/Softboksy-i-zonty;500409
Техніка та електроніка;"Фото-, відеокамери та аксесуари";Студійне обладнання;"Студійне обладнання, загальне";https://prom.ua/ua/Studijnoe-oborudovanie-obschee;500407
Техніка та електроніка;"Фото-, відеокамери та аксесуари";Студійне обладнання;Студійне світло;https://prom.ua/ua/Studijnyj-svet;500408
Техніка та електроніка;"Фото-, відеокамери та аксесуари";Студійне обладнання;Фони та системи встановлення;https://prom.ua/ua/Fony-i-sistemy-ustanovki;500411
Техніка та електроніка;"Фото-, відеокамери та аксесуари";"Фото-, відеокамери та аксесуари, загальне";;https://prom.ua/ua/Foto-videokamery-i-aksessuary-obschee;500401
Техніка та електроніка;"Фото-, відеокамери та аксесуари";Фотоальбоми;;https://prom.ua/ua/Fotoalbomy;1905
Техніка та електроніка;"Фото-, відеокамери та аксесуари";Фототехніка;Дитячі цифрові фотоапарати;https://prom.ua/ua/Detskie-tsifrovye-fotoapparaty;500414
Техніка та електроніка;"Фото-, відеокамери та аксесуари";Фототехніка;Фотоапарати;https://prom.ua/ua/Tsifrovye-fotoaparaty;1909
Техніка та електроніка;"Фото-, відеокамери та аксесуари";Фототехніка;"Фототехніка, загальне";https://prom.ua/ua/Fototehnika-obschee;500404
Техніка та електроніка;Электротранспорт;"Электротранспорт, общее";;https://prom.ua/ua/Elektrotransport-obschee;501101
Товари для дітей;Іграшки;Іграшки для ванної;;https://prom.ua/ua/Igrushki-dlya-vannoj;2631
Товари для дітей;Іграшки;Іграшки для найменших;;https://prom.ua/ua/Igrushki-dlya-novorozhdennyh;150102
Товари для дітей;Іграшки;"Іграшки, загальне";;https://prom.ua/ua/Drugie-igrushki;2610
Товари для дітей;Іграшки;Іграшки-антистрес;;https://prom.ua/ua/Igrushki-antistressy;2656
Товари для дітей;Іграшки;Іграшковий посуд;;https://prom.ua/ua/Igrushechnaya-posuda;2653
Товари для дітей;Іграшки;"Іграшкові машинки, літачки, техніка";;https://prom.ua/ua/Igrushechnye-mashinki;2606
Товари для дітей;Іграшки;"Іграшкові пістолети, арбалети та шаблі";;https://prom.ua/ua/Igrushechnye-pistolety;2607
Товари для дітей;Іграшки;"Ігрові фігурки, роботи трансформери";;https://prom.ua/ua/Detskie-igrovye-figurki;2638
Товари для дітей;Іграшки;Інтерактивні дитячі іграшки;;https://prom.ua/ua/Elektronnye-igrushki;2608
Товари для дітей;Іграшки;Аксесуари для ляльок та пупсів;;https://prom.ua/ua/Odezhda-dlya-kukol-1;2634
Товари для дітей;Іграшки;Дзиги та спінери;;https://prom.ua/ua/Volchki-spinnery;2655
Товари для дітей;Іграшки;Дитяча мозаїка;;https://prom.ua/ua/Detskaya-mozaika;264702
Товари для дітей;Іграшки;"Дитячі залізниці, автотреки";;https://prom.ua/ua/Detskie-zheleznye-dorogi-avtotreki;2636
Товари для дітей;Іграшки;Дитячі мікроскопи та телескопи;;https://prom.ua/ua/Detskaya-igrovaya-optika;264703
Товари для дітей;Іграшки;Дитячі іграшки-каталки;;https://prom.ua/ua/Detskie-igrushki-katalki;2627
Товари для дітей;Іграшки;Дитячі ігрові кухні;;https://prom.ua/ua/Detskie-igrovye-kuhni;2654
Товари для дітей;Іграшки;Збірні моделі та аксесуари до них;;https://prom.ua/ua/Sbornye-modeli;2630
Товари для дітей;Іграшки;Коляски для ляльок та пупсів;;https://prom.ua/ua/Kolyaski-dlya-kukol;2623
Товари для дітей;Іграшки;Комплектуючі для радіокерованих іграшок та моделей;;https://prom.ua/ua/Komplektuyuschie-dlya-radioupravlyaemyh-igrushek-i-modelej;2617
Товари для дітей;Іграшки;Комплектуючі та аксесуари для іграшок;;https://prom.ua/ua/Komplektuyuschie-i-aksessuary-dlya-igrushek;2641
Товари для дітей;Іграшки;Конструктори;;https://prom.ua/ua/Konstruktory;2614
Товари для дітей;Іграшки;"Ляльки, пупси";;https://prom.ua/ua/Kukly;2605
Товари для дітей;Іграшки;М'які іграшки;;https://prom.ua/ua/Myagkie-plyushevye-igrushki;2604
Товари для дітей;Іграшки;Музичні іграшки;;https://prom.ua/ua/Muzykalnye-igrushki;2635
Товари для дітей;Іграшки;"Наукові ігри, набори для дослідів";;https://prom.ua/ua/Nauchnye-igry-nabory-dlya-opytov;2622
Товари для дітей;Іграшки;Радіокеровані іграшки;;https://prom.ua/ua/Radioupravlyaemye-modeli;2613
Товари для дітей;Іграшки;Розвиваючі та навчальні іграшки;;https://prom.ua/ua/Razvivayuschie-igrushki;2602
Товари для дітей;Іграшки;Розвиваючі та ігрові килимки;;https://prom.ua/ua/Razvivayuschie-i-igrovye-kovriki;2652
Товари для дітей;Іграшки;Тематичні ігрові набори;;https://prom.ua/ua/Igrovye-nabory;2629
Товари для дітей;Гігієна та догляд за дітьми;Аксесуари для безпеки дітей;;https://prom.ua/ua/Aksessuary-dlya-bezopasnosti-detej;150111
Товари для дітей;Гігієна та догляд за дітьми;Аспіратори;;https://prom.ua/ua/Detskie-aspiratory;15012202
Товари для дітей;Гігієна та догляд за дітьми;"Гігієна та догляд за дітьми, загальне";;https://prom.ua/ua/Uhod-za-rebenkom-obschee;15012201
Товари для дітей;Гігієна та догляд за дітьми;Гігієнічні одноразові пелюшки;;https://prom.ua/ua/Pelenki-gigienicheskie-odnorazovye;151311
Товари для дітей;Гігієна та догляд за дітьми;Дитячі ваги;;https://prom.ua/ua/Vesy-detskie;15371108
Товари для дітей;Гігієна та догляд за дітьми;Дитячі ванночки;;https://prom.ua/ua/Vannochki-detskie;15010505
Товари для дітей;Гігієна та догляд за дітьми;Дитячі горщики та сидіння на унітаз;;https://prom.ua/ua/Gorshki-detskie;150104
Товари для дітей;Гігієна та догляд за дітьми;Дитячі гребінці;;https://prom.ua/ua/Detskie-rascheski;15010511
Товари для дітей;Гігієна та догляд за дітьми;Дитячі підгузки;;https://prom.ua/ua/Podguzniki;15010503
Товари для дітей;Гігієна та догляд за дітьми;Дитячі підставки та сидіння для купання;;https://prom.ua/ua/Podstavki-i-sideniya-dlya-kupaniya-detej;15010506
Товари для дітей;Гігієна та догляд за дітьми;Дитячі ростоміри;;https://prom.ua/ua/Detskie-rostomery;150120
Товари для дітей;Гігієна та догляд за дітьми;Круги для купання немовлят;;https://prom.ua/ua/Krugi-dlya-kupaniya-mladentsev;15010507
Товари для дітей;Гігієна та догляд за дітьми;Набори для догляду за новонародженими;;https://prom.ua/ua/Nabory-dlya-uhoda-za-novorozhdennymi;15010512
Товари для дітей;Гігієна та догляд за дітьми;Пустушки та прорізувачі для зубів;;https://prom.ua/ua/Pustyshki-dlya-mladentsev;15010105
Товари для дітей;Гігієна та догляд за дітьми;"Радіоняні, відеоняні";;https://prom.ua/ua/Radionyani-videonyani;15010508
Товари для дітей;Гігієна та догляд за дітьми;"Рюкзаки для перенесення дітей, слінги";;https://prom.ua/ua/Ryukzaki-dlya-perenoski-detej;150108
Товари для дітей;Гігієна та догляд за дітьми;Тканинні пелюшки;;https://prom.ua/ua/Plenki-tkanevye;15010510
Товари для дітей;Дитяче харчування;Дитяче печиво та пудинги;;https://prom.ua/ua/Detskoe-pechene-suhariki;29907
Товари для дітей;Дитяче харчування;"Дитяче харчування, загальне";;https://prom.ua/ua/Drugoe-detskoe-pitanie;29909
Товари для дітей;Дитяче харчування;Дитячий посуд для годування;;https://prom.ua/ua/Detskaya-posuda-dlya-kormleniya;15010107
Товари для дітей;Дитяче харчування;Дитячі каші;;https://prom.ua/ua/Detskie-kashi;29902
Товари для дітей;Дитяче харчування;Дитячі пюре;;https://prom.ua/ua/Detskie-pyure;29905
Товари для дітей;Дитяче харчування;Дитячі суміші;;https://prom.ua/ua/Detskie-smesi;29901
Товари для дітей;Дитяче харчування;Молоковідсмоктувачі та аксесуари;;https://prom.ua/ua/Molokootsosy;15010101
Товари для дітей;Дитяче харчування;Пляшечки для годування та аксесуари;;https://prom.ua/ua/Butylochki-dlya-kormleniya;15010103
Товари для дітей;Дитяче харчування;Слинявчики;;https://prom.ua/ua/Slyunyavchiki;15010501
Товари для дітей;Дитяче харчування;Стерилізатори та підігрівачі для дитячого харчування;;https://prom.ua/ua/Sterilizatory-i-podogrevateli-dlya-detskogo-pitaniya;15010102
Товари для дітей;Дитячий текстиль;"Балдахіни, опори для балдахінів";;https://prom.ua/ua/Baldahiny;40611
Товари для дітей;Дитячий текстиль;Дитяча постільна білизна;;https://prom.ua/ua/Detskoe-postelnoe-bele;40607
Товари для дітей;Дитячий текстиль;"Дитячий текстиль, загальне";;https://prom.ua/ua/Detskie-postelnye-prinadlezhnosti-obschee;15011404
Товари для дітей;Дитячий текстиль;Дитячі килимки;;https://prom.ua/ua/Detskie-kovriki;4050703
Товари для дітей;Дитячий текстиль;Дитячі ковдри;;https://prom.ua/ua/Detskie-odeyala;15011402
Товари для дітей;Дитячий текстиль;Дитячі подушки;;https://prom.ua/ua/Detskie-podushki;15011401
Товари для дітей;Дитячий текстиль;Дитячі покривала та пледи;;https://prom.ua/ua/Detskie-pokryvala-i-pledy;15011403
Товари для дітей;Дитячий текстиль;Дитячі рушники;;https://prom.ua/ua/Detskie-polotentsa;40306
Товари для дітей;Дитячий текстиль;Захист в дитяче ліжечко;;https://prom.ua/ua/Zaschita-v-detskuyu-krovatku;15011407
Товари для дітей;Дитячий текстиль;Кишені на ліжечко;;https://prom.ua/ua/Karmany-na-krovatku;15011408
Товари для дітей;Дитячий текстиль;Комплекти в дитяче ліжечко;;https://prom.ua/ua/Komplekty-detskuyu-krovatku;15011409
Товари для дітей;Дитячий транспорт та автокрісла;Аксесуари та комплектуючі для дитячого транспорту;;https://prom.ua/ua/Zapchasti-i-komplektuyuschie-dlya-detskih-elektromobilej;2632
Товари для дітей;Дитячий транспорт та автокрісла;Біговели;;https://prom.ua/ua/Detskie-begovely;15011608
Товари для дітей;Дитячий транспорт та автокрісла;"Дитячий транспорт та автокрісла, загальне";;https://prom.ua/ua/Detskij-transport-obschee;15011607
Товари для дітей;Дитячий транспорт та автокрісла;Дитячі автокрісла;;https://prom.ua/ua/Avtokresla-detskie;15010502
Товари для дітей;Дитячий транспорт та автокрісла;Дитячі веломобілі;;https://prom.ua/ua/Detskie-velomobili;15011604
Товари для дітей;Дитячий транспорт та автокрісла;"Дитячі електромобілі, бензомобілі";;https://prom.ua/ua/Detskie-elektromobili;150109
Товари для дітей;Дитячий транспорт та автокрісла;Дитячі машинки-каталки;;https://prom.ua/ua/Detskie-mashinki-katalki;15011609
Товари для дітей;Дитячий транспорт та автокрісла;Дитячі стрибунки;;https://prom.ua/ua/Detskie-prygunki;15011606
Товари для дітей;Дитячий транспорт та автокрісла;Дитячі ходунки;;https://prom.ua/ua/Hodunki-detskie;150107
Товари для дітей;Дитячий транспорт та автокрісла;Кріплення та аксесуари для дитячих автокрісел;;https://prom.ua/ua/Krepleniya-i-aksessuary-dlya-detskih-avtokresel;150112
Товари для дітей;Дитячий транспорт та автокрісла;Санки та снігокати;;https://prom.ua/ua/Sanki-zimnie;150110
Товари для дітей;Дитячі коляски та аксесуари;Дитячі коляски;;https://prom.ua/ua/Kolyaski-detskie;150106
Товари для дітей;Дитячі коляски та аксесуари;"Дитячі коляски та аксесуари, загальне";;https://prom.ua/ua/Komplektuyuschie-i-aksessuary-dlya-detskih-kolyasok-obschee;15011310
Товари для дітей;Дитячі коляски та аксесуари;Запчастини та аксесуари для дитячих колясок;;https://prom.ua/ua/Zapchasti-dlya-detskih-kolyasok;15011309
Товари для дітей;Дитячі коляски та аксесуари;Рюкзаки-органайзери для мам;;https://prom.ua/ua/Ryukzaki-organajzery-dlya;15011312
Товари для дітей;Дитячі меблі;Дитячі дивани та м'які крісла;;https://prom.ua/ua/Detskie-divany;15030319
Товари для дітей;Дитячі меблі;Дитячі комоди;;https://prom.ua/ua/Komody-detskie;371306
Товари для дітей;Дитячі меблі;Дитячі комп'ютерні крісла;;https://prom.ua/ua/Kreslo-detskoe;371302
Товари для дітей;Дитячі меблі;Дитячі крісла-гойдалки та шезлонги;;https://prom.ua/ua/Detskie-kresla-kachalki-i-shezlongi;15010303
Товари для дітей;Дитячі меблі;Дитячі манежі;;https://prom.ua/ua/Manezhi-detskie;371304
Товари для дітей;Дитячі меблі;Дитячі матраци;;https://prom.ua/ua/Detskie-matratsy;15011405
Товари для дітей;Дитячі меблі;"Дитячі меблі, загальне";;https://prom.ua/ua/Drugaya-detskaya-mebel;371307
Товари для дітей;Дитячі меблі;Дитячі столи;;https://prom.ua/ua/Detskie-stoliki;371303
Товари для дітей;Дитячі меблі;Дитячі стільчики і табуретки;;https://prom.ua/ua/Detskie-stulchiki-i-taburetki;371305
Товари для дітей;Дитячі меблі;Дитячі стінки;;https://prom.ua/ua/Stenki-dlya-detskih-sadov;371316
Товари для дітей;Дитячі меблі;Дитячі та підліткові ліжка;;https://prom.ua/ua/Detskie-krovati-1;371301
Товари для дітей;Дитячі меблі;Дитячі тумбочки;;https://prom.ua/ua/Tumbochki-detskie;371313
Товари для дітей;Дитячі меблі;Дитячі шафи та стелажі;;https://prom.ua/ua/Shkaf-detskij;371308
Товари для дітей;Дитячі меблі;Комплекти дитячих та підліткових меблів;;https://prom.ua/ua/Komplekty-detskoj-mebeli;371309
Товари для дітей;Дитячі меблі;Комплектуючі для дитячих меблів;;https://prom.ua/ua/Komplektuyuschie-dlya-detskoj;371321
Товари для дітей;Дитячі меблі;Ліжечка для новонароджених;;https://prom.ua/ua/Detskie-krovatki;15010302
Товари для дітей;Дитячі меблі;Пеленальні столики та пеленальні дошки;;https://prom.ua/ua/Detskie-pelenalnye-stoly;371315
Товари для дітей;Дитячі меблі;Стільчики для годування;;https://prom.ua/ua/Detskie-stulchiki-dlya-kormleniya;371314
Товари для дітей;Дитячі меблі;Ящики та комоди для іграшок;;https://prom.ua/ua/Yaschiki-dlya-igrushek;371311
Товари для дітей;Дитячі ігри;"Іграшки для ігор з піском, водою та снігом";;https://prom.ua/ua/Nabory-dlya-aktivnyh-igr;2642
Товари для дітей;Дитячі ігри;"Іграшки-гойдалки, іграшки-стрибуни";;https://prom.ua/ua/Igrushki-kachalki;2625
Товари для дітей;Дитячі ігри;Ігрові майданчики та пісочниці;;https://prom.ua/ua/Igrovye-ploschadki;12510
Товари для дітей;Дитячі ігри;Дитячі гойдалки для дому;;https://prom.ua/ua/Detskie-kacheli-dlya-doma;150115
Товари для дітей;Дитячі ігри;Дитячі м'ячі;;https://prom.ua/ua/Myachi-detskie;2615
Товари для дітей;Дитячі ігри;"Дитячі ігри, загальне";;https://prom.ua/ua/Aktivnye-igry-obschee;264801
Товари для дітей;Дитячі ігри;"Дитячі ігрові намети, будиночки";;https://prom.ua/ua/Detskie-igrovye-palatki;2637
Товари для дітей;Дитячі ігри;"Домашні надувні батути, ігрові центри";;https://prom.ua/ua/Detskie-naduvnye-batuty-dlya-doma;2621
Товари для дітей;Дитячі ігри;Мильні бульбашки;;https://prom.ua/ua/Mylnye-puzyri;2644
Товари для дітей;Дитячі ігри;"Надувні круги, платформи";;https://prom.ua/ua/Naduvnye-krugi;2012
Товари для дітей;Дитячі ігри;Надувні іграшки;;https://prom.ua/ua/Naduvnye-igrushki;2620
Товари для дітей;Дитячі ігри;"Повітряні змії, вітрячки";;https://prom.ua/ua/Vozdushnye-zmei;2639
Товари для дітей;Дитячі ігри;Піньяти;;https://prom.ua/ua/Pinyata;2643
Товари для дітей;Дитячі ігри;"Рухливі, змагальні ігри";;https://prom.ua/ua/Podvizhnye-sorevnovatelnye-igry;264802
Товари для дітей;Дитячі ігри;Фінгери та аксесуари;;https://prom.ua/ua/Fingery-i-aksessuary-k-nim;180612
Товари для дітей;Канцтовари шкільні та дитячі;Дитяча творчість та малювання;3d ручки;https://prom.ua/ua/Ruchki;15011913
Товари для дітей;Канцтовари шкільні та дитячі;Дитяча творчість та малювання;Гумки для плетіння;https://prom.ua/ua/Rezinki-dlya-pleteniya;15011909
Товари для дітей;Канцтовари шкільні та дитячі;Дитяча творчість та малювання;"Дитяча творчість та малювання, загальне";https://prom.ua/ua/Detskoe-tvorchestvo-i-risovanie-obschee;15011912
Товари для дітей;Канцтовари шкільні та дитячі;Дитяча творчість та малювання;Канцелярська крейда ;https://prom.ua/ua/Mel;211102
Товари для дітей;Канцтовари шкільні та дитячі;Дитяча творчість та малювання;Кольоровий папір та картон;https://prom.ua/ua/Bumaga-tsvetnaya-i-karton;15011905
Товари для дітей;Канцтовари шкільні та дитячі;Дитяча творчість та малювання;Малювання світлом;https://prom.ua/ua/Risovanie-svetom;15011914
Товари для дітей;Канцтовари шкільні та дитячі;Дитяча творчість та малювання;Набори для зліпків дитячих ручок і ніжок;https://prom.ua/ua/Nabory-dlya-slepkov-detskih-ruchek-i-nozhek;1759
Товари для дітей;Канцтовари шкільні та дитячі;Дитяча творчість та малювання;Папір та альбоми для малювання;https://prom.ua/ua/Bumaga-dlya-risovaniya;21111111
Товари для дітей;Канцтовари шкільні та дитячі;Дитяча творчість та малювання;Пластилін та маса для ліплення;https://prom.ua/ua/Plastilin;211120
Товари для дітей;Канцтовари шкільні та дитячі;Дитяча творчість та малювання;Товари для дитячої творчості;https://prom.ua/ua/Kantstovary-dlya-detskogo-tvorchestva;15011904
Товари для дітей;Канцтовари шкільні та дитячі;"Канцтовари шкільні та дитячі, загальне";;https://prom.ua/ua/Kantstovary-shkolnye-i-detskie-obschee;15011903
Товари для дітей;Книги для дітей;"Дитяча література, загальне";;https://prom.ua/ua/Detskaya-literatura;220210
Товари для дітей;Книги для дітей;Дитяча художня література;;https://prom.ua/ua/Detskaya-hudozhetsvennaya-literatura;15011802
Товари для дітей;Книги для дітей;Книги для найменших;;https://prom.ua/ua/Knigi-dlya-samyh-malenkih;15011803
Товари для дітей;Книги для дітей;Навчальна та розвиваюча дитяча література;;https://prom.ua/ua/Obuchayuschaya-i-razvivayuschaya-detskaya-literatura;15011804
Товари для дітей;Книги для дітей;Розмальовки;;https://prom.ua/ua/Raskraski-i-podelki-dlya-detej;15011805
Товари для дітей;"Товари для дітей, загальне";;;https://prom.ua/ua/Drugie-tovary-dlya-detej;150199
"Товари, загальне";;;;https://prom.ua/ua/Other;29
