prom_category_id;prom_category_name;rozetka_category_id;rozetka_category_name;matched_royalty_id;matched_royalty_name;match_level;brand;royalty_percent;price_from;price_to;threshold;coef_uncategorized;coef_no_base;coef_viatec;coef_secur;coef_lp;coef
;;;;;;;;;;;;1.4;1.33;;;;
513;Комплектуючі для освітлення та електрики > Подовжувачі електричні;84863;Мережеві фільтри, адаптери та подовжувачі;80256;Аксесуари для електроніки;1;;22;;;1.45;;;0.9;0.9;1;
518;Аудіотехніка та аксесуари > Акустичні системи;4672533;Гучномовці;4671521;Аудіотехніка;2;;17;;;1.36;;;0.9;0.9;1;
518;Аудіотехніка та аксесуари > Акустичні системи;4672533;Гучномовці;4671521;Аудіотехніка;2;;15;5000;14999;1.33;;;0.9;0.9;1;
518;Аудіотехніка та аксесуари > Акустичні системи;4672533;Гучномовці;4671521;Аудіотехніка;2;;10;15000;39999;1.25;;;0.9;0.9;1;
518;Аудіотехніка та аксесуари > Акустичні системи;4672533;Гучномовці;4671521;Аудіотехніка;2;;7;40000;74999;1.21;;;0.9;0.9;1;
518;Аудіотехніка та аксесуари > Акустичні системи;4672533;Гучномовці;4671521;Аудіотехніка;2;;5;75000;89999;1.18;;;0.9;0.9;1;
518;Аудіотехніка та аксесуари > Акустичні системи;4672533;Гучномовці;4671521;Аудіотехніка;2;;3;90000;999999999;1.16;;;0.9;0.9;1;
518;Аудіотехніка та аксесуари > Акустичні системи;4672533;Гучномовці;4671521;Аудіотехніка;2;Logitech;10;;;1.25;;;0.9;0.9;1;
518;Аудіотехніка та аксесуари > Акустичні системи;4672533;Гучномовці;4671521;Аудіотехніка;2;Sharp;10;;;1.25;;;0.9;0.9;1;
518;Аудіотехніка та аксесуари > Акустичні системи;4672533;Гучномовці;4671521;Аудіотехніка;2;JBL;10;;;1.25;;;0.9;0.9;1;
518;Аудіотехніка та аксесуари > Акустичні системи;4672533;Гучномовці;4671521;Аудіотехніка;2;Harman/Kardon;10;;;1.25;;;0.9;0.9;1;
518;Аудіотехніка та аксесуари > Акустичні системи;4672533;Гучномовці;4671521;Аудіотехніка;2;Yamaha;10;;;1.25;;;0.9;0.9;1;
518;Аудіотехніка та аксесуари > Акустичні системи;4672533;Гучномовці;4671521;Аудіотехніка;2;Divoom;10;;;1.25;;;0.9;0.9;1;
518;Аудіотехніка та аксесуари > Акустичні системи;4672533;Гучномовці;4671521;Аудіотехніка;2;Blaupunkt;10;;;1.25;;;0.9;0.9;1;
518;Аудіотехніка та аксесуари > Акустичні системи;4672533;Гучномовці;4671521;Аудіотехніка;2;Bang & Olufsen;10;;;1.25;;;0.9;0.9;1;
518;Аудіотехніка та аксесуари > Акустичні системи;4672533;Гучномовці;4671521;Аудіотехніка;2;Jarre;10;;;1.25;;;0.9;0.9;1;
518;Аудіотехніка та аксесуари > Акустичні системи;4672533;Гучномовці;4671521;Аудіотехніка;2;DreamWave;10;;;1.25;;;0.9;0.9;1;
518;Аудіотехніка та аксесуари > Акустичні системи;4672533;Гучномовці;4671521;Аудіотехніка;2;Jarre;10;5000;14999;1.25;;;0.9;0.9;1;
518;Аудіотехніка та аксесуари > Акустичні системи;4672533;Гучномовці;4671521;Аудіотехніка;2;Sharp;10;5000;14999;1.25;;;0.9;0.9;1;
518;Аудіотехніка та аксесуари > Акустичні системи;4672533;Гучномовці;4671521;Аудіотехніка;2;JBL;10;5000;14999;1.25;;;0.9;0.9;1;
518;Аудіотехніка та аксесуари > Акустичні системи;4672533;Гучномовці;4671521;Аудіотехніка;2;Harman/Kardon;10;5000;14999;1.25;;;0.9;0.9;1;
518;Аудіотехніка та аксесуари > Акустичні системи;4672533;Гучномовці;4671521;Аудіотехніка;2;Yamaha;10;5000;14999;1.25;;;0.9;0.9;1;
518;Аудіотехніка та аксесуари > Акустичні системи;4672533;Гучномовці;4671521;Аудіотехніка;2;Logitech;10;5000;14999;1.25;;;0.9;0.9;1;
518;Аудіотехніка та аксесуари > Акустичні системи;4672533;Гучномовці;4671521;Аудіотехніка;2;Blaupunkt;10;5000;14999;1.25;;;0.9;0.9;1;
518;Аудіотехніка та аксесуари > Акустичні системи;4672533;Гучномовці;4671521;Аудіотехніка;2;Bang & Olufsen;10;5000;14999;1.25;;;0.9;0.9;1;
518;Аудіотехніка та аксесуари > Акустичні системи;4672533;Гучномовці;4671521;Аудіотехніка;2;DreamWave;10;5000;14999;1.25;;;0.9;0.9;1;
518;Аудіотехніка та аксесуари > Акустичні системи;4672533;Гучномовці;4671521;Аудіотехніка;2;Divoom;10;5000;14999;1.25;;;0.9;0.9;1;
602;Продаж побутової техніки для кухні > Холодильники;80125;Холодильники;80125;Холодильники;0;;7;;;1.21;;;0.9;0.9;1;
602;Продаж побутової техніки для кухні > Холодильники;80125;Холодильники;80125;Холодильники;0;;3;25000;999999999;1.16;;;0.9;0.9;1;
608;Побутова техніка для дому > Пилососи;80158;Пилососи;80025;Побутова техніка, інтер'єр;gap:435964;;18;0;5999;1.38;;;0.9;0.9;1;
608;Побутова техніка для дому > Пилососи;80158;Пилососи;435964;Товари для догляду за домом і одягом;1;;7;6000;9999;1.21;;;0.9;0.9;1;
608;Побутова техніка для дому > Пилососи;80158;Пилососи;435964;Товари для догляду за домом і одягом;1;;5;10000;99999;1.18;;;0.9;0.9;1;
608;Побутова техніка для дому > Пилососи;80158;Пилососи;435964;Товари для догляду за домом і одягом;1;;3;100000;999999999;1.16;;;0.9;0.9;1;
623;Аксесуари для телевізорів та проекторів > ДУ пульти;80070;Універсальні пульти ДК;80015;Аксесуари для телевізорів і моніторів;1;;22;;;1.45;;;0.9;0.9;1;
623;Аксесуари для телевізорів та проекторів > ДУ пульти;80070;Універсальні пульти ДК;80015;Аксесуари для телевізорів і моніторів;1;;15;3000;6999;1.33;;;0.9;0.9;1;
623;Аксесуари для телевізорів та проекторів > ДУ пульти;80070;Універсальні пульти ДК;80015;Аксесуари для телевізорів і моніторів;1;;10;7000;9999;1.25;;;0.9;0.9;1;
623;Аксесуари для телевізорів та проекторів > ДУ пульти;80070;Універсальні пульти ДК;80015;Аксесуари для телевізорів і моніторів;1;;7;10000;19999;1.21;;;0.9;0.9;1;
623;Аксесуари для телевізорів та проекторів > ДУ пульти;80070;Універсальні пульти ДК;80015;Аксесуари для телевізорів і моніторів;1;;5;20000;999999999;1.18;;;0.9;0.9;1;
625;Кліматична техніка > Зволожувачі та очищувачі повітря;80130;Зволожувачі повітря;80079;Кліматична техніка;gap:80130;;13;0;1999;1.29;;;0.9;0.9;1;
625;Кліматична техніка > Зволожувачі та очищувачі повітря;80130;Зволожувачі повітря;80130;Зволожувачі повітря;0;;5;2000;8999;1.18;;;0.9;0.9;1;
625;Кліматична техніка > Зволожувачі та очищувачі повітря;80130;Зволожувачі повітря;80130;Зволожувачі повітря;0;;4;9000;999999999;1.17;;;0.9;0.9;1;
706;Комп'ютерна техніка та ПЗ > Монітори;80089;Монітори;80089;Монітори;0;;12;;;1.28;;;0.9;0.9;1;
706;Комп'ютерна техніка та ПЗ > Монітори;80089;Монітори;80089;Монітори;0;;10;5000;9999;1.25;;;0.9;0.9;1;
706;Комп'ютерна техніка та ПЗ > Монітори;80089;Монітори;80089;Монітори;0;;7;10000;19999;1.21;;;0.9;0.9;1;
706;Комп'ютерна техніка та ПЗ > Монітори;80089;Монітори;80089;Монітори;0;;5;20000;29999;1.18;;;0.9;0.9;1;
706;Комп'ютерна техніка та ПЗ > Монітори;80089;Монітори;80089;Монітори;0;;3;30000;999999999;1.16;;;0.9;0.9;1;
1336;Аксесуари та фурнітура для вікон та дверей > Дверні дзвінки;4645592;Дверні дзвінки;4627949;Смартфони, ТВ і електроніка;gap:4645592;;22;0;1999;1.45;;;0.9;0.9;1;
1336;Аксесуари та фурнітура для вікон та дверей > Дверні дзвінки;4645592;Дверні дзвінки;4645592;Дверні дзвінки;0;;12;2000;6999;1.28;;;0.9;0.9;1;
1336;Аксесуари та фурнітура для вікон та дверей > Дверні дзвінки;4645592;Дверні дзвінки;4645592;Дверні дзвінки;0;;10;7000;13999;1.25;;;0.9;0.9;1;
1336;Аксесуари та фурнітура для вікон та дверей > Дверні дзвінки;4645592;Дверні дзвінки;4645592;Дверні дзвінки;0;;7;14000;19999;1.21;;;0.9;0.9;1;
1336;Аксесуари та фурнітура для вікон та дверей > Дверні дзвінки;4645592;Дверні дзвінки;4645592;Дверні дзвінки;0;;5;20000;99999;1.18;;;0.9;0.9;1;
1336;Аксесуари та фурнітура для вікон та дверей > Дверні дзвінки;4645592;Дверні дзвінки;4645592;Дверні дзвінки;0;;3;100000;999999999;1.16;;;0.9;0.9;1;
1354;Ліси та інші конструкції для ремонтно-будівельних робіт > Комплектуючі для сходів та будівельних риштувань;157092;Драбини, підмостки;2577232;Інструменти й обладнання;2;;18;;;1.38;;;0.9;0.9;1;
1354;Ліси та інші конструкції для ремонтно-будівельних робіт > Комплектуючі для сходів та будівельних риштувань;157092;Драбини, підмостки;2577232;Інструменти й обладнання;2;;10;5000;9999;1.25;;;0.9;0.9;1;
1354;Ліси та інші конструкції для ремонтно-будівельних робіт > Комплектуючі для сходів та будівельних риштувань;157092;Драбини, підмостки;2577232;Інструменти й обладнання;2;;7;10000;19999;1.21;;;0.9;0.9;1;
1354;Ліси та інші конструкції для ремонтно-будівельних робіт > Комплектуючі для сходів та будівельних риштувань;157092;Драбини, підмостки;2577232;Інструменти й обладнання;2;;5;20000;99999;1.18;;;0.9;0.9;1;
1354;Ліси та інші конструкції для ремонтно-будівельних робіт > Комплектуючі для сходів та будівельних риштувань;157092;Драбини, підмостки;2577232;Інструменти й обладнання;2;;3;100000;999999999;1.16;;;0.9;0.9;1;
1507;Аудіотехніка та аксесуари > Батарейки;654239;Акумулятори та батарейки;4627949;Смартфони, ТВ і електроніка;gap:4628124;;22;0;2999;1.45;;;0.9;0.9;1;
1507;Аудіотехніка та аксесуари > Батарейки;654239;Акумулятори та батарейки;4628124;Фото та відео;1;;15;3000;4999;1.33;;;0.9;0.9;1;
1507;Аудіотехніка та аксесуари > Батарейки;654239;Акумулятори та батарейки;4628124;Фото та відео;1;;10;5000;9999;1.25;;;0.9;0.9;1;
1507;Аудіотехніка та аксесуари > Батарейки;654239;Акумулятори та батарейки;4628124;Фото та відео;1;;7;10000;19999;1.21;;;0.9;0.9;1;
1507;Аудіотехніка та аксесуари > Батарейки;654239;Акумулятори та батарейки;4628124;Фото та відео;1;;5;20000;99999;1.18;;;0.9;0.9;1;
1507;Аудіотехніка та аксесуари > Батарейки;654239;Акумулятори та батарейки;4628124;Фото та відео;1;;3;100000;999999999;1.16;;;0.9;0.9;1;
1902;Відеотехніка > Відеокамери, екшн-камери;179179;Аксесуари до екшн-камер;4627949;Смартфони, ТВ і електроніка;gap:179179;;22;0;999;1.45;;;0.9;0.9;1;
1902;Відеотехніка > Відеокамери, екшн-камери;179179;Аксесуари до екшн-камер;179179;Аксесуари до екшн-камер;0;;15;1000;2999;1.33;;;0.9;0.9;1;
1902;Відеотехніка > Відеокамери, екшн-камери;179179;Аксесуари до екшн-камер;179179;Аксесуари до екшн-камер;0;;10;3000;999999999;1.25;;;0.9;0.9;1;
2657;Фото-, відеокамери та аксесуари > Квадрокоптери;1124685;Квадрокоптери;4627893;Спорт і захоплення;gap:81499;;18;0;4999;1.38;;;0.9;0.9;1;
2657;Фото-, відеокамери та аксесуари > Квадрокоптери;1124685;Квадрокоптери;81499;Радіокеровані моделі;1;;12;5000;19999;1.28;;;0.9;0.9;1;
2657;Фото-, відеокамери та аксесуари > Квадрокоптери;1124685;Квадрокоптери;81499;Радіокеровані моделі;1;;7;20000;69999;1.21;;;0.9;0.9;1;
2657;Фото-, відеокамери та аксесуари > Квадрокоптери;1124685;Квадрокоптери;81499;Радіокеровані моделі;1;;5;70000;99999;1.18;;;0.9;0.9;1;
2657;Фото-, відеокамери та аксесуари > Квадрокоптери;1124685;Квадрокоптери;81499;Радіокеровані моделі;1;;3;100000;999999999;1.16;;;0.9;0.9;1;
2703;Товари для догляду за домашніми тваринами > Засоби для гігієни тварин;3779482;Аксесуари до туалетів для тварин;2394287;Товари для дому;gap:3520929;;18;0;2999;1.38;;;0.9;0.9;1;
2703;Товари для догляду за домашніми тваринами > Засоби для гігієни тварин;3779482;Аксесуари до туалетів для тварин;3520929;Зоотовари;2;;15;3000;4999;1.33;;;0.9;0.9;1;
2703;Товари для догляду за домашніми тваринами > Засоби для гігієни тварин;3779482;Аксесуари до туалетів для тварин;3520929;Зоотовари;2;;10;5000;9999;1.25;;;0.9;0.9;1;
2703;Товари для догляду за домашніми тваринами > Засоби для гігієни тварин;3779482;Аксесуари до туалетів для тварин;3520929;Зоотовари;2;;7;10000;19999;1.21;;;0.9;0.9;1;
2703;Товари для догляду за домашніми тваринами > Засоби для гігієни тварин;3779482;Аксесуари до туалетів для тварин;3520929;Зоотовари;2;;5;20000;999999999;1.18;;;0.9;0.9;1;
3029;Система розумний будинок > Домофони;259633;Відеодомофони;4627949;Смартфони, ТВ і електроніка;gap:259632;;22;0;1999;1.45;;;0.9;0.9;1;
3029;Система розумний будинок > Домофони;259633;Відеодомофони;259632;Домофони;1;;15;2000;6999;1.33;;;0.9;0.9;1;
3029;Система розумний будинок > Домофони;259633;Відеодомофони;259632;Домофони;1;;10;7000;13999;1.25;;;0.9;0.9;1;
3029;Система розумний будинок > Домофони;259633;Відеодомофони;259632;Домофони;1;;7;14000;19999;1.21;;;0.9;0.9;1;
3029;Система розумний будинок > Домофони;259633;Відеодомофони;259632;Домофони;1;;5;20000;99999;1.18;;;0.9;0.9;1;
3029;Система розумний будинок > Домофони;259633;Відеодомофони;259632;Домофони;1;;3;100000;999999999;1.16;;;0.9;0.9;1;
3029;Система розумний будинок > Домофони;260016;Панелі виклику;4627949;Смартфони, ТВ і електроніка;gap:259632;;22;0;1999;1.45;;;0.9;0.9;1;
3029;Система розумний будинок > Домофони;260016;Панелі виклику;259632;Домофони;1;;15;2000;6999;1.33;;;0.9;0.9;1;
3029;Система розумний будинок > Домофони;260016;Панелі виклику;259632;Домофони;1;;10;7000;13999;1.25;;;0.9;0.9;1;
3029;Система розумний будинок > Домофони;260016;Панелі виклику;259632;Домофони;1;;7;14000;19999;1.21;;;0.9;0.9;1;
3029;Система розумний будинок > Домофони;260016;Панелі виклику;259632;Домофони;1;;5;20000;99999;1.18;;;0.9;0.9;1;
3029;Система розумний будинок > Домофони;260016;Панелі виклику;259632;Домофони;1;;3;100000;999999999;1.16;;;0.9;0.9;1;
3029;Система розумний будинок > Домофони;260040;Аксесуари до домофонів;4627949;Смартфони, ТВ і електроніка;gap:259632;;22;0;1999;1.45;;;0.9;0.9;1;
3029;Система розумний будинок > Домофони;260040;Аксесуари до домофонів;259632;Домофони;1;;15;2000;6999;1.33;;;0.9;0.9;1;
3029;Система розумний будинок > Домофони;260040;Аксесуари до домофонів;259632;Домофони;1;;10;7000;13999;1.25;;;0.9;0.9;1;
3029;Система розумний будинок > Домофони;260040;Аксесуари до домофонів;259632;Домофони;1;;7;14000;19999;1.21;;;0.9;0.9;1;
3029;Система розумний будинок > Домофони;260040;Аксесуари до домофонів;259632;Домофони;1;;5;20000;99999;1.18;;;0.9;0.9;1;
3029;Система розумний будинок > Домофони;260040;Аксесуари до домофонів;259632;Домофони;1;;3;100000;999999999;1.16;;;0.9;0.9;1;
3029;Система розумний будинок > Домофони;260040;Аксесуари до домофонів;4627949;Смартфони, ТВ і електроніка;gap:259632;;22;0;1999;1.45;;;0.9;0.9;1;
3029;Система розумний будинок > Домофони;260040;Аксесуари до домофонів;259632;Домофони;1;;15;2000;6999;1.33;;;0.9;0.9;1;
3029;Система розумний будинок > Домофони;260040;Аксесуари до домофонів;259632;Домофони;1;;10;7000;13999;1.25;;;0.9;0.9;1;
3029;Система розумний будинок > Домофони;260040;Аксесуари до домофонів;259632;Домофони;1;;7;14000;19999;1.21;;;0.9;0.9;1;
3029;Система розумний будинок > Домофони;260040;Аксесуари до домофонів;259632;Домофони;1;;5;20000;99999;1.18;;;0.9;0.9;1;
3029;Система розумний будинок > Домофони;260040;Аксесуари до домофонів;259632;Домофони;1;;3;100000;999999999;1.16;;;0.9;0.9;1;
3030;Засоби та системи СКУД > Системи СКУД;4650477;Комплектуючі для СККД;4627851;Товари для бізнесу;3;;18;;;1.38;;;0.9;0.9;1;
3030;Засоби та системи СКУД > Системи СКУД;4650477;Комплектуючі для СККД;4627851;Товари для бізнесу;3;;12;4000;7999;1.28;;;0.9;0.9;1;
3030;Засоби та системи СКУД > Системи СКУД;4650477;Комплектуючі для СККД;4627851;Товари для бізнесу;3;;7;8000;19999;1.21;;;0.9;0.9;1;
3030;Засоби та системи СКУД > Системи СКУД;4650477;Комплектуючі для СККД;4627851;Товари для бізнесу;3;;5;20000;99999;1.18;;;0.9;0.9;1;
3030;Засоби та системи СКУД > Системи СКУД;4650477;Комплектуючі для СККД;4627851;Товари для бізнесу;3;;3;100000;999999999;1.16;;;0.9;0.9;1;
30813;Спецодяг та взуття > Захисний спецодяг;4655589;Захисний спецодяг;2033137;Одяг;2;;23;;;1.47;;;0.9;0.9;1;
30813;Спецодяг та взуття > Захисний спецодяг;4655589;Захисний спецодяг;2033137;Одяг;2;;15;2000;3999;1.33;;;0.9;0.9;1;
30813;Спецодяг та взуття > Захисний спецодяг;4655589;Захисний спецодяг;2033137;Одяг;2;;10;4000;9999;1.25;;;0.9;0.9;1;
30813;Спецодяг та взуття > Захисний спецодяг;4655589;Захисний спецодяг;2033137;Одяг;2;;5;10000;999999999;1.18;;;0.9;0.9;1;
33915;Аксесуари > Дощовики;4674414;Дощовики військові;4674363;Тактичний та військовий одяг;2;;22;;;1.45;;;0.9;0.9;1;
33915;Аксесуари > Дощовики;4674414;Дощовики військові;4674363;Тактичний та військовий одяг;2;;17;800;3999;1.36;;;0.9;0.9;1;
33915;Аксесуари > Дощовики;4674414;Дощовики військові;4674363;Тактичний та військовий одяг;2;;12;4000;9999;1.28;;;0.9;0.9;1;
33915;Аксесуари > Дощовики;4674414;Дощовики військові;4674363;Тактичний та військовий одяг;2;;7;10000;999999999;1.21;;;0.9;0.9;1;
50505;Радіовимірювальні прилади > Металошукачі, металодетектори;100957;Металошукачі;4627893;Спорт і захоплення;gap:81202;;18;0;7999;1.38;;;0.9;0.9;1;
50505;Радіовимірювальні прилади > Металошукачі, металодетектори;100957;Металошукачі;81202;Активний відпочинок, туризм та хобі;1;;12;8000;34999;1.28;;;0.9;0.9;1;
50505;Радіовимірювальні прилади > Металошукачі, металодетектори;100957;Металошукачі;81202;Активний відпочинок, туризм та хобі;1;;7;35000;54999;1.21;;;0.9;0.9;1;
50505;Радіовимірювальні прилади > Металошукачі, металодетектори;100957;Металошукачі;81202;Активний відпочинок, туризм та хобі;1;;5;55000;99999;1.18;;;0.9;0.9;1;
50505;Радіовимірювальні прилади > Металошукачі, металодетектори;100957;Металошукачі;81202;Активний відпочинок, туризм та хобі;1;;3;100000;999999999;1.16;;;0.9;0.9;1;
50904;Устаткування для електропостачання > Щитове обладнання;3803596;Шафи, корпуси, щитки;2577232;Інструменти й обладнання;2;;18;;;1.38;;;0.9;0.9;1;
50904;Устаткування для електропостачання > Щитове обладнання;3803596;Шафи, корпуси, щитки;2577232;Інструменти й обладнання;2;;10;5000;9999;1.25;;;0.9;0.9;1;
50904;Устаткування для електропостачання > Щитове обладнання;3803596;Шафи, корпуси, щитки;2577232;Інструменти й обладнання;2;;7;10000;19999;1.21;;;0.9;0.9;1;
50904;Устаткування для електропостачання > Щитове обладнання;3803596;Шафи, корпуси, щитки;2577232;Інструменти й обладнання;2;;5;20000;99999;1.18;;;0.9;0.9;1;
50904;Устаткування для електропостачання > Щитове обладнання;3803596;Шафи, корпуси, щитки;2577232;Інструменти й обладнання;2;;3;100000;999999999;1.16;;;0.9;0.9;1;
50906;Засоби зв'язку та позиціонування > Переговорні пристрої;84018;Рації;4627893;Спорт і захоплення;gap:84018;;18;0;2999;1.38;;;0.9;0.9;1;
50906;Засоби зв'язку та позиціонування > Переговорні пристрої;84018;Рації;84018;Рації;0;;12;3000;29999;1.28;;;0.9;0.9;1;
50906;Засоби зв'язку та позиціонування > Переговорні пристрої;84018;Рації;84018;Рації;0;;7;30000;49999;1.21;;;0.9;0.9;1;
50906;Засоби зв'язку та позиціонування > Переговорні пристрої;84018;Рації;84018;Рації;0;;5;50000;99999;1.18;;;0.9;0.9;1;
50906;Засоби зв'язку та позиціонування > Переговорні пристрої;84018;Рації;84018;Рації;0;;3;100000;999999999;1.16;;;0.9;0.9;1;
50918;Інструмент для мережевих робіт > Кабельні тестери, wi-fi тестери;4672208;Тестери кабельні;2577232;Інструменти й обладнання;2;;18;;;1.38;;;0.9;0.9;1;
50918;Інструмент для мережевих робіт > Кабельні тестери, wi-fi тестери;4672208;Тестери кабельні;2577232;Інструменти й обладнання;2;;10;5000;9999;1.25;;;0.9;0.9;1;
50918;Інструмент для мережевих робіт > Кабельні тестери, wi-fi тестери;4672208;Тестери кабельні;2577232;Інструменти й обладнання;2;;7;10000;19999;1.21;;;0.9;0.9;1;
50918;Інструмент для мережевих робіт > Кабельні тестери, wi-fi тестери;4672208;Тестери кабельні;2577232;Інструменти й обладнання;2;;5;20000;99999;1.18;;;0.9;0.9;1;
50918;Інструмент для мережевих робіт > Кабельні тестери, wi-fi тестери;4672208;Тестери кабельні;2577232;Інструменти й обладнання;2;;3;100000;999999999;1.16;;;0.9;0.9;1;
50928;Активне мережеве обладнання > Устаткування для живлення через ethernet;80196;Мережеві адаптери;80111;Мережеве обладнання;1;;13;;;1.29;;;0.9;0.9;1;
50928;Активне мережеве обладнання > Устаткування для живлення через ethernet;80196;Мережеві адаптери;80111;Мережеве обладнання;1;;10;1000;8999;1.25;;;0.9;0.9;1;
50928;Активне мережеве обладнання > Устаткування для живлення через ethernet;80196;Мережеві адаптери;80111;Мережеве обладнання;1;;7;9000;33999;1.21;;;0.9;0.9;1;
50928;Активне мережеве обладнання > Устаткування для живлення через ethernet;80196;Мережеві адаптери;80111;Мережеве обладнання;1;;5;34000;69999;1.18;;;0.9;0.9;1;
50928;Активне мережеве обладнання > Устаткування для живлення через ethernet;80196;Мережеві адаптери;80111;Мережеве обладнання;1;;3;70000;999999999;1.16;;;0.9;0.9;1;
50928;Активне мережеве обладнання > Устаткування для живлення через ethernet;80196;Мережеві адаптери;80111;Мережеве обладнання;1;Starlink;7;;;1.21;;;0.9;0.9;1;
50928;Активне мережеве обладнання > Устаткування для живлення через ethernet;80196;Мережеві адаптери;80111;Мережеве обладнання;1;Starlink;7;1000;8999;1.21;;;0.9;0.9;1;
52806;Системи, що використовують сонячну енергію > Сонячні панелі;4629920;Сонячні панелі;4627949;Смартфони, ТВ і електроніка;gap:4629914;;22;0;1999;1.45;;;0.9;0.9;1;
52806;Системи, що використовують сонячну енергію > Сонячні панелі;4629920;Сонячні панелі;4629914;Альтернативні джерела енергії;1;;10;2000;9999;1.25;;;0.9;0.9;1;
52806;Системи, що використовують сонячну енергію > Сонячні панелі;4629920;Сонячні панелі;4629914;Альтернативні джерела енергії;1;;7;10000;19999;1.21;;;0.9;0.9;1;
52806;Системи, що використовують сонячну енергію > Сонячні панелі;4629920;Сонячні панелі;4629914;Альтернативні джерела енергії;1;;5;20000;99999;1.18;;;0.9;0.9;1;
52806;Системи, що використовують сонячну енергію > Сонячні панелі;4629920;Сонячні панелі;4629914;Альтернативні джерела енергії;1;;3;100000;999999999;1.16;;;0.9;0.9;1;
53004;Електрика > Електричні розетки;4675025;Розетки;2577232;Інструменти й обладнання;3;;18;;;1.38;;;0.9;0.9;1;
53004;Електрика > Електричні розетки;4675025;Розетки;2577232;Інструменти й обладнання;3;;10;5000;9999;1.25;;;0.9;0.9;1;
53004;Електрика > Електричні розетки;4675025;Розетки;2577232;Інструменти й обладнання;3;;7;10000;19999;1.21;;;0.9;0.9;1;
53004;Електрика > Електричні розетки;4675025;Розетки;2577232;Інструменти й обладнання;3;;5;20000;99999;1.18;;;0.9;0.9;1;
53004;Електрика > Електричні розетки;4675025;Розетки;2577232;Інструменти й обладнання;3;;3;100000;999999999;1.16;;;0.9;0.9;1;
53005;Комплектуючі для освітлення та електрики > Вилки електричні;3803610;Силові роз'єми;2577232;Інструменти й обладнання;2;;18;;;1.38;;;0.9;0.9;1;
53005;Комплектуючі для освітлення та електрики > Вилки електричні;3803610;Силові роз'єми;2577232;Інструменти й обладнання;2;;10;5000;9999;1.25;;;0.9;0.9;1;
53005;Комплектуючі для освітлення та електрики > Вилки електричні;3803610;Силові роз'єми;2577232;Інструменти й обладнання;2;;7;10000;19999;1.21;;;0.9;0.9;1;
53005;Комплектуючі для освітлення та електрики > Вилки електричні;3803610;Силові роз'єми;2577232;Інструменти й обладнання;2;;5;20000;99999;1.18;;;0.9;0.9;1;
53005;Комплектуючі для освітлення та електрики > Вилки електричні;3803610;Силові роз'єми;2577232;Інструменти й обладнання;2;;3;100000;999999999;1.16;;;0.9;0.9;1;
63022;Побутова техніка для дому > Пароочисники;80151;Пароочисники;80025;Побутова техніка, інтер'єр;gap:435964;;18;0;5999;1.38;;;0.9;0.9;1;
63022;Побутова техніка для дому > Пароочисники;80151;Пароочисники;435964;Товари для догляду за домом і одягом;1;;7;6000;9999;1.21;;;0.9;0.9;1;
63022;Побутова техніка для дому > Пароочисники;80151;Пароочисники;435964;Товари для догляду за домом і одягом;1;;5;10000;99999;1.18;;;0.9;0.9;1;
63022;Побутова техніка для дому > Пароочисники;80151;Пароочисники;435964;Товари для догляду за домом і одягом;1;;3;100000;999999999;1.16;;;0.9;0.9;1;
63701;Аудіотехніка та аксесуари > Підсилювачі звуку;350560;Стереопідсилювачі;4627893;Спорт і захоплення;gap:267255;;18;0;4999;1.38;;;0.9;0.9;1;
63701;Аудіотехніка та аксесуари > Підсилювачі звуку;350560;Стереопідсилювачі;267255;Музичні інструменти та обладнання;2;;12;5000;9999;1.28;;;0.9;0.9;1;
63701;Аудіотехніка та аксесуари > Підсилювачі звуку;350560;Стереопідсилювачі;267255;Музичні інструменти та обладнання;2;;7;10000;19999;1.21;;;0.9;0.9;1;
63701;Аудіотехніка та аксесуари > Підсилювачі звуку;350560;Стереопідсилювачі;267255;Музичні інструменти та обладнання;2;;5;20000;99999;1.18;;;0.9;0.9;1;
63701;Аудіотехніка та аксесуари > Підсилювачі звуку;350560;Стереопідсилювачі;267255;Музичні інструменти та обладнання;2;;3;100000;999999999;1.16;;;0.9;0.9;1;
63705;Носії інформації > Карти пам'яті;80044;Карти пам'яті;4627949;Смартфони, ТВ і електроніка;gap:80044;;22;0;999;1.45;;;0.9;0.9;1;
63705;Носії інформації > Карти пам'яті;80044;Карти пам'яті;80044;Карти пам'яті;0;;15;1000;2999;1.33;;;0.9;0.9;1;
63705;Носії інформації > Карти пам'яті;80044;Карти пам'яті;80044;Карти пам'яті;0;;10;3000;5999;1.25;;;0.9;0.9;1;
63705;Носії інформації > Карти пам'яті;80044;Карти пам'яті;80044;Карти пам'яті;0;;7;6000;999999999;1.21;;;0.9;0.9;1;
63708;Аксесуари для телевізорів та проекторів > Кріплення та ліфти для побутової, цифрової техніки;80071;Кріплення для ТВ і моніторів;80015;Аксесуари для телевізорів і моніторів;gap:80071;;22;0;1999;1.45;;;0.9;0.9;1;
63708;Аксесуари для телевізорів та проекторів > Кріплення та ліфти для побутової, цифрової техніки;80071;Кріплення для ТВ і моніторів;80071;Кріплення для ТВ і моніторів;0;;15;2000;3999;1.33;;;0.9;0.9;1;
63708;Аксесуари для телевізорів та проекторів > Кріплення та ліфти для побутової, цифрової техніки;80071;Кріплення для ТВ і моніторів;80071;Кріплення для ТВ і моніторів;0;;10;4000;7999;1.25;;;0.9;0.9;1;
63708;Аксесуари для телевізорів та проекторів > Кріплення та ліфти для побутової, цифрової техніки;80071;Кріплення для ТВ і моніторів;80071;Кріплення для ТВ і моніторів;0;;7;8000;19999;1.21;;;0.9;0.9;1;
63708;Аксесуари для телевізорів та проекторів > Кріплення та ліфти для побутової, цифрової техніки;80071;Кріплення для ТВ і моніторів;80071;Кріплення для ТВ і моніторів;0;;5;20000;999999999;1.18;;;0.9;0.9;1;
63719;Аксесуари для телевізорів та проекторів > Кабелі для електроніки;80073;Кабелі та адаптери;80263;Аксесуари до мобільних телефонів і смартфонів;1;;22;;;1.45;;;0.9;0.9;1;
63719;Аксесуари для телевізорів та проекторів > Кабелі для електроніки;80073;Кабелі та адаптери;80263;Аксесуари до мобільних телефонів і смартфонів;1;;20;1000;7999;1.41;;;0.9;0.9;1;
63719;Аксесуари для телевізорів та проекторів > Кабелі для електроніки;80073;Кабелі та адаптери;80263;Аксесуари до мобільних телефонів і смартфонів;1;;17;8000;13999;1.36;;;0.9;0.9;1;
63719;Аксесуари для телевізорів та проекторів > Кабелі для електроніки;80073;Кабелі та адаптери;80263;Аксесуари до мобільних телефонів і смартфонів;1;;15;14000;24999;1.33;;;0.9;0.9;1;
63719;Аксесуари для телевізорів та проекторів > Кабелі для електроніки;80073;Кабелі та адаптери;80263;Аксесуари до мобільних телефонів і смартфонів;1;;13;25000;999999999;1.29;;;0.9;0.9;1;
64404;Запчастини та аксесуари для побутової техніки > Запчастини для пилососів, пароочисників;4626138;Запчастини для пилососів;80025;Побутова техніка, інтер'єр;gap:435964;;18;0;5999;1.38;;;0.9;0.9;1;
64404;Запчастини та аксесуари для побутової техніки > Запчастини для пилососів, пароочисників;4626138;Запчастини для пилососів;435964;Товари для догляду за домом і одягом;2;;7;6000;9999;1.21;;;0.9;0.9;1;
64404;Запчастини та аксесуари для побутової техніки > Запчастини для пилососів, пароочисників;4626138;Запчастини для пилососів;435964;Товари для догляду за домом і одягом;2;;5;10000;99999;1.18;;;0.9;0.9;1;
64404;Запчастини та аксесуари для побутової техніки > Запчастини для пилососів, пароочисників;4626138;Запчастини для пилососів;435964;Товари для догляду за домом і одягом;2;;3;100000;999999999;1.16;;;0.9;0.9;1;
64430;Запчастини для зволожувачів, очищувачів повітря;4676023;Запчастини для зволожувачів повітря;80079;Кліматична техніка;2;;13;;;1.29;;;0.9;0.9;1;
64430;Запчастини для зволожувачів, очищувачів повітря;4676023;Запчастини для зволожувачів повітря;80079;Кліматична техніка;2;;10;6000;999999999;1.25;;;0.9;0.9;1;
70105;Комп'ютерна техніка та ПЗ > Планшети;130309;Планшети;130309;Планшети;0;;13;;;1.29;;;0.9;0.9;1;
70105;Комп'ютерна техніка та ПЗ > Планшети;130309;Планшети;130309;Планшети;0;;7;12000;19999;1.21;;;0.9;0.9;1;
70105;Комп'ютерна техніка та ПЗ > Планшети;130309;Планшети;130309;Планшети;0;;5;20000;39999;1.18;;;0.9;0.9;1;
70105;Комп'ютерна техніка та ПЗ > Планшети;130309;Планшети;130309;Планшети;0;;3;40000;999999999;1.16;;;0.9;0.9;1;
70306;Монтажне обладнання > Монтажні шафи;3803596;Шафи, корпуси, щитки;2577232;Інструменти й обладнання;2;;18;;;1.38;;;0.9;0.9;1;
70306;Монтажне обладнання > Монтажні шафи;3803596;Шафи, корпуси, щитки;2577232;Інструменти й обладнання;2;;10;5000;9999;1.25;;;0.9;0.9;1;
70306;Монтажне обладнання > Монтажні шафи;3803596;Шафи, корпуси, щитки;2577232;Інструменти й обладнання;2;;7;10000;19999;1.21;;;0.9;0.9;1;
70306;Монтажне обладнання > Монтажні шафи;3803596;Шафи, корпуси, щитки;2577232;Інструменти й обладнання;2;;5;20000;99999;1.18;;;0.9;0.9;1;
70306;Монтажне обладнання > Монтажні шафи;3803596;Шафи, корпуси, щитки;2577232;Інструменти й обладнання;2;;3;100000;999999999;1.16;;;0.9;0.9;1;
70308;Серверне обладнання > Аксесуари та комплектуючі для серверного обладнання;4630142;Аксесуари для серверних стійок і шаф;4630100;Серверне обладнання;1;;18;;;1.38;;;0.9;0.9;1;
70308;Серверне обладнання > Аксесуари та комплектуючі для серверного обладнання;4630142;Аксесуари для серверних стійок і шаф;4630100;Серверне обладнання;1;;12;2000;4999;1.28;;;0.9;0.9;1;
70308;Серверне обладнання > Аксесуари та комплектуючі для серверного обладнання;4630142;Аксесуари для серверних стійок і шаф;4630100;Серверне обладнання;1;;10;5000;11999;1.25;;;0.9;0.9;1;
70308;Серверне обладнання > Аксесуари та комплектуючі для серверного обладнання;4630142;Аксесуари для серверних стійок і шаф;4630100;Серверне обладнання;1;;7;12000;19999;1.21;;;0.9;0.9;1;
70308;Серверне обладнання > Аксесуари та комплектуючі для серверного обладнання;4630142;Аксесуари для серверних стійок і шаф;4630100;Серверне обладнання;1;;5;20000;999999999;1.18;;;0.9;0.9;1;
70501;Носії інформації > USB накопичувачі;80045;Флеш пам'ять USB;80256;Аксесуари для електроніки;1;;22;;;1.45;;;0.9;0.9;1;
70704;Комплектуючі для комп'ютерної техніки > Внутрішні та зовнішні жорсткі диски, HDD, SSD;80084;Жорсткі диски та дискові масиви;80026;Комп'ютерні комплектуючі;1;;5;;;1.18;;;0.9;0.9;1;
70807;Серверне обладнання > Мережеві накопичувачі;80199;Мережеві сховища (NAS);80111;Мережеве обладнання;1;;13;;;1.29;;;0.9;0.9;1;
70807;Серверне обладнання > Мережеві накопичувачі;80199;Мережеві сховища (NAS);80111;Мережеве обладнання;1;;10;1000;8999;1.25;;;0.9;0.9;1;
70807;Серверне обладнання > Мережеві накопичувачі;80199;Мережеві сховища (NAS);80111;Мережеве обладнання;1;;7;9000;33999;1.21;;;0.9;0.9;1;
70807;Серверне обладнання > Мережеві накопичувачі;80199;Мережеві сховища (NAS);80111;Мережеве обладнання;1;;5;34000;69999;1.18;;;0.9;0.9;1;
70807;Серверне обладнання > Мережеві накопичувачі;80199;Мережеві сховища (NAS);80111;Мережеве обладнання;1;;3;70000;999999999;1.16;;;0.9;0.9;1;
70807;Серверне обладнання > Мережеві накопичувачі;80199;Мережеві сховища (NAS);80111;Мережеве обладнання;1;Starlink;7;;;1.21;;;0.9;0.9;1;
70807;Серверне обладнання > Мережеві накопичувачі;80199;Мережеві сховища (NAS);80111;Мережеве обладнання;1;Starlink;7;1000;8999;1.21;;;0.9;0.9;1;
71109;Повербанки та зарядні станції > Повербанки;387969;Універсальні мобільні батареї;4627949;Смартфони, ТВ і електроніка;gap:387969;;22;0;2999;1.45;;;0.9;0.9;1;
71109;Повербанки та зарядні станції > Повербанки;387969;Універсальні мобільні батареї;387969;Універсальні мобільні батареї;0;;20;3000;6999;1.41;;;0.9;0.9;1;
71109;Повербанки та зарядні станції > Повербанки;387969;Універсальні мобільні батареї;387969;Універсальні мобільні батареї;0;;17;7000;9999;1.36;;;0.9;0.9;1;
71109;Повербанки та зарядні станції > Повербанки;387969;Універсальні мобільні батареї;387969;Універсальні мобільні батареї;0;;15;10000;14999;1.33;;;0.9;0.9;1;
71109;Повербанки та зарядні станції > Повербанки;387969;Універсальні мобільні батареї;387969;Універсальні мобільні батареї;0;;10;15000;999999999;1.25;;;0.9;0.9;1;
71113;Комп'ютерні аксесуари > Комп'ютерні клавіатури;80171;Клавіатури;80255;Клавіатури та миші;1;;20;;;1.41;;;0.9;0.9;1;
71113;Комп'ютерні аксесуари > Комп'ютерні клавіатури;80171;Клавіатури;80255;Клавіатури та миші;1;;10;3000;9999;1.25;;;0.9;0.9;1;
71113;Комп'ютерні аксесуари > Комп'ютерні клавіатури;80171;Клавіатури;80255;Клавіатури та миші;1;;5;10000;999999999;1.18;;;0.9;0.9;1;
71902;Бездротовий зв'язок > Роутери;80193;Маршрутизатори;80111;Мережеве обладнання;1;;13;;;1.29;;;0.9;0.9;1;
71902;Бездротовий зв'язок > Роутери;80193;Маршрутизатори;80111;Мережеве обладнання;1;;10;1000;8999;1.25;;;0.9;0.9;1;
71902;Бездротовий зв'язок > Роутери;80193;Маршрутизатори;80111;Мережеве обладнання;1;;7;9000;33999;1.21;;;0.9;0.9;1;
71902;Бездротовий зв'язок > Роутери;80193;Маршрутизатори;80111;Мережеве обладнання;1;;5;34000;69999;1.18;;;0.9;0.9;1;
71902;Бездротовий зв'язок > Роутери;80193;Маршрутизатори;80111;Мережеве обладнання;1;;3;70000;999999999;1.16;;;0.9;0.9;1;
71902;Бездротовий зв'язок > Роутери;80193;Маршрутизатори;80111;Мережеве обладнання;1;Starlink;7;;;1.21;;;0.9;0.9;1;
71902;Бездротовий зв'язок > Роутери;80193;Маршрутизатори;80111;Мережеве обладнання;1;Starlink;7;1000;8999;1.21;;;0.9;0.9;1;
71903;Активне мережеве обладнання > Комутатори;80194;Комутатори;80111;Мережеве обладнання;1;;13;;;1.29;;;0.9;0.9;1;
71903;Активне мережеве обладнання > Комутатори;80194;Комутатори;80111;Мережеве обладнання;1;;10;1000;8999;1.25;;;0.9;0.9;1;
71903;Активне мережеве обладнання > Комутатори;80194;Комутатори;80111;Мережеве обладнання;1;;7;9000;33999;1.21;;;0.9;0.9;1;
71903;Активне мережеве обладнання > Комутатори;80194;Комутатори;80111;Мережеве обладнання;1;;5;34000;69999;1.18;;;0.9;0.9;1;
71903;Активне мережеве обладнання > Комутатори;80194;Комутатори;80111;Мережеве обладнання;1;;3;70000;999999999;1.16;;;0.9;0.9;1;
71903;Активне мережеве обладнання > Комутатори;80194;Комутатори;80111;Мережеве обладнання;1;Starlink;7;;;1.21;;;0.9;0.9;1;
71903;Активне мережеве обладнання > Комутатори;80194;Комутатори;80111;Мережеве обладнання;1;Starlink;7;1000;8999;1.21;;;0.9;0.9;1;
100703;Системи, що використовують сонячну енергію > Сонячні контролери;4659072;Контролери заряду сонячних батарей;4627949;Смартфони, ТВ і електроніка;gap:4629914;;22;0;1999;1.45;;;0.9;0.9;1;
100703;Системи, що використовують сонячну енергію > Сонячні контролери;4659072;Контролери заряду сонячних батарей;4629914;Альтернативні джерела енергії;1;;10;2000;9999;1.25;;;0.9;0.9;1;
100703;Системи, що використовують сонячну енергію > Сонячні контролери;4659072;Контролери заряду сонячних батарей;4629914;Альтернативні джерела енергії;1;;7;10000;19999;1.21;;;0.9;0.9;1;
100703;Системи, що використовують сонячну енергію > Сонячні контролери;4659072;Контролери заряду сонячних батарей;4629914;Альтернативні джерела енергії;1;;5;20000;99999;1.18;;;0.9;0.9;1;
100703;Системи, що використовують сонячну енергію > Сонячні контролери;4659072;Контролери заряду сонячних батарей;4629914;Альтернативні джерела енергії;1;;3;100000;999999999;1.16;;;0.9;0.9;1;
101003;Альтернативні джерела енергії > Комплектуючі для альтернативних джерел енергії;4629932;Кріплення і аксесуари;4627949;Смартфони, ТВ і електроніка;gap:4629914;;22;0;1999;1.45;;;0.9;0.9;1;
101003;Альтернативні джерела енергії > Комплектуючі для альтернативних джерел енергії;4629932;Кріплення і аксесуари;4629914;Альтернативні джерела енергії;1;;10;2000;9999;1.25;;;0.9;0.9;1;
101003;Альтернативні джерела енергії > Комплектуючі для альтернативних джерел енергії;4629932;Кріплення і аксесуари;4629914;Альтернативні джерела енергії;1;;7;10000;19999;1.21;;;0.9;0.9;1;
101003;Альтернативні джерела енергії > Комплектуючі для альтернативних джерел енергії;4629932;Кріплення і аксесуари;4629914;Альтернативні джерела енергії;1;;5;20000;99999;1.18;;;0.9;0.9;1;
101003;Альтернативні джерела енергії > Комплектуючі для альтернативних джерел енергії;4629932;Кріплення і аксесуари;4629914;Альтернативні джерела енергії;1;;3;100000;999999999;1.16;;;0.9;0.9;1;
121105;Обладнання для автомийок > Апарати високого тиску;155534;Універсальні мийки;155534;Універсальні мийки;0;;18;;;1.38;;;0.9;0.9;1;
121105;Обладнання для автомийок > Апарати високого тиску;155534;Універсальні мийки;155534;Універсальні мийки;0;;12;8000;11999;1.28;;;0.9;0.9;1;
121105;Обладнання для автомийок > Апарати високого тиску;155534;Універсальні мийки;155534;Універсальні мийки;0;;10;12000;19999;1.25;;;0.9;0.9;1;
121105;Обладнання для автомийок > Апарати високого тиску;155534;Універсальні мийки;155534;Універсальні мийки;0;;5;20000;99999;1.18;;;0.9;0.9;1;
121105;Обладнання для автомийок > Апарати високого тиску;155534;Універсальні мийки;155534;Універсальні мийки;0;;3;100000;999999999;1.16;;;0.9;0.9;1;
121246;Засоби аварійної безпеки > Набори та аксесуари для автомобіліста;4654146;Набори автомобіліста;4627858;Авто і мото товари;gap:1735862;;18;0;1999;1.38;;;0.9;0.9;1;
121246;Засоби аварійної безпеки > Набори та аксесуари для автомобіліста;4654146;Набори автомобіліста;1735862;Техдопомога;1;;12;2000;6999;1.28;;;0.9;0.9;1;
121246;Засоби аварійної безпеки > Набори та аксесуари для автомобіліста;4654146;Набори автомобіліста;1735862;Техдопомога;1;;10;7000;11999;1.25;;;0.9;0.9;1;
121246;Засоби аварійної безпеки > Набори та аксесуари для автомобіліста;4654146;Набори автомобіліста;1735862;Техдопомога;1;;7;12000;999999999;1.21;;;0.9;0.9;1;
132604;Машини та обладнання для бетонних робіт > Бетонозмішувачі;165907;Бетономішалки;2577232;Інструменти й обладнання;2;;18;;;1.38;;;0.9;0.9;1;
132604;Машини та обладнання для бетонних робіт > Бетонозмішувачі;165907;Бетономішалки;2577232;Інструменти й обладнання;2;;10;5000;9999;1.25;;;0.9;0.9;1;
132604;Машини та обладнання для бетонних робіт > Бетонозмішувачі;165907;Бетономішалки;2577232;Інструменти й обладнання;2;;7;10000;19999;1.21;;;0.9;0.9;1;
132604;Машини та обладнання для бетонних робіт > Бетонозмішувачі;165907;Бетономішалки;2577232;Інструменти й обладнання;2;;5;20000;99999;1.18;;;0.9;0.9;1;
132604;Машини та обладнання для бетонних робіт > Бетонозмішувачі;165907;Бетономішалки;2577232;Інструменти й обладнання;2;;3;100000;999999999;1.16;;;0.9;0.9;1;
135605;Ворота, огорожі, шлагбауми та комплектуючі > Шлагбауми;4643840;Шлагбауми;4627851;Товари для бізнесу;2;;18;;;1.38;;;0.9;0.9;1;
135605;Ворота, огорожі, шлагбауми та комплектуючі > Шлагбауми;4643840;Шлагбауми;4627851;Товари для бізнесу;2;;12;4000;7999;1.28;;;0.9;0.9;1;
135605;Ворота, огорожі, шлагбауми та комплектуючі > Шлагбауми;4643840;Шлагбауми;4627851;Товари для бізнесу;2;;7;8000;19999;1.21;;;0.9;0.9;1;
135605;Ворота, огорожі, шлагбауми та комплектуючі > Шлагбауми;4643840;Шлагбауми;4627851;Товари для бізнесу;2;;5;20000;99999;1.18;;;0.9;0.9;1;
135605;Ворота, огорожі, шлагбауми та комплектуючі > Шлагбауми;4643840;Шлагбауми;4627851;Товари для бізнесу;2;;3;100000;999999999;1.16;;;0.9;0.9;1;
141002;Компресори > Компресори поршневі;162118;Повітряні компресори;2577232;Інструменти й обладнання;2;;18;;;1.38;;;0.9;0.9;1;
141002;Компресори > Компресори поршневі;162118;Повітряні компресори;2577232;Інструменти й обладнання;2;;10;5000;9999;1.25;;;0.9;0.9;1;
141002;Компресори > Компресори поршневі;162118;Повітряні компресори;2577232;Інструменти й обладнання;2;;7;10000;19999;1.21;;;0.9;0.9;1;
141002;Компресори > Компресори поршневі;162118;Повітряні компресори;2577232;Інструменти й обладнання;2;;5;20000;99999;1.18;;;0.9;0.9;1;
141002;Компресори > Компресори поршневі;162118;Повітряні компресори;2577232;Інструменти й обладнання;2;;3;100000;999999999;1.16;;;0.9;0.9;1;
141702;Оснащення для інструменту > Викруткові біти;3510520;Біти для шуруповерта;2577232;Інструменти й обладнання;2;;18;;;1.38;;;0.9;0.9;1;
141702;Оснащення для інструменту > Викруткові біти;3510520;Біти для шуруповерта;2577232;Інструменти й обладнання;2;;10;5000;9999;1.25;;;0.9;0.9;1;
141702;Оснащення для інструменту > Викруткові біти;3510520;Біти для шуруповерта;2577232;Інструменти й обладнання;2;;7;10000;19999;1.21;;;0.9;0.9;1;
141702;Оснащення для інструменту > Викруткові біти;3510520;Біти для шуруповерта;2577232;Інструменти й обладнання;2;;5;20000;99999;1.18;;;0.9;0.9;1;
141702;Оснащення для інструменту > Викруткові біти;3510520;Біти для шуруповерта;2577232;Інструменти й обладнання;2;;3;100000;999999999;1.16;;;0.9;0.9;1;
141703;Електроінструмент > Фрезерні машини;154195;Фрезери;4660244;Електроінструмент;1;;15;;;1.33;;;0.9;0.9;1;
141703;Електроінструмент > Фрезерні машини;154195;Фрезери;4660244;Електроінструмент;1;;10;3000;9999;1.25;;;0.9;0.9;1;
141703;Електроінструмент > Фрезерні машини;154195;Фрезери;4660244;Електроінструмент;1;;7;10000;19999;1.21;;;0.9;0.9;1;
141703;Електроінструмент > Фрезерні машини;154195;Фрезери;4660244;Електроінструмент;1;;5;20000;999999999;1.18;;;0.9;0.9;1;
141706;Електроінструмент > Будівельні фени;153965;Будівельні фени;4660244;Електроінструмент;1;;15;;;1.33;;;0.9;0.9;1;
141706;Електроінструмент > Будівельні фени;153965;Будівельні фени;4660244;Електроінструмент;1;;10;3000;9999;1.25;;;0.9;0.9;1;
141706;Електроінструмент > Будівельні фени;153965;Будівельні фени;4660244;Електроінструмент;1;;7;10000;19999;1.21;;;0.9;0.9;1;
141706;Електроінструмент > Будівельні фени;153965;Будівельні фени;4660244;Електроінструмент;1;;5;20000;999999999;1.18;;;0.9;0.9;1;
141711;Електроінструмент > Дрилі, шуруповерти;152496;Дрилі та міксери;4660244;Електроінструмент;1;;15;;;1.33;;;0.9;0.9;1;
141711;Електроінструмент > Дрилі, шуруповерти;152496;Дрилі та міксери;4660244;Електроінструмент;1;;10;3000;9999;1.25;;;0.9;0.9;1;
141711;Електроінструмент > Дрилі, шуруповерти;152496;Дрилі та міксери;4660244;Електроінструмент;1;;7;10000;19999;1.21;;;0.9;0.9;1;
141711;Електроінструмент > Дрилі, шуруповерти;152496;Дрилі та міксери;4660244;Електроінструмент;1;;5;20000;999999999;1.18;;;0.9;0.9;1;
141714;Електроінструмент > Електричні гайковерти;4669237;Гайковерти;4660244;Електроінструмент;1;;15;;;1.33;;;0.9;0.9;1;
141714;Електроінструмент > Електричні гайковерти;4669237;Гайковерти;4660244;Електроінструмент;1;;10;3000;9999;1.25;;;0.9;0.9;1;
141714;Електроінструмент > Електричні гайковерти;4669237;Гайковерти;4660244;Електроінструмент;1;;7;10000;19999;1.21;;;0.9;0.9;1;
141714;Електроінструмент > Електричні гайковерти;4669237;Гайковерти;4660244;Електроінструмент;1;;5;20000;999999999;1.18;;;0.9;0.9;1;
141717;Електроінструмент > Шліфувальні машини;152503;Шліфувальні та полірувальні машини (болгарки);4660244;Електроінструмент;1;;15;;;1.33;;;0.9;0.9;1;
141717;Електроінструмент > Шліфувальні машини;152503;Шліфувальні та полірувальні машини (болгарки);4660244;Електроінструмент;1;;10;3000;9999;1.25;;;0.9;0.9;1;
141717;Електроінструмент > Шліфувальні машини;152503;Шліфувальні та полірувальні машини (болгарки);4660244;Електроінструмент;1;;7;10000;19999;1.21;;;0.9;0.9;1;
141717;Електроінструмент > Шліфувальні машини;152503;Шліфувальні та полірувальні машини (болгарки);4660244;Електроінструмент;1;;5;20000;999999999;1.18;;;0.9;0.9;1;
141718;Електроінструмент > Штроборези;156959;Штроборізи;4660244;Електроінструмент;1;;15;;;1.33;;;0.9;0.9;1;
141718;Електроінструмент > Штроборези;156959;Штроборізи;4660244;Електроінструмент;1;;10;3000;9999;1.25;;;0.9;0.9;1;
141718;Електроінструмент > Штроборези;156959;Штроборізи;4660244;Електроінструмент;1;;7;10000;19999;1.21;;;0.9;0.9;1;
141718;Електроінструмент > Штроборези;156959;Штроборізи;4660244;Електроінструмент;1;;5;20000;999999999;1.18;;;0.9;0.9;1;
141720;Електричні пилки > Електроножовки;4668853;Шабельні пили;4660244;Електроінструмент;1;;15;;;1.33;;;0.9;0.9;1;
141720;Електричні пилки > Електроножовки;4668853;Шабельні пили;4660244;Електроінструмент;1;;10;3000;9999;1.25;;;0.9;0.9;1;
141720;Електричні пилки > Електроножовки;4668853;Шабельні пили;4660244;Електроінструмент;1;;7;10000;19999;1.21;;;0.9;0.9;1;
141720;Електричні пилки > Електроножовки;4668853;Шабельні пили;4660244;Електроінструмент;1;;5;20000;999999999;1.18;;;0.9;0.9;1;
141725;Електроінструмент > Перфоратори;153621;Перфоратори;4660244;Електроінструмент;1;;15;;;1.33;;;0.9;0.9;1;
141725;Електроінструмент > Перфоратори;153621;Перфоратори;4660244;Електроінструмент;1;;10;3000;9999;1.25;;;0.9;0.9;1;
141725;Електроінструмент > Перфоратори;153621;Перфоратори;4660244;Електроінструмент;1;;7;10000;19999;1.21;;;0.9;0.9;1;
141725;Електроінструмент > Перфоратори;153621;Перфоратори;4660244;Електроінструмент;1;;5;20000;999999999;1.18;;;0.9;0.9;1;
141726;Електроінструмент > Клейові електричні пістолети;200468;Клейові пістолети та аксесуари;4660244;Електроінструмент;1;;15;;;1.33;;;0.9;0.9;1;
141726;Електроінструмент > Клейові електричні пістолети;200468;Клейові пістолети та аксесуари;4660244;Електроінструмент;1;;10;3000;9999;1.25;;;0.9;0.9;1;
141726;Електроінструмент > Клейові електричні пістолети;200468;Клейові пістолети та аксесуари;4660244;Електроінструмент;1;;7;10000;19999;1.21;;;0.9;0.9;1;
141726;Електроінструмент > Клейові електричні пістолети;200468;Клейові пістолети та аксесуари;4660244;Електроінструмент;1;;5;20000;999999999;1.18;;;0.9;0.9;1;
141735;Електроінструмент > Багатофункціональні інструменти;174726;Багатофункційні інструменти;4660244;Електроінструмент;1;;15;;;1.33;;;0.9;0.9;1;
141735;Електроінструмент > Багатофункціональні інструменти;174726;Багатофункційні інструменти;4660244;Електроінструмент;1;;10;3000;9999;1.25;;;0.9;0.9;1;
141735;Електроінструмент > Багатофункціональні інструменти;174726;Багатофункційні інструменти;4660244;Електроінструмент;1;;7;10000;19999;1.21;;;0.9;0.9;1;
141735;Електроінструмент > Багатофункціональні інструменти;174726;Багатофункційні інструменти;4660244;Електроінструмент;1;;5;20000;999999999;1.18;;;0.9;0.9;1;
142001;Інструмент > Комплектуючі та запчастини до інструменту;3510485;Патрони та перехідники;2577232;Інструменти й обладнання;2;;18;;;1.38;;;0.9;0.9;1;
142001;Інструмент > Комплектуючі та запчастини до інструменту;3510485;Патрони та перехідники;2577232;Інструменти й обладнання;2;;10;5000;9999;1.25;;;0.9;0.9;1;
142001;Інструмент > Комплектуючі та запчастини до інструменту;3510485;Патрони та перехідники;2577232;Інструменти й обладнання;2;;7;10000;19999;1.21;;;0.9;0.9;1;
142001;Інструмент > Комплектуючі та запчастини до інструменту;3510485;Патрони та перехідники;2577232;Інструменти й обладнання;2;;5;20000;99999;1.18;;;0.9;0.9;1;
142001;Інструмент > Комплектуючі та запчастини до інструменту;3510485;Патрони та перехідники;2577232;Інструменти й обладнання;2;;3;100000;999999999;1.16;;;0.9;0.9;1;
142004;Інструмент > Набори інструментів;298224;Набори інструментів;2577232;Інструменти й обладнання;2;;18;;;1.38;;;0.9;0.9;1;
142004;Інструмент > Набори інструментів;298224;Набори інструментів;2577232;Інструменти й обладнання;2;;10;5000;9999;1.25;;;0.9;0.9;1;
142004;Інструмент > Набори інструментів;298224;Набори інструментів;2577232;Інструменти й обладнання;2;;7;10000;19999;1.21;;;0.9;0.9;1;
142004;Інструмент > Набори інструментів;298224;Набори інструментів;2577232;Інструменти й обладнання;2;;5;20000;99999;1.18;;;0.9;0.9;1;
142004;Інструмент > Набори інструментів;298224;Набори інструментів;2577232;Інструменти й обладнання;2;;3;100000;999999999;1.16;;;0.9;0.9;1;
142007;Інструмент > Скриньки, сумки для інструментів;187716;Скрині та сумки для інструментів;2577232;Інструменти й обладнання;2;;18;;;1.38;;;0.9;0.9;1;
142007;Інструмент > Скриньки, сумки для інструментів;187716;Скрині та сумки для інструментів;2577232;Інструменти й обладнання;2;;10;5000;9999;1.25;;;0.9;0.9;1;
142007;Інструмент > Скриньки, сумки для інструментів;187716;Скрині та сумки для інструментів;2577232;Інструменти й обладнання;2;;7;10000;19999;1.21;;;0.9;0.9;1;
142007;Інструмент > Скриньки, сумки для інструментів;187716;Скрині та сумки для інструментів;2577232;Інструменти й обладнання;2;;5;20000;99999;1.18;;;0.9;0.9;1;
142007;Інструмент > Скриньки, сумки для інструментів;187716;Скрині та сумки для інструментів;2577232;Інструменти й обладнання;2;;3;100000;999999999;1.16;;;0.9;0.9;1;
142614;Допоміжне обладнання > Станини, верстати, робочі столи;4641872;Комбіновані верстати;2577232;Інструменти й обладнання;2;;18;;;1.38;;;0.9;0.9;1;
142614;Допоміжне обладнання > Станини, верстати, робочі столи;4641872;Комбіновані верстати;2577232;Інструменти й обладнання;2;;10;5000;9999;1.25;;;0.9;0.9;1;
142614;Допоміжне обладнання > Станини, верстати, робочі столи;4641872;Комбіновані верстати;2577232;Інструменти й обладнання;2;;7;10000;19999;1.21;;;0.9;0.9;1;
142614;Допоміжне обладнання > Станини, верстати, робочі столи;4641872;Комбіновані верстати;2577232;Інструменти й обладнання;2;;5;20000;99999;1.18;;;0.9;0.9;1;
142614;Допоміжне обладнання > Станини, верстати, робочі столи;4641872;Комбіновані верстати;2577232;Інструменти й обладнання;2;;3;100000;999999999;1.16;;;0.9;0.9;1;
143109;Металообробні верстати > Точильні верстати;154219;Точильні верстати;2577232;Інструменти й обладнання;2;;18;;;1.38;;;0.9;0.9;1;
143109;Металообробні верстати > Точильні верстати;154219;Точильні верстати;2577232;Інструменти й обладнання;2;;10;5000;9999;1.25;;;0.9;0.9;1;
143109;Металообробні верстати > Точильні верстати;154219;Точильні верстати;2577232;Інструменти й обладнання;2;;7;10000;19999;1.21;;;0.9;0.9;1;
143109;Металообробні верстати > Точильні верстати;154219;Точильні верстати;2577232;Інструменти й обладнання;2;;5;20000;99999;1.18;;;0.9;0.9;1;
143109;Металообробні верстати > Точильні верстати;154219;Точильні верстати;2577232;Інструменти й обладнання;2;;3;100000;999999999;1.16;;;0.9;0.9;1;
147002;Промислове прибиральне та очисне обладнання > Промислові пилососи;155307;Промислові пилососи;80025;Побутова техніка, інтер'єр;gap:435964;;18;0;5999;1.38;;;0.9;0.9;1;
147002;Промислове прибиральне та очисне обладнання > Промислові пилососи;155307;Промислові пилососи;435964;Товари для догляду за домом і одягом;2;;7;6000;9999;1.21;;;0.9;0.9;1;
147002;Промислове прибиральне та очисне обладнання > Промислові пилососи;155307;Промислові пилососи;435964;Товари для догляду за домом і одягом;2;;5;10000;99999;1.18;;;0.9;0.9;1;
147002;Промислове прибиральне та очисне обладнання > Промислові пилососи;155307;Промислові пилососи;435964;Товари для догляду за домом і одягом;2;;3;100000;999999999;1.16;;;0.9;0.9;1;
150111;Гігієна та догляд за дітьми > Аксесуари для безпеки дітей;4650838;Дитяча безпека;102573;Дитяча кімната;1;;18;;;1.38;;;0.9;0.9;1;
150111;Гігієна та догляд за дітьми > Аксесуари для безпеки дітей;4650838;Дитяча безпека;102573;Дитяча кімната;1;;12;10000;24999;1.28;;;0.9;0.9;1;
150111;Гігієна та догляд за дітьми > Аксесуари для безпеки дітей;4650838;Дитяча безпека;102573;Дитяча кімната;1;;7;25000;999999999;1.21;;;0.9;0.9;1;
150401;Освітлення, електрика > Вуличне освітлення;4675749;Вуличні ліхтарі;4628418;Сантехніка та ремонт;gap:230134;;18;0;1999;1.38;;;0.9;0.9;1;
150401;Освітлення, електрика > Вуличне освітлення;4675749;Вуличні ліхтарі;230134;Освітлення;2;;15;2000;3999;1.33;;;0.9;0.9;1;
150401;Освітлення, електрика > Вуличне освітлення;4675749;Вуличні ліхтарі;230134;Освітлення;2;;10;4000;9999;1.25;;;0.9;0.9;1;
150401;Освітлення, електрика > Вуличне освітлення;4675749;Вуличні ліхтарі;230134;Освітлення;2;;7;10000;19999;1.21;;;0.9;0.9;1;
150401;Освітлення, електрика > Вуличне освітлення;4675749;Вуличні ліхтарі;230134;Освітлення;2;;5;20000;99999;1.18;;;0.9;0.9;1;
150401;Освітлення, електрика > Вуличне освітлення;4675749;Вуличні ліхтарі;230134;Освітлення;2;;3;100000;999999999;1.16;;;0.9;0.9;1;
150402;Світильники > Лампочки;4675070;Світлодіодні лампи (LED);4628418;Сантехніка та ремонт;gap:230134;;18;0;1999;1.38;;;0.9;0.9;1;
150402;Світильники > Лампочки;4675070;Світлодіодні лампи (LED);230134;Освітлення;2;;15;2000;3999;1.33;;;0.9;0.9;1;
150402;Світильники > Лампочки;4675070;Світлодіодні лампи (LED);230134;Освітлення;2;;10;4000;9999;1.25;;;0.9;0.9;1;
150402;Світильники > Лампочки;4675070;Світлодіодні лампи (LED);230134;Освітлення;2;;7;10000;19999;1.21;;;0.9;0.9;1;
150402;Світильники > Лампочки;4675070;Світлодіодні лампи (LED);230134;Освітлення;2;;5;20000;99999;1.18;;;0.9;0.9;1;
150402;Світильники > Лампочки;4675070;Світлодіодні лампи (LED);230134;Освітлення;2;;3;100000;999999999;1.16;;;0.9;0.9;1;
150410;Туристичні інструменти > Ручні та налобні ліхтарі;85432;Ліхтарі й аксесуари;83916;Аксесуари для активного відпочинку та туризму;1;;22;;;1.45;;;0.9;0.9;1;
150410;Туристичні інструменти > Ручні та налобні ліхтарі;85432;Ліхтарі й аксесуари;83916;Аксесуари для активного відпочинку та туризму;1;;17;1000;2999;1.36;;;0.9;0.9;1;
150410;Туристичні інструменти > Ручні та налобні ліхтарі;85432;Ліхтарі й аксесуари;83916;Аксесуари для активного відпочинку та туризму;1;;12;3000;9999;1.28;;;0.9;0.9;1;
150410;Туристичні інструменти > Ручні та налобні ліхтарі;85432;Ліхтарі й аксесуари;83916;Аксесуари для активного відпочинку та туризму;1;;7;10000;19999;1.21;;;0.9;0.9;1;
150410;Туристичні інструменти > Ручні та налобні ліхтарі;85432;Ліхтарі й аксесуари;83916;Аксесуари для активного відпочинку та туризму;1;;5;20000;999999999;1.18;;;0.9;0.9;1;
151406;Прибирання > Господарські рукавички;4581483;Рукавички господарські;2394287;Товари для дому;gap:3547641;;18;0;999;1.38;;;0.9;0.9;1;
151406;Прибирання > Господарські рукавички;4581483;Рукавички господарські;3547641;Господарський інвентар;2;;15;1000;4999;1.33;;;0.9;0.9;1;
151406;Прибирання > Господарські рукавички;4581483;Рукавички господарські;3547641;Господарський інвентар;2;;10;5000;9999;1.25;;;0.9;0.9;1;
151406;Прибирання > Господарські рукавички;4581483;Рукавички господарські;3547641;Господарський інвентар;2;;7;10000;19999;1.21;;;0.9;0.9;1;
151406;Прибирання > Господарські рукавички;4581483;Рукавички господарські;3547641;Господарський інвентар;2;;5;20000;999999999;1.18;;;0.9;0.9;1;
153502;Система розумний будинок > Аксесуари для домофонного обладнання;260040;Аксесуари до домофонів;4627949;Смартфони, ТВ і електроніка;gap:259632;;22;0;1999;1.45;;;0.9;0.9;1;
153502;Система розумний будинок > Аксесуари для домофонного обладнання;260040;Аксесуари до домофонів;259632;Домофони;1;;15;2000;6999;1.33;;;0.9;0.9;1;
153502;Система розумний будинок > Аксесуари для домофонного обладнання;260040;Аксесуари до домофонів;259632;Домофони;1;;10;7000;13999;1.25;;;0.9;0.9;1;
153502;Система розумний будинок > Аксесуари для домофонного обладнання;260040;Аксесуари до домофонів;259632;Домофони;1;;7;14000;19999;1.21;;;0.9;0.9;1;
153502;Система розумний будинок > Аксесуари для домофонного обладнання;260040;Аксесуари до домофонів;259632;Домофони;1;;5;20000;99999;1.18;;;0.9;0.9;1;
153502;Система розумний будинок > Аксесуари для домофонного обладнання;260040;Аксесуари до домофонів;259632;Домофони;1;;3;100000;999999999;1.16;;;0.9;0.9;1;
153504;Система розумний будинок > Датчики для розумного будинку;235372;Датчики;4627949;Смартфони, ТВ і електроніка;gap:235355;;22;0;1999;1.45;;;0.9;0.9;1;
153504;Система розумний будинок > Датчики для розумного будинку;235372;Датчики;235355;Сигналізація;1;;12;2000;6999;1.28;;;0.9;0.9;1;
153504;Система розумний будинок > Датчики для розумного будинку;235372;Датчики;235355;Сигналізація;1;;10;7000;13999;1.25;;;0.9;0.9;1;
153504;Система розумний будинок > Датчики для розумного будинку;235372;Датчики;235355;Сигналізація;1;;7;14000;19999;1.21;;;0.9;0.9;1;
153504;Система розумний будинок > Датчики для розумного будинку;235372;Датчики;235355;Сигналізація;1;;5;20000;99999;1.18;;;0.9;0.9;1;
153504;Система розумний будинок > Датчики для розумного будинку;235372;Датчики;235355;Сигналізація;1;;3;100000;999999999;1.16;;;0.9;0.9;1;
153709;Прилади вимірювання, регулювання температури > Термометри, пірометри, тепловізори;4672198;Пірометри;2577232;Інструменти й обладнання;2;;18;;;1.38;;;0.9;0.9;1;
153709;Прилади вимірювання, регулювання температури > Термометри, пірометри, тепловізори;4672198;Пірометри;2577232;Інструменти й обладнання;2;;10;5000;9999;1.25;;;0.9;0.9;1;
153709;Прилади вимірювання, регулювання температури > Термометри, пірометри, тепловізори;4672198;Пірометри;2577232;Інструменти й обладнання;2;;7;10000;19999;1.21;;;0.9;0.9;1;
153709;Прилади вимірювання, регулювання температури > Термометри, пірометри, тепловізори;4672198;Пірометри;2577232;Інструменти й обладнання;2;;5;20000;99999;1.18;;;0.9;0.9;1;
153709;Прилади вимірювання, регулювання температури > Термометри, пірометри, тепловізори;4672198;Пірометри;2577232;Інструменти й обладнання;2;;3;100000;999999999;1.16;;;0.9;0.9;1;
153719;Датчики > Датчики якості повітря;235372;Датчики;4627949;Смартфони, ТВ і електроніка;gap:235355;;22;0;1999;1.45;;;0.9;0.9;1;
153719;Датчики > Датчики якості повітря;235372;Датчики;235355;Сигналізація;1;;12;2000;6999;1.28;;;0.9;0.9;1;
153719;Датчики > Датчики якості повітря;235372;Датчики;235355;Сигналізація;1;;10;7000;13999;1.25;;;0.9;0.9;1;
153719;Датчики > Датчики якості повітря;235372;Датчики;235355;Сигналізація;1;;7;14000;19999;1.21;;;0.9;0.9;1;
153719;Датчики > Датчики якості повітря;235372;Датчики;235355;Сигналізація;1;;5;20000;99999;1.18;;;0.9;0.9;1;
153719;Датчики > Датчики якості повітря;235372;Датчики;235355;Сигналізація;1;;3;100000;999999999;1.16;;;0.9;0.9;1;
153729;Оптичні прилади та системи > Тактичні тепловізори;4658432;Тепловізори;4658426;Збройна оптика;1;;18;;;1.38;;;0.9;0.9;1;
153729;Оптичні прилади та системи > Тактичні тепловізори;4658432;Тепловізори;4658426;Збройна оптика;1;;12;2000;9999;1.28;;;0.9;0.9;1;
153729;Оптичні прилади та системи > Тактичні тепловізори;4658432;Тепловізори;4658426;Збройна оптика;1;;7;10000;59999;1.21;;;0.9;0.9;1;
153729;Оптичні прилади та системи > Тактичні тепловізори;4658432;Тепловізори;4658426;Збройна оптика;1;;5;60000;99999;1.18;;;0.9;0.9;1;
153729;Оптичні прилади та системи > Тактичні тепловізори;4658432;Тепловізори;4658426;Збройна оптика;1;;3;100000;999999999;1.16;;;0.9;0.9;1;
180312;Товари для полювання > Фотопастки, камери для полювання;4656216;Фотопастки;84625;Амуніція;2;;17;;;1.36;;;0.9;0.9;1;
180312;Товари для полювання > Фотопастки, камери для полювання;4656216;Фотопастки;84625;Амуніція;2;;12;2000;14999;1.28;;;0.9;0.9;1;
180312;Товари для полювання > Фотопастки, камери для полювання;4656216;Фотопастки;84625;Амуніція;2;;7;15000;49999;1.21;;;0.9;0.9;1;
180312;Товари для полювання > Фотопастки, камери для полювання;4656216;Фотопастки;84625;Амуніція;2;;5;50000;99999;1.18;;;0.9;0.9;1;
180312;Товари для полювання > Фотопастки, камери для полювання;4656216;Фотопастки;84625;Амуніція;2;;3;100000;999999999;1.16;;;0.9;0.9;1;
181010;Туристичні інструменти > Ножі для полювання, риболовлі та туризму;4675097;Туристичні ножі;4627893;Спорт і захоплення;gap:239221;;18;0;2999;1.38;;;0.9;0.9;1;
181010;Туристичні інструменти > Ножі для полювання, риболовлі та туризму;4675097;Туристичні ножі;239221;Мультиінструменти, ножі, точила та аксесуари;1;;12;3000;9999;1.28;;;0.9;0.9;1;
181010;Туристичні інструменти > Ножі для полювання, риболовлі та туризму;4675097;Туристичні ножі;239221;Мультиінструменти, ножі, точила та аксесуари;1;;7;10000;999999999;1.21;;;0.9;0.9;1;
181613;Оптичні прилади та системи > Приціли та мушки;148966;Приціли;4658426;Збройна оптика;1;;18;;;1.38;;;0.9;0.9;1;
181613;Оптичні прилади та системи > Приціли та мушки;148966;Приціли;4658426;Збройна оптика;1;;12;2000;9999;1.28;;;0.9;0.9;1;
181613;Оптичні прилади та системи > Приціли та мушки;148966;Приціли;4658426;Збройна оптика;1;;7;10000;59999;1.21;;;0.9;0.9;1;
181613;Оптичні прилади та системи > Приціли та мушки;148966;Приціли;4658426;Збройна оптика;1;;5;60000;99999;1.18;;;0.9;0.9;1;
181613;Оптичні прилади та системи > Приціли та мушки;148966;Приціли;4658426;Збройна оптика;1;;3;100000;999999999;1.16;;;0.9;0.9;1;
190403;Оптичні прилади та системи > Лазерні дальноміри;4672183;Далекоміри;2577232;Інструменти й обладнання;2;;18;;;1.38;;;0.9;0.9;1;
190403;Оптичні прилади та системи > Лазерні дальноміри;4672183;Далекоміри;2577232;Інструменти й обладнання;2;;10;5000;9999;1.25;;;0.9;0.9;1;
190403;Оптичні прилади та системи > Лазерні дальноміри;4672183;Далекоміри;2577232;Інструменти й обладнання;2;;7;10000;19999;1.21;;;0.9;0.9;1;
190403;Оптичні прилади та системи > Лазерні дальноміри;4672183;Далекоміри;2577232;Інструменти й обладнання;2;;5;20000;99999;1.18;;;0.9;0.9;1;
190403;Оптичні прилади та системи > Лазерні дальноміри;4672183;Далекоміри;2577232;Інструменти й обладнання;2;;3;100000;999999999;1.16;;;0.9;0.9;1;
190407;Оптичні прилади та системи > Комплектуючі для оптичних приладів;283604;Кріплення для прицілів;4658426;Збройна оптика;1;;18;;;1.38;;;0.9;0.9;1;
190407;Оптичні прилади та системи > Комплектуючі для оптичних приладів;283604;Кріплення для прицілів;4658426;Збройна оптика;1;;12;2000;9999;1.28;;;0.9;0.9;1;
190407;Оптичні прилади та системи > Комплектуючі для оптичних приладів;283604;Кріплення для прицілів;4658426;Збройна оптика;1;;7;10000;59999;1.21;;;0.9;0.9;1;
190407;Оптичні прилади та системи > Комплектуючі для оптичних приладів;283604;Кріплення для прицілів;4658426;Збройна оптика;1;;5;60000;99999;1.18;;;0.9;0.9;1;
190407;Оптичні прилади та системи > Комплектуючі для оптичних приладів;283604;Кріплення для прицілів;4658426;Збройна оптика;1;;3;100000;999999999;1.16;;;0.9;0.9;1;
240457;Туристичний посуд > Туристичні фляги;4653010;Фляги;4627893;Спорт і захоплення;gap:4653010;;18;0;3999;1.38;;;0.9;0.9;1;
240457;Туристичний посуд > Туристичні фляги;4653010;Фляги;4653010;Фляги;0;;12;4000;11999;1.28;;;0.9;0.9;1;
240457;Туристичний посуд > Туристичні фляги;4653010;Фляги;4653010;Фляги;0;;7;12000;19999;1.21;;;0.9;0.9;1;
240457;Туристичний посуд > Туристичні фляги;4653010;Фляги;4653010;Фляги;0;;5;20000;999999999;1.18;;;0.9;0.9;1;
270204;Годівля домашніх тварин та птахів > Годівниці, напувалки та миски для домашніх тварин та птахів;2183122;Посуд для тварин;2394287;Товари для дому;gap:3520929;;18;0;2999;1.38;;;0.9;0.9;1;
270204;Годівля домашніх тварин та птахів > Годівниці, напувалки та миски для домашніх тварин та птахів;2183122;Посуд для тварин;3520929;Зоотовари;1;;15;3000;4999;1.33;;;0.9;0.9;1;
270204;Годівля домашніх тварин та птахів > Годівниці, напувалки та миски для домашніх тварин та птахів;2183122;Посуд для тварин;3520929;Зоотовари;1;;10;5000;9999;1.25;;;0.9;0.9;1;
270204;Годівля домашніх тварин та птахів > Годівниці, напувалки та миски для домашніх тварин та птахів;2183122;Посуд для тварин;3520929;Зоотовари;1;;7;10000;19999;1.21;;;0.9;0.9;1;
270204;Годівля домашніх тварин та птахів > Годівниці, напувалки та миски для домашніх тварин та птахів;2183122;Посуд для тварин;3520929;Зоотовари;1;;5;20000;999999999;1.18;;;0.9;0.9;1;
300402;Засоби аварійної безпеки > Проблискові маячки, спецсигнали та сирени;235736;Сирени;4627949;Смартфони, ТВ і електроніка;gap:235355;;22;0;1999;1.45;;;0.9;0.9;1;
300402;Засоби аварійної безпеки > Проблискові маячки, спецсигнали та сирени;235736;Сирени;235355;Сигналізація;1;;12;2000;6999;1.28;;;0.9;0.9;1;
300402;Засоби аварійної безпеки > Проблискові маячки, спецсигнали та сирени;235736;Сирени;235355;Сигналізація;1;;10;7000;13999;1.25;;;0.9;0.9;1;
300402;Засоби аварійної безпеки > Проблискові маячки, спецсигнали та сирени;235736;Сирени;235355;Сигналізація;1;;7;14000;19999;1.21;;;0.9;0.9;1;
300402;Засоби аварійної безпеки > Проблискові маячки, спецсигнали та сирени;235736;Сирени;235355;Сигналізація;1;;5;20000;99999;1.18;;;0.9;0.9;1;
300402;Засоби аварійної безпеки > Проблискові маячки, спецсигнали та сирени;235736;Сирени;235355;Сигналізація;1;;3;100000;999999999;1.16;;;0.9;0.9;1;
300418;Устаткування електронне, прилади захисту та безпеки > Системи захисту від потопу;290824;Системи захисту від протікання та заливання;4627949;Смартфони, ТВ і електроніка;gap:230133;;22;0;1999;1.45;;;0.9;0.9;1;
300418;Устаткування електронне, прилади захисту та безпеки > Системи захисту від потопу;290824;Системи захисту від протікання та заливання;230133;Сучасний дім;2;;12;2000;6999;1.28;;;0.9;0.9;1;
300418;Устаткування електронне, прилади захисту та безпеки > Системи захисту від потопу;290824;Системи захисту від протікання та заливання;230133;Сучасний дім;2;;10;7000;13999;1.25;;;0.9;0.9;1;
300418;Устаткування електронне, прилади захисту та безпеки > Системи захисту від потопу;290824;Системи захисту від протікання та заливання;230133;Сучасний дім;2;;7;14000;19999;1.21;;;0.9;0.9;1;
300418;Устаткування електронне, прилади захисту та безпеки > Системи захисту від потопу;290824;Системи захисту від протікання та заливання;230133;Сучасний дім;2;;5;20000;99999;1.18;;;0.9;0.9;1;
300418;Устаткування електронне, прилади захисту та безпеки > Системи захисту від потопу;290824;Системи захисту від протікання та заливання;230133;Сучасний дім;2;;3;100000;999999999;1.16;;;0.9;0.9;1;
300921;Пожежна автоматика > Пожежні сповіщувачі;235372;Датчики;4627949;Смартфони, ТВ і електроніка;gap:235355;;22;0;1999;1.45;;;0.9;0.9;1;
300921;Пожежна автоматика > Пожежні сповіщувачі;235372;Датчики;235355;Сигналізація;1;;12;2000;6999;1.28;;;0.9;0.9;1;
300921;Пожежна автоматика > Пожежні сповіщувачі;235372;Датчики;235355;Сигналізація;1;;10;7000;13999;1.25;;;0.9;0.9;1;
300921;Пожежна автоматика > Пожежні сповіщувачі;235372;Датчики;235355;Сигналізація;1;;7;14000;19999;1.21;;;0.9;0.9;1;
300921;Пожежна автоматика > Пожежні сповіщувачі;235372;Датчики;235355;Сигналізація;1;;5;20000;99999;1.18;;;0.9;0.9;1;
300921;Пожежна автоматика > Пожежні сповіщувачі;235372;Датчики;235355;Сигналізація;1;;3;100000;999999999;1.16;;;0.9;0.9;1;
300934;Пожежна автоматика > Модулі контролю та управління;235445;Централі;4627949;Смартфони, ТВ і електроніка;gap:235355;;22;0;1999;1.45;;;0.9;0.9;1;
300934;Пожежна автоматика > Модулі контролю та управління;235445;Централі;235355;Сигналізація;1;;12;2000;6999;1.28;;;0.9;0.9;1;
300934;Пожежна автоматика > Модулі контролю та управління;235445;Централі;235355;Сигналізація;1;;10;7000;13999;1.25;;;0.9;0.9;1;
300934;Пожежна автоматика > Модулі контролю та управління;235445;Централі;235355;Сигналізація;1;;7;14000;19999;1.21;;;0.9;0.9;1;
300934;Пожежна автоматика > Модулі контролю та управління;235445;Централі;235355;Сигналізація;1;;5;20000;99999;1.18;;;0.9;0.9;1;
300934;Пожежна автоматика > Модулі контролю та управління;235445;Централі;235355;Сигналізація;1;;3;100000;999999999;1.16;;;0.9;0.9;1;
301010;Замки та засувки > Замки;4625847;Замки;4652828;Комплектуючі для вікон і дверей;1;;17;;;1.36;;;0.9;0.9;1;
301010;Замки та засувки > Замки;4625847;Замки;4652828;Комплектуючі для вікон і дверей;1;;10;2000;9999;1.25;;;0.9;0.9;1;
301010;Замки та засувки > Замки;4625847;Замки;4652828;Комплектуючі для вікон і дверей;1;;7;10000;999999999;1.21;;;0.9;0.9;1;
301101;Система розумний будинок > Стаціонарні відеореєстратори;239397;Реєстратори для відеоспостереження;237067;Відеоспостереження;1;;20;;;1.41;;;0.9;0.9;1;
301101;Система розумний будинок > Стаціонарні відеореєстратори;239397;Реєстратори для відеоспостереження;237067;Відеоспостереження;1;;15;2000;6999;1.33;;;0.9;0.9;1;
301101;Система розумний будинок > Стаціонарні відеореєстратори;239397;Реєстратори для відеоспостереження;237067;Відеоспостереження;1;;10;7000;13999;1.25;;;0.9;0.9;1;
301101;Система розумний будинок > Стаціонарні відеореєстратори;239397;Реєстратори для відеоспостереження;237067;Відеоспостереження;1;;7;14000;19999;1.21;;;0.9;0.9;1;
301101;Система розумний будинок > Стаціонарні відеореєстратори;239397;Реєстратори для відеоспостереження;237067;Відеоспостереження;1;;5;20000;99999;1.18;;;0.9;0.9;1;
301101;Система розумний будинок > Стаціонарні відеореєстратори;239397;Реєстратори для відеоспостереження;237067;Відеоспостереження;1;;3;100000;999999999;1.16;;;0.9;0.9;1;
301105;Технічні засоби відеоспостереження > Камери відеоспостереження;156790;IP-камери;237067;Відеоспостереження;2;;20;;;1.41;;;0.9;0.9;1;
301105;Технічні засоби відеоспостереження > Камери відеоспостереження;156790;IP-камери;237067;Відеоспостереження;2;;15;2000;6999;1.33;;;0.9;0.9;1;
301105;Технічні засоби відеоспостереження > Камери відеоспостереження;156790;IP-камери;237067;Відеоспостереження;2;;10;7000;13999;1.25;;;0.9;0.9;1;
301105;Технічні засоби відеоспостереження > Камери відеоспостереження;156790;IP-камери;237067;Відеоспостереження;2;;7;14000;19999;1.21;;;0.9;0.9;1;
301105;Технічні засоби відеоспостереження > Камери відеоспостереження;156790;IP-камери;237067;Відеоспостереження;2;;5;20000;99999;1.18;;;0.9;0.9;1;
301105;Технічні засоби відеоспостереження > Камери відеоспостереження;156790;IP-камери;237067;Відеоспостереження;2;;3;100000;999999999;1.16;;;0.9;0.9;1;
301105;Технічні засоби відеоспостереження > Камери відеоспостереження;4650531;MHD відеокамери;237067;Відеоспостереження;2;;20;;;1.41;;;0.9;0.9;1;
301105;Технічні засоби відеоспостереження > Камери відеоспостереження;4650531;MHD відеокамери;237067;Відеоспостереження;2;;15;2000;6999;1.33;;;0.9;0.9;1;
301105;Технічні засоби відеоспостереження > Камери відеоспостереження;4650531;MHD відеокамери;237067;Відеоспостереження;2;;10;7000;13999;1.25;;;0.9;0.9;1;
301105;Технічні засоби відеоспостереження > Камери відеоспостереження;4650531;MHD відеокамери;237067;Відеоспостереження;2;;7;14000;19999;1.21;;;0.9;0.9;1;
301105;Технічні засоби відеоспостереження > Камери відеоспостереження;4650531;MHD відеокамери;237067;Відеоспостереження;2;;5;20000;99999;1.18;;;0.9;0.9;1;
301105;Технічні засоби відеоспостереження > Камери відеоспостереження;4650531;MHD відеокамери;237067;Відеоспостереження;2;;3;100000;999999999;1.16;;;0.9;0.9;1;
301105;Технічні засоби відеоспостереження > Камери відеоспостереження;4650513;HDCVI відеокамери;237067;Відеоспостереження;2;;20;;;1.41;;;0.9;0.9;1;
301105;Технічні засоби відеоспостереження > Камери відеоспостереження;4650513;HDCVI відеокамери;237067;Відеоспостереження;2;;15;2000;6999;1.33;;;0.9;0.9;1;
301105;Технічні засоби відеоспостереження > Камери відеоспостереження;4650513;HDCVI відеокамери;237067;Відеоспостереження;2;;10;7000;13999;1.25;;;0.9;0.9;1;
301105;Технічні засоби відеоспостереження > Камери відеоспостереження;4650513;HDCVI відеокамери;237067;Відеоспостереження;2;;7;14000;19999;1.21;;;0.9;0.9;1;
301105;Технічні засоби відеоспостереження > Камери відеоспостереження;4650513;HDCVI відеокамери;237067;Відеоспостереження;2;;5;20000;99999;1.18;;;0.9;0.9;1;
301105;Технічні засоби відеоспостереження > Камери відеоспостереження;4650513;HDCVI відеокамери;237067;Відеоспостереження;2;;3;100000;999999999;1.16;;;0.9;0.9;1;
301105;Технічні засоби відеоспостереження > Камери відеоспостереження;4650525;HDTVI (Turbo HD) відеокамери;237067;Відеоспостереження;2;;20;;;1.41;;;0.9;0.9;1;
301105;Технічні засоби відеоспостереження > Камери відеоспостереження;4650525;HDTVI (Turbo HD) відеокамери;237067;Відеоспостереження;2;;15;2000;6999;1.33;;;0.9;0.9;1;
301105;Технічні засоби відеоспостереження > Камери відеоспостереження;4650525;HDTVI (Turbo HD) відеокамери;237067;Відеоспостереження;2;;10;7000;13999;1.25;;;0.9;0.9;1;
301105;Технічні засоби відеоспостереження > Камери відеоспостереження;4650525;HDTVI (Turbo HD) відеокамери;237067;Відеоспостереження;2;;7;14000;19999;1.21;;;0.9;0.9;1;
301105;Технічні засоби відеоспостереження > Камери відеоспостереження;4650525;HDTVI (Turbo HD) відеокамери;237067;Відеоспостереження;2;;5;20000;99999;1.18;;;0.9;0.9;1;
301105;Технічні засоби відеоспостереження > Камери відеоспостереження;4650525;HDTVI (Turbo HD) відеокамери;237067;Відеоспостереження;2;;3;100000;999999999;1.16;;;0.9;0.9;1;
301106;Технічні засоби відеоспостереження > Об'єктиви для камер відеоспостереження;80060;Об'єктиви;4627949;Смартфони, ТВ і електроніка;gap:4628124;;22;0;2999;1.45;;;0.9;0.9;1;
301106;Технічні засоби відеоспостереження > Об'єктиви для камер відеоспостереження;80060;Об'єктиви;4628124;Фото та відео;1;;15;3000;4999;1.33;;;0.9;0.9;1;
301106;Технічні засоби відеоспостереження > Об'єктиви для камер відеоспостереження;80060;Об'єктиви;4628124;Фото та відео;1;;10;5000;9999;1.25;;;0.9;0.9;1;
301106;Технічні засоби відеоспостереження > Об'єктиви для камер відеоспостереження;80060;Об'єктиви;4628124;Фото та відео;1;;7;10000;19999;1.21;;;0.9;0.9;1;
301106;Технічні засоби відеоспостереження > Об'єктиви для камер відеоспостереження;80060;Об'єктиви;4628124;Фото та відео;1;;5;20000;99999;1.18;;;0.9;0.9;1;
301106;Технічні засоби відеоспостереження > Об'єктиви для камер відеоспостереження;80060;Об'єктиви;4628124;Фото та відео;1;;3;100000;999999999;1.16;;;0.9;0.9;1;
301110;Комплектуючі для систем відеоспостереження > Пульти для систем відеоспостереження;237992;Аксесуари для відеоспостереження;237067;Відеоспостереження;1;;20;;;1.41;;;0.9;0.9;1;
301110;Комплектуючі для систем відеоспостереження > Пульти для систем відеоспостереження;237992;Аксесуари для відеоспостереження;237067;Відеоспостереження;1;;15;2000;6999;1.33;;;0.9;0.9;1;
301110;Комплектуючі для систем відеоспостереження > Пульти для систем відеоспостереження;237992;Аксесуари для відеоспостереження;237067;Відеоспостереження;1;;10;7000;13999;1.25;;;0.9;0.9;1;
301110;Комплектуючі для систем відеоспостереження > Пульти для систем відеоспостереження;237992;Аксесуари для відеоспостереження;237067;Відеоспостереження;1;;7;14000;19999;1.21;;;0.9;0.9;1;
301110;Комплектуючі для систем відеоспостереження > Пульти для систем відеоспостереження;237992;Аксесуари для відеоспостереження;237067;Відеоспостереження;1;;5;20000;99999;1.18;;;0.9;0.9;1;
301110;Комплектуючі для систем відеоспостереження > Пульти для систем відеоспостереження;237992;Аксесуари для відеоспостереження;237067;Відеоспостереження;1;;3;100000;999999999;1.16;;;0.9;0.9;1;
301112;Комплектуючі для систем відеоспостереження > Кожухи та кронштейни;237992;Аксесуари для відеоспостереження;237067;Відеоспостереження;1;;20;;;1.41;;;0.9;0.9;1;
301112;Комплектуючі для систем відеоспостереження > Кожухи та кронштейни;237992;Аксесуари для відеоспостереження;237067;Відеоспостереження;1;;15;2000;6999;1.33;;;0.9;0.9;1;
301112;Комплектуючі для систем відеоспостереження > Кожухи та кронштейни;237992;Аксесуари для відеоспостереження;237067;Відеоспостереження;1;;10;7000;13999;1.25;;;0.9;0.9;1;
301112;Комплектуючі для систем відеоспостереження > Кожухи та кронштейни;237992;Аксесуари для відеоспостереження;237067;Відеоспостереження;1;;7;14000;19999;1.21;;;0.9;0.9;1;
301112;Комплектуючі для систем відеоспостереження > Кожухи та кронштейни;237992;Аксесуари для відеоспостереження;237067;Відеоспостереження;1;;5;20000;99999;1.18;;;0.9;0.9;1;
301112;Комплектуючі для систем відеоспостереження > Кожухи та кронштейни;237992;Аксесуари для відеоспостереження;237067;Відеоспостереження;1;;3;100000;999999999;1.16;;;0.9;0.9;1;
301301;Засоби та системи СКУД > Турнікети;4650483;Турнікети;4627851;Товари для бізнесу;3;;18;;;1.38;;;0.9;0.9;1;
301301;Засоби та системи СКУД > Турнікети;4650483;Турнікети;4627851;Товари для бізнесу;3;;12;4000;7999;1.28;;;0.9;0.9;1;
301301;Засоби та системи СКУД > Турнікети;4650483;Турнікети;4627851;Товари для бізнесу;3;;7;8000;19999;1.21;;;0.9;0.9;1;
301301;Засоби та системи СКУД > Турнікети;4650483;Турнікети;4627851;Товари для бізнесу;3;;5;20000;99999;1.18;;;0.9;0.9;1;
301301;Засоби та системи СКУД > Турнікети;4650483;Турнікети;4627851;Товари для бізнесу;3;;3;100000;999999999;1.16;;;0.9;0.9;1;
301305;Система розумний будинок > Кодонабірні клавіатури;235629;Пристрої керування сигналізацією;4627949;Смартфони, ТВ і електроніка;gap:235355;;22;0;1999;1.45;;;0.9;0.9;1;
301305;Система розумний будинок > Кодонабірні клавіатури;235629;Пристрої керування сигналізацією;235355;Сигналізація;1;;12;2000;6999;1.28;;;0.9;0.9;1;
301305;Система розумний будинок > Кодонабірні клавіатури;235629;Пристрої керування сигналізацією;235355;Сигналізація;1;;10;7000;13999;1.25;;;0.9;0.9;1;
301305;Система розумний будинок > Кодонабірні клавіатури;235629;Пристрої керування сигналізацією;235355;Сигналізація;1;;7;14000;19999;1.21;;;0.9;0.9;1;
301305;Система розумний будинок > Кодонабірні клавіатури;235629;Пристрої керування сигналізацією;235355;Сигналізація;1;;5;20000;99999;1.18;;;0.9;0.9;1;
301305;Система розумний будинок > Кодонабірні клавіатури;235629;Пристрої керування сигналізацією;235355;Сигналізація;1;;3;100000;999999999;1.16;;;0.9;0.9;1;
301310;Засоби та системи СКУД > Ідентифікатори;4650477;Комплектуючі для СККД;4627851;Товари для бізнесу;3;;18;;;1.38;;;0.9;0.9;1;
301310;Засоби та системи СКУД > Ідентифікатори;4650477;Комплектуючі для СККД;4627851;Товари для бізнесу;3;;12;4000;7999;1.28;;;0.9;0.9;1;
301310;Засоби та системи СКУД > Ідентифікатори;4650477;Комплектуючі для СККД;4627851;Товари для бізнесу;3;;7;8000;19999;1.21;;;0.9;0.9;1;
301310;Засоби та системи СКУД > Ідентифікатори;4650477;Комплектуючі для СККД;4627851;Товари для бізнесу;3;;5;20000;99999;1.18;;;0.9;0.9;1;
301310;Засоби та системи СКУД > Ідентифікатори;4650477;Комплектуючі для СККД;4627851;Товари для бізнесу;3;;3;100000;999999999;1.16;;;0.9;0.9;1;
301311;Засоби та системи СКУД > Зчитувачі;4650471;Зчитувачі карт доступу;4627851;Товари для бізнесу;3;;18;;;1.38;;;0.9;0.9;1;
301311;Засоби та системи СКУД > Зчитувачі;4650471;Зчитувачі карт доступу;4627851;Товари для бізнесу;3;;12;4000;7999;1.28;;;0.9;0.9;1;
301311;Засоби та системи СКУД > Зчитувачі;4650471;Зчитувачі карт доступу;4627851;Товари для бізнесу;3;;7;8000;19999;1.21;;;0.9;0.9;1;
301311;Засоби та системи СКУД > Зчитувачі;4650471;Зчитувачі карт доступу;4627851;Товари для бізнесу;3;;5;20000;99999;1.18;;;0.9;0.9;1;
301311;Засоби та системи СКУД > Зчитувачі;4650471;Зчитувачі карт доступу;4627851;Товари для бізнесу;3;;3;100000;999999999;1.16;;;0.9;0.9;1;
301312;Засоби та системи СКУД > Контролери СКУД;4650477;Комплектуючі для СККД;4627851;Товари для бізнесу;3;;18;;;1.38;;;0.9;0.9;1;
301312;Засоби та системи СКУД > Контролери СКУД;4650477;Комплектуючі для СККД;4627851;Товари для бізнесу;3;;12;4000;7999;1.28;;;0.9;0.9;1;
301312;Засоби та системи СКУД > Контролери СКУД;4650477;Комплектуючі для СККД;4627851;Товари для бізнесу;3;;7;8000;19999;1.21;;;0.9;0.9;1;
301312;Засоби та системи СКУД > Контролери СКУД;4650477;Комплектуючі для СККД;4627851;Товари для бізнесу;3;;5;20000;99999;1.18;;;0.9;0.9;1;
301312;Засоби та системи СКУД > Контролери СКУД;4650477;Комплектуючі для СККД;4627851;Товари для бізнесу;3;;3;100000;999999999;1.16;;;0.9;0.9;1;
301501;Засоби організації дорожнього руху > Тимчасові дорожні огородження;4647998;Дорожні огородження;4627851;Товари для бізнесу;3;;18;;;1.38;;;0.9;0.9;1;
301501;Засоби організації дорожнього руху > Тимчасові дорожні огородження;4647998;Дорожні огородження;4627851;Товари для бізнесу;3;;12;4000;7999;1.28;;;0.9;0.9;1;
301501;Засоби організації дорожнього руху > Тимчасові дорожні огородження;4647998;Дорожні огородження;4627851;Товари для бізнесу;3;;7;8000;19999;1.21;;;0.9;0.9;1;
301501;Засоби організації дорожнього руху > Тимчасові дорожні огородження;4647998;Дорожні огородження;4627851;Товари для бізнесу;3;;5;20000;99999;1.18;;;0.9;0.9;1;
301501;Засоби організації дорожнього руху > Тимчасові дорожні огородження;4647998;Дорожні огородження;4627851;Товари для бізнесу;3;;3;100000;999999999;1.16;;;0.9;0.9;1;
301901;Засоби захисту > Засоби захисту органів дихання;2798842;Засоби індивідуального захисту;2577232;Інструменти й обладнання;2;;18;;;1.38;;;0.9;0.9;1;
301901;Засоби захисту > Засоби захисту органів дихання;2798842;Засоби індивідуального захисту;2577232;Інструменти й обладнання;2;;10;5000;9999;1.25;;;0.9;0.9;1;
301901;Засоби захисту > Засоби захисту органів дихання;2798842;Засоби індивідуального захисту;2577232;Інструменти й обладнання;2;;7;10000;19999;1.21;;;0.9;0.9;1;
301901;Засоби захисту > Засоби захисту органів дихання;2798842;Засоби індивідуального захисту;2577232;Інструменти й обладнання;2;;5;20000;99999;1.18;;;0.9;0.9;1;
301901;Засоби захисту > Засоби захисту органів дихання;2798842;Засоби індивідуального захисту;2577232;Інструменти й обладнання;2;;3;100000;999999999;1.16;;;0.9;0.9;1;
301908;Засоби безпеки праці > Засоби захисту очей;2798842;Засоби індивідуального захисту;2577232;Інструменти й обладнання;2;;18;;;1.38;;;0.9;0.9;1;
301908;Засоби безпеки праці > Засоби захисту очей;2798842;Засоби індивідуального захисту;2577232;Інструменти й обладнання;2;;10;5000;9999;1.25;;;0.9;0.9;1;
301908;Засоби безпеки праці > Засоби захисту очей;2798842;Засоби індивідуального захисту;2577232;Інструменти й обладнання;2;;7;10000;19999;1.21;;;0.9;0.9;1;
301908;Засоби безпеки праці > Засоби захисту очей;2798842;Засоби індивідуального захисту;2577232;Інструменти й обладнання;2;;5;20000;99999;1.18;;;0.9;0.9;1;
301908;Засоби безпеки праці > Засоби захисту очей;2798842;Засоби індивідуального захисту;2577232;Інструменти й обладнання;2;;3;100000;999999999;1.16;;;0.9;0.9;1;
301911;Засоби захисту > Будівельні каски;2798842;Засоби індивідуального захисту;2577232;Інструменти й обладнання;2;;18;;;1.38;;;0.9;0.9;1;
301911;Засоби захисту > Будівельні каски;2798842;Засоби індивідуального захисту;2577232;Інструменти й обладнання;2;;10;5000;9999;1.25;;;0.9;0.9;1;
301911;Засоби захисту > Будівельні каски;2798842;Засоби індивідуального захисту;2577232;Інструменти й обладнання;2;;7;10000;19999;1.21;;;0.9;0.9;1;
301911;Засоби захисту > Будівельні каски;2798842;Засоби індивідуального захисту;2577232;Інструменти й обладнання;2;;5;20000;99999;1.18;;;0.9;0.9;1;
301911;Засоби захисту > Будівельні каски;2798842;Засоби індивідуального захисту;2577232;Інструменти й обладнання;2;;3;100000;999999999;1.16;;;0.9;0.9;1;
302302;Системи охорони та оповіщення > Охоронні сповіщувачі;235372;Датчики;4627949;Смартфони, ТВ і електроніка;gap:235355;;22;0;1999;1.45;;;0.9;0.9;1;
302302;Системи охорони та оповіщення > Охоронні сповіщувачі;235372;Датчики;235355;Сигналізація;1;;12;2000;6999;1.28;;;0.9;0.9;1;
302302;Системи охорони та оповіщення > Охоронні сповіщувачі;235372;Датчики;235355;Сигналізація;1;;10;7000;13999;1.25;;;0.9;0.9;1;
302302;Системи охорони та оповіщення > Охоронні сповіщувачі;235372;Датчики;235355;Сигналізація;1;;7;14000;19999;1.21;;;0.9;0.9;1;
302302;Системи охорони та оповіщення > Охоронні сповіщувачі;235372;Датчики;235355;Сигналізація;1;;5;20000;99999;1.18;;;0.9;0.9;1;
302302;Системи охорони та оповіщення > Охоронні сповіщувачі;235372;Датчики;235355;Сигналізація;1;;3;100000;999999999;1.16;;;0.9;0.9;1;
302303;Системи охорони та оповіщення > Прийомно-контрольні прилади та прилади управління;235445;Централі;4627949;Смартфони, ТВ і електроніка;gap:235355;;22;0;1999;1.45;;;0.9;0.9;1;
302303;Системи охорони та оповіщення > Прийомно-контрольні прилади та прилади управління;235445;Централі;235355;Сигналізація;1;;12;2000;6999;1.28;;;0.9;0.9;1;
302303;Системи охорони та оповіщення > Прийомно-контрольні прилади та прилади управління;235445;Централі;235355;Сигналізація;1;;10;7000;13999;1.25;;;0.9;0.9;1;
302303;Системи охорони та оповіщення > Прийомно-контрольні прилади та прилади управління;235445;Централі;235355;Сигналізація;1;;7;14000;19999;1.21;;;0.9;0.9;1;
302303;Системи охорони та оповіщення > Прийомно-контрольні прилади та прилади управління;235445;Централі;235355;Сигналізація;1;;5;20000;99999;1.18;;;0.9;0.9;1;
302303;Системи охорони та оповіщення > Прийомно-контрольні прилади та прилади управління;235445;Централі;235355;Сигналізація;1;;3;100000;999999999;1.16;;;0.9;0.9;1;
302306;Система розумний будинок > Охоронні системи та сигналізації;236220;Комплекти сигналізацій;4627949;Смартфони, ТВ і електроніка;gap:235355;;22;0;1999;1.45;;;0.9;0.9;1;
302306;Система розумний будинок > Охоронні системи та сигналізації;236220;Комплекти сигналізацій;235355;Сигналізація;1;;12;2000;6999;1.28;;;0.9;0.9;1;
302306;Система розумний будинок > Охоронні системи та сигналізації;236220;Комплекти сигналізацій;235355;Сигналізація;1;;10;7000;13999;1.25;;;0.9;0.9;1;
302306;Система розумний будинок > Охоронні системи та сигналізації;236220;Комплекти сигналізацій;235355;Сигналізація;1;;7;14000;19999;1.21;;;0.9;0.9;1;
302306;Система розумний будинок > Охоронні системи та сигналізації;236220;Комплекти сигналізацій;235355;Сигналізація;1;;5;20000;99999;1.18;;;0.9;0.9;1;
302306;Система розумний будинок > Охоронні системи та сигналізації;236220;Комплекти сигналізацій;235355;Сигналізація;1;;3;100000;999999999;1.16;;;0.9;0.9;1;
302307;Системи охорони та оповіщення > Брелоки, пульти для охоронних систем;235629;Пристрої керування сигналізацією;4627949;Смартфони, ТВ і електроніка;gap:235355;;22;0;1999;1.45;;;0.9;0.9;1;
302307;Системи охорони та оповіщення > Брелоки, пульти для охоронних систем;235629;Пристрої керування сигналізацією;235355;Сигналізація;1;;12;2000;6999;1.28;;;0.9;0.9;1;
302307;Системи охорони та оповіщення > Брелоки, пульти для охоронних систем;235629;Пристрої керування сигналізацією;235355;Сигналізація;1;;10;7000;13999;1.25;;;0.9;0.9;1;
302307;Системи охорони та оповіщення > Брелоки, пульти для охоронних систем;235629;Пристрої керування сигналізацією;235355;Сигналізація;1;;7;14000;19999;1.21;;;0.9;0.9;1;
302307;Системи охорони та оповіщення > Брелоки, пульти для охоронних систем;235629;Пристрої керування сигналізацією;235355;Сигналізація;1;;5;20000;99999;1.18;;;0.9;0.9;1;
302307;Системи охорони та оповіщення > Брелоки, пульти для охоронних систем;235629;Пристрої керування сигналізацією;235355;Сигналізація;1;;3;100000;999999999;1.16;;;0.9;0.9;1;
302308;Системи охорони та оповіщення > Тривожні кнопки та кнопки виходу;4650459;Кнопки виходу;4627851;Товари для бізнесу;3;;18;;;1.38;;;0.9;0.9;1;
302308;Системи охорони та оповіщення > Тривожні кнопки та кнопки виходу;4650459;Кнопки виходу;4627851;Товари для бізнесу;3;;12;4000;7999;1.28;;;0.9;0.9;1;
302308;Системи охорони та оповіщення > Тривожні кнопки та кнопки виходу;4650459;Кнопки виходу;4627851;Товари для бізнесу;3;;7;8000;19999;1.21;;;0.9;0.9;1;
302308;Системи охорони та оповіщення > Тривожні кнопки та кнопки виходу;4650459;Кнопки виходу;4627851;Товари для бізнесу;3;;5;20000;99999;1.18;;;0.9;0.9;1;
302308;Системи охорони та оповіщення > Тривожні кнопки та кнопки виходу;4650459;Кнопки виходу;4627851;Товари для бізнесу;3;;3;100000;999999999;1.16;;;0.9;0.9;1;
302309;Системи охорони та оповіщення > Короби та корпуси для охоронних систем;236461;Аксесуари до сигналізацій;4627949;Смартфони, ТВ і електроніка;gap:235355;;22;0;1999;1.45;;;0.9;0.9;1;
302309;Системи охорони та оповіщення > Короби та корпуси для охоронних систем;236461;Аксесуари до сигналізацій;235355;Сигналізація;1;;12;2000;6999;1.28;;;0.9;0.9;1;
302309;Системи охорони та оповіщення > Короби та корпуси для охоронних систем;236461;Аксесуари до сигналізацій;235355;Сигналізація;1;;10;7000;13999;1.25;;;0.9;0.9;1;
302309;Системи охорони та оповіщення > Короби та корпуси для охоронних систем;236461;Аксесуари до сигналізацій;235355;Сигналізація;1;;7;14000;19999;1.21;;;0.9;0.9;1;
302309;Системи охорони та оповіщення > Короби та корпуси для охоронних систем;236461;Аксесуари до сигналізацій;235355;Сигналізація;1;;5;20000;99999;1.18;;;0.9;0.9;1;
302309;Системи охорони та оповіщення > Короби та корпуси для охоронних систем;236461;Аксесуари до сигналізацій;235355;Сигналізація;1;;3;100000;999999999;1.16;;;0.9;0.9;1;
340416;Автомобільна електроніка > Автомобільні відеореєстратори;153617;Відеореєстратори;4627858;Авто і мото товари;gap:280596;;18;0;5999;1.38;;;0.9;0.9;1;
340416;Автомобільна електроніка > Автомобільні відеореєстратори;153617;Відеореєстратори;280596;Автоелектроніка;1;;12;6000;9999;1.28;;;0.9;0.9;1;
340416;Автомобільна електроніка > Автомобільні відеореєстратори;153617;Відеореєстратори;280596;Автоелектроніка;1;;7;10000;19999;1.21;;;0.9;0.9;1;
340416;Автомобільна електроніка > Автомобільні відеореєстратори;153617;Відеореєстратори;280596;Автоелектроніка;1;;5;20000;999999999;1.18;;;0.9;0.9;1;
380650;Спортивні сумки та рюкзаки > Поясні сумки;187716;Скрині та сумки для інструментів;2577232;Інструменти й обладнання;2;;18;;;1.38;;;0.9;0.9;1;
380650;Спортивні сумки та рюкзаки > Поясні сумки;187716;Скрині та сумки для інструментів;2577232;Інструменти й обладнання;2;;10;5000;9999;1.25;;;0.9;0.9;1;
380650;Спортивні сумки та рюкзаки > Поясні сумки;187716;Скрині та сумки для інструментів;2577232;Інструменти й обладнання;2;;7;10000;19999;1.21;;;0.9;0.9;1;
380650;Спортивні сумки та рюкзаки > Поясні сумки;187716;Скрині та сумки для інструментів;2577232;Інструменти й обладнання;2;;5;20000;99999;1.18;;;0.9;0.9;1;
380650;Спортивні сумки та рюкзаки > Поясні сумки;187716;Скрині та сумки для інструментів;2577232;Інструменти й обладнання;2;;3;100000;999999999;1.16;;;0.9;0.9;1;
410201;Батареї та акумулятори > Зарядні пристрої для акумуляторів;83878;Зарядні пристрої для акумуляторних батарей;4627949;Смартфони, ТВ і електроніка;gap:83878;;22;0;999;1.45;;;0.9;0.9;1;
410201;Батареї та акумулятори > Зарядні пристрої для акумуляторів;83878;Зарядні пристрої для акумуляторних батарей;83878;Зарядні пристрої для акумуляторних батарей;0;;15;1000;1999;1.33;;;0.9;0.9;1;
410201;Батареї та акумулятори > Зарядні пристрої для акумуляторів;83878;Зарядні пристрої для акумуляторних батарей;83878;Зарядні пристрої для акумуляторних батарей;0;;10;2000;3499;1.25;;;0.9;0.9;1;
410201;Батареї та акумулятори > Зарядні пристрої для акумуляторів;83878;Зарядні пристрої для акумуляторних батарей;83878;Зарядні пристрої для акумуляторних батарей;0;;7;3500;999999999;1.21;;;0.9;0.9;1;
410612;Електрика > Настінні вимикачі;4675028;Вимикачі та димери;2577232;Інструменти й обладнання;3;;18;;;1.38;;;0.9;0.9;1;
410612;Електрика > Настінні вимикачі;4675028;Вимикачі та димери;2577232;Інструменти й обладнання;3;;10;5000;9999;1.25;;;0.9;0.9;1;
410612;Електрика > Настінні вимикачі;4675028;Вимикачі та димери;2577232;Інструменти й обладнання;3;;7;10000;19999;1.21;;;0.9;0.9;1;
410612;Електрика > Настінні вимикачі;4675028;Вимикачі та димери;2577232;Інструменти й обладнання;3;;5;20000;99999;1.18;;;0.9;0.9;1;
410612;Електрика > Настінні вимикачі;4675028;Вимикачі та димери;2577232;Інструменти й обладнання;3;;3;100000;999999999;1.16;;;0.9;0.9;1;
420504;Метричний кріплення > Гайки;4668793;Гайки;4628418;Сантехніка та ремонт;gap:4639424;;18;0;1999;1.38;;;0.9;0.9;1;
420504;Метричний кріплення > Гайки;4668793;Гайки;4639424;Будівельні матеріали;2;;15;2000;4999;1.33;;;0.9;0.9;1;
420504;Метричний кріплення > Гайки;4668793;Гайки;4639424;Будівельні матеріали;2;;10;5000;9999;1.25;;;0.9;0.9;1;
420504;Метричний кріплення > Гайки;4668793;Гайки;4639424;Будівельні матеріали;2;;7;10000;19999;1.21;;;0.9;0.9;1;
420504;Метричний кріплення > Гайки;4668793;Гайки;4639424;Будівельні матеріали;2;;5;20000;99999;1.18;;;0.9;0.9;1;
420504;Метричний кріплення > Гайки;4668793;Гайки;4639424;Будівельні матеріали;2;;3;100000;999999999;1.16;;;0.9;0.9;1;
500415;Фото-, відеокамери та аксесуари > Запчастини та комплектуючі для квадрокоптерів;1124685;Квадрокоптери;4627893;Спорт і захоплення;gap:81499;;18;0;4999;1.38;;;0.9;0.9;1;
500415;Фото-, відеокамери та аксесуари > Запчастини та комплектуючі для квадрокоптерів;1124685;Квадрокоптери;81499;Радіокеровані моделі;1;;12;5000;19999;1.28;;;0.9;0.9;1;
500415;Фото-, відеокамери та аксесуари > Запчастини та комплектуючі для квадрокоптерів;1124685;Квадрокоптери;81499;Радіокеровані моделі;1;;7;20000;69999;1.21;;;0.9;0.9;1;
500415;Фото-, відеокамери та аксесуари > Запчастини та комплектуючі для квадрокоптерів;1124685;Квадрокоптери;81499;Радіокеровані моделі;1;;5;70000;99999;1.18;;;0.9;0.9;1;
500415;Фото-, відеокамери та аксесуари > Запчастини та комплектуючі для квадрокоптерів;1124685;Квадрокоптери;81499;Радіокеровані моделі;1;;3;100000;999999999;1.16;;;0.9;0.9;1;
500901;Повербанки та зарядні станції > Зарядні станції;4674585;Зарядні станції;4674585;Зарядні станції;0;;10;;;1.25;;;0.9;0.9;1;
500901;Повербанки та зарядні станції > Зарядні станції;4674585;Зарядні станції;4674585;Зарядні станції;0;;7;40000;99999;1.21;;;0.9;0.9;1;
500901;Повербанки та зарядні станції > Зарядні станції;4674585;Зарядні станції;4674585;Зарядні станції;0;;5;100000;999999999;1.18;;;0.9;0.9;1;
1250303;Інструменти для обробки ґрунту > Вила;4672643;Вила;2394297;Дача, сад, город;2;;18;;;1.38;;;0.9;0.9;1;
1250303;Інструменти для обробки ґрунту > Вила;4672643;Вила;2394297;Дача, сад, город;2;;12;5000;9999;1.28;;;0.9;0.9;1;
1250303;Інструменти для обробки ґрунту > Вила;4672643;Вила;2394297;Дача, сад, город;2;;7;10000;19999;1.21;;;0.9;0.9;1;
1250303;Інструменти для обробки ґрунту > Вила;4672643;Вила;2394297;Дача, сад, город;2;;5;20000;99999;1.18;;;0.9;0.9;1;
1250303;Інструменти для обробки ґрунту > Вила;4672643;Вила;2394297;Дача, сад, город;2;;3;100000;999999999;1.16;;;0.9;0.9;1;
1250305;Інструменти для обробки ґрунту > Посадкові совки, вилки;4672703;Садові совки;2394297;Дача, сад, город;2;;18;;;1.38;;;0.9;0.9;1;
1250305;Інструменти для обробки ґрунту > Посадкові совки, вилки;4672703;Садові совки;2394297;Дача, сад, город;2;;12;5000;9999;1.28;;;0.9;0.9;1;
1250305;Інструменти для обробки ґрунту > Посадкові совки, вилки;4672703;Садові совки;2394297;Дача, сад, город;2;;7;10000;19999;1.21;;;0.9;0.9;1;
1250305;Інструменти для обробки ґрунту > Посадкові совки, вилки;4672703;Садові совки;2394297;Дача, сад, город;2;;5;20000;99999;1.18;;;0.9;0.9;1;
1250305;Інструменти для обробки ґрунту > Посадкові совки, вилки;4672703;Садові совки;2394297;Дача, сад, город;2;;3;100000;999999999;1.16;;;0.9;0.9;1;
1250307;Інструменти для обробки ґрунту > Мотики, сапки, сапки;4672658;Сапи;2394297;Дача, сад, город;2;;18;;;1.38;;;0.9;0.9;1;
1250307;Інструменти для обробки ґрунту > Мотики, сапки, сапки;4672658;Сапи;2394297;Дача, сад, город;2;;12;5000;9999;1.28;;;0.9;0.9;1;
1250307;Інструменти для обробки ґрунту > Мотики, сапки, сапки;4672658;Сапи;2394297;Дача, сад, город;2;;7;10000;19999;1.21;;;0.9;0.9;1;
1250307;Інструменти для обробки ґрунту > Мотики, сапки, сапки;4672658;Сапи;2394297;Дача, сад, город;2;;5;20000;99999;1.18;;;0.9;0.9;1;
1250307;Інструменти для обробки ґрунту > Мотики, сапки, сапки;4672658;Сапи;2394297;Дача, сад, город;2;;3;100000;999999999;1.16;;;0.9;0.9;1;
1250309;Садовий інвентар та освітлення > Садові пилососи, повітродувки;156363;Повітродуви;152459;Садова техніка;1;;15;;;1.33;;;0.9;0.9;1;
1250309;Садовий інвентар та освітлення > Садові пилососи, повітродувки;156363;Повітродуви;152459;Садова техніка;1;;10;3000;9999;1.25;;;0.9;0.9;1;
1250309;Садовий інвентар та освітлення > Садові пилососи, повітродувки;156363;Повітродуви;152459;Садова техніка;1;;7;10000;19999;1.21;;;0.9;0.9;1;
1250309;Садовий інвентар та освітлення > Садові пилососи, повітродувки;156363;Повітродуви;152459;Садова техніка;1;;5;20000;999999999;1.18;;;0.9;0.9;1;
1250311;Інструменти для обрізки > Пилки для обрізки гілок;4672683;Пили садові;2394297;Дача, сад, город;2;;18;;;1.38;;;0.9;0.9;1;
1250311;Інструменти для обрізки > Пилки для обрізки гілок;4672683;Пили садові;2394297;Дача, сад, город;2;;12;5000;9999;1.28;;;0.9;0.9;1;
1250311;Інструменти для обрізки > Пилки для обрізки гілок;4672683;Пили садові;2394297;Дача, сад, город;2;;7;10000;19999;1.21;;;0.9;0.9;1;
1250311;Інструменти для обрізки > Пилки для обрізки гілок;4672683;Пили садові;2394297;Дача, сад, город;2;;5;20000;99999;1.18;;;0.9;0.9;1;
1250311;Інструменти для обрізки > Пилки для обрізки гілок;4672683;Пили садові;2394297;Дача, сад, город;2;;3;100000;999999999;1.16;;;0.9;0.9;1;
1250312;Інструменти для обрізки > Садові ножиці, секатори, ножі;4672648;Секатори;2394297;Дача, сад, город;2;;18;;;1.38;;;0.9;0.9;1;
1250312;Інструменти для обрізки > Садові ножиці, секатори, ножі;4672648;Секатори;2394297;Дача, сад, город;2;;12;5000;9999;1.28;;;0.9;0.9;1;
1250312;Інструменти для обрізки > Садові ножиці, секатори, ножі;4672648;Секатори;2394297;Дача, сад, город;2;;7;10000;19999;1.21;;;0.9;0.9;1;
1250312;Інструменти для обрізки > Садові ножиці, секатори, ножі;4672648;Секатори;2394297;Дача, сад, город;2;;5;20000;99999;1.18;;;0.9;0.9;1;
1250312;Інструменти для обрізки > Садові ножиці, секатори, ножі;4672648;Секатори;2394297;Дача, сад, город;2;;3;100000;999999999;1.16;;;0.9;0.9;1;
1250313;Інструменти для обробки ґрунту > Граблі;4672623;Граблі;2394297;Дача, сад, город;2;;18;;;1.38;;;0.9;0.9;1;
1250313;Інструменти для обробки ґрунту > Граблі;4672623;Граблі;2394297;Дача, сад, город;2;;12;5000;9999;1.28;;;0.9;0.9;1;
1250313;Інструменти для обробки ґрунту > Граблі;4672623;Граблі;2394297;Дача, сад, город;2;;7;10000;19999;1.21;;;0.9;0.9;1;
1250313;Інструменти для обробки ґрунту > Граблі;4672623;Граблі;2394297;Дача, сад, город;2;;5;20000;99999;1.18;;;0.9;0.9;1;
1250313;Інструменти для обробки ґрунту > Граблі;4672623;Граблі;2394297;Дача, сад, город;2;;3;100000;999999999;1.16;;;0.9;0.9;1;
3080804;Одяг робочий > Комбінезони та напівкомбінезони робітники;4655571;Робочий спецодяг;2033137;Одяг;2;;23;;;1.47;;;0.9;0.9;1;
3080804;Одяг робочий > Комбінезони та напівкомбінезони робітники;4655571;Робочий спецодяг;2033137;Одяг;2;;15;2000;3999;1.33;;;0.9;0.9;1;
3080804;Одяг робочий > Комбінезони та напівкомбінезони робітники;4655571;Робочий спецодяг;2033137;Одяг;2;;10;4000;9999;1.25;;;0.9;0.9;1;
3080804;Одяг робочий > Комбінезони та напівкомбінезони робітники;4655571;Робочий спецодяг;2033137;Одяг;2;;5;10000;999999999;1.18;;;0.9;0.9;1;
3082002;Тактичний захист та екіпірування > Розвантажувальні жилети та плитоноски без плит;4674292;Розвантажувальні жилети;84625;Амуніція;2;;17;;;1.36;;;0.9;0.9;1;
3082002;Тактичний захист та екіпірування > Розвантажувальні жилети та плитоноски без плит;4674292;Розвантажувальні жилети;84625;Амуніція;2;;12;2000;14999;1.28;;;0.9;0.9;1;
3082002;Тактичний захист та екіпірування > Розвантажувальні жилети та плитоноски без плит;4674292;Розвантажувальні жилети;84625;Амуніція;2;;7;15000;49999;1.21;;;0.9;0.9;1;
3082002;Тактичний захист та екіпірування > Розвантажувальні жилети та плитоноски без плит;4674292;Розвантажувальні жилети;84625;Амуніція;2;;5;50000;99999;1.18;;;0.9;0.9;1;
3082002;Тактичний захист та екіпірування > Розвантажувальні жилети та плитоноски без плит;4674292;Розвантажувальні жилети;84625;Амуніція;2;;3;100000;999999999;1.16;;;0.9;0.9;1;
5090201;Телефони та аксесуари > Стаціонарні телефони;80197;IP-телефонія;80111;Мережеве обладнання;1;;13;;;1.29;;;0.9;0.9;1;
5090201;Телефони та аксесуари > Стаціонарні телефони;80197;IP-телефонія;80111;Мережеве обладнання;1;;10;1000;8999;1.25;;;0.9;0.9;1;
5090201;Телефони та аксесуари > Стаціонарні телефони;80197;IP-телефонія;80111;Мережеве обладнання;1;;7;9000;33999;1.21;;;0.9;0.9;1;
5090201;Телефони та аксесуари > Стаціонарні телефони;80197;IP-телефонія;80111;Мережеве обладнання;1;;5;34000;69999;1.18;;;0.9;0.9;1;
5090201;Телефони та аксесуари > Стаціонарні телефони;80197;IP-телефонія;80111;Мережеве обладнання;1;;3;70000;999999999;1.16;;;0.9;0.9;1;
5090201;Телефони та аксесуари > Стаціонарні телефони;80197;IP-телефонія;80111;Мережеве обладнання;1;Starlink;7;;;1.21;;;0.9;0.9;1;
5090201;Телефони та аксесуари > Стаціонарні телефони;80197;IP-телефонія;80111;Мережеве обладнання;1;Starlink;7;1000;8999;1.21;;;0.9;0.9;1;
5090319;Аксесуари для мобільних телефонів > Зарядні пристрої для смартфонів та планшетів;146341;Зарядні пристрої;80263;Аксесуари до мобільних телефонів і смартфонів;1;;22;;;1.45;;;0.9;0.9;1;
5090319;Аксесуари для мобільних телефонів > Зарядні пристрої для смартфонів та планшетів;146341;Зарядні пристрої;80263;Аксесуари до мобільних телефонів і смартфонів;1;;20;1000;7999;1.41;;;0.9;0.9;1;
5090319;Аксесуари для мобільних телефонів > Зарядні пристрої для смартфонів та планшетів;146341;Зарядні пристрої;80263;Аксесуари до мобільних телефонів і смартфонів;1;;17;8000;13999;1.36;;;0.9;0.9;1;
5090319;Аксесуари для мобільних телефонів > Зарядні пристрої для смартфонів та планшетів;146341;Зарядні пристрої;80263;Аксесуари до мобільних телефонів і смартфонів;1;;15;14000;24999;1.33;;;0.9;0.9;1;
5090319;Аксесуари для мобільних телефонів > Зарядні пристрої для смартфонів та планшетів;146341;Зарядні пристрої;80263;Аксесуари до мобільних телефонів і смартфонів;1;;13;25000;999999999;1.29;;;0.9;0.9;1;
5090503;Бездротовий зв'язок > Підсилювачі антенні;221177;ТВ запчастини та обладнання;80015;Аксесуари для телевізорів і моніторів;gap:221177;;22;0;1499;1.45;;;0.9;0.9;1;
5090503;Бездротовий зв'язок > Підсилювачі антенні;221177;ТВ запчастини та обладнання;221177;ТВ запчастини та обладнання;0;;15;1500;2999;1.33;;;0.9;0.9;1;
5090503;Бездротовий зв'язок > Підсилювачі антенні;221177;ТВ запчастини та обладнання;221177;ТВ запчастини та обладнання;0;;10;3000;999999999;1.25;;;0.9;0.9;1;
5090506;Бездротовий зв'язок > Мости, шлюзи бездротових мереж;80195;Бездротові точки доступу;80111;Мережеве обладнання;1;;13;;;1.29;;;0.9;0.9;1;
5090506;Бездротовий зв'язок > Мости, шлюзи бездротових мереж;80195;Бездротові точки доступу;80111;Мережеве обладнання;1;;10;1000;8999;1.25;;;0.9;0.9;1;
5090506;Бездротовий зв'язок > Мости, шлюзи бездротових мереж;80195;Бездротові точки доступу;80111;Мережеве обладнання;1;;7;9000;33999;1.21;;;0.9;0.9;1;
5090506;Бездротовий зв'язок > Мости, шлюзи бездротових мереж;80195;Бездротові точки доступу;80111;Мережеве обладнання;1;;5;34000;69999;1.18;;;0.9;0.9;1;
5090506;Бездротовий зв'язок > Мости, шлюзи бездротових мереж;80195;Бездротові точки доступу;80111;Мережеве обладнання;1;;3;70000;999999999;1.16;;;0.9;0.9;1;
5090506;Бездротовий зв'язок > Мости, шлюзи бездротових мереж;80195;Бездротові точки доступу;80111;Мережеве обладнання;1;Starlink;7;;;1.21;;;0.9;0.9;1;
5090506;Бездротовий зв'язок > Мости, шлюзи бездротових мереж;80195;Бездротові точки доступу;80111;Мережеве обладнання;1;Starlink;7;1000;8999;1.21;;;0.9;0.9;1;
5090509;Бездротовий зв'язок > Wi-fi адаптери;80196;Мережеві адаптери;80111;Мережеве обладнання;1;;13;;;1.29;;;0.9;0.9;1;
5090509;Бездротовий зв'язок > Wi-fi адаптери;80196;Мережеві адаптери;80111;Мережеве обладнання;1;;10;1000;8999;1.25;;;0.9;0.9;1;
5090509;Бездротовий зв'язок > Wi-fi адаптери;80196;Мережеві адаптери;80111;Мережеве обладнання;1;;7;9000;33999;1.21;;;0.9;0.9;1;
5090509;Бездротовий зв'язок > Wi-fi адаптери;80196;Мережеві адаптери;80111;Мережеве обладнання;1;;5;34000;69999;1.18;;;0.9;0.9;1;
5090509;Бездротовий зв'язок > Wi-fi адаптери;80196;Мережеві адаптери;80111;Мережеве обладнання;1;;3;70000;999999999;1.16;;;0.9;0.9;1;
5090509;Бездротовий зв'язок > Wi-fi адаптери;80196;Мережеві адаптери;80111;Мережеве обладнання;1;Starlink;7;;;1.21;;;0.9;0.9;1;
5090509;Бездротовий зв'язок > Wi-fi адаптери;80196;Мережеві адаптери;80111;Мережеве обладнання;1;Starlink;7;1000;8999;1.21;;;0.9;0.9;1;
5090510;Аксесуари для телевізорів та проекторів > Телевізійні антени;4669399;Антени;80015;Аксесуари для телевізорів і моніторів;1;;22;;;1.45;;;0.9;0.9;1;
5090510;Аксесуари для телевізорів та проекторів > Телевізійні антени;4669399;Антени;80015;Аксесуари для телевізорів і моніторів;1;;15;3000;6999;1.33;;;0.9;0.9;1;
5090510;Аксесуари для телевізорів та проекторів > Телевізійні антени;4669399;Антени;80015;Аксесуари для телевізорів і моніторів;1;;10;7000;9999;1.25;;;0.9;0.9;1;
5090510;Аксесуари для телевізорів та проекторів > Телевізійні антени;4669399;Антени;80015;Аксесуари для телевізорів і моніторів;1;;7;10000;19999;1.21;;;0.9;0.9;1;
5090510;Аксесуари для телевізорів та проекторів > Телевізійні антени;4669399;Антени;80015;Аксесуари для телевізорів і моніторів;1;;5;20000;999999999;1.18;;;0.9;0.9;1;
5092006;Оптоволоконне обладнання > Оптичні конвертери;4653311;Медіаконвертери;80111;Мережеве обладнання;2;;13;;;1.29;;;0.9;0.9;1;
5092006;Оптоволоконне обладнання > Оптичні конвертери;4653311;Медіаконвертери;80111;Мережеве обладнання;2;;10;1000;8999;1.25;;;0.9;0.9;1;
5092006;Оптоволоконне обладнання > Оптичні конвертери;4653311;Медіаконвертери;80111;Мережеве обладнання;2;;7;9000;33999;1.21;;;0.9;0.9;1;
5092006;Оптоволоконне обладнання > Оптичні конвертери;4653311;Медіаконвертери;80111;Мережеве обладнання;2;;5;34000;69999;1.18;;;0.9;0.9;1;
5092006;Оптоволоконне обладнання > Оптичні конвертери;4653311;Медіаконвертери;80111;Мережеве обладнання;2;;3;70000;999999999;1.16;;;0.9;0.9;1;
5092006;Оптоволоконне обладнання > Оптичні конвертери;4653311;Медіаконвертери;80111;Мережеве обладнання;2;Starlink;7;;;1.21;;;0.9;0.9;1;
5092006;Оптоволоконне обладнання > Оптичні конвертери;4653311;Медіаконвертери;80111;Мережеве обладнання;2;Starlink;7;1000;8999;1.21;;;0.9;0.9;1;
5092007;Оптоволоконне обладнання > Модулі GBIC та SFP;4653304;SFP модулі;80111;Мережеве обладнання;2;;13;;;1.29;;;0.9;0.9;1;
5092007;Оптоволоконне обладнання > Модулі GBIC та SFP;4653304;SFP модулі;80111;Мережеве обладнання;2;;10;1000;8999;1.25;;;0.9;0.9;1;
5092007;Оптоволоконне обладнання > Модулі GBIC та SFP;4653304;SFP модулі;80111;Мережеве обладнання;2;;7;9000;33999;1.21;;;0.9;0.9;1;
5092007;Оптоволоконне обладнання > Модулі GBIC та SFP;4653304;SFP модулі;80111;Мережеве обладнання;2;;5;34000;69999;1.18;;;0.9;0.9;1;
5092007;Оптоволоконне обладнання > Модулі GBIC та SFP;4653304;SFP модулі;80111;Мережеве обладнання;2;;3;70000;999999999;1.16;;;0.9;0.9;1;
5092007;Оптоволоконне обладнання > Модулі GBIC та SFP;4653304;SFP модулі;80111;Мережеве обладнання;2;Starlink;7;;;1.21;;;0.9;0.9;1;
5092007;Оптоволоконне обладнання > Модулі GBIC та SFP;4653304;SFP модулі;80111;Мережеве обладнання;2;Starlink;7;1000;8999;1.21;;;0.9;0.9;1;
5092902;Пасивне мережеве обладнання > Патч-панелі;4631586;Патч-панелі;80111;Мережеве обладнання;2;;13;;;1.29;;;0.9;0.9;1;
5092902;Пасивне мережеве обладнання > Патч-панелі;4631586;Патч-панелі;80111;Мережеве обладнання;2;;10;1000;8999;1.25;;;0.9;0.9;1;
5092902;Пасивне мережеве обладнання > Патч-панелі;4631586;Патч-панелі;80111;Мережеве обладнання;2;;7;9000;33999;1.21;;;0.9;0.9;1;
5092902;Пасивне мережеве обладнання > Патч-панелі;4631586;Патч-панелі;80111;Мережеве обладнання;2;;5;34000;69999;1.18;;;0.9;0.9;1;
5092902;Пасивне мережеве обладнання > Патч-панелі;4631586;Патч-панелі;80111;Мережеве обладнання;2;;3;70000;999999999;1.16;;;0.9;0.9;1;
5092902;Пасивне мережеве обладнання > Патч-панелі;4631586;Патч-панелі;80111;Мережеве обладнання;2;Starlink;7;;;1.21;;;0.9;0.9;1;
5092902;Пасивне мережеве обладнання > Патч-панелі;4631586;Патч-панелі;80111;Мережеве обладнання;2;Starlink;7;1000;8999;1.21;;;0.9;0.9;1;
5092904;Пасивне мережеве обладнання > Комунікаційні розетки;4653262;Оптичні розетки та адаптери;80111;Мережеве обладнання;2;;13;;;1.29;;;0.9;0.9;1;
5092904;Пасивне мережеве обладнання > Комунікаційні розетки;4653262;Оптичні розетки та адаптери;80111;Мережеве обладнання;2;;10;1000;8999;1.25;;;0.9;0.9;1;
5092904;Пасивне мережеве обладнання > Комунікаційні розетки;4653262;Оптичні розетки та адаптери;80111;Мережеве обладнання;2;;7;9000;33999;1.21;;;0.9;0.9;1;
5092904;Пасивне мережеве обладнання > Комунікаційні розетки;4653262;Оптичні розетки та адаптери;80111;Мережеве обладнання;2;;5;34000;69999;1.18;;;0.9;0.9;1;
5092904;Пасивне мережеве обладнання > Комунікаційні розетки;4653262;Оптичні розетки та адаптери;80111;Мережеве обладнання;2;;3;70000;999999999;1.16;;;0.9;0.9;1;
5092904;Пасивне мережеве обладнання > Комунікаційні розетки;4653262;Оптичні розетки та адаптери;80111;Мережеве обладнання;2;Starlink;7;;;1.21;;;0.9;0.9;1;
5092904;Пасивне мережеве обладнання > Комунікаційні розетки;4653262;Оптичні розетки та адаптери;80111;Мережеве обладнання;2;Starlink;7;1000;8999;1.21;;;0.9;0.9;1;
5092913;Монтажне обладнання > Кабеленесучі системи;237992;Аксесуари для відеоспостереження;237067;Відеоспостереження;1;;20;;;1.41;;;0.9;0.9;1;
5092913;Монтажне обладнання > Кабеленесучі системи;237992;Аксесуари для відеоспостереження;237067;Відеоспостереження;1;;15;2000;6999;1.33;;;0.9;0.9;1;
5092913;Монтажне обладнання > Кабеленесучі системи;237992;Аксесуари для відеоспостереження;237067;Відеоспостереження;1;;10;7000;13999;1.25;;;0.9;0.9;1;
5092913;Монтажне обладнання > Кабеленесучі системи;237992;Аксесуари для відеоспостереження;237067;Відеоспостереження;1;;7;14000;19999;1.21;;;0.9;0.9;1;
5092913;Монтажне обладнання > Кабеленесучі системи;237992;Аксесуари для відеоспостереження;237067;Відеоспостереження;1;;5;20000;99999;1.18;;;0.9;0.9;1;
5092913;Монтажне обладнання > Кабеленесучі системи;237992;Аксесуари для відеоспостереження;237067;Відеоспостереження;1;;3;100000;999999999;1.16;;;0.9;0.9;1;
5093501;Інструмент для мережевих робіт > Інструмент для закладення кабелю;4660216;Стрипери;2577232;Інструменти й обладнання;2;;18;;;1.38;;;0.9;0.9;1;
5093501;Інструмент для мережевих робіт > Інструмент для закладення кабелю;4660216;Стрипери;2577232;Інструменти й обладнання;2;;10;5000;9999;1.25;;;0.9;0.9;1;
5093501;Інструмент для мережевих робіт > Інструмент для закладення кабелю;4660216;Стрипери;2577232;Інструменти й обладнання;2;;7;10000;19999;1.21;;;0.9;0.9;1;
5093501;Інструмент для мережевих робіт > Інструмент для закладення кабелю;4660216;Стрипери;2577232;Інструменти й обладнання;2;;5;20000;99999;1.18;;;0.9;0.9;1;
5093501;Інструмент для мережевих робіт > Інструмент для закладення кабелю;4660216;Стрипери;2577232;Інструменти й обладнання;2;;3;100000;999999999;1.16;;;0.9;0.9;1;
5140401;Перетворювачі > Інвертори;4625577;Інвертори;2577232;Інструменти й обладнання;2;;18;;;1.38;;;0.9;0.9;1;
5140401;Перетворювачі > Інвертори;4625577;Інвертори;2577232;Інструменти й обладнання;2;;10;5000;9999;1.25;;;0.9;0.9;1;
5140401;Перетворювачі > Інвертори;4625577;Інвертори;2577232;Інструменти й обладнання;2;;7;10000;19999;1.21;;;0.9;0.9;1;
5140401;Перетворювачі > Інвертори;4625577;Інвертори;2577232;Інструменти й обладнання;2;;5;20000;99999;1.18;;;0.9;0.9;1;
5140401;Перетворювачі > Інвертори;4625577;Інвертори;2577232;Інструменти й обладнання;2;;3;100000;999999999;1.16;;;0.9;0.9;1;
5280501;Батареї та акумулятори > Акумулятори загального призначення;1554082;Акумулятори та аксесуари для ДБЖ;1554082;Акумулятори та аксесуари для ДБЖ;0;;10;;;1.25;;;0.9;0.9;1;
5280501;Батареї та акумулятори > Акумулятори загального призначення;1554082;Акумулятори та аксесуари для ДБЖ;1554082;Акумулятори та аксесуари для ДБЖ;0;;7;20000;49999;1.21;;;0.9;0.9;1;
5280501;Батареї та акумулятори > Акумулятори загального призначення;1554082;Акумулятори та аксесуари для ДБЖ;1554082;Акумулятори та аксесуари для ДБЖ;0;;5;50000;999999999;1.18;;;0.9;0.9;1;
6370603;Супутникове, кабельне телебачення > Ресивери цифрового телебачення;165692;ТВ тюнери;80015;Аксесуари для телевізорів і моніторів;gap:165692;;22;0;1499;1.45;;;0.9;0.9;1;
6370603;Супутникове, кабельне телебачення > Ресивери цифрового телебачення;165692;ТВ тюнери;165692;ТВ тюнери;0;;15;1500;4999;1.33;;;0.9;0.9;1;
6370603;Супутникове, кабельне телебачення > Ресивери цифрового телебачення;165692;ТВ тюнери;165692;ТВ тюнери;0;;10;5000;9999;1.25;;;0.9;0.9;1;
6370603;Супутникове, кабельне телебачення > Ресивери цифрового телебачення;165692;ТВ тюнери;165692;ТВ тюнери;0;;7;10000;999999999;1.21;;;0.9;0.9;1;
6370714;TV та відеотехніка > Телевізори;80037;Телевізори;80037;Телевізори;0;;12;;;1.28;;;0.9;0.9;1;
6370714;TV та відеотехніка > Телевізори;80037;Телевізори;80037;Телевізори;0;;7;7000;17999;1.21;;;0.9;0.9;1;
6370714;TV та відеотехніка > Телевізори;80037;Телевізори;80037;Телевізори;0;;5;18000;49999;1.18;;;0.9;0.9;1;
6370714;TV та відеотехніка > Телевізори;80037;Телевізори;80037;Телевізори;0;;3;50000;999999999;1.16;;;0.9;0.9;1;
6370902;TV та відеотехніка > Медіаплеєри;80011;Медіаплеєри;80011;Медіаплеєри;0;;18;;;1.38;;;0.9;0.9;1;
6370902;TV та відеотехніка > Медіаплеєри;80011;Медіаплеєри;80011;Медіаплеєри;0;;12;3000;5999;1.28;;;0.9;0.9;1;
6370902;TV та відеотехніка > Медіаплеєри;80011;Медіаплеєри;80011;Медіаплеєри;0;;7;6000;19999;1.21;;;0.9;0.9;1;
6370902;TV та відеотехніка > Медіаплеєри;80011;Медіаплеєри;80011;Медіаплеєри;0;;5;20000;999999999;1.18;;;0.9;0.9;1;
6371204;Аудіотехніка та аксесуари > Мікрофони;164743;Мікрофони;164743;Мікрофони;0;;22;;;1.45;;;0.9;0.9;1;
6371204;Аудіотехніка та аксесуари > Мікрофони;164743;Мікрофони;164743;Мікрофони;0;;15;3000;6999;1.33;;;0.9;0.9;1;
6371204;Аудіотехніка та аксесуари > Мікрофони;164743;Мікрофони;164743;Мікрофони;0;;10;7000;9999;1.25;;;0.9;0.9;1;
6371204;Аудіотехніка та аксесуари > Мікрофони;164743;Мікрофони;164743;Мікрофони;0;;7;10000;20999;1.21;;;0.9;0.9;1;
6371204;Аудіотехніка та аксесуари > Мікрофони;164743;Мікрофони;164743;Мікрофони;0;;5;21000;99999;1.18;;;0.9;0.9;1;
6371204;Аудіотехніка та аксесуари > Мікрофони;164743;Мікрофони;164743;Мікрофони;0;;3;100000;999999999;1.16;;;0.9;0.9;1;
6371702;Супутникове та кабельне телебачення > Супутникові конвертери;221177;ТВ запчастини та обладнання;80015;Аксесуари для телевізорів і моніторів;gap:221177;;22;0;1499;1.45;;;0.9;0.9;1;
6371702;Супутникове та кабельне телебачення > Супутникові конвертери;221177;ТВ запчастини та обладнання;221177;ТВ запчастини та обладнання;0;;15;1500;2999;1.33;;;0.9;0.9;1;
6371702;Супутникове та кабельне телебачення > Супутникові конвертери;221177;ТВ запчастини та обладнання;221177;ТВ запчастини та обладнання;0;;10;3000;999999999;1.25;;;0.9;0.9;1;
6371703;Супутникове, кабельне телебачення> Дайсеки, підсилювачі, телевізійні розгалужувачі;221177;ТВ запчастини та обладнання;80015;Аксесуари для телевізорів і моніторів;gap:221177;;22;0;1499;1.45;;;0.9;0.9;1;
6371703;Супутникове, кабельне телебачення> Дайсеки, підсилювачі, телевізійні розгалужувачі;221177;ТВ запчастини та обладнання;221177;ТВ запчастини та обладнання;0;;15;1500;2999;1.33;;;0.9;0.9;1;
6371703;Супутникове, кабельне телебачення> Дайсеки, підсилювачі, телевізійні розгалужувачі;221177;ТВ запчастини та обладнання;221177;ТВ запчастини та обладнання;0;;10;3000;999999999;1.25;;;0.9;0.9;1;
6371704;Супутникове та кабельне телебачення > Супутникові антени;4669399;Антени;80015;Аксесуари для телевізорів і моніторів;1;;22;;;1.45;;;0.9;0.9;1;
6371704;Супутникове та кабельне телебачення > Супутникові антени;4669399;Антени;80015;Аксесуари для телевізорів і моніторів;1;;15;3000;6999;1.33;;;0.9;0.9;1;
6371704;Супутникове та кабельне телебачення > Супутникові антени;4669399;Антени;80015;Аксесуари для телевізорів і моніторів;1;;10;7000;9999;1.25;;;0.9;0.9;1;
6371704;Супутникове та кабельне телебачення > Супутникові антени;4669399;Антени;80015;Аксесуари для телевізорів і моніторів;1;;7;10000;19999;1.21;;;0.9;0.9;1;
6371704;Супутникове та кабельне телебачення > Супутникові антени;4669399;Антени;80015;Аксесуари для телевізорів і моніторів;1;;5;20000;999999999;1.18;;;0.9;0.9;1;
6371808;Професійне аудіо-, відео-, фото обладнання > Комутатори сигналу;4631579;Розгалужувачі відеосигналу;237067;Відеоспостереження;2;;20;;;1.41;;;0.9;0.9;1;
6371808;Професійне аудіо-, відео-, фото обладнання > Комутатори сигналу;4631579;Розгалужувачі відеосигналу;237067;Відеоспостереження;2;;15;2000;6999;1.33;;;0.9;0.9;1;
6371808;Професійне аудіо-, відео-, фото обладнання > Комутатори сигналу;4631579;Розгалужувачі відеосигналу;237067;Відеоспостереження;2;;10;7000;13999;1.25;;;0.9;0.9;1;
6371808;Професійне аудіо-, відео-, фото обладнання > Комутатори сигналу;4631579;Розгалужувачі відеосигналу;237067;Відеоспостереження;2;;7;14000;19999;1.21;;;0.9;0.9;1;
6371808;Професійне аудіо-, відео-, фото обладнання > Комутатори сигналу;4631579;Розгалужувачі відеосигналу;237067;Відеоспостереження;2;;5;20000;99999;1.18;;;0.9;0.9;1;
6371808;Професійне аудіо-, відео-, фото обладнання > Комутатори сигналу;4631579;Розгалужувачі відеосигналу;237067;Відеоспостереження;2;;3;100000;999999999;1.16;;;0.9;0.9;1;
6371809;Професійне аудіо-, відео-, фото обладнання > Приймачі та передавачі сигналу;237992;Аксесуари для відеоспостереження;237067;Відеоспостереження;1;;20;;;1.41;;;0.9;0.9;1;
6371809;Професійне аудіо-, відео-, фото обладнання > Приймачі та передавачі сигналу;237992;Аксесуари для відеоспостереження;237067;Відеоспостереження;1;;15;2000;6999;1.33;;;0.9;0.9;1;
6371809;Професійне аудіо-, відео-, фото обладнання > Приймачі та передавачі сигналу;237992;Аксесуари для відеоспостереження;237067;Відеоспостереження;1;;10;7000;13999;1.25;;;0.9;0.9;1;
6371809;Професійне аудіо-, відео-, фото обладнання > Приймачі та передавачі сигналу;237992;Аксесуари для відеоспостереження;237067;Відеоспостереження;1;;7;14000;19999;1.21;;;0.9;0.9;1;
6371809;Професійне аудіо-, відео-, фото обладнання > Приймачі та передавачі сигналу;237992;Аксесуари для відеоспостереження;237067;Відеоспостереження;1;;5;20000;99999;1.18;;;0.9;0.9;1;
6371809;Професійне аудіо-, відео-, фото обладнання > Приймачі та передавачі сигналу;237992;Аксесуари для відеоспостереження;237067;Відеоспостереження;1;;3;100000;999999999;1.16;;;0.9;0.9;1;
6371818;Системи охорони та оповіщення > Гучномовці;4672533;Гучномовці;4671521;Аудіотехніка;2;;17;;;1.36;;;0.9;0.9;1;
6371818;Системи охорони та оповіщення > Гучномовці;4672533;Гучномовці;4671521;Аудіотехніка;2;;15;5000;14999;1.33;;;0.9;0.9;1;
6371818;Системи охорони та оповіщення > Гучномовці;4672533;Гучномовці;4671521;Аудіотехніка;2;;10;15000;39999;1.25;;;0.9;0.9;1;
6371818;Системи охорони та оповіщення > Гучномовці;4672533;Гучномовці;4671521;Аудіотехніка;2;;7;40000;74999;1.21;;;0.9;0.9;1;
6371818;Системи охорони та оповіщення > Гучномовці;4672533;Гучномовці;4671521;Аудіотехніка;2;;5;75000;89999;1.18;;;0.9;0.9;1;
6371818;Системи охорони та оповіщення > Гучномовці;4672533;Гучномовці;4671521;Аудіотехніка;2;;3;90000;999999999;1.16;;;0.9;0.9;1;
6371818;Системи охорони та оповіщення > Гучномовці;4672533;Гучномовці;4671521;Аудіотехніка;2;Logitech;10;;;1.25;;;0.9;0.9;1;
6371818;Системи охорони та оповіщення > Гучномовці;4672533;Гучномовці;4671521;Аудіотехніка;2;Sharp;10;;;1.25;;;0.9;0.9;1;
6371818;Системи охорони та оповіщення > Гучномовці;4672533;Гучномовці;4671521;Аудіотехніка;2;JBL;10;;;1.25;;;0.9;0.9;1;
6371818;Системи охорони та оповіщення > Гучномовці;4672533;Гучномовці;4671521;Аудіотехніка;2;Harman/Kardon;10;;;1.25;;;0.9;0.9;1;
6371818;Системи охорони та оповіщення > Гучномовці;4672533;Гучномовці;4671521;Аудіотехніка;2;Yamaha;10;;;1.25;;;0.9;0.9;1;
6371818;Системи охорони та оповіщення > Гучномовці;4672533;Гучномовці;4671521;Аудіотехніка;2;Divoom;10;;;1.25;;;0.9;0.9;1;
6371818;Системи охорони та оповіщення > Гучномовці;4672533;Гучномовці;4671521;Аудіотехніка;2;Blaupunkt;10;;;1.25;;;0.9;0.9;1;
6371818;Системи охорони та оповіщення > Гучномовці;4672533;Гучномовці;4671521;Аудіотехніка;2;Bang & Olufsen;10;;;1.25;;;0.9;0.9;1;
6371818;Системи охорони та оповіщення > Гучномовці;4672533;Гучномовці;4671521;Аудіотехніка;2;Jarre;10;;;1.25;;;0.9;0.9;1;
6371818;Системи охорони та оповіщення > Гучномовці;4672533;Гучномовці;4671521;Аудіотехніка;2;DreamWave;10;;;1.25;;;0.9;0.9;1;
6371818;Системи охорони та оповіщення > Гучномовці;4672533;Гучномовці;4671521;Аудіотехніка;2;Jarre;10;5000;14999;1.25;;;0.9;0.9;1;
6371818;Системи охорони та оповіщення > Гучномовці;4672533;Гучномовці;4671521;Аудіотехніка;2;Sharp;10;5000;14999;1.25;;;0.9;0.9;1;
6371818;Системи охорони та оповіщення > Гучномовці;4672533;Гучномовці;4671521;Аудіотехніка;2;JBL;10;5000;14999;1.25;;;0.9;0.9;1;
6371818;Системи охорони та оповіщення > Гучномовці;4672533;Гучномовці;4671521;Аудіотехніка;2;Harman/Kardon;10;5000;14999;1.25;;;0.9;0.9;1;
6371818;Системи охорони та оповіщення > Гучномовці;4672533;Гучномовці;4671521;Аудіотехніка;2;Yamaha;10;5000;14999;1.25;;;0.9;0.9;1;
6371818;Системи охорони та оповіщення > Гучномовці;4672533;Гучномовці;4671521;Аудіотехніка;2;Logitech;10;5000;14999;1.25;;;0.9;0.9;1;
6371818;Системи охорони та оповіщення > Гучномовці;4672533;Гучномовці;4671521;Аудіотехніка;2;Blaupunkt;10;5000;14999;1.25;;;0.9;0.9;1;
6371818;Системи охорони та оповіщення > Гучномовці;4672533;Гучномовці;4671521;Аудіотехніка;2;Bang & Olufsen;10;5000;14999;1.25;;;0.9;0.9;1;
6371818;Системи охорони та оповіщення > Гучномовці;4672533;Гучномовці;4671521;Аудіотехніка;2;DreamWave;10;5000;14999;1.25;;;0.9;0.9;1;
6371818;Системи охорони та оповіщення > Гучномовці;4672533;Гучномовці;4671521;Аудіотехніка;2;Divoom;10;5000;14999;1.25;;;0.9;0.9;1;
7081201;Інструменти для обробки ґрунту > Ручні культиватори, плуги;4672628;Ручні культиватори;2394297;Дача, сад, город;2;;18;;;1.38;;;0.9;0.9;1;
7081201;Інструменти для обробки ґрунту > Ручні культиватори, плуги;4672628;Ручні культиватори;2394297;Дача, сад, город;2;;12;5000;9999;1.28;;;0.9;0.9;1;
7081201;Інструменти для обробки ґрунту > Ручні культиватори, плуги;4672628;Ручні культиватори;2394297;Дача, сад, город;2;;7;10000;19999;1.21;;;0.9;0.9;1;
7081201;Інструменти для обробки ґрунту > Ручні культиватори, плуги;4672628;Ручні культиватори;2394297;Дача, сад, город;2;;5;20000;99999;1.18;;;0.9;0.9;1;
7081201;Інструменти для обробки ґрунту > Ручні культиватори, плуги;4672628;Ручні культиватори;2394297;Дача, сад, город;2;;3;100000;999999999;1.16;;;0.9;0.9;1;
7190601;Пасивне мережеве обладнання > Мережні конектори, модулі та роз'єми;4631537;Конектори;80111;Мережеве обладнання;2;;13;;;1.29;;;0.9;0.9;1;
7190601;Пасивне мережеве обладнання > Мережні конектори, модулі та роз'єми;4631537;Конектори;80111;Мережеве обладнання;2;;10;1000;8999;1.25;;;0.9;0.9;1;
7190601;Пасивне мережеве обладнання > Мережні конектори, модулі та роз'єми;4631537;Конектори;80111;Мережеве обладнання;2;;7;9000;33999;1.21;;;0.9;0.9;1;
7190601;Пасивне мережеве обладнання > Мережні конектори, модулі та роз'єми;4631537;Конектори;80111;Мережеве обладнання;2;;5;34000;69999;1.18;;;0.9;0.9;1;
7190601;Пасивне мережеве обладнання > Мережні конектори, модулі та роз'єми;4631537;Конектори;80111;Мережеве обладнання;2;;3;70000;999999999;1.16;;;0.9;0.9;1;
7190601;Пасивне мережеве обладнання > Мережні конектори, модулі та роз'єми;4631537;Конектори;80111;Мережеве обладнання;2;Starlink;7;;;1.21;;;0.9;0.9;1;
7190601;Пасивне мережеве обладнання > Мережні конектори, модулі та роз'єми;4631537;Конектори;80111;Мережеве обладнання;2;Starlink;7;1000;8999;1.21;;;0.9;0.9;1;
7190603;Пасивне мережеве обладнання > HUB'и, мости, репітери;4655763;Ретранслятори Wi-Fi;80111;Мережеве обладнання;1;;13;;;1.29;;;0.9;0.9;1;
7190603;Пасивне мережеве обладнання > HUB'и, мости, репітери;4655763;Ретранслятори Wi-Fi;80111;Мережеве обладнання;1;;10;1000;8999;1.25;;;0.9;0.9;1;
7190603;Пасивне мережеве обладнання > HUB'и, мости, репітери;4655763;Ретранслятори Wi-Fi;80111;Мережеве обладнання;1;;7;9000;33999;1.21;;;0.9;0.9;1;
7190603;Пасивне мережеве обладнання > HUB'и, мости, репітери;4655763;Ретранслятори Wi-Fi;80111;Мережеве обладнання;1;;5;34000;69999;1.18;;;0.9;0.9;1;
7190603;Пасивне мережеве обладнання > HUB'и, мости, репітери;4655763;Ретранслятори Wi-Fi;80111;Мережеве обладнання;1;;3;70000;999999999;1.16;;;0.9;0.9;1;
7190603;Пасивне мережеве обладнання > HUB'и, мости, репітери;4655763;Ретранслятори Wi-Fi;80111;Мережеве обладнання;1;Starlink;7;;;1.21;;;0.9;0.9;1;
7190603;Пасивне мережеве обладнання > HUB'и, мости, репітери;4655763;Ретранслятори Wi-Fi;80111;Мережеве обладнання;1;Starlink;7;1000;8999;1.21;;;0.9;0.9;1;
7190604;Пасивне мережеве обладнання > Патч-корди;4631572;Патч-корди;80111;Мережеве обладнання;2;;13;;;1.29;;;0.9;0.9;1;
7190604;Пасивне мережеве обладнання > Патч-корди;4631572;Патч-корди;80111;Мережеве обладнання;2;;10;1000;8999;1.25;;;0.9;0.9;1;
7190604;Пасивне мережеве обладнання > Патч-корди;4631572;Патч-корди;80111;Мережеве обладнання;2;;7;9000;33999;1.21;;;0.9;0.9;1;
7190604;Пасивне мережеве обладнання > Патч-корди;4631572;Патч-корди;80111;Мережеве обладнання;2;;5;34000;69999;1.18;;;0.9;0.9;1;
7190604;Пасивне мережеве обладнання > Патч-корди;4631572;Патч-корди;80111;Мережеве обладнання;2;;3;70000;999999999;1.16;;;0.9;0.9;1;
7190604;Пасивне мережеве обладнання > Патч-корди;4631572;Патч-корди;80111;Мережеве обладнання;2;Starlink;7;;;1.21;;;0.9;0.9;1;
7190604;Пасивне мережеве обладнання > Патч-корди;4631572;Патч-корди;80111;Мережеве обладнання;2;Starlink;7;1000;8999;1.21;;;0.9;0.9;1;
7190605;Провід, кабель, системи з'єднання > Кабель для систем зв'язку;3803617;Кабельно-провідникова продукція;3803617;Кабельно-провідникова продукція;0;;10;;;1.25;;;0.9;0.9;1;
8210510;Догляд за побутовою технікою > Засоби для очищення побутової техніки;4625098;Засоби для догляду за побутовою технікою;2394287;Товари для дому;gap:4429255;;18;0;999;1.38;;;0.9;0.9;1;
8210510;Догляд за побутовою технікою > Засоби для очищення побутової техніки;4625098;Засоби для догляду за побутовою технікою;4429255;Побутова хімія;2;;15;1000;3999;1.33;;;0.9;0.9;1;
8210510;Догляд за побутовою технікою > Засоби для очищення побутової техніки;4625098;Засоби для догляду за побутовою технікою;4429255;Побутова хімія;2;;10;4000;9999;1.25;;;0.9;0.9;1;
8210510;Догляд за побутовою технікою > Засоби для очищення побутової техніки;4625098;Засоби для догляду за побутовою технікою;4429255;Побутова хімія;2;;7;10000;999999999;1.21;;;0.9;0.9;1;
12110205;Автоінструмент > Автомобільні насоси, компресори та манометри;278510;Автокомпресори;4627858;Авто і мото товари;gap:1735862;;18;0;1999;1.38;;;0.9;0.9;1;
12110205;Автоінструмент > Автомобільні насоси, компресори та манометри;278510;Автокомпресори;1735862;Техдопомога;1;;12;2000;6999;1.28;;;0.9;0.9;1;
12110205;Автоінструмент > Автомобільні насоси, компресори та манометри;278510;Автокомпресори;1735862;Техдопомога;1;;10;7000;11999;1.25;;;0.9;0.9;1;
12110205;Автоінструмент > Автомобільні насоси, компресори та манометри;278510;Автокомпресори;1735862;Техдопомога;1;;7;12000;999999999;1.21;;;0.9;0.9;1;
13040909;Геодезичне обладнання > Нівелірні рейки та віхи;4672253;Штативи і рейки;2577232;Інструменти й обладнання;2;;18;;;1.38;;;0.9;0.9;1;
13040909;Геодезичне обладнання > Нівелірні рейки та віхи;4672253;Штативи і рейки;2577232;Інструменти й обладнання;2;;10;5000;9999;1.25;;;0.9;0.9;1;
13040909;Геодезичне обладнання > Нівелірні рейки та віхи;4672253;Штативи і рейки;2577232;Інструменти й обладнання;2;;7;10000;19999;1.21;;;0.9;0.9;1;
13040909;Геодезичне обладнання > Нівелірні рейки та віхи;4672253;Штативи і рейки;2577232;Інструменти й обладнання;2;;5;20000;99999;1.18;;;0.9;0.9;1;
13040909;Геодезичне обладнання > Нівелірні рейки та віхи;4672253;Штативи і рейки;2577232;Інструменти й обладнання;2;;3;100000;999999999;1.16;;;0.9;0.9;1;
13070701;Ліси та інші конструкції для ремонтно-будівельних робіт > Драбини;157092;Драбини, підмостки;2577232;Інструменти й обладнання;2;;18;;;1.38;;;0.9;0.9;1;
13070701;Ліси та інші конструкції для ремонтно-будівельних робіт > Драбини;157092;Драбини, підмостки;2577232;Інструменти й обладнання;2;;10;5000;9999;1.25;;;0.9;0.9;1;
13070701;Ліси та інші конструкції для ремонтно-будівельних робіт > Драбини;157092;Драбини, підмостки;2577232;Інструменти й обладнання;2;;7;10000;19999;1.21;;;0.9;0.9;1;
13070701;Ліси та інші конструкції для ремонтно-будівельних робіт > Драбини;157092;Драбини, підмостки;2577232;Інструменти й обладнання;2;;5;20000;99999;1.18;;;0.9;0.9;1;
13070701;Ліси та інші конструкції для ремонтно-будівельних робіт > Драбини;157092;Драбини, підмостки;2577232;Інструменти й обладнання;2;;3;100000;999999999;1.16;;;0.9;0.9;1;
13070703;Ліси та інші конструкції для ремонтно-будівельних робіт > Будівельні та садові сходи;157092;Драбини, підмостки;2577232;Інструменти й обладнання;2;;18;;;1.38;;;0.9;0.9;1;
13070703;Ліси та інші конструкції для ремонтно-будівельних робіт > Будівельні та садові сходи;157092;Драбини, підмостки;2577232;Інструменти й обладнання;2;;10;5000;9999;1.25;;;0.9;0.9;1;
13070703;Ліси та інші конструкції для ремонтно-будівельних робіт > Будівельні та садові сходи;157092;Драбини, підмостки;2577232;Інструменти й обладнання;2;;7;10000;19999;1.21;;;0.9;0.9;1;
13070703;Ліси та інші конструкції для ремонтно-будівельних робіт > Будівельні та садові сходи;157092;Драбини, підмостки;2577232;Інструменти й обладнання;2;;5;20000;99999;1.18;;;0.9;0.9;1;
13070703;Ліси та інші конструкції для ремонтно-будівельних робіт > Будівельні та садові сходи;157092;Драбини, підмостки;2577232;Інструменти й обладнання;2;;3;100000;999999999;1.16;;;0.9;0.9;1;
13240415;Побутове очищення води > Побутові фільтри комплексного очищення води;4625913;Туристичне гідрообладнання;83916;Аксесуари для активного відпочинку та туризму;1;;22;;;1.45;;;0.9;0.9;1;
13240415;Побутове очищення води > Побутові фільтри комплексного очищення води;4625913;Туристичне гідрообладнання;83916;Аксесуари для активного відпочинку та туризму;1;;17;1000;2999;1.36;;;0.9;0.9;1;
13240415;Побутове очищення води > Побутові фільтри комплексного очищення води;4625913;Туристичне гідрообладнання;83916;Аксесуари для активного відпочинку та туризму;1;;12;3000;9999;1.28;;;0.9;0.9;1;
13240415;Побутове очищення води > Побутові фільтри комплексного очищення води;4625913;Туристичне гідрообладнання;83916;Аксесуари для активного відпочинку та туризму;1;;7;10000;19999;1.21;;;0.9;0.9;1;
13240415;Побутове очищення води > Побутові фільтри комплексного очищення води;4625913;Туристичне гідрообладнання;83916;Аксесуари для активного відпочинку та туризму;1;;5;20000;999999999;1.18;;;0.9;0.9;1;
13560901;Ворота, огорожі, шлагбауми та комплектуючі > Аксесуари для воріт та шлагбаумів;4650477;Комплектуючі для СККД;4627851;Товари для бізнесу;3;;18;;;1.38;;;0.9;0.9;1;
13560901;Ворота, огорожі, шлагбауми та комплектуючі > Аксесуари для воріт та шлагбаумів;4650477;Комплектуючі для СККД;4627851;Товари для бізнесу;3;;12;4000;7999;1.28;;;0.9;0.9;1;
13560901;Ворота, огорожі, шлагбауми та комплектуючі > Аксесуари для воріт та шлагбаумів;4650477;Комплектуючі для СККД;4627851;Товари для бізнесу;3;;7;8000;19999;1.21;;;0.9;0.9;1;
13560901;Ворота, огорожі, шлагбауми та комплектуючі > Аксесуари для воріт та шлагбаумів;4650477;Комплектуючі для СККД;4627851;Товари для бізнесу;3;;5;20000;99999;1.18;;;0.9;0.9;1;
13560901;Ворота, огорожі, шлагбауми та комплектуючі > Аксесуари для воріт та шлагбаумів;4650477;Комплектуючі для СККД;4627851;Товари для бізнесу;3;;3;100000;999999999;1.16;;;0.9;0.9;1;
14172701;Електричні пилки > Ручні дискові пилки;152560;Циркулярні пилки (Дискові);4660244;Електроінструмент;1;;15;;;1.33;;;0.9;0.9;1;
14172701;Електричні пилки > Ручні дискові пилки;152560;Циркулярні пилки (Дискові);4660244;Електроінструмент;1;;10;3000;9999;1.25;;;0.9;0.9;1;
14172701;Електричні пилки > Ручні дискові пилки;152560;Циркулярні пилки (Дискові);4660244;Електроінструмент;1;;7;10000;19999;1.21;;;0.9;0.9;1;
14172701;Електричні пилки > Ручні дискові пилки;152560;Циркулярні пилки (Дискові);4660244;Електроінструмент;1;;5;20000;999999999;1.18;;;0.9;0.9;1;
14190303;Електроізолятори > Електроізоляційні стрічки та трубки;4670476;Монтажні стрічки;4628418;Сантехніка та ремонт;gap:4639424;;18;0;1999;1.38;;;0.9;0.9;1;
14190303;Електроізолятори > Електроізоляційні стрічки та трубки;4670476;Монтажні стрічки;4639424;Будівельні матеріали;1;;15;2000;4999;1.33;;;0.9;0.9;1;
14190303;Електроізолятори > Електроізоляційні стрічки та трубки;4670476;Монтажні стрічки;4639424;Будівельні матеріали;1;;10;5000;9999;1.25;;;0.9;0.9;1;
14190303;Електроізолятори > Електроізоляційні стрічки та трубки;4670476;Монтажні стрічки;4639424;Будівельні матеріали;1;;7;10000;19999;1.21;;;0.9;0.9;1;
14190303;Електроізолятори > Електроізоляційні стрічки та трубки;4670476;Монтажні стрічки;4639424;Будівельні матеріали;1;;5;20000;99999;1.18;;;0.9;0.9;1;
14190303;Електроізолятори > Електроізоляційні стрічки та трубки;4670476;Монтажні стрічки;4639424;Будівельні матеріали;1;;3;100000;999999999;1.16;;;0.9;0.9;1;
14190406;Провід, кабель, системи з'єднання > Роз'єми та конектори;221177;ТВ запчастини та обладнання;80015;Аксесуари для телевізорів і моніторів;gap:221177;;22;0;1499;1.45;;;0.9;0.9;1;
14190406;Провід, кабель, системи з'єднання > Роз'єми та конектори;221177;ТВ запчастини та обладнання;221177;ТВ запчастини та обладнання;0;;15;1500;2999;1.33;;;0.9;0.9;1;
14190406;Провід, кабель, системи з'єднання > Роз'єми та конектори;221177;ТВ запчастини та обладнання;221177;ТВ запчастини та обладнання;0;;10;3000;999999999;1.25;;;0.9;0.9;1;
14190408;Провід, кабель, системи з'єднання > Силові кабелі, перемички;3803617;Кабельно-провідникова продукція;3803617;Кабельно-провідникова продукція;0;;10;;;1.25;;;0.9;0.9;1;
14190901;Реле > Реле напруги;4638471;Розумні реле і димери;4627949;Смартфони, ТВ і електроніка;gap:230133;;22;0;1999;1.45;;;0.9;0.9;1;
14190901;Реле > Реле напруги;4638471;Розумні реле і димери;230133;Сучасний дім;2;;12;2000;6999;1.28;;;0.9;0.9;1;
14190901;Реле > Реле напруги;4638471;Розумні реле і димери;230133;Сучасний дім;2;;10;7000;13999;1.25;;;0.9;0.9;1;
14190901;Реле > Реле напруги;4638471;Розумні реле і димери;230133;Сучасний дім;2;;7;14000;19999;1.21;;;0.9;0.9;1;
14190901;Реле > Реле напруги;4638471;Розумні реле і димери;230133;Сучасний дім;2;;5;20000;99999;1.18;;;0.9;0.9;1;
14190901;Реле > Реле напруги;4638471;Розумні реле і димери;230133;Сучасний дім;2;;3;100000;999999999;1.16;;;0.9;0.9;1;
14190906;Реле > Автоматичні вимикачі, ПЗВ;4673143;Автоматичні вимикачі;2577232;Інструменти й обладнання;3;;18;;;1.38;;;0.9;0.9;1;
14190906;Реле > Автоматичні вимикачі, ПЗВ;4673143;Автоматичні вимикачі;2577232;Інструменти й обладнання;3;;10;5000;9999;1.25;;;0.9;0.9;1;
14190906;Реле > Автоматичні вимикачі, ПЗВ;4673143;Автоматичні вимикачі;2577232;Інструменти й обладнання;3;;7;10000;19999;1.21;;;0.9;0.9;1;
14190906;Реле > Автоматичні вимикачі, ПЗВ;4673143;Автоматичні вимикачі;2577232;Інструменти й обладнання;3;;5;20000;99999;1.18;;;0.9;0.9;1;
14190906;Реле > Автоматичні вимикачі, ПЗВ;4673143;Автоматичні вимикачі;2577232;Інструменти й обладнання;3;;3;100000;999999999;1.16;;;0.9;0.9;1;
14191103;Блоки живлення > Промислові та побутові джерела живлення;80086;Блоки живлення;80026;Комп'ютерні комплектуючі;1;;5;;;1.18;;;0.9;0.9;1;
14191106;Блоки живлення > Джерела безперебійного живлення (ДБЖ);80108;Джерела безперебійного живлення;80108;Джерела безперебійного живлення;0;;10;;;1.25;;;0.9;0.9;1;
14191106;Блоки живлення > Джерела безперебійного живлення (ДБЖ);80108;Джерела безперебійного живлення;80108;Джерела безперебійного живлення;0;;7;20000;49999;1.21;;;0.9;0.9;1;
14191106;Блоки живлення > Джерела безперебійного живлення (ДБЖ);80108;Джерела безперебійного живлення;80108;Джерела безперебійного живлення;0;;5;50000;999999999;1.18;;;0.9;0.9;1;
14191107;Блоки живлення > Стабілізатори напруги;4649424;Стабілізатори напруги;2577232;Інструменти й обладнання;2;;18;;;1.38;;;0.9;0.9;1;
14191107;Блоки живлення > Стабілізатори напруги;4649424;Стабілізатори напруги;2577232;Інструменти й обладнання;2;;10;5000;9999;1.25;;;0.9;0.9;1;
14191107;Блоки живлення > Стабілізатори напруги;4649424;Стабілізатори напруги;2577232;Інструменти й обладнання;2;;7;10000;19999;1.21;;;0.9;0.9;1;
14191107;Блоки живлення > Стабілізатори напруги;4649424;Стабілізатори напруги;2577232;Інструменти й обладнання;2;;5;20000;99999;1.18;;;0.9;0.9;1;
14191107;Блоки живлення > Стабілізатори напруги;4649424;Стабілізатори напруги;2577232;Інструменти й обладнання;2;;3;100000;999999999;1.16;;;0.9;0.9;1;
14200301;Ручний інструмент > Сокири;4672663;Сокири;2394297;Дача, сад, город;2;;18;;;1.38;;;0.9;0.9;1;
14200301;Ручний інструмент > Сокири;4672663;Сокири;2394297;Дача, сад, город;2;;12;5000;9999;1.28;;;0.9;0.9;1;
14200301;Ручний інструмент > Сокири;4672663;Сокири;2394297;Дача, сад, город;2;;7;10000;19999;1.21;;;0.9;0.9;1;
14200301;Ручний інструмент > Сокири;4672663;Сокири;2394297;Дача, сад, город;2;;5;20000;99999;1.18;;;0.9;0.9;1;
14200301;Ручний інструмент > Сокири;4672663;Сокири;2394297;Дача, сад, город;2;;3;100000;999999999;1.16;;;0.9;0.9;1;
14200305;Ручний інструмент > Молотки, кувалди, киянки;2798752;Молотки;2577232;Інструменти й обладнання;2;;18;;;1.38;;;0.9;0.9;1;
14200305;Ручний інструмент > Молотки, кувалди, киянки;2798752;Молотки;2577232;Інструменти й обладнання;2;;10;5000;9999;1.25;;;0.9;0.9;1;
14200305;Ручний інструмент > Молотки, кувалди, киянки;2798752;Молотки;2577232;Інструменти й обладнання;2;;7;10000;19999;1.21;;;0.9;0.9;1;
14200305;Ручний інструмент > Молотки, кувалди, киянки;2798752;Молотки;2577232;Інструменти й обладнання;2;;5;20000;99999;1.18;;;0.9;0.9;1;
14200305;Ручний інструмент > Молотки, кувалди, киянки;2798752;Молотки;2577232;Інструменти й обладнання;2;;3;100000;999999999;1.16;;;0.9;0.9;1;
14200306;Ручний інструмент > Будівельні ножі, ножиці;4669693;Ножі будівельні;2577232;Інструменти й обладнання;3;;18;;;1.38;;;0.9;0.9;1;
14200306;Ручний інструмент > Будівельні ножі, ножиці;4669693;Ножі будівельні;2577232;Інструменти й обладнання;3;;10;5000;9999;1.25;;;0.9;0.9;1;
14200306;Ручний інструмент > Будівельні ножі, ножиці;4669693;Ножі будівельні;2577232;Інструменти й обладнання;3;;7;10000;19999;1.21;;;0.9;0.9;1;
14200306;Ручний інструмент > Будівельні ножі, ножиці;4669693;Ножі будівельні;2577232;Інструменти й обладнання;3;;5;20000;99999;1.18;;;0.9;0.9;1;
14200306;Ручний інструмент > Будівельні ножі, ножиці;4669693;Ножі будівельні;2577232;Інструменти й обладнання;3;;3;100000;999999999;1.16;;;0.9;0.9;1;
14200308;Дереворізальний інструмент > Ручні пилки, ножівки;4669699;Ножівки;2577232;Інструменти й обладнання;3;;18;;;1.38;;;0.9;0.9;1;
14200308;Дереворізальний інструмент > Ручні пилки, ножівки;4669699;Ножівки;2577232;Інструменти й обладнання;3;;10;5000;9999;1.25;;;0.9;0.9;1;
14200308;Дереворізальний інструмент > Ручні пилки, ножівки;4669699;Ножівки;2577232;Інструменти й обладнання;3;;7;10000;19999;1.21;;;0.9;0.9;1;
14200308;Дереворізальний інструмент > Ручні пилки, ножівки;4669699;Ножівки;2577232;Інструменти й обладнання;3;;5;20000;99999;1.18;;;0.9;0.9;1;
14200308;Дереворізальний інструмент > Ручні пилки, ножівки;4669699;Ножівки;2577232;Інструменти й обладнання;3;;3;100000;999999999;1.16;;;0.9;0.9;1;
14200310;Ручний інструмент > Викрутки;2798762;Викрутки;2577232;Інструменти й обладнання;2;;18;;;1.38;;;0.9;0.9;1;
14200310;Ручний інструмент > Викрутки;2798762;Викрутки;2577232;Інструменти й обладнання;2;;10;5000;9999;1.25;;;0.9;0.9;1;
14200310;Ручний інструмент > Викрутки;2798762;Викрутки;2577232;Інструменти й обладнання;2;;7;10000;19999;1.21;;;0.9;0.9;1;
14200310;Ручний інструмент > Викрутки;2798762;Викрутки;2577232;Інструменти й обладнання;2;;5;20000;99999;1.18;;;0.9;0.9;1;
14200310;Ручний інструмент > Викрутки;2798762;Викрутки;2577232;Інструменти й обладнання;2;;3;100000;999999999;1.16;;;0.9;0.9;1;
14200327;Ключі > Розлучні ключі;4668883;Розвідні ключі;2577232;Інструменти й обладнання;3;;18;;;1.38;;;0.9;0.9;1;
14200327;Ключі > Розлучні ключі;4668883;Розвідні ключі;2577232;Інструменти й обладнання;3;;10;5000;9999;1.25;;;0.9;0.9;1;
14200327;Ключі > Розлучні ключі;4668883;Розвідні ключі;2577232;Інструменти й обладнання;3;;7;10000;19999;1.21;;;0.9;0.9;1;
14200327;Ключі > Розлучні ключі;4668883;Розвідні ключі;2577232;Інструменти й обладнання;3;;5;20000;99999;1.18;;;0.9;0.9;1;
14200327;Ключі > Розлучні ключі;4668883;Розвідні ключі;2577232;Інструменти й обладнання;3;;3;100000;999999999;1.16;;;0.9;0.9;1;
14200329;Ключі > Шестигранні ключі;4668907;Імбусові ключі;2577232;Інструменти й обладнання;3;;18;;;1.38;;;0.9;0.9;1;
14200329;Ключі > Шестигранні ключі;4668907;Імбусові ключі;2577232;Інструменти й обладнання;3;;10;5000;9999;1.25;;;0.9;0.9;1;
14200329;Ключі > Шестигранні ключі;4668907;Імбусові ключі;2577232;Інструменти й обладнання;3;;7;10000;19999;1.21;;;0.9;0.9;1;
14200329;Ключі > Шестигранні ключі;4668907;Імбусові ключі;2577232;Інструменти й обладнання;3;;5;20000;99999;1.18;;;0.9;0.9;1;
14200329;Ключі > Шестигранні ключі;4668907;Імбусові ключі;2577232;Інструменти й обладнання;3;;3;100000;999999999;1.16;;;0.9;0.9;1;
14200332;Ключі > Торцеві головки;4668931;Торцеві головки;2577232;Інструменти й обладнання;2;;18;;;1.38;;;0.9;0.9;1;
14200332;Ключі > Торцеві головки;4668931;Торцеві головки;2577232;Інструменти й обладнання;2;;10;5000;9999;1.25;;;0.9;0.9;1;
14200332;Ключі > Торцеві головки;4668931;Торцеві головки;2577232;Інструменти й обладнання;2;;7;10000;19999;1.21;;;0.9;0.9;1;
14200332;Ключі > Торцеві головки;4668931;Торцеві головки;2577232;Інструменти й обладнання;2;;5;20000;99999;1.18;;;0.9;0.9;1;
14200332;Ключі > Торцеві головки;4668931;Торцеві головки;2577232;Інструменти й обладнання;2;;3;100000;999999999;1.16;;;0.9;0.9;1;
14200340;Губцеві інструменти > Бокорізи, кусачки;4670005;Бокорізи;2577232;Інструменти й обладнання;3;;18;;;1.38;;;0.9;0.9;1;
14200340;Губцеві інструменти > Бокорізи, кусачки;4670005;Бокорізи;2577232;Інструменти й обладнання;3;;10;5000;9999;1.25;;;0.9;0.9;1;
14200340;Губцеві інструменти > Бокорізи, кусачки;4670005;Бокорізи;2577232;Інструменти й обладнання;3;;7;10000;19999;1.21;;;0.9;0.9;1;
14200340;Губцеві інструменти > Бокорізи, кусачки;4670005;Бокорізи;2577232;Інструменти й обладнання;3;;5;20000;99999;1.18;;;0.9;0.9;1;
14200340;Губцеві інструменти > Бокорізи, кусачки;4670005;Бокорізи;2577232;Інструменти й обладнання;3;;3;100000;999999999;1.16;;;0.9;0.9;1;
14200341;Губцеві інструменти > Пасатижі, плоскогубці, тонкогубці;4670017;Плоскогубці, щипці;2577232;Інструменти й обладнання;3;;18;;;1.38;;;0.9;0.9;1;
14200341;Губцеві інструменти > Пасатижі, плоскогубці, тонкогубці;4670017;Плоскогубці, щипці;2577232;Інструменти й обладнання;3;;10;5000;9999;1.25;;;0.9;0.9;1;
14200341;Губцеві інструменти > Пасатижі, плоскогубці, тонкогубці;4670017;Плоскогубці, щипці;2577232;Інструменти й обладнання;3;;7;10000;19999;1.21;;;0.9;0.9;1;
14200341;Губцеві інструменти > Пасатижі, плоскогубці, тонкогубці;4670017;Плоскогубці, щипці;2577232;Інструменти й обладнання;3;;5;20000;99999;1.18;;;0.9;0.9;1;
14200341;Губцеві інструменти > Пасатижі, плоскогубці, тонкогубці;4670017;Плоскогубці, щипці;2577232;Інструменти й обладнання;3;;3;100000;999999999;1.16;;;0.9;0.9;1;
14200347;Губцеві інструменти > Затискні кліщі;4670023;Кліщі;2577232;Інструменти й обладнання;3;;18;;;1.38;;;0.9;0.9;1;
14200347;Губцеві інструменти > Затискні кліщі;4670023;Кліщі;2577232;Інструменти й обладнання;3;;10;5000;9999;1.25;;;0.9;0.9;1;
14200347;Губцеві інструменти > Затискні кліщі;4670023;Кліщі;2577232;Інструменти й обладнання;3;;7;10000;19999;1.21;;;0.9;0.9;1;
14200347;Губцеві інструменти > Затискні кліщі;4670023;Кліщі;2577232;Інструменти й обладнання;3;;5;20000;99999;1.18;;;0.9;0.9;1;
14200347;Губцеві інструменти > Затискні кліщі;4670023;Кліщі;2577232;Інструменти й обладнання;3;;3;100000;999999999;1.16;;;0.9;0.9;1;
14200348;Губцеві інструменти > Трубні кліщі;4670023;Кліщі;2577232;Інструменти й обладнання;3;;18;;;1.38;;;0.9;0.9;1;
14200348;Губцеві інструменти > Трубні кліщі;4670023;Кліщі;2577232;Інструменти й обладнання;3;;10;5000;9999;1.25;;;0.9;0.9;1;
14200348;Губцеві інструменти > Трубні кліщі;4670023;Кліщі;2577232;Інструменти й обладнання;3;;7;10000;19999;1.21;;;0.9;0.9;1;
14200348;Губцеві інструменти > Трубні кліщі;4670023;Кліщі;2577232;Інструменти й обладнання;3;;5;20000;99999;1.18;;;0.9;0.9;1;
14200348;Губцеві інструменти > Трубні кліщі;4670023;Кліщі;2577232;Інструменти й обладнання;3;;3;100000;999999999;1.16;;;0.9;0.9;1;
14200374;Ручний інструмент > Будівельні олівці, маркери;2560762;Маркери;4625734;Офіс, школа, книги, творчість;3;;18;;;1.38;;;0.9;0.9;1;
14200374;Ручний інструмент > Будівельні олівці, маркери;2560762;Маркери;4625734;Офіс, школа, книги, творчість;3;;15;3000;9999;1.33;;;0.9;0.9;1;
14200374;Ручний інструмент > Будівельні олівці, маркери;2560762;Маркери;4625734;Офіс, школа, книги, творчість;3;;10;10000;19999;1.25;;;0.9;0.9;1;
14200374;Ручний інструмент > Будівельні олівці, маркери;2560762;Маркери;4625734;Офіс, школа, книги, творчість;3;;5;20000;999999999;1.18;;;0.9;0.9;1;
14200378;Ключі > Набори ключів;4668871;Комбіновані ключі;2577232;Інструменти й обладнання;3;;18;;;1.38;;;0.9;0.9;1;
14200378;Ключі > Набори ключів;4668871;Комбіновані ключі;2577232;Інструменти й обладнання;3;;10;5000;9999;1.25;;;0.9;0.9;1;
14200378;Ключі > Набори ключів;4668871;Комбіновані ключі;2577232;Інструменти й обладнання;3;;7;10000;19999;1.21;;;0.9;0.9;1;
14200378;Ключі > Набори ключів;4668871;Комбіновані ключі;2577232;Інструменти й обладнання;3;;5;20000;99999;1.18;;;0.9;0.9;1;
14200378;Ключі > Набори ключів;4668871;Комбіновані ключі;2577232;Інструменти й обладнання;3;;3;100000;999999999;1.16;;;0.9;0.9;1;
14200390;Ручний інструмент > Монтажні пінцети;4649508;Допоміжні матеріали;2577232;Інструменти й обладнання;3;;18;;;1.38;;;0.9;0.9;1;
14200390;Ручний інструмент > Монтажні пінцети;4649508;Допоміжні матеріали;2577232;Інструменти й обладнання;3;;10;5000;9999;1.25;;;0.9;0.9;1;
14200390;Ручний інструмент > Монтажні пінцети;4649508;Допоміжні матеріали;2577232;Інструменти й обладнання;3;;7;10000;19999;1.21;;;0.9;0.9;1;
14200390;Ручний інструмент > Монтажні пінцети;4649508;Допоміжні матеріали;2577232;Інструменти й обладнання;3;;5;20000;99999;1.18;;;0.9;0.9;1;
14200390;Ручний інструмент > Монтажні пінцети;4649508;Допоміжні матеріали;2577232;Інструменти й обладнання;3;;3;100000;999999999;1.16;;;0.9;0.9;1;
14200394;Ручний інструмент > Мультитули;85359;Мультиінструмент;4627893;Спорт і захоплення;gap:239221;;18;0;2999;1.38;;;0.9;0.9;1;
14200394;Ручний інструмент > Мультитули;85359;Мультиінструмент;239221;Мультиінструменти, ножі, точила та аксесуари;1;;12;3000;9999;1.28;;;0.9;0.9;1;
14200394;Ручний інструмент > Мультитули;85359;Мультиінструмент;239221;Мультиінструменти, ножі, точила та аксесуари;1;;7;10000;999999999;1.21;;;0.9;0.9;1;
14200513;Пневматичний інструмент > Пневматичні відбійні молотки;4674540;Пневмомолотоки;2577232;Інструменти й обладнання;2;;18;;;1.38;;;0.9;0.9;1;
14200513;Пневматичний інструмент > Пневматичні відбійні молотки;4674540;Пневмомолотоки;2577232;Інструменти й обладнання;2;;10;5000;9999;1.25;;;0.9;0.9;1;
14200513;Пневматичний інструмент > Пневматичні відбійні молотки;4674540;Пневмомолотоки;2577232;Інструменти й обладнання;2;;7;10000;19999;1.21;;;0.9;0.9;1;
14200513;Пневматичний інструмент > Пневматичні відбійні молотки;4674540;Пневмомолотоки;2577232;Інструменти й обладнання;2;;5;20000;99999;1.18;;;0.9;0.9;1;
14200513;Пневматичний інструмент > Пневматичні відбійні молотки;4674540;Пневмомолотоки;2577232;Інструменти й обладнання;2;;3;100000;999999999;1.16;;;0.9;0.9;1;
14200604;Будівельний інструмент > Вимірювальні рулетки;4672258;Рулетки;2577232;Інструменти й обладнання;2;;18;;;1.38;;;0.9;0.9;1;
14200604;Будівельний інструмент > Вимірювальні рулетки;4672258;Рулетки;2577232;Інструменти й обладнання;2;;10;5000;9999;1.25;;;0.9;0.9;1;
14200604;Будівельний інструмент > Вимірювальні рулетки;4672258;Рулетки;2577232;Інструменти й обладнання;2;;7;10000;19999;1.21;;;0.9;0.9;1;
14200604;Будівельний інструмент > Вимірювальні рулетки;4672258;Рулетки;2577232;Інструменти й обладнання;2;;5;20000;99999;1.18;;;0.9;0.9;1;
14200604;Будівельний інструмент > Вимірювальні рулетки;4672258;Рулетки;2577232;Інструменти й обладнання;2;;3;100000;999999999;1.16;;;0.9;0.9;1;
14200612;Датчики > Датчики вологості та температури;235372;Датчики;4627949;Смартфони, ТВ і електроніка;gap:235355;;22;0;1999;1.45;;;0.9;0.9;1;
14200612;Датчики > Датчики вологості та температури;235372;Датчики;235355;Сигналізація;1;;12;2000;6999;1.28;;;0.9;0.9;1;
14200612;Датчики > Датчики вологості та температури;235372;Датчики;235355;Сигналізація;1;;10;7000;13999;1.25;;;0.9;0.9;1;
14200612;Датчики > Датчики вологості та температури;235372;Датчики;235355;Сигналізація;1;;7;14000;19999;1.21;;;0.9;0.9;1;
14200612;Датчики > Датчики вологості та температури;235372;Датчики;235355;Сигналізація;1;;5;20000;99999;1.18;;;0.9;0.9;1;
14200612;Датчики > Датчики вологості та температури;235372;Датчики;235355;Сигналізація;1;;3;100000;999999999;1.16;;;0.9;0.9;1;
14200914;Гідравлічний інструмент > Гідравлічні ланцюгові пилки;4674576;Електропили;152459;Садова техніка;2;;15;;;1.33;;;0.9;0.9;1;
14200914;Гідравлічний інструмент > Гідравлічні ланцюгові пилки;4674576;Електропили;152459;Садова техніка;2;;10;3000;9999;1.25;;;0.9;0.9;1;
14200914;Гідравлічний інструмент > Гідравлічні ланцюгові пилки;4674576;Електропили;152459;Садова техніка;2;;7;10000;19999;1.21;;;0.9;0.9;1;
14200914;Гідравлічний інструмент > Гідравлічні ланцюгові пилки;4674576;Електропили;152459;Садова техніка;2;;5;20000;999999999;1.18;;;0.9;0.9;1;
14201002;Металорізальний інструмент > Ножиці ручні по металу;4670041;Ножиці по металу;2577232;Інструменти й обладнання;3;;18;;;1.38;;;0.9;0.9;1;
14201002;Металорізальний інструмент > Ножиці ручні по металу;4670041;Ножиці по металу;2577232;Інструменти й обладнання;3;;10;5000;9999;1.25;;;0.9;0.9;1;
14201002;Металорізальний інструмент > Ножиці ручні по металу;4670041;Ножиці по металу;2577232;Інструменти й обладнання;3;;7;10000;19999;1.21;;;0.9;0.9;1;
14201002;Металорізальний інструмент > Ножиці ручні по металу;4670041;Ножиці по металу;2577232;Інструменти й обладнання;3;;5;20000;99999;1.18;;;0.9;0.9;1;
14201002;Металорізальний інструмент > Ножиці ручні по металу;4670041;Ножиці по металу;2577232;Інструменти й обладнання;3;;3;100000;999999999;1.16;;;0.9;0.9;1;
14201502;Оснащення для інструментів > Ножівочні полотна;3510562;Пиляльні полотна;2577232;Інструменти й обладнання;2;;18;;;1.38;;;0.9;0.9;1;
14201502;Оснащення для інструментів > Ножівочні полотна;3510562;Пиляльні полотна;2577232;Інструменти й обладнання;2;;10;5000;9999;1.25;;;0.9;0.9;1;
14201502;Оснащення для інструментів > Ножівочні полотна;3510562;Пиляльні полотна;2577232;Інструменти й обладнання;2;;7;10000;19999;1.21;;;0.9;0.9;1;
14201502;Оснащення для інструментів > Ножівочні полотна;3510562;Пиляльні полотна;2577232;Інструменти й обладнання;2;;5;20000;99999;1.18;;;0.9;0.9;1;
14201502;Оснащення для інструментів > Ножівочні полотна;3510562;Пиляльні полотна;2577232;Інструменти й обладнання;2;;3;100000;999999999;1.16;;;0.9;0.9;1;
14201506;Оснащення для інструменту > Пилки для лобзиків;3510562;Пиляльні полотна;2577232;Інструменти й обладнання;2;;18;;;1.38;;;0.9;0.9;1;
14201506;Оснащення для інструменту > Пилки для лобзиків;3510562;Пиляльні полотна;2577232;Інструменти й обладнання;2;;10;5000;9999;1.25;;;0.9;0.9;1;
14201506;Оснащення для інструменту > Пилки для лобзиків;3510562;Пиляльні полотна;2577232;Інструменти й обладнання;2;;7;10000;19999;1.21;;;0.9;0.9;1;
14201506;Оснащення для інструменту > Пилки для лобзиків;3510562;Пиляльні полотна;2577232;Інструменти й обладнання;2;;5;20000;99999;1.18;;;0.9;0.9;1;
14201506;Оснащення для інструменту > Пилки для лобзиків;3510562;Пиляльні полотна;2577232;Інструменти й обладнання;2;;3;100000;999999999;1.16;;;0.9;0.9;1;
14201509;Оснащення для інструментів > Відрізні, зачисні, шліфувальні, пиляльні круги;3510548;Диски;2577232;Інструменти й обладнання;2;;18;;;1.38;;;0.9;0.9;1;
14201509;Оснащення для інструментів > Відрізні, зачисні, шліфувальні, пиляльні круги;3510548;Диски;2577232;Інструменти й обладнання;2;;10;5000;9999;1.25;;;0.9;0.9;1;
14201509;Оснащення для інструментів > Відрізні, зачисні, шліфувальні, пиляльні круги;3510548;Диски;2577232;Інструменти й обладнання;2;;7;10000;19999;1.21;;;0.9;0.9;1;
14201509;Оснащення для інструментів > Відрізні, зачисні, шліфувальні, пиляльні круги;3510548;Диски;2577232;Інструменти й обладнання;2;;5;20000;99999;1.18;;;0.9;0.9;1;
14201509;Оснащення для інструментів > Відрізні, зачисні, шліфувальні, пиляльні круги;3510548;Диски;2577232;Інструменти й обладнання;2;;3;100000;999999999;1.16;;;0.9;0.9;1;
14201512;Оснащення для інструменту > Зубила, долото для перфоратора;3510583;Зубила, піки;2577232;Інструменти й обладнання;2;;18;;;1.38;;;0.9;0.9;1;
14201512;Оснащення для інструменту > Зубила, долото для перфоратора;3510583;Зубила, піки;2577232;Інструменти й обладнання;2;;10;5000;9999;1.25;;;0.9;0.9;1;
14201512;Оснащення для інструменту > Зубила, долото для перфоратора;3510583;Зубила, піки;2577232;Інструменти й обладнання;2;;7;10000;19999;1.21;;;0.9;0.9;1;
14201512;Оснащення для інструменту > Зубила, долото для перфоратора;3510583;Зубила, піки;2577232;Інструменти й обладнання;2;;5;20000;99999;1.18;;;0.9;0.9;1;
14201512;Оснащення для інструменту > Зубила, долото для перфоратора;3510583;Зубила, піки;2577232;Інструменти й обладнання;2;;3;100000;999999999;1.16;;;0.9;0.9;1;
14201516;Оснащення для інструментів > Оливи, мастила для інструментів;4659631;Ланцюгові оливи;4627858;Авто і мото товари;gap:4659568;;18;0;1999;1.38;;;0.9;0.9;1;
14201516;Оснащення для інструментів > Оливи, мастила для інструментів;4659631;Ланцюгові оливи;4659568;Автохімія, рідини та оливи;2;;12;2000;4999;1.28;;;0.9;0.9;1;
14201516;Оснащення для інструментів > Оливи, мастила для інструментів;4659631;Ланцюгові оливи;4659568;Автохімія, рідини та оливи;2;;7;5000;15999;1.21;;;0.9;0.9;1;
14201516;Оснащення для інструментів > Оливи, мастила для інструментів;4659631;Ланцюгові оливи;4659568;Автохімія, рідини та оливи;2;;5;16000;999999999;1.18;;;0.9;0.9;1;
14201602;Інструменти для обробки ґрунту > Лопати;4672633;Лопати;2394297;Дача, сад, город;2;;18;;;1.38;;;0.9;0.9;1;
14201602;Інструменти для обробки ґрунту > Лопати;4672633;Лопати;2394297;Дача, сад, город;2;;12;5000;9999;1.28;;;0.9;0.9;1;
14201602;Інструменти для обробки ґрунту > Лопати;4672633;Лопати;2394297;Дача, сад, город;2;;7;10000;19999;1.21;;;0.9;0.9;1;
14201602;Інструменти для обробки ґрунту > Лопати;4672633;Лопати;2394297;Дача, сад, город;2;;5;20000;99999;1.18;;;0.9;0.9;1;
14201602;Інструменти для обробки ґрунту > Лопати;4672633;Лопати;2394297;Дача, сад, город;2;;3;100000;999999999;1.16;;;0.9;0.9;1;
14201607;Оснащення для інструментів > Свердла, бури;3510506;Свердла;2577232;Інструменти й обладнання;2;;18;;;1.38;;;0.9;0.9;1;
14201607;Оснащення для інструментів > Свердла, бури;3510506;Свердла;2577232;Інструменти й обладнання;2;;10;5000;9999;1.25;;;0.9;0.9;1;
14201607;Оснащення для інструментів > Свердла, бури;3510506;Свердла;2577232;Інструменти й обладнання;2;;7;10000;19999;1.21;;;0.9;0.9;1;
14201607;Оснащення для інструментів > Свердла, бури;3510506;Свердла;2577232;Інструменти й обладнання;2;;5;20000;99999;1.18;;;0.9;0.9;1;
14201607;Оснащення для інструментів > Свердла, бури;3510506;Свердла;2577232;Інструменти й обладнання;2;;3;100000;999999999;1.16;;;0.9;0.9;1;
14201622;Будівельний вимірювальний інструмент > Будівельні рівні;4672273;Рівні будівельні;2577232;Інструменти й обладнання;2;;18;;;1.38;;;0.9;0.9;1;
14201622;Будівельний вимірювальний інструмент > Будівельні рівні;4672273;Рівні будівельні;2577232;Інструменти й обладнання;2;;10;5000;9999;1.25;;;0.9;0.9;1;
14201622;Будівельний вимірювальний інструмент > Будівельні рівні;4672273;Рівні будівельні;2577232;Інструменти й обладнання;2;;7;10000;19999;1.21;;;0.9;0.9;1;
14201622;Будівельний вимірювальний інструмент > Будівельні рівні;4672273;Рівні будівельні;2577232;Інструменти й обладнання;2;;5;20000;99999;1.18;;;0.9;0.9;1;
14201622;Будівельний вимірювальний інструмент > Будівельні рівні;4672273;Рівні будівельні;2577232;Інструменти й обладнання;2;;3;100000;999999999;1.16;;;0.9;0.9;1;
14400803;Електроінструмент > Паяльники;4649520;Електричні паяльники;2577232;Інструменти й обладнання;3;;18;;;1.38;;;0.9;0.9;1;
14400803;Електроінструмент > Паяльники;4649520;Електричні паяльники;2577232;Інструменти й обладнання;3;;10;5000;9999;1.25;;;0.9;0.9;1;
14400803;Електроінструмент > Паяльники;4649520;Електричні паяльники;2577232;Інструменти й обладнання;3;;7;10000;19999;1.21;;;0.9;0.9;1;
14400803;Електроінструмент > Паяльники;4649520;Електричні паяльники;2577232;Інструменти й обладнання;3;;5;20000;99999;1.18;;;0.9;0.9;1;
14400803;Електроінструмент > Паяльники;4649520;Електричні паяльники;2577232;Інструменти й обладнання;3;;3;100000;999999999;1.16;;;0.9;0.9;1;
14400803;Електроінструмент > Паяльники;84098;Газові паяльники;2577232;Інструменти й обладнання;3;;18;;;1.38;;;0.9;0.9;1;
14400803;Електроінструмент > Паяльники;84098;Газові паяльники;2577232;Інструменти й обладнання;3;;10;5000;9999;1.25;;;0.9;0.9;1;
14400803;Електроінструмент > Паяльники;84098;Газові паяльники;2577232;Інструменти й обладнання;3;;7;10000;19999;1.21;;;0.9;0.9;1;
14400803;Електроінструмент > Паяльники;84098;Газові паяльники;2577232;Інструменти й обладнання;3;;5;20000;99999;1.18;;;0.9;0.9;1;
14400803;Електроінструмент > Паяльники;84098;Газові паяльники;2577232;Інструменти й обладнання;3;;3;100000;999999999;1.16;;;0.9;0.9;1;
15010508;Гігієна та догляд за дітьми > Радіоняні, відеоняні;146154;Радіоняні;102573;Дитяча кімната;1;;18;;;1.38;;;0.9;0.9;1;
15010508;Гігієна та догляд за дітьми > Радіоняні, відеоняні;146154;Радіоняні;102573;Дитяча кімната;1;;12;10000;24999;1.28;;;0.9;0.9;1;
15010508;Гігієна та догляд за дітьми > Радіоняні, відеоняні;146154;Радіоняні;102573;Дитяча кімната;1;;7;25000;999999999;1.21;;;0.9;0.9;1;
15040605;Світильники > Стельові світильники;4675174;Стельові світильники;4628418;Сантехніка та ремонт;gap:230134;;18;0;1999;1.38;;;0.9;0.9;1;
15040605;Світильники > Стельові світильники;4675174;Стельові світильники;230134;Освітлення;2;;15;2000;3999;1.33;;;0.9;0.9;1;
15040605;Світильники > Стельові світильники;4675174;Стельові світильники;230134;Освітлення;2;;10;4000;9999;1.25;;;0.9;0.9;1;
15040605;Світильники > Стельові світильники;4675174;Стельові світильники;230134;Освітлення;2;;7;10000;19999;1.21;;;0.9;0.9;1;
15040605;Світильники > Стельові світильники;4675174;Стельові світильники;230134;Освітлення;2;;5;20000;99999;1.18;;;0.9;0.9;1;
15040605;Світильники > Стельові світильники;4675174;Стельові світильники;230134;Освітлення;2;;3;100000;999999999;1.16;;;0.9;0.9;1;
15040606;Світильники > LED підсвічування інтер'єрів;234721;Світлодіодна стрічка;4628418;Сантехніка та ремонт;gap:230134;;18;0;1999;1.38;;;0.9;0.9;1;
15040606;Світильники > LED підсвічування інтер'єрів;234721;Світлодіодна стрічка;230134;Освітлення;1;;15;2000;3999;1.33;;;0.9;0.9;1;
15040606;Світильники > LED підсвічування інтер'єрів;234721;Світлодіодна стрічка;230134;Освітлення;1;;10;4000;9999;1.25;;;0.9;0.9;1;
15040606;Світильники > LED підсвічування інтер'єрів;234721;Світлодіодна стрічка;230134;Освітлення;1;;7;10000;19999;1.21;;;0.9;0.9;1;
15040606;Світильники > LED підсвічування інтер'єрів;234721;Світлодіодна стрічка;230134;Освітлення;1;;5;20000;99999;1.18;;;0.9;0.9;1;
15040606;Світильники > LED підсвічування інтер'єрів;234721;Світлодіодна стрічка;230134;Освітлення;1;;3;100000;999999999;1.16;;;0.9;0.9;1;
15230410;Кухонне начиння > Кухонні ножі та підставки;4626670;Ножі кухонні;2394287;Товари для дому;gap:4626619;;18;0;5999;1.38;;;0.9;0.9;1;
15230410;Кухонне начиння > Кухонні ножі та підставки;4626670;Ножі кухонні;4626619;Ножі, ножиці, сокирки;1;;12;6000;10999;1.28;;;0.9;0.9;1;
15230410;Кухонне начиння > Кухонні ножі та підставки;4626670;Ножі кухонні;4626619;Ножі, ножиці, сокирки;1;;7;11000;18999;1.21;;;0.9;0.9;1;
15230410;Кухонне начиння > Кухонні ножі та підставки;4626670;Ножі кухонні;4626619;Ножі, ножиці, сокирки;1;;5;19000;99999;1.18;;;0.9;0.9;1;
15230410;Кухонне начиння > Кухонні ножі та підставки;4626670;Ножі кухонні;4626619;Ножі, ножиці, сокирки;1;;3;100000;999999999;1.16;;;0.9;0.9;1;
15230411;Дрібна побутова техніка для кухні > Кухонні ваги;80148;Ваги кухонні;80025;Побутова техніка, інтер'єр;gap:435974;;18;0;5999;1.38;;;0.9;0.9;1;
15230411;Дрібна побутова техніка для кухні > Кухонні ваги;80148;Ваги кухонні;435974;Техніка для кухні;1;;7;6000;16999;1.21;;;0.9;0.9;1;
15230411;Дрібна побутова техніка для кухні > Кухонні ваги;80148;Ваги кухонні;435974;Техніка для кухні;1;;4;17000;999999999;1.17;;;0.9;0.9;1;
15230433;Кухонне приладдя > Стругачки для ножів;239221;Мультиінструменти, ножі, точила та аксесуари;4627893;Спорт і захоплення;gap:239221;;18;0;2999;1.38;;;0.9;0.9;1;
15230433;Кухонне приладдя > Стругачки для ножів;239221;Мультиінструменти, ножі, точила та аксесуари;239221;Мультиінструменти, ножі, точила та аксесуари;0;;12;3000;9999;1.28;;;0.9;0.9;1;
15230433;Кухонне приладдя > Стругачки для ножів;239221;Мультиінструменти, ножі, точила та аксесуари;239221;Мультиінструменти, ножі, точила та аксесуари;0;;7;10000;999999999;1.21;;;0.9;0.9;1;
15370306;Електровимірювальні прилади > Мультиметри;4672188;Мультиметри;2577232;Інструменти й обладнання;2;;18;;;1.38;;;0.9;0.9;1;
15370306;Електровимірювальні прилади > Мультиметри;4672188;Мультиметри;2577232;Інструменти й обладнання;2;;10;5000;9999;1.25;;;0.9;0.9;1;
15370306;Електровимірювальні прилади > Мультиметри;4672188;Мультиметри;2577232;Інструменти й обладнання;2;;7;10000;19999;1.21;;;0.9;0.9;1;
15370306;Електровимірювальні прилади > Мультиметри;4672188;Мультиметри;2577232;Інструменти й обладнання;2;;5;20000;99999;1.18;;;0.9;0.9;1;
15370306;Електровимірювальні прилади > Мультиметри;4672188;Мультиметри;2577232;Інструменти й обладнання;2;;3;100000;999999999;1.16;;;0.9;0.9;1;
15370320;Прилади радіовимірювальні > Детектори прихованої проводки;4672208;Тестери кабельні;2577232;Інструменти й обладнання;2;;18;;;1.38;;;0.9;0.9;1;
15370320;Прилади радіовимірювальні > Детектори прихованої проводки;4672208;Тестери кабельні;2577232;Інструменти й обладнання;2;;10;5000;9999;1.25;;;0.9;0.9;1;
15370320;Прилади радіовимірювальні > Детектори прихованої проводки;4672208;Тестери кабельні;2577232;Інструменти й обладнання;2;;7;10000;19999;1.21;;;0.9;0.9;1;
15370320;Прилади радіовимірювальні > Детектори прихованої проводки;4672208;Тестери кабельні;2577232;Інструменти й обладнання;2;;5;20000;99999;1.18;;;0.9;0.9;1;
15370320;Прилади радіовимірювальні > Детектори прихованої проводки;4672208;Тестери кабельні;2577232;Інструменти й обладнання;2;;3;100000;999999999;1.16;;;0.9;0.9;1;
15370706;Оптичні прилади та системи > Прилади нічного бачення;254834;Прилади нічного бачення;254834;Прилади нічного бачення;0;;13;;;1.29;;;0.9;0.9;1;
15370706;Оптичні прилади та системи > Прилади нічного бачення;254834;Прилади нічного бачення;254834;Прилади нічного бачення;0;;7;5000;19999;1.21;;;0.9;0.9;1;
15370706;Оптичні прилади та системи > Прилади нічного бачення;254834;Прилади нічного бачення;254834;Прилади нічного бачення;0;;5;20000;99999;1.18;;;0.9;0.9;1;
15370706;Оптичні прилади та системи > Прилади нічного бачення;254834;Прилади нічного бачення;254834;Прилади нічного бачення;0;;3;100000;999999999;1.16;;;0.9;0.9;1;
15380301;Аксесуари та фурнітура для вікон та дверей > Механізми та автоматика для вікон та дверей;3504836;Автоматика воріт;4627851;Товари для бізнесу;3;;18;;;1.38;;;0.9;0.9;1;
15380301;Аксесуари та фурнітура для вікон та дверей > Механізми та автоматика для вікон та дверей;3504836;Автоматика воріт;4627851;Товари для бізнесу;3;;12;4000;7999;1.28;;;0.9;0.9;1;
15380301;Аксесуари та фурнітура для вікон та дверей > Механізми та автоматика для вікон та дверей;3504836;Автоматика воріт;4627851;Товари для бізнесу;3;;7;8000;19999;1.21;;;0.9;0.9;1;
15380301;Аксесуари та фурнітура для вікон та дверей > Механізми та автоматика для вікон та дверей;3504836;Автоматика воріт;4627851;Товари для бізнесу;3;;5;20000;99999;1.18;;;0.9;0.9;1;
15380301;Аксесуари та фурнітура для вікон та дверей > Механізми та автоматика для вікон та дверей;3504836;Автоматика воріт;4627851;Товари для бізнесу;3;;3;100000;999999999;1.16;;;0.9;0.9;1;
15380311;Аксесуари та фурнітура для вікон та дверей > Доводчики дверей;4625853;Дверні доводчики;4652828;Комплектуючі для вікон і дверей;1;;17;;;1.36;;;0.9;0.9;1;
15380311;Аксесуари та фурнітура для вікон та дверей > Доводчики дверей;4625853;Дверні доводчики;4652828;Комплектуючі для вікон і дверей;1;;10;2000;9999;1.25;;;0.9;0.9;1;
15380311;Аксесуари та фурнітура для вікон та дверей > Доводчики дверей;4625853;Дверні доводчики;4652828;Комплектуючі для вікон і дверей;1;;7;10000;999999999;1.21;;;0.9;0.9;1;
15380325;Аксесуари та фурнітура для вікон та дверей > Аксесуари та комплектуючі для замків;4650477;Комплектуючі для СККД;4627851;Товари для бізнесу;3;;18;;;1.38;;;0.9;0.9;1;
15380325;Аксесуари та фурнітура для вікон та дверей > Аксесуари та комплектуючі для замків;4650477;Комплектуючі для СККД;4627851;Товари для бізнесу;3;;12;4000;7999;1.28;;;0.9;0.9;1;
15380325;Аксесуари та фурнітура для вікон та дверей > Аксесуари та комплектуючі для замків;4650477;Комплектуючі для СККД;4627851;Товари для бізнесу;3;;7;8000;19999;1.21;;;0.9;0.9;1;
15380325;Аксесуари та фурнітура для вікон та дверей > Аксесуари та комплектуючі для замків;4650477;Комплектуючі для СККД;4627851;Товари для бізнесу;3;;5;20000;99999;1.18;;;0.9;0.9;1;
15380325;Аксесуари та фурнітура для вікон та дверей > Аксесуари та комплектуючі для замків;4650477;Комплектуючі для СККД;4627851;Товари для бізнесу;3;;3;100000;999999999;1.16;;;0.9;0.9;1;
39050503;Світильники > Точкові світильники та трек-системи;4659310;Трекові і струнні системи;4628418;Сантехніка та ремонт;gap:230134;;18;0;1999;1.38;;;0.9;0.9;1;
39050503;Світильники > Точкові світильники та трек-системи;4659310;Трекові і струнні системи;230134;Освітлення;2;;15;2000;3999;1.33;;;0.9;0.9;1;
39050503;Світильники > Точкові світильники та трек-системи;4659310;Трекові і струнні системи;230134;Освітлення;2;;10;4000;9999;1.25;;;0.9;0.9;1;
39050503;Світильники > Точкові світильники та трек-системи;4659310;Трекові і струнні системи;230134;Освітлення;2;;7;10000;19999;1.21;;;0.9;0.9;1;
39050503;Світильники > Точкові світильники та трек-системи;4659310;Трекові і струнні системи;230134;Освітлення;2;;5;20000;99999;1.18;;;0.9;0.9;1;
39050503;Світильники > Точкові світильники та трек-системи;4659310;Трекові і струнні системи;230134;Освітлення;2;;3;100000;999999999;1.16;;;0.9;0.9;1;
39050509;Світильники > Настільні лампи та нічники;105280;Настільні лампи;4628418;Сантехніка та ремонт;gap:230134;;18;0;1999;1.38;;;0.9;0.9;1;
39050509;Світильники > Настільні лампи та нічники;105280;Настільні лампи;230134;Освітлення;1;;15;2000;3999;1.33;;;0.9;0.9;1;
39050509;Світильники > Настільні лампи та нічники;105280;Настільні лампи;230134;Освітлення;1;;10;4000;9999;1.25;;;0.9;0.9;1;
39050509;Світильники > Настільні лампи та нічники;105280;Настільні лампи;230134;Освітлення;1;;7;10000;19999;1.21;;;0.9;0.9;1;
39050509;Світильники > Настільні лампи та нічники;105280;Настільні лампи;230134;Освітлення;1;;5;20000;99999;1.18;;;0.9;0.9;1;
39050509;Світильники > Настільні лампи та нічники;105280;Настільні лампи;230134;Освітлення;1;;3;100000;999999999;1.16;;;0.9;0.9;1;
1420060202;Датчики > Датчики руху;4659296;Датчики руху;4628418;Сантехніка та ремонт;gap:230134;;18;0;1999;1.38;;;0.9;0.9;1;
1420060202;Датчики > Датчики руху;4659296;Датчики руху;230134;Освітлення;2;;15;2000;3999;1.33;;;0.9;0.9;1;
1420060202;Датчики > Датчики руху;4659296;Датчики руху;230134;Освітлення;2;;10;4000;9999;1.25;;;0.9;0.9;1;
1420060202;Датчики > Датчики руху;4659296;Датчики руху;230134;Освітлення;2;;7;10000;19999;1.21;;;0.9;0.9;1;
1420060202;Датчики > Датчики руху;4659296;Датчики руху;230134;Освітлення;2;;5;20000;99999;1.18;;;0.9;0.9;1;
1420060202;Датчики > Датчики руху;4659296;Датчики руху;230134;Освітлення;2;;3;100000;999999999;1.16;;;0.9;0.9;1;
141723;Електроінструмент > Електричні будівельні міксери;152496;Дрилі та міксери;4660244;Електроінструмент;1;;15;;;1.33;;;0.9;0.9;1;
141723;Електроінструмент > Електричні будівельні міксери;152496;Дрилі та міксери;4660244;Електроінструмент;1;;10;3000;9999;1.25;;;0.9;0.9;1;
141723;Електроінструмент > Електричні будівельні міксери;152496;Дрилі та міксери;4660244;Електроінструмент;1;;7;10000;19999;1.21;;;0.9;0.9;1;
141723;Електроінструмент > Електричні будівельні міксери;152496;Дрилі та міксери;4660244;Електроінструмент;1;;5;20000;999999999;1.18;;;0.9;0.9;1;
14200358;Ручний інструмент > Ручний обтискний інструмент;4660202;Кримпери;2577232;Інструменти й обладнання;2;;18;;;1.38;;;0.9;0.9;1;
14200358;Ручний інструмент > Ручний обтискний інструмент;4660202;Кримпери;2577232;Інструменти й обладнання;2;;10;5000;9999;1.25;;;0.9;0.9;1;
14200358;Ручний інструмент > Ручний обтискний інструмент;4660202;Кримпери;2577232;Інструменти й обладнання;2;;7;10000;19999;1.21;;;0.9;0.9;1;
14200358;Ручний інструмент > Ручний обтискний інструмент;4660202;Кримпери;2577232;Інструменти й обладнання;2;;5;20000;99999;1.18;;;0.9;0.9;1;
14200358;Ручний інструмент > Ручний обтискний інструмент;4660202;Кримпери;2577232;Інструменти й обладнання;2;;3;100000;999999999;1.16;;;0.9;0.9;1;
181201;Товари для прогулянок та подорожей з тваринами > Сумки та контейнери для перенесення домашніх тварин;4675996;Переноски для тварин;2394287;Товари для дому;gap:3520929;;18;0;2999;1.38;;;0.9;0.9;1;
181201;Товари для прогулянок та подорожей з тваринами > Сумки та контейнери для перенесення домашніх тварин;4675996;Переноски для тварин;3520929;Зоотовари;2;;15;3000;4999;1.33;;;0.9;0.9;1;
181201;Товари для прогулянок та подорожей з тваринами > Сумки та контейнери для перенесення домашніх тварин;4675996;Переноски для тварин;3520929;Зоотовари;2;;10;5000;9999;1.25;;;0.9;0.9;1;
181201;Товари для прогулянок та подорожей з тваринами > Сумки та контейнери для перенесення домашніх тварин;4675996;Переноски для тварин;3520929;Зоотовари;2;;7;10000;19999;1.21;;;0.9;0.9;1;
181201;Товари для прогулянок та подорожей з тваринами > Сумки та контейнери для перенесення домашніх тварин;4675996;Переноски для тварин;3520929;Зоотовари;2;;5;20000;999999999;1.18;;;0.9;0.9;1;
300508;Тактичний захист та екіпірування > Аксесуари та комплектуючі для касок та бронежилетів;290826;Засоби для маскування;84625;Амуніція;2;;17;;;1.36;;;0.9;0.9;1;
300508;Тактичний захист та екіпірування > Аксесуари та комплектуючі для касок та бронежилетів;290826;Засоби для маскування;84625;Амуніція;2;;12;2000;14999;1.28;;;0.9;0.9;1;
300508;Тактичний захист та екіпірування > Аксесуари та комплектуючі для касок та бронежилетів;290826;Засоби для маскування;84625;Амуніція;2;;7;15000;49999;1.21;;;0.9;0.9;1;
300508;Тактичний захист та екіпірування > Аксесуари та комплектуючі для касок та бронежилетів;290826;Засоби для маскування;84625;Амуніція;2;;5;50000;99999;1.18;;;0.9;0.9;1;
300508;Тактичний захист та екіпірування > Аксесуари та комплектуючі для касок та бронежилетів;290826;Засоби для маскування;84625;Амуніція;2;;3;100000;999999999;1.16;;;0.9;0.9;1;
14190409;Провід, кабель, системи з'єднання > Шнури, перехідники;221177;ТВ запчастини та обладнання;80015;Аксесуари для телевізорів і моніторів;gap:221177;;22;0;1499;1.45;;;0.9;0.9;1;
14190409;Провід, кабель, системи з'єднання > Шнури, перехідники;221177;ТВ запчастини та обладнання;221177;ТВ запчастини та обладнання;0;;15;1500;2999;1.33;;;0.9;0.9;1;
14190409;Провід, кабель, системи з'єднання > Шнури, перехідники;221177;ТВ запчастини та обладнання;221177;ТВ запчастини та обладнання;0;;10;3000;999999999;1.25;;;0.9;0.9;1;
14200355;Ручні знімники > Зйомники ізоляції;4660216;Стрипери;2577232;Інструменти й обладнання;2;;18;;;1.38;;;0.9;0.9;1;
14200355;Ручні знімники > Зйомники ізоляції;4660216;Стрипери;2577232;Інструменти й обладнання;2;;10;5000;9999;1.25;;;0.9;0.9;1;
14200355;Ручні знімники > Зйомники ізоляції;4660216;Стрипери;2577232;Інструменти й обладнання;2;;7;10000;19999;1.21;;;0.9;0.9;1;
14200355;Ручні знімники > Зйомники ізоляції;4660216;Стрипери;2577232;Інструменти й обладнання;2;;5;20000;99999;1.18;;;0.9;0.9;1;
14200355;Ручні знімники > Зйомники ізоляції;4660216;Стрипери;2577232;Інструменти й обладнання;2;;3;100000;999999999;1.16;;;0.9;0.9;1;
410402;Генератори та електростанції > Електрогенератори;152564;Генератори;152564;Генератори;0;;12;;;1.28;;;0.9;0.9;1;
410402;Генератори та електростанції > Електрогенератори;152564;Генератори;152564;Генератори;0;;9;25000;54999;1.24;;;0.9;0.9;1;
410402;Генератори та електростанції > Електрогенератори;152564;Генератори;152564;Генератори;0;;5;55000;99999;1.18;;;0.9;0.9;1;
410402;Генератори та електростанції > Електрогенератори;152564;Генератори;152564;Генератори;0;;3;100000;999999999;1.16;;;0.9;0.9;1;
141713;Електроінструмент > Електролобзики;152505;Електролобзики;4660244;Електроінструмент;1;;15;;;1.33;;;0.9;0.9;1;
141713;Електроінструмент > Електролобзики;152505;Електролобзики;4660244;Електроінструмент;1;;10;3000;9999;1.25;;;0.9;0.9;1;
141713;Електроінструмент > Електролобзики;152505;Електролобзики;4660244;Електроінструмент;1;;7;10000;19999;1.21;;;0.9;0.9;1;
141713;Електроінструмент > Електролобзики;152505;Електролобзики;4660244;Електроінструмент;1;;5;20000;999999999;1.18;;;0.9;0.9;1;
1250301;Інструменти для обрізки > Кущорізи;155467;Кущорізи;152459;Садова техніка;1;;15;;;1.33;;;0.9;0.9;1;
1250301;Інструменти для обрізки > Кущорізи;155467;Кущорізи;152459;Садова техніка;1;;10;3000;9999;1.25;;;0.9;0.9;1;
1250301;Інструменти для обрізки > Кущорізи;155467;Кущорізи;152459;Садова техніка;1;;7;10000;19999;1.21;;;0.9;0.9;1;
1250301;Інструменти для обрізки > Кущорізи;155467;Кущорізи;152459;Садова техніка;1;;5;20000;999999999;1.18;;;0.9;0.9;1;
1250321;Інструмент для скошування трав > Мотокоси та тримери;155089;Тримери та мотокоси;152459;Садова техніка;1;;15;;;1.33;;;0.9;0.9;1;
1250321;Інструмент для скошування трав > Мотокоси та тримери;155089;Тримери та мотокоси;152459;Садова техніка;1;;10;3000;9999;1.25;;;0.9;0.9;1;
1250321;Інструмент для скошування трав > Мотокоси та тримери;155089;Тримери та мотокоси;152459;Садова техніка;1;;7;10000;19999;1.21;;;0.9;0.9;1;
1250321;Інструмент для скошування трав > Мотокоси та тримери;155089;Тримери та мотокоси;152459;Садова техніка;1;;5;20000;999999999;1.18;;;0.9;0.9;1;
150426;Освітлення, електрика > LED освітлення;4638351;Розумне освітлення;4627949;Смартфони, ТВ і електроніка;gap:230133;;22;0;1999;1.45;;;0.9;0.9;1;
150426;Освітлення, електрика > LED освітлення;4638351;Розумне освітлення;230133;Сучасний дім;1;;12;2000;6999;1.28;;;0.9;0.9;1;
150426;Освітлення, електрика > LED освітлення;4638351;Розумне освітлення;230133;Сучасний дім;1;;10;7000;13999;1.25;;;0.9;0.9;1;
150426;Освітлення, електрика > LED освітлення;4638351;Розумне освітлення;230133;Сучасний дім;1;;7;14000;19999;1.21;;;0.9;0.9;1;
150426;Освітлення, електрика > LED освітлення;4638351;Розумне освітлення;230133;Сучасний дім;1;;5;20000;99999;1.18;;;0.9;0.9;1;
150426;Освітлення, електрика > LED освітлення;4638351;Розумне освітлення;230133;Сучасний дім;1;;3;100000;999999999;1.16;;;0.9;0.9;1;
30816;Спецодяг та взуття > Робочі рукавички;4581483;Рукавички господарські;2394287;Товари для дому;gap:3547641;;18;0;999;1.38;;;0.9;0.9;1;
30816;Спецодяг та взуття > Робочі рукавички;4581483;Рукавички господарські;3547641;Господарський інвентар;2;;15;1000;4999;1.33;;;0.9;0.9;1;
30816;Спецодяг та взуття > Робочі рукавички;4581483;Рукавички господарські;3547641;Господарський інвентар;2;;10;5000;9999;1.25;;;0.9;0.9;1;
30816;Спецодяг та взуття > Робочі рукавички;4581483;Рукавички господарські;3547641;Господарський інвентар;2;;7;10000;19999;1.21;;;0.9;0.9;1;
30816;Спецодяг та взуття > Робочі рукавички;4581483;Рукавички господарські;3547641;Господарський інвентар;2;;5;20000;999999999;1.18;;;0.9;0.9;1;
150405;Висвітлення, електрика > Промислове освітлення;4659470;Прожектори;4628418;Сантехніка та ремонт;gap:230134;;18;0;1999;1.38;;;0.9;0.9;1;
150405;Висвітлення, електрика > Промислове освітлення;4659470;Прожектори;230134;Освітлення;1;;15;2000;3999;1.33;;;0.9;0.9;1;
150405;Висвітлення, електрика > Промислове освітлення;4659470;Прожектори;230134;Освітлення;1;;10;4000;9999;1.25;;;0.9;0.9;1;
150405;Висвітлення, електрика > Промислове освітлення;4659470;Прожектори;230134;Освітлення;1;;7;10000;19999;1.21;;;0.9;0.9;1;
150405;Висвітлення, електрика > Промислове освітлення;4659470;Прожектори;230134;Освітлення;1;;5;20000;99999;1.18;;;0.9;0.9;1;
150405;Висвітлення, електрика > Промислове освітлення;4659470;Прожектори;230134;Освітлення;1;;3;100000;999999999;1.16;;;0.9;0.9;1;
150417;Освітлення, електрика > Офісно-торгове освітлення;4675174;Стельові світильники;4628418;Сантехніка та ремонт;gap:230134;;18;0;1999;1.38;;;0.9;0.9;1;
150417;Освітлення, електрика > Офісно-торгове освітлення;4675174;Стельові світильники;230134;Освітлення;2;;15;2000;3999;1.33;;;0.9;0.9;1;
150417;Освітлення, електрика > Офісно-торгове освітлення;4675174;Стельові світильники;230134;Освітлення;2;;10;4000;9999;1.25;;;0.9;0.9;1;
150417;Освітлення, електрика > Офісно-торгове освітлення;4675174;Стельові світильники;230134;Освітлення;2;;7;10000;19999;1.21;;;0.9;0.9;1;
150417;Освітлення, електрика > Офісно-торгове освітлення;4675174;Стельові світильники;230134;Освітлення;2;;5;20000;99999;1.18;;;0.9;0.9;1;
150417;Освітлення, електрика > Офісно-торгове освітлення;4675174;Стельові світильники;230134;Освітлення;2;;3;100000;999999999;1.16;;;0.9;0.9;1;
151405;Прибирання > Щітки та скребки для збирання;4653486;Віники та щітки;2394287;Товари для дому;gap:3547641;;18;0;999;1.38;;;0.9;0.9;1;
151405;Прибирання > Щітки та скребки для збирання;4653486;Віники та щітки;3547641;Господарський інвентар;2;;15;1000;4999;1.33;;;0.9;0.9;1;
151405;Прибирання > Щітки та скребки для збирання;4653486;Віники та щітки;3547641;Господарський інвентар;2;;10;5000;9999;1.25;;;0.9;0.9;1;
151405;Прибирання > Щітки та скребки для збирання;4653486;Віники та щітки;3547641;Господарський інвентар;2;;7;10000;19999;1.21;;;0.9;0.9;1;
151405;Прибирання > Щітки та скребки для збирання;4653486;Віники та щітки;3547641;Господарський інвентар;2;;5;20000;999999999;1.18;;;0.9;0.9;1;
14200610;Датчики > Датчики безконтактні;235372;Датчики;4627949;Смартфони, ТВ і електроніка;gap:235355;;22;0;1999;1.45;;;0.9;0.9;1;
14200610;Датчики > Датчики безконтактні;235372;Датчики;235355;Сигналізація;1;;12;2000;6999;1.28;;;0.9;0.9;1;
14200610;Датчики > Датчики безконтактні;235372;Датчики;235355;Сигналізація;1;;10;7000;13999;1.25;;;0.9;0.9;1;
14200610;Датчики > Датчики безконтактні;235372;Датчики;235355;Сигналізація;1;;7;14000;19999;1.21;;;0.9;0.9;1;
14200610;Датчики > Датчики безконтактні;235372;Датчики;235355;Сигналізація;1;;5;20000;99999;1.18;;;0.9;0.9;1;
14200610;Датчики > Датчики безконтактні;235372;Датчики;235355;Сигналізація;1;;3;100000;999999999;1.16;;;0.9;0.9;1;
301011;Аксессуары и фурнитура для окон и дверей > Защелки;4650447;Електромеханічні клямки;4627851;Товари для бізнесу;4;;18;;;1.38;;;0.9;0.9;1;
301011;Аксессуары и фурнитура для окон и дверей > Защелки;4650447;Електромеханічні клямки;4627851;Товари для бізнесу;4;;12;4000;7999;1.28;;;0.9;0.9;1;
301011;Аксессуары и фурнитура для окон и дверей > Защелки;4650447;Електромеханічні клямки;4627851;Товари для бізнесу;4;;7;8000;19999;1.21;;;0.9;0.9;1;
301011;Аксессуары и фурнитура для окон и дверей > Защелки;4650447;Електромеханічні клямки;4627851;Товари для бізнесу;4;;5;20000;99999;1.18;;;0.9;0.9;1;
301011;Аксессуары и фурнитура для окон и дверей > Защелки;4650447;Електромеханічні клямки;4627851;Товари для бізнесу;4;;3;100000;999999999;1.16;;;0.9;0.9;1;
5505;Авто - мото > Електромобільні зарядні пристрої та станції;3510492;Акумулятори та зарядні пристрої для інструменту і садової техніки;4660244;Електроінструмент;1;;15;;;1.33;;;0.9;0.9;1;
5505;Авто - мото > Електромобільні зарядні пристрої та станції;3510492;Акумулятори та зарядні пристрої для інструменту і садової техніки;4660244;Електроінструмент;1;;10;3000;9999;1.25;;;0.9;0.9;1;
5505;Авто - мото > Електромобільні зарядні пристрої та станції;3510492;Акумулятори та зарядні пристрої для інструменту і садової техніки;4660244;Електроінструмент;1;;7;10000;19999;1.21;;;0.9;0.9;1;
5505;Авто - мото > Електромобільні зарядні пристрої та станції;3510492;Акумулятори та зарядні пристрої для інструменту і садової техніки;4660244;Електроінструмент;1;;5;20000;999999999;1.18;;;0.9;0.9;1;
1250308;Інструмент для скошування трави > Газонокосарки;155072;Газонокосарки;152459;Садова техніка;1;;15;;;1.33;;;0.9;0.9;1;
1250308;Інструмент для скошування трави > Газонокосарки;155072;Газонокосарки;152459;Садова техніка;1;;10;3000;9999;1.25;;;0.9;0.9;1;
1250308;Інструмент для скошування трави > Газонокосарки;155072;Газонокосарки;152459;Садова техніка;1;;7;10000;19999;1.21;;;0.9;0.9;1;
1250308;Інструмент для скошування трави > Газонокосарки;155072;Газонокосарки;152459;Садова техніка;1;;5;20000;999999999;1.18;;;0.9;0.9;1;
613;Прибирання > Освіжувачі повітря;4632068;Освіжувачі повітря;2394287;Товари для дому;gap:4429255;;18;0;999;1.38;;;0.9;0.9;1;
613;Прибирання > Освіжувачі повітря;4632068;Освіжувачі повітря;4429255;Побутова хімія;2;;15;1000;3999;1.33;;;0.9;0.9;1;
613;Прибирання > Освіжувачі повітря;4632068;Освіжувачі повітря;4429255;Побутова хімія;2;;10;4000;9999;1.25;;;0.9;0.9;1;
613;Прибирання > Освіжувачі повітря;4632068;Освіжувачі повітря;4429255;Побутова хімія;2;;7;10000;999999999;1.21;;;0.9;0.9;1;
190402;Строительный измерительный инструмент > Лазерные нивелиры, уровни, сканеры;4672248;Нівеліри;2577232;Інструменти й обладнання;2;;18;;;1.38;;;0.9;0.9;1;
190402;Строительный измерительный инструмент > Лазерные нивелиры, уровни, сканеры;4672248;Нівеліри;2577232;Інструменти й обладнання;2;;10;5000;9999;1.25;;;0.9;0.9;1;
190402;Строительный измерительный инструмент > Лазерные нивелиры, уровни, сканеры;4672248;Нівеліри;2577232;Інструменти й обладнання;2;;7;10000;19999;1.21;;;0.9;0.9;1;
190402;Строительный измерительный инструмент > Лазерные нивелиры, уровни, сканеры;4672248;Нівеліри;2577232;Інструменти й обладнання;2;;5;20000;99999;1.18;;;0.9;0.9;1;
190402;Строительный измерительный инструмент > Лазерные нивелиры, уровни, сканеры;4672248;Нівеліри;2577232;Інструменти й обладнання;2;;3;100000;999999999;1.16;;;0.9;0.9;1;
300410;Система умный дом > Системы видеонаблюдения;237612;Комплекти відеоспостереження;237067;Відеоспостереження;1;;20;;;1.41;;;0.9;0.9;1;
300410;Система умный дом > Системы видеонаблюдения;237612;Комплекти відеоспостереження;237067;Відеоспостереження;1;;15;2000;6999;1.33;;;0.9;0.9;1;
300410;Система умный дом > Системы видеонаблюдения;237612;Комплекти відеоспостереження;237067;Відеоспостереження;1;;10;7000;13999;1.25;;;0.9;0.9;1;
300410;Система умный дом > Системы видеонаблюдения;237612;Комплекти відеоспостереження;237067;Відеоспостереження;1;;7;14000;19999;1.21;;;0.9;0.9;1;
300410;Система умный дом > Системы видеонаблюдения;237612;Комплекти відеоспостереження;237067;Відеоспостереження;1;;5;20000;99999;1.18;;;0.9;0.9;1;
300410;Система умный дом > Системы видеонаблюдения;237612;Комплекти відеоспостереження;237067;Відеоспостереження;1;;3;100000;999999999;1.16;;;0.9;0.9;1;
420507;Метрический крепеж > Шайбы, гровер;4668835;Шайби;4628418;Сантехніка та ремонт;gap:4639424;;18;0;1999;1.38;;;0.9;0.9;1;
420507;Метрический крепеж > Шайбы, гровер;4668835;Шайби;4639424;Будівельні матеріали;2;;15;2000;4999;1.33;;;0.9;0.9;1;
420507;Метрический крепеж > Шайбы, гровер;4668835;Шайби;4639424;Будівельні матеріали;2;;10;5000;9999;1.25;;;0.9;0.9;1;
420507;Метрический крепеж > Шайбы, гровер;4668835;Шайби;4639424;Будівельні матеріали;2;;7;10000;19999;1.21;;;0.9;0.9;1;
420507;Метрический крепеж > Шайбы, гровер;4668835;Шайби;4639424;Будівельні матеріали;2;;5;20000;99999;1.18;;;0.9;0.9;1;
420507;Метрический крепеж > Шайбы, гровер;4668835;Шайби;4639424;Будівельні матеріали;2;;3;100000;999999999;1.16;;;0.9;0.9;1;
420512;Метрический крепеж > Крепежные винты;4668799;Гвинти;4628418;Сантехніка та ремонт;gap:4639424;;18;0;1999;1.38;;;0.9;0.9;1;
420512;Метрический крепеж > Крепежные винты;4668799;Гвинти;4639424;Будівельні матеріали;2;;15;2000;4999;1.33;;;0.9;0.9;1;
420512;Метрический крепеж > Крепежные винты;4668799;Гвинти;4639424;Будівельні матеріали;2;;10;5000;9999;1.25;;;0.9;0.9;1;
420512;Метрический крепеж > Крепежные винты;4668799;Гвинти;4639424;Будівельні матеріали;2;;7;10000;19999;1.21;;;0.9;0.9;1;
420512;Метрический крепеж > Крепежные винты;4668799;Гвинти;4639424;Будівельні матеріали;2;;5;20000;99999;1.18;;;0.9;0.9;1;
420512;Метрический крепеж > Крепежные винты;4668799;Гвинти;4639424;Будівельні матеріали;2;;3;100000;999999999;1.16;;;0.9;0.9;1;
620;Приборы измерения времени > Таймеры;4673188;Таймери і реле часу;2577232;Інструменти й обладнання;3;;18;;;1.38;;;0.9;0.9;1;
620;Приборы измерения времени > Таймеры;4673188;Таймери і реле часу;2577232;Інструменти й обладнання;3;;10;5000;9999;1.25;;;0.9;0.9;1;
620;Приборы измерения времени > Таймеры;4673188;Таймери і реле часу;2577232;Інструменти й обладнання;3;;7;10000;19999;1.21;;;0.9;0.9;1;
620;Приборы измерения времени > Таймеры;4673188;Таймери і реле часу;2577232;Інструменти й обладнання;3;;5;20000;99999;1.18;;;0.9;0.9;1;
620;Приборы измерения времени > Таймеры;4673188;Таймери і реле часу;2577232;Інструменти й обладнання;3;;3;100000;999999999;1.16;;;0.9;0.9;1;
5092905;Монтажное оборудование > Элементы крепежа кабеля;4672758;Кріплення для проводів;2577232;Інструменти й обладнання;2;;18;;;1.38;;;0.9;0.9;1;
5092905;Монтажное оборудование > Элементы крепежа кабеля;4672758;Кріплення для проводів;2577232;Інструменти й обладнання;2;;10;5000;9999;1.25;;;0.9;0.9;1;
5092905;Монтажное оборудование > Элементы крепежа кабеля;4672758;Кріплення для проводів;2577232;Інструменти й обладнання;2;;7;10000;19999;1.21;;;0.9;0.9;1;
5092905;Монтажное оборудование > Элементы крепежа кабеля;4672758;Кріплення для проводів;2577232;Інструменти й обладнання;2;;5;20000;99999;1.18;;;0.9;0.9;1;
5092905;Монтажное оборудование > Элементы крепежа кабеля;4672758;Кріплення для проводів;2577232;Інструменти й обладнання;2;;3;100000;999999999;1.16;;;0.9;0.9;1;
13100606;Запорная арматура > Шаровые, пробковые краны;4629734;Запірна та запобіжна арматура;4628418;Сантехніка та ремонт;gap:80106;;18;0;1999;1.38;;;0.9;0.9;1;
13100606;Запорная арматура > Шаровые, пробковые краны;4629734;Запірна та запобіжна арматура;80106;Сантехніка та меблі для ванної;2;;15;2000;6999;1.33;;;0.9;0.9;1;
13100606;Запорная арматура > Шаровые, пробковые краны;4629734;Запірна та запобіжна арматура;80106;Сантехніка та меблі для ванної;2;;10;7000;9999;1.25;;;0.9;0.9;1;
13100606;Запорная арматура > Шаровые, пробковые краны;4629734;Запірна та запобіжна арматура;80106;Сантехніка та меблі для ванної;2;;7;10000;19999;1.21;;;0.9;0.9;1;
13100606;Запорная арматура > Шаровые, пробковые краны;4629734;Запірна та запобіжна арматура;80106;Сантехніка та меблі для ванної;2;;5;20000;99999;1.18;;;0.9;0.9;1;
13100606;Запорная арматура > Шаровые, пробковые краны;4629734;Запірна та запобіжна арматура;80106;Сантехніка та меблі для ванної;2;;3;100000;999999999;1.16;;;0.9;0.9;1;
13240402;Бытовая очистка воды > Бытовые проточные фильтры;196455;Фільтри для питної води;4628418;Сантехніка та ремонт;gap:149287;;18;0;4999;1.38;;;0.9;0.9;1;
13240402;Бытовая очистка воды > Бытовые проточные фильтры;196455;Фільтри для питної води;149287;Фільтри для води;1;;15;5000;9999;1.33;;;0.9;0.9;1;
13240402;Бытовая очистка воды > Бытовые проточные фильтры;196455;Фільтри для питної води;149287;Фільтри для води;1;;7;10000;19999;1.21;;;0.9;0.9;1;
13240402;Бытовая очистка воды > Бытовые проточные фильтры;196455;Фільтри для питної води;149287;Фільтри для води;1;;5;20000;49999;1.18;;;0.9;0.9;1;
13240402;Бытовая очистка воды > Бытовые проточные фильтры;196455;Фільтри для питної води;149287;Фільтри для води;1;;3;50000;999999999;1.16;;;0.9;0.9;1;
14172702;Электрические пилы > Ручные торцовочные пилы;4668859;Торцювальні пили;4660244;Електроінструмент;1;;15;;;1.33;;;0.9;0.9;1;
14172702;Электрические пилы > Ручные торцовочные пилы;4668859;Торцювальні пили;4660244;Електроінструмент;1;;10;3000;9999;1.25;;;0.9;0.9;1;
14172702;Электрические пилы > Ручные торцовочные пилы;4668859;Торцювальні пили;4660244;Електроінструмент;1;;7;10000;19999;1.21;;;0.9;0.9;1;
14172702;Электрические пилы > Ручные торцовочные пилы;4668859;Торцювальні пили;4660244;Електроінструмент;1;;5;20000;999999999;1.18;;;0.9;0.9;1;
2010;Надувная мебель > Надувные матрасы;83646;Надувні меблі й аксесуари;4627893;Спорт і захоплення;gap:82411;;18;0;3999;1.38;;;0.9;0.9;1;
2010;Надувная мебель > Надувные матрасы;83646;Надувні меблі й аксесуари;82411;Туризм і кемпінг;1;;12;4000;19999;1.28;;;0.9;0.9;1;
2010;Надувная мебель > Надувные матрасы;83646;Надувні меблі й аксесуари;82411;Туризм і кемпінг;1;;7;20000;44999;1.21;;;0.9;0.9;1;
2010;Надувная мебель > Надувные матрасы;83646;Надувні меблі й аксесуари;82411;Туризм і кемпінг;1;;5;45000;99999;1.18;;;0.9;0.9;1;
2010;Надувная мебель > Надувные матрасы;83646;Надувні меблі й аксесуари;82411;Туризм і кемпінг;1;;3;100000;999999999;1.16;;;0.9;0.9;1;
52810;Батареи и аккумуляторы > Батарейные, аккумуляторные отсеки;4670096;Аксесуари для акумуляторів;4630454;Автозапчастини;2;;13;;;1.29;;;0.9;0.9;1;
52810;Батареи и аккумуляторы > Батарейные, аккумуляторные отсеки;4670096;Аксесуари для акумуляторів;4630454;Автозапчастини;2;;7;3000;9999;1.21;;;0.9;0.9;1;
52810;Батареи и аккумуляторы > Батарейные, аккумуляторные отсеки;4670096;Аксесуари для акумуляторів;4630454;Автозапчастини;2;;5;10000;19999;1.18;;;0.9;0.9;1;
52810;Батареи и аккумуляторы > Батарейные, аккумуляторные отсеки;4670096;Аксесуари для акумуляторів;4630454;Автозапчастини;2;;3;20000;999999999;1.16;;;0.9;0.9;1;
70711;Комплектующие для компьютерной техники > Блоки питания для компьютеров;80086;Блоки живлення;80026;Комп'ютерні комплектуючі;1;;5;;;1.18;;;0.9;0.9;1;
120201;Электрооборудование автомобилей > Автомобильные аккумуляторы;4644136;Автомобільні акумулятори;4630454;Автозапчастини;2;;13;;;1.29;;;0.9;0.9;1;
120201;Электрооборудование автомобилей > Автомобильные аккумуляторы;4644136;Автомобільні акумулятори;4630454;Автозапчастини;2;;7;3000;9999;1.21;;;0.9;0.9;1;
120201;Электрооборудование автомобилей > Автомобильные аккумуляторы;4644136;Автомобільні акумулятори;4630454;Автозапчастини;2;;5;10000;19999;1.18;;;0.9;0.9;1;
120201;Электрооборудование автомобилей > Автомобильные аккумуляторы;4644136;Автомобільні акумулятори;4630454;Автозапчастини;2;;3;20000;999999999;1.16;;;0.9;0.9;1;
141506;Отопление > Тепловые насосы;4632993;Теплові насоси;4632993;Теплові насоси;0;;5;;;1.18;;;0.9;0.9;1;
141506;Отопление > Тепловые насосы;4632993;Теплові насоси;4632993;Теплові насоси;0;;4;27000;91999;1.17;;;0.9;0.9;1;
141506;Отопление > Тепловые насосы;4632993;Теплові насоси;4632993;Теплові насоси;0;;3;92000;999999999;1.16;;;0.9;0.9;1;
6371101;Аудиотехника и аксессуары > Портативные колонки;4671531;Портативні колонки;4671531;Портативні колонки;0;;17;;;1.36;;;0.9;0.9;1;
6371101;Аудиотехника и аксессуары > Портативные колонки;4671531;Портативні колонки;4671531;Портативні колонки;0;Panasonic;10;;;1.25;;;0.9;0.9;1;
6371101;Аудиотехника и аксессуары > Портативные колонки;4671531;Портативні колонки;4671531;Портативні колонки;0;Sony;10;;;1.25;;;0.9;0.9;1;
6371101;Аудиотехника и аксессуары > Портативные колонки;4671531;Портативні колонки;4671531;Портативні колонки;0;JBL;10;;;1.25;;;0.9;0.9;1;
6371101;Аудиотехника и аксессуары > Портативные колонки;4671531;Портативні колонки;4671531;Портативні колонки;0;Harman/Kardon;10;;;1.25;;;0.9;0.9;1;
6371101;Аудиотехника и аксессуары > Портативные колонки;4671531;Портативні колонки;4671531;Портативні колонки;0;Technics;8;;;1.22;;;0.9;0.9;1;
6371101;Аудиотехника и аксессуары > Портативные колонки;4671531;Портативні колонки;4671531;Портативні колонки;0;Marshall;10;;;1.25;;;0.9;0.9;1;
6371101;Аудиотехника и аксессуары > Портативные колонки;4671531;Портативні колонки;4671531;Портативні колонки;0;Denon;12;;;1.28;;;0.9;0.9;1;
6371101;Аудиотехника и аксессуары > Портативные колонки;4671531;Портативні колонки;4671531;Портативні колонки;0;Polaroid;10;;;1.25;;;0.9;0.9;1;
6371101;Аудиотехника и аксессуары > Портативные колонки;4671531;Портативні колонки;4671531;Портативні колонки;0;Bang & Olufsen;8;;;1.22;;;0.9;0.9;1;
6371101;Аудиотехника и аксессуары > Портативные колонки;4671531;Портативні колонки;4671531;Портативні колонки;0;Jarre;8;;;1.22;;;0.9;0.9;1;
6371101;Аудиотехника и аксессуары > Портативные колонки;4671531;Портативні колонки;4671531;Портативні колонки;0;DreamWave;8;;;1.22;;;0.9;0.9;1;
6371101;Аудиотехника и аксессуары > Портативные колонки;4671531;Портативні колонки;4671531;Портативні колонки;0;Bose;10;;;1.25;;;0.9;0.9;1;
6371101;Аудиотехника и аксессуары > Портативные колонки;4671531;Портативні колонки;4671531;Портативні колонки;0;Sonos;8;;;1.22;;;0.9;0.9;1;
6371101;Аудиотехника и аксессуары > Портативные колонки;4671531;Портативні колонки;4671531;Портативні колонки;0;Naim;8;;;1.22;;;0.9;0.9;1;
6371101;Аудиотехника и аксессуары > Портативные колонки;4671531;Портативні колонки;4671531;Портативні колонки;0;Astell&Kern;8;;;1.22;;;0.9;0.9;1;
6371101;Аудиотехника и аксессуары > Портативные колонки;4671531;Портативні колонки;4671531;Портативні колонки;0;K-array;8;;;1.22;;;0.9;0.9;1;
14200312;Бытовая техника для дома > Роботы для мойки окон;4631270;Віконні пилососи;80025;Побутова техніка, інтер'єр;gap:435964;;18;0;5999;1.38;;;0.9;0.9;1;
14200312;Бытовая техника для дома > Роботы для мойки окон;4631270;Віконні пилососи;435964;Товари для догляду за домом і одягом;2;;7;6000;9999;1.21;;;0.9;0.9;1;
14200312;Бытовая техника для дома > Роботы для мойки окон;4631270;Віконні пилососи;435964;Товари для догляду за домом і одягом;2;;5;10000;99999;1.18;;;0.9;0.9;1;
14200312;Бытовая техника для дома > Роботы для мойки окон;4631270;Віконні пилососи;435964;Товари для догляду за домом і одягом;2;;3;100000;999999999;1.16;;;0.9;0.9;1;
14650206;Промышленные кондиционеры > Фанкойлы;4634449;Електричні конвектори;80079;Кліматична техніка;gap:80192;;13;0;10999;1.29;;;0.9;0.9;1;
14650206;Промышленные кондиционеры > Фанкойлы;4634449;Електричні конвектори;80192;Обігрівачі;2;;4;11000;16999;1.17;;;0.9;0.9;1;
14650206;Промышленные кондиционеры > Фанкойлы;4634449;Електричні конвектори;80192;Обігрівачі;2;;3;17000;999999999;1.16;;;0.9;0.9;1;
190408;Оптические приборы и системы > Технические эндоскопы, видеоскопы;4654244;Ендоскопи автомобільні;4627858;Авто і мото товари;3;;18;;;1.38;;;0.9;0.9;1;
153705;Оптические приборы и системы > Оптические нивелиры;4672248;Нівеліри;2577232;Інструменти й обладнання;2;;18;;;1.38;;;0.9;0.9;1;
153705;Оптические приборы и системы > Оптические нивелиры;4672248;Нівеліри;2577232;Інструменти й обладнання;2;;10;5000;9999;1.25;;;0.9;0.9;1;
153705;Оптические приборы и системы > Оптические нивелиры;4672248;Нівеліри;2577232;Інструменти й обладнання;2;;7;10000;19999;1.21;;;0.9;0.9;1;
153705;Оптические приборы и системы > Оптические нивелиры;4672248;Нівеліри;2577232;Інструменти й обладнання;2;;5;20000;99999;1.18;;;0.9;0.9;1;
153705;Оптические приборы и системы > Оптические нивелиры;4672248;Нівеліри;2577232;Інструменти й обладнання;2;;3;100000;999999999;1.16;;;0.9;0.9;1;
420506;Крепежные изделия > Шурупы, саморезы;4668841;Шурупи;4628418;Сантехніка та ремонт;gap:4639424;;18;0;1999;1.38;;;0.9;0.9;1;
420506;Крепежные изделия > Шурупы, саморезы;4668841;Шурупи;4639424;Будівельні матеріали;2;;15;2000;4999;1.33;;;0.9;0.9;1;
420506;Крепежные изделия > Шурупы, саморезы;4668841;Шурупи;4639424;Будівельні матеріали;2;;10;5000;9999;1.25;;;0.9;0.9;1;
420506;Крепежные изделия > Шурупы, саморезы;4668841;Шурупи;4639424;Будівельні матеріали;2;;7;10000;19999;1.21;;;0.9;0.9;1;
420506;Крепежные изделия > Шурупы, саморезы;4668841;Шурупи;4639424;Будівельні матеріали;2;;5;20000;99999;1.18;;;0.9;0.9;1;
420506;Крепежные изделия > Шурупы, саморезы;4668841;Шурупи;4639424;Будівельні матеріали;2;;3;100000;999999999;1.16;;;0.9;0.9;1;
14190603;Выключатели технические > Рубильники;4674642;Високовольтні вимикачі навантаження;2577232;Інструменти й обладнання;3;;18;;;1.38;;;0.9;0.9;1;
14190603;Выключатели технические > Рубильники;4674642;Високовольтні вимикачі навантаження;2577232;Інструменти й обладнання;3;;10;5000;9999;1.25;;;0.9;0.9;1;
14190603;Выключатели технические > Рубильники;4674642;Високовольтні вимикачі навантаження;2577232;Інструменти й обладнання;3;;7;10000;19999;1.21;;;0.9;0.9;1;
14190603;Выключатели технические > Рубильники;4674642;Високовольтні вимикачі навантаження;2577232;Інструменти й обладнання;3;;5;20000;99999;1.18;;;0.9;0.9;1;
14190603;Выключатели технические > Рубильники;4674642;Високовольтні вимикачі навантаження;2577232;Інструменти й обладнання;3;;3;100000;999999999;1.16;;;0.9;0.9;1;
14201612;Электроинструмент > Электрические краскопульты;154981;Фарбопульти;2577232;Інструменти й обладнання;2;;18;;;1.38;;;0.9;0.9;1;
14201612;Электроинструмент > Электрические краскопульты;154981;Фарбопульти;2577232;Інструменти й обладнання;2;;10;5000;9999;1.25;;;0.9;0.9;1;
14201612;Электроинструмент > Электрические краскопульты;154981;Фарбопульти;2577232;Інструменти й обладнання;2;;7;10000;19999;1.21;;;0.9;0.9;1;
14201612;Электроинструмент > Электрические краскопульты;154981;Фарбопульти;2577232;Інструменти й обладнання;2;;5;20000;99999;1.18;;;0.9;0.9;1;
14201612;Электроинструмент > Электрические краскопульты;154981;Фарбопульти;2577232;Інструменти й обладнання;2;;3;100000;999999999;1.16;;;0.9;0.9;1;
150411;Освещение, электрика > Аварийное освещение;4654090;Засоби аварійної безпеки;4627858;Авто і мото товари;gap:1735862;;18;0;1999;1.38;;;;;;
150411;Освещение, электрика > Аварийное освещение;4654090;Засоби аварійної безпеки;1735862;Техдопомога;1;;12;2000;6999;1.28;;;;;;
150411;Освещение, электрика > Аварийное освещение;4654090;Засоби аварійної безпеки;1735862;Техдопомога;1;;10;7000;11999;1.25;;;;;;
150411;Освещение, электрика > Аварийное освещение;4654090;Засоби аварійної безпеки;1735862;Техдопомога;1;;7;12000;999999999;1.21;;;;;;
