№;Ідентифікатор_підрозділу;Посилання_підрозділу;Тип устройства;universal_phrases_ru;universal_phrases_ua;base_keyword_ru;base_keyword_ua;allowed_specs
1;15230411;https://prom.ua/ua/Kuhonnye-vesy;Ваги кухонні;"кухонные весы, весы для кухни, электронные весы кухонные, весы цифровые кухонные, весы для продуктов, весы бытовые кухонные, весы точные кухонные, весы для приготовления, весы компактные кухонные, весы универсальные кухонные";"ваги кухонні, ваги для кухні, електронні ваги кухонні, ваги цифрові кухонні, ваги для продуктів, ваги побутові кухонні, ваги точні кухонні, ваги для приготування, ваги компактні кухонні, ваги універсальні кухонні";кухонные весы;ваги кухонні;"Виробник, Тип устройства"
2;302303;https://prom.ua/ua/Priemno-kontrolnye-pribory-i-pribory-upravleniya;Хаб;"умный хаб, центр управления умным домом, хаб для умного дома, шлюз умного дома, контроллер умного дома, smart hub, хаб устройство, централь управления, хаб для устройств, хаб система";"розумний хаб, центр керування розумним домом, хаб для розумного дому, шлюз розумного дому, контролер розумного дому, smart hub, хаб пристрій, центр керування, хаб для пристроїв, хаб система";умный хаб;розумний хаб;"Виробник, Тип устройства"
3;410612;https://prom.ua/ua/Nastennye-vyklyuchateli;Діммер (світлорегулятор);"диммер, светорегулятор, регулятор яркости света, диммер для лампы, диммер освещения, регулятор света, диммер настенный, диммер электронный, диммер для дома, диммер управление светом";"діммер, світлорегулятор, регулятор яскравості світла, діммер для лампи, діммер освітлення, регулятор світла, діммер настінний, діммер електронний, діммер для дому, діммер керування світлом";диммер;діммер;"Виробник, Тип устройства"
4;153504;https://prom.ua/ua/Datchiki-dlya-umnogo;Датчик присутності;"датчик присутствия, сенсор движения, датчик движения, датчик присутствия человека, датчик для дома, датчик сигнализации, сенсор активности, датчик охранный, датчик умный дом, датчик безопасности";"датчик присутності, сенсор руху, датчик руху, датчик присутності людини, датчик для дому, датчик сигналізації, сенсор активності, датчик охоронний, датчик розумного дому, датчик безпеки";датчик присутствия;датчик присутності;"Виробник, Тип устройства"
5;300418;https://prom.ua/ua/Sistemy-zashchity-ot-potopa;Датчик витоку води;"датчик протечки воды, датчик утечки воды, сенсор протечки, датчик воды, датчик защиты от протечек, датчик сигнализации воды, датчик для дома вода, датчик безопасности вода, датчик умный дом вода, датчик контроля воды";"датчик витоку води, датчик протікання води, сенсор протікання, датчик води, датчик захисту від протікання, датчик сигналізації води, датчик для дому вода, датчик безпеки вода, датчик розумного дому вода, датчик контролю води";датчик протечки воды;датчик витоку води;"Виробник, Тип устройства"
6;300921;https://prom.ua/ua/Pozharnye-izveschateli;Датчик диму+хаб;"датчик дыма с хабом, датчик дыма комплект, пожарный датчик с хабом, датчик дыма умный дом, сенсор дыма с хабом, комплект пожарной сигнализации, датчик дыма система, датчик дыма централь, датчик дыма беспроводной комплект, датчик дыма сигнализация";"датчик диму з хабом, датчик диму комплект, пожежний датчик з хабом, датчик диму розумний дім, сенсор диму з хабом, комплект пожежної сигналізації, датчик диму система, датчик диму централь, датчик диму бездротовий комплект, датчик диму сигналізація";датчик дыма с хабом;датчик диму з хабом;"Виробник, Тип устройства"
7;14200612;https://prom.ua/ua/Datchiki-vlazhnosti-i-temperatury;Датчик температура/вологість+хаб;"датчик температуры и влажности с хабом, сенсор температуры и влажности комплект, датчик климата с хабом, датчик температуры комплект, датчик влажности комплект, датчик умный дом климат, датчик температуры система, датчик влажности система, климатический датчик комплект, датчик среды с хабом";"датчик температури і вологості з хабом, сенсор температури і вологості комплект, датчик клімату з хабом, датчик температури комплект, датчик вологості комплект, датчик розумного дому клімат, датчик температури система, датчик вологості система, кліматичний датчик комплект, датчик середовища з хабом";датчик температуры и влажности с хабом;датчик температури і вологості з хабом;"Виробник, Тип устройства"
8;14200612;https://prom.ua/ua/Datchiki-vlazhnosti-i-temperatury;Датчик температура+вологість;"датчик температуры и влажности, сенсор температуры и влажности, датчик климата, датчик температуры воздуха, датчик влажности воздуха, датчик умный дом климат, датчик среды, датчик комнатный климат, датчик температуры бытовой, датчик влажности бытовой";"датчик температури і вологості, сенсор температури і вологості, датчик клімату, датчик температури повітря, датчик вологості повітря, датчик розумного дому клімат, датчик середовища, датчик кімнатний клімат, датчик температури побутовий, датчик вологості побутовий";датчик температуры и влажности;датчик температури і вологості;"Виробник, Тип устройства"
9;14200610;https://prom.ua/ua/Datchiki-beskontaktnye;Датчик відкриття;"датчик открытия, датчик открытия двери, датчик открытия окна, сенсор открытия, датчик двери сигнализации, датчик окна сигнализации, датчик умный дом дверь, датчик безопасности дверь, датчик магнитный открытия, датчик контроля открытия";"датчик відкриття, датчик відкриття дверей, датчик відкриття вікна, сенсор відкриття, датчик дверей сигналізації, датчик вікна сигналізації, датчик розумного дому двері, датчик безпеки двері, датчик магнітний відкриття, датчик контролю відкриття";датчик открытия;датчик відкриття;"Виробник, Тип устройства"
10;15380301;https://prom.ua/ua/Mehanizmy-dlya-avtomaticheskih-dverej;Пристрій відкриття гаражних дверей;"устройство открытия гаражных ворот, контроллер гаражных ворот, автоматическое открытие гаража, привод гаражных ворот, управление гаражом, устройство для ворот гаража, система открытия гаража, контроллер двери гаража, устройство гараж автомат, модуль гаражных ворот";"пристрій відкриття гаражних воріт, контролер гаражних воріт, автоматичне відкриття гаража, привід гаражних воріт, керування гаражем, пристрій для воріт гаража, система відкриття гаража, контролер дверей гаража, пристрій гараж автомат, модуль гаражних воріт";устройство открытия гаражных ворот;пристрій відкриття гаражних воріт;"Виробник, Тип устройства"
11;120214;https://prom.ua/ua/Sistema-ohlazhdeniya;Термостат+хаб;"термостат с хабом, умный термостат комплект, термостат управление отоплением, термостат система, термостат умный дом, термостат с централью, термостат климат комплект, термостат регулировка температуры, термостат контроль отопления, термостат комплект система";"термостат з хабом, розумний термостат комплект, термостат керування опаленням, термостат система, термостат розумний дім, термостат з централлю, термостат клімат комплект, термостат регулювання температури, термостат контроль опалення, термостат комплект система";термостат с хабом;термостат з хабом;"Виробник, Тип устройства"
12;120214;https://prom.ua/ua/Sistema-ohlazhdeniya;Термостат для батареї;"термостат для радиатора, термостат батареи, термоголовка радиаторная, регулятор батареи, термостат отопления радиатор, термостат для дома отопление, термостат клапан батареи, термостат умный радиатор, регулятор температуры батареи, термостат радиаторный";"термостат для батареї, термостат радіатора, термоголовка радіаторна, регулятор батареї, термостат опалення радіатор, термостат для дому опалення, термостат клапан батареї, термостат розумний радіатор, регулятор температури батареї, термостат радіаторний";термостат для радиатора;термостат для батареї;"Виробник, Тип устройства"
13;120214;https://prom.ua/ua/Sistema-ohlazhdeniya;Термостат электрической системы отопления;"термостат электрического отопления, термостат теплый пол, терморегулятор электрический, регулятор температуры отопления, термостат для дома электрический, термостат управление отоплением, термостат система отопления, термостат настенный электрический, термостат климат контроль, термостат для теплого пола";"термостат електричної системи опалення, термостат тепла підлога, терморегулятор електричний, регулятор температури опалення, термостат для дому електричний, термостат керування опаленням, термостат система опалення, термостат настінний електричний, термостат клімат контроль, термостат для теплої підлоги";термостат электрического отопления;термостат електричного опалення;"Виробник, Тип устройства"
14;120214;https://prom.ua/ua/Sistema-ohlazhdeniya;Термостат водяної системи опалення;"термостат водяного отопления, термостат для котла, термостат отопления вода, регулятор температуры отопления, термостат для дома вода, термостат система отопления, термостат для радиаторов, термостат контроль отопления, термостат водяной системы, термостат для теплого пола вода";"термостат водяної системи опалення, термостат для котла, термостат опалення вода, регулятор температури опалення, термостат для дому вода, термостат система опалення, термостат для радіаторів, термостат контроль опалення, термостат водяної системи, термостат для теплої підлоги вода";термостат водяного отопления;термостат водяної системи опалення;"Виробник, Тип устройства"
15;53004;https://prom.ua/ua/Rozetki-elektricheskie;Розетка Wi-Fi;"умная розетка wifi, wifi розетка, розетка с управлением, розетка умный дом, розетка дистанционная, розетка с приложением, smart розетка, розетка с таймером, розетка управление по wifi, розетка интеллектуальная";"розетка wifi, розумна розетка wifi, wifi розетка, розетка з керуванням, розетка розумний дім, розетка дистанційна, розетка з додатком, smart розетка, розетка з таймером, розетка керування по wifi";умная розетка wifi;розумна розетка wifi;"Виробник, Тип устройства"
16;513;https://prom.ua/ua/Udliniteli-elektricheskie;Подовжувач живлення Wi-Fi;"умный удлинитель wifi, wifi сетевой фильтр, удлинитель с управлением, удлинитель умный дом, удлинитель с приложением, сетевой фильтр wifi, smart удлинитель, удлинитель с таймером, удлинитель дистанционный, удлинитель интеллектуальный";"подовжувач живлення wifi, розумний подовжувач wifi, wifi мережевий фільтр, подовжувач з керуванням, подовжувач розумний дім, подовжувач з додатком, smart подовжувач, подовжувач з таймером, подовжувач дистанційний, подовжувач інтелектуальний";умный удлинитель wifi;розумний подовжувач wifi;"Виробник, Тип устройства"
17;15040606;https://prom.ua/ua/Led-podsvetka-intererov;LED стрічка;"led лента, светодиодная лента, led подсветка, лента освещения, led лента для дома, светодиодная подсветка, лента rgb, led лента декоративная, лента освещения интерьер, led лента универсальная";"led стрічка, світлодіодна стрічка, led підсвітка, стрічка освітлення, led стрічка для дому, світлодіодна підсвітка, стрічка rgb, led стрічка декоративна, стрічка освітлення інтер'єр, led стрічка універсальна";led лента;led стрічка;"Виробник, Тип устройства"
18;15040608;https://prom.ua/ua/Umnye-svetilniki;Смарт лампочка;"умная лампочка, smart лампа, лампа wifi, лампа с управлением, лампа умный дом, лампа с приложением, лампа rgb, лампа интеллектуальная, лампа светодиодная умная, лампа дистанционная";"розумна лампочка, smart лампа, лампа wifi, лампа з керуванням, лампа розумний дім, лампа з додатком, лампа rgb, лампа інтелектуальна, лампа світлодіодна розумна, лампа дистанційна";умная лампочка;розумна лампочка;"Виробник, Тип устройства"
19;39050509;https://prom.ua/ua/Nastolnye-lampy;Настільна лампа;"настольная лампа, лампа настольная светодиодная, лампа для стола, лампа офисная, лампа для работы, лампа для учебы, лампа светильник настольный, лампа интерьерная, лампа освещения стола, лампа бытовая";"настільна лампа, лампа настільна світлодіодна, лампа для столу, лампа офісна, лампа для роботи, лампа для навчання, лампа світильник настільний, лампа інтер'єрна, лампа освітлення столу, лампа побутова";настольная лампа;настільна лампа;"Виробник, Тип устройства"
20;282992;https://prom.ua/ua/Lampy-lupy-kosmetologicheskie;Підлогова лампа трансформер;"напольная лампа трансформер, лампа торшер трансформер, лампа напольная регулируемая, лампа трансформируемая, торшер универсальный, лампа для дома напольная, лампа интерьерная напольная, лампа с регулировкой, лампа трансформер светильник, лампа многофункциональная";"підлогова лампа трансформер, лампа торшер трансформер, лампа підлогова регульована, лампа трансформована, торшер універсальний, лампа для дому підлогова, лампа інтер'єрна підлогова, лампа з регулюванням, лампа трансформер світильник, лампа багатофункціональна";напольная лампа трансформер;підлогова лампа трансформер;"Виробник, Тип устройства"
21;301105;https://prom.ua/ua/Kamery-videonablyudeniya;Розумна камера для домашніх тварин;"камера для животных, умная камера для питомцев, камера наблюдения для животных, камера для дома животные, камера с приложением питомцы, камера с видео для животных, камера контроль животных, smart камера питомцы, камера наблюдения дом, камера wifi для животных";"розумна камера для домашніх тварин, камера для тварин, камера спостереження для тварин, камера для дому тварини, камера з додатком тварини, камера з відео для тварин, камера контроль тварин, smart камера тварини, камера спостереження дім, камера wifi для тварин";камера для животных;розумна камера для домашніх тварин;"Виробник, Тип устройства"
22;64430;https://prom.ua/ua/Zapchasti-dlya-uvlazhnitelej-ochistitelej-vozduha;Набір фільтрів для очищувача;"набор фильтров для очистителя, фильтр для очистителя воздуха, комплект фильтров, фильтр сменный очиститель, фильтр воздух очистка, фильтр для дома воздух, фильтр система очистки, фильтр универсальный очиститель, фильтр комплект, фильтр для очистителя воздуха комплект";"набір фільтрів для очищувача, фільтр для очищувача повітря, комплект фільтрів, фільтр змінний очищувач, фільтр очищення повітря, фільтр для дому повітря, фільтр система очищення, фільтр універсальний очищувач, фільтр комплект, фільтр для очищувача повітря комплект";набор фильтров для очистителя;набір фільтрів для очищувача;"Виробник, Тип устройства"
23;613;https://prom.ua/ua/Osvezhiteli-vozduha;Аромадифузор;"аромадиффузор, диффузор ароматический, диффузор эфирных масел, ароматизатор воздуха, диффузор для дома, диффузор увлажнитель аромат, диффузор электрический, ароматический диффузор, диффузор ультразвуковой, диффузор интерьерный";"аромадифузор, дифузор ароматичний, дифузор ефірних олій, ароматизатор повітря, дифузор для дому, дифузор зволожувач аромат, дифузор електричний, ароматичний дифузор, дифузор ультразвуковий, дифузор інтер'єрний";аромадиффузор;аромадифузор;"Виробник, Тип устройства"
24;63023;https://prom.ua/ua/Robot-pylesos;Пилосос;"пылесос, пылесос для дома, пылесос бытовой, пылесос электрический, пылесос для уборки, пылесос универсальный, пылесос мощный, пылесос компактный, пылесос для квартиры, пылесос для пола";"пилосос, пилосос для дому, пилосос побутовий, пилосос електричний, пилосос для прибирання, пилосос універсальний, пилосос потужний, пилосос компактний, пилосос для квартири, пилосос для підлоги";пылесос;пилосос;"Виробник, Тип устройства"
25;270204;https://prom.ua/ua/Kormushki-poilki-dlya-domashnih-zhivotnyh;Розумна годівниця з камерою;"умная кормушка с камерой, кормушка для животных с камерой, кормушка автоматическая с видео, кормушка для питомцев умная, кормушка с приложением, кормушка контроль питания, кормушка wifi камера, кормушка для кошек и собак, smart кормушка с камерой, кормушка дистанционная";"розумна годівниця з камерою, годівниця для тварин з камерою, годівниця автоматична з відео, годівниця для тварин розумна, годівниця з додатком, годівниця контроль харчування, годівниця wifi камера, годівниця для котів і собак, smart годівниця з камерою, годівниця дистанційна";умная кормушка с камерой;розумна годівниця з камерою;"Виробник, Тип устройства"
26;16252401;https://prom.ua/ua/Elektricheskie-prostyni-elektroodeyalo;Електроковдра;"электроодеяло, одеяло с подогревом, одеяло электрическое, одеяло теплое электрическое, одеяло для дома, одеяло с регулировкой температуры, одеяло бытовое, одеяло комфорт, одеяло зимнее электрическое, одеяло с подогревом универсальное";"електроковдра, ковдра з підігрівом, ковдра електрична, ковдра тепла електрична, ковдра для дому, ковдра з регулюванням температури, ковдра побутова, ковдра комфорт, ковдра зимова електрична, ковдра з підігрівом універсальна";электроодеяло;електроковдра;"Виробник, Тип устройства"
27;62612;https://prom.ua/ua/Kovriki-napolnye-s-podogrevom;Килимок із підігрівом;"коврик с подогревом, коврик электрический, коврик теплый, коврик для дома с подогревом, коврик для ног с подогревом, коврик электрический бытовой, коврик универсальный, коврик комфорт, коврик с регулировкой температуры, коврик зимний";"килимок із підігрівом, килимок електричний, килимок теплий, килимок для дому з підігрівом, килимок для ніг з підігрівом, килимок електричний побутовий, килимок універсальний, килимок комфорт, килимок з регулюванням температури, килимок зимовий";коврик с подогревом;килимок із підігрівом;"Виробник, Тип устройства"
28;181206;https://prom.ua/ua/Lezhanki-i-podstilki-dlya-domashnih-zhivotnyh;Ліжко для тварин;"лежак для животных, кровать для питомцев, лежанка для кошек и собак, место для сна животных, лежак мягкий для животных, лежак для дома питомцы, кровать для кошек, лежанка универсальная, лежак комфорт для животных, лежак бытовой";"ліжко для тварин, лежак для тварин, лежанка для котів і собак, місце для сну тварин, лежак м'який для тварин, лежак для дому тварини, ліжко для котів, лежанка універсальна, лежак комфорт для тварин, лежак побутовий";лежак для животных;ліжко для тварин;"Виробник, Тип устройства"
29;270204;https://prom.ua/ua/Kormushki-poilki-dlya-domashnih-zhivotnyh;Поїлка для тварин;"поилка для животных, поилка для кошек и собак, автопоилка для животных, поилка автоматическая, поилка для дома животные, поилка с фильтром, поилка электрическая, поилка универсальная, поилка для питомцев, поилка бытовая";"поїлка для тварин, поїлка для котів і собак, автопоїлка для тварин, поїлка автоматична, поїлка для дому тварини, поїлка з фільтром, поїлка електрична, поїлка універсальна, поїлка для тварин, поїлка побутова";поилка для животных;поїлка для тварин;"Виробник, Тип устройства"
30;270204;https://prom.ua/ua/Kormushki-poilki-dlya-domashnih-zhivotnyh;Фільтр для поїлок;"фильтр для поилки, фильтр для автопоилки, фильтр сменный поилка, фильтр для воды животных, фильтр очистки воды питомцы, фильтр комплект поилка, фильтр универсальный поилка, фильтр для поилки комплект, фильтр бытовой поилка, фильтр для системы поения";"фільтр для поїлок, фільтр для автопоїлки, фільтр змінний поїлка, фільтр для води тварин, фільтр очищення води тварини, фільтр комплект поїлка, фільтр універсальний поїлка, фільтр для поїлки комплект, фільтр побутовий поїлка, фільтр для системи поїння";фильтр для поилки;фільтр для поїлок;"Виробник, Тип устройства"
31;2703;https://prom.ua/ua/Sredstva-uhoda-za-zhivotnymi;Осушувач для тварин;"сушилка для животных, осушитель для животных, фен для животных, устройство для сушки животных, сушилка для шерсти, сушилка для собак и кошек, сушилка бытовая для животных, сушилка электрическая, сушилка универсальная, сушилка для ухода за животными";"осушувач для тварин, сушарка для тварин, фен для тварин, пристрій для сушіння тварин, сушарка для шерсті, сушарка для котів і собак, сушарка побутова для тварин, сушарка електрична, сушарка універсальна, сушарка для догляду за тваринами";сушилка для животных;осушувач для тварин;"Виробник, Тип устройства"
32;270204;https://prom.ua/ua/Kormushki-poilki-dlya-domashnih-zhivotnyh;Миска для тварин;"миска для животных, миска для кошек и собак, миска для корма, миска для воды, миска для питомцев, миска пластиковая, миска металлическая, миска универсальная, миска бытовая, миска для дома животные";"миска для тварин, миска для котів і собак, миска для корму, миска для води, миска для тварин, миска пластикова, миска металева, миска універсальна, миска побутова, миска для дому тварини";миска для животных;миска для тварин;"Виробник, Тип устройства"
33;270204;https://prom.ua/ua/Kormushki-poilki-dlya-domashnih-zhivotnyh;Годівниця для тварин;"кормушка для животных, кормушка для кошек и собак, кормушка автоматическая, кормушка для дома животные, кормушка для питомцев, кормушка универсальная, кормушка бытовая, кормушка для корма, кормушка контейнер, кормушка для дачи животные";"годівниця для тварин, годівниця для котів і собак, годівниця автоматична, годівниця для дому тварини, годівниця для тварин, годівниця універсальна, годівниця побутова, годівниця для корму, годівниця контейнер, годівниця для дачі тварини";кормушка для животных;годівниця для тварин;"Виробник, Тип устройства"
34;270225;https://prom.ua/ua/Tualetnye-lotki-dlya-zhivotnyh;Лоток для тварин;"лоток для животных, туалет для кошек, лоток для кошек, лоток для питомцев, туалет для животных, лоток пластиковый, лоток с бортиками, лоток универсальный, лоток для дома животные, лоток бытовой";"лоток для тварин, туалет для котів, лоток для котів, лоток для тварин, туалет для тварин, лоток пластиковий, лоток з бортиками, лоток універсальний, лоток для дому тварини, лоток побутовий";лоток для животных;лоток для тварин;"Виробник, Тип устройства"
35;181201;https://prom.ua/ua/Sumki-dlya-perenosa-domashnih-zhivotnyh;Переноска для тварин;"переноска для животных, переноска для кошек и собак, контейнер для животных, сумка переноска, переноска пластиковая, переноска для поездок, переноска универсальная, переноска для дома животные, переноска бытовая, переноска дорожная";"переноска для тварин, переноска для котів і собак, контейнер для тварин, сумка переноска, переноска пластикова, переноска для поїздок, переноска універсальна, переноска для дому тварини, переноска побутова, переноска дорожня";переноска для животных;переноска для тварин;"Виробник, Тип устройства"
36;2703;https://prom.ua/ua/Sredstva-uhoda-za-zhivotnymi;Нейтралізатор запаху для тварин;"нейтрализатор запаха для животных, средство от запаха животных, устранитель запаха, нейтрализатор запаха дома, средство для удаления запаха питомцев, освежитель для животных, нейтрализатор бытовой, средство против запаха, нейтрализатор универсальный, очиститель запаха животных";"нейтралізатор запаху для тварин, засіб від запаху тварин, усувач запаху, нейтралізатор запаху дому, засіб для видалення запаху тварин, освіжувач для тварин, нейтралізатор побутовий, засіб проти запаху, нейтралізатор універсальний, очищувач запаху тварин";нейтрализатор запаха для животных;нейтралізатор запаху  для тварин;"Виробник, Тип устройства"
37;181206;https://prom.ua/ua/Lezhanki-i-podstilki-dlya-domashnih-zhivotnyh;Килимок для тварин;"коврик для животных, коврик для кошек и собак, коврик под миску, коврик для туалета животных, коврик для дома животные, коврик универсальный, коврик пластиковый, коврик резиновый, коврик бытовой, коврик защитный для животных";"килимок для тварин, килимок для котів і собак, килимок під миску, килимок для туалету тварин, килимок для дому тварини, килимок універсальний, килимок пластиковий, килимок гумовий, килимок побутовий, килимок захисний для тварин";коврик для животных;килимок для тварин;"Виробник, Тип устройства"
38;181204;https://prom.ua/ua/Oborudovanie-i-instrumenty-dlya-gruminga;Сушка для тварин;"сушка для животных, сушилка для шерсти, устройство для сушки животных, сушилка для собак и кошек, сушилка электрическая животные, сушилка универсальная, сушилка бытовая, сушилка для ухода за животными, сушилка компактная, сушилка для дома животные";"сушка для тварин, сушарка для шерсті, пристрій для сушіння тварин, сушарка для котів і собак, сушарка електрична тварини, сушарка універсальна, сушарка побутова, сушарка для догляду за тваринами, сушарка компактна, сушарка для дому тварини";сушка для животных;сушка для тварин;"Виробник, Тип устройства"
39;2703;https://prom.ua/ua/Sredstva-uhoda-za-zhivotnymi;Змінні пакети для тварин;"сменные пакеты для животных, пакеты для уборки за животными, пакеты для собак, пакеты для отходов животных, пакеты для выгула, пакеты универсальные для животных, пакеты биоразлагаемые для животных, пакеты для дома животные, пакеты для гигиены животных, пакеты бытовые для животных";"змінні пакети для тварин, пакети для прибирання за тваринами, пакети для собак, пакети для відходів тварин, пакети для вигулу, пакети універсальні для тварин, пакети біорозкладні для тварин, пакети для дому тварини, пакети для гігієни тварин, пакети побутові для тварин";сменные пакеты для животных;змінні пакети для тварин;"Виробник, Тип устройства"
40;301105;https://prom.ua/Kamery-videonablyudeniya;Камери;"камера видеонаблюдения, видеокамера видеонаблюдения, камера безопасности, видеонаблюдение, видеокамера слежения";"камера відеоспостереження, відеокамера відеоспостереження, камера безпеки, відеоспостереження, відеокамера стеження";видеокамера;відеокамера;"Виробник, Тип устройства, Роздільна здатність (Мп), Тип камери, Фокусна відстань, Кут огляду по горизонталі, Вбудований мікрофон, Наявність ІЧ-підсвічування, Порт для SD-карти, Бездротовий інтерфейс, Захист обладнання від води і пилу IP, Кодек стиснення, Форм-фактор"
41;301105;https://prom.ua/Kamery-videonablyudeniya;PTZ-камери;"ptz камера, поворотная камера, скоростная купольная камера, ip ptz камера, камера с зумом, поворотная ip камера, камера видеонаблюдения ptz, купольная ptz камера";"ptz камера, поворотна камера, швидкісна купольна камера, ip ptz камера, камера з зумом, поворотна ip камера, камера відеоспостереження ptz, купольна ptz камера";ptz камера;ptz камера;"Виробник, Тип устройства, Роздільна здатність (Мп), Тип камери, Фокусна відстань, Кут огляду по горизонталі, Вбудований мікрофон, Наявність ІЧ-підсвічування, Порт для SD-карти, Бездротовий інтерфейс, Захист обладнання від води і пилу IP, Кодек стиснення, Форм-фактор"
42;301105;https://prom.ua/Kamery-videonablyudeniya;Тепловізійні камери;"тепловизионная камера, тепловизор камера, инфракрасная тепловизионная камера, ip тепловизионная камера, камера ночного видения тепловизионная, тепловизионное видеонаблюдение, камера с тепловизором, тепловизор для наблюдения";"тепловізійна камера, тепловізор камера, інфрачервона тепловізійна камера, ip тепловізійна камера, камера нічного бачення тепловізійна, тепловізійне відеоспостереження, камера з тепловізором, тепловізор для спостереження";тепловизионная камера;тепловізійна камера;"Виробник, Тип устройства, Роздільна здатність (Мп), Тип камери, Фокусна відстань, Кут огляду по горизонталі, Вбудований мікрофон, Наявність ІЧ-підсвічування, Порт для SD-карти, Бездротовий інтерфейс, Захист обладнання від води і пилу IP, Кодек стиснення, Форм-фактор"
43;301105;https://prom.ua/Kamery-videonablyudeniya;Тепловізійні  PTZ-камери;"тепловизионная ptz камера, поворотная тепловизионная камера, ptz камера с тепловизором, камера видеонаблюдения с тепловизором ptz, тепловизионная камера с зумом, поворотная камера с тепловизором, ip ptz тепловизионная камера, камера для обнаружения температуры, тепловизор для охраны периметра, профессиональная тепловизионная ptz камера";"тепловізійна ptz камера, поворотна тепловізійна камера, ptz камера з тепловізором, камера відеоспостереження з тепловізором ptz, тепловізійна камера з зумом, поворотна камера з тепловізором, ip ptz тепловізійна камера, камера для виявлення температури, тепловізор для охорони периметра, професійна тепловізійна ptz камера";тепловизионная камера ptz;тепловізійна камера ptz;"Виробник, Тип устройства, Роздільна здатність (Мп), Тип камери, Фокусна відстань, Кут огляду по горизонталі, Вбудований мікрофон, Наявність ІЧ-підсвічування, Порт для SD-карти, Бездротовий інтерфейс, Захист обладнання від води і пилу IP, Кодек стиснення, Форм-фактор"
44;301105;https://prom.ua/Kamery-videonablyudeniya;Відеоконтроль трафіку;"камера контроля трафика, система видеоконтроля трафика, камера распознавания номеров, камера для мониторинга транспорта, ip камера для дорог, система контроля дорожного движения, камера фиксации нарушений, видеонаблюдение для дорог, камера учета транспорта, система анализа трафика";"камера контролю трафіку, система відеоконтролю трафіку, камера розпізнавання номерів, камера для моніторингу транспорту, ip камера для доріг, система контролю дорожнього руху, камера фіксації порушень, відеоспостереження для доріг, камера обліку транспорту, система аналізу трафіку";камера контроля трафика;камера контролю трафіку;"Виробник, Тип устройства, Роздільна здатність (Мп), Тип камери, Фокусна відстань, Кут огляду по горизонталі, Вбудований мікрофон, Наявність ІЧ-підсвічування, Порт для SD-карти, Бездротовий інтерфейс, Захист обладнання від води і пилу IP, Кодек стиснення, Форм-фактор"
45;301105;https://prom.ua/Kamery-videonablyudeniya;Портативні камери;"портативная камера видеонаблюдения, переносная камера безопасности, компактная камера наблюдения, мобильная камера видеонаблюдения, автономная камера наблюдения, камера с аккумулятором, беспроводная портативная камера, мини камера видеонаблюдения, переносная ip камера, компактная камера для охраны";"портативна камера відеоспостереження, переносна камера безпеки, компактна камера спостереження, мобільна камера відеоспостереження, автономна камера спостереження, камера з акумулятором, бездротова портативна камера, міні камера відеоспостереження, переносна ip камера, компактна камера для охорони";портативная камера;портативна камера;"Виробник, Тип устройства, Роздільна здатність (Мп), Тип камери, Фокусна відстань, Кут огляду по горизонталі, Вбудований мікрофон, Наявність ІЧ-підсвічування, Порт для SD-карти, Бездротовий інтерфейс, Захист обладнання від води і пилу IP, Кодек стиснення, Форм-фактор"
46;301101;https://prom.ua/Videoregistratory;Реєстратори;"видеорегистратор для видеонаблюдения, регистратор камер наблюдения, гибридный  видеорегистратор, мультиформатный видеорегистратор,  цифровой видеорегистратор, регистратор системы безопасности, видеорегистратор для камер, устройство записи видеонаблюдения";"відеореєстратор для відеоспостереження, реєстратор камер спостереження, гібридний відеореєстратор, мультиформатний відеореєстратор, цифровий відеореєстратор, реєстратор системи безпеки, відеореєстратор для камер, пристрій запису відеоспостереження";видеорегистратор;відеореєстратор;"Виробник, Тип устройства, Кількість каналів, Тип відеореєстратора, Підтримка PoE"
47;300410;https://prom.ua/Sistema-videonablyudeniya;Комплекти відеонагляду;"комплект видеонаблюдения, система видеонаблюдения комплект, набор камер видеонаблюдения, готовое решение видеонаблюдения, комплект ip видеонаблюдения, комплект видеонаблюдения с регистратором, комплект камер для дома, комплект видеонаблюдения для бизнеса, комплект безопасности с камерами, комплект видеонаблюдения под ключ";"комплект відеоспостереження, система відеоспостереження комплект, набір камер відеоспостереження, готове рішення відеоспостереження, комплект ip відеоспостереження, комплект відеоспостереження з реєстратором, комплект камер для дому, комплект відеоспостереження для бізнесу, комплект безпеки з камерами, комплект відеоспостереження під ключ";комплект видеонаблюдения;комплект відеоспостереження;"Виробник, Тип устройства"
48;70704;https://prom.ua/Zhestkie-diski;"HDD, SSD";"жесткий диск hdd, hdd диск для видеонаблюдения, накопитель hdd, внутренний жесткий диск, диск для видеорегистратора, hdd для хранения данных, жесткий диск для системы безопасности, диск памяти для камер, hdd накопитель для архива, диск для записи видео";"жорсткий диск hdd, hdd диск для відеоспостереження, накопичувач hdd, внутрішній жорсткий диск, диск для відеореєстратора, hdd для зберігання даних, жорсткий диск для системи безпеки, диск пам'яті для камер, hdd накопичувач для архіву, диск для запису відео";жесткий диск;жорсткий диск;"Виробник, Тип устройства, Об'єм накопичувача, Інтерфейс, Форм-фактор, Швидкість обертання"
49;63705;https://prom.ua/Karty-pamyati;"MicroSD, SD";"microsd карта памяти, карта памяти microsd, карта памяти для камер, microsd для видеонаблюдения, карта памяти для регистратора, флеш карта microsd, карта памяти для хранения данных, microsd для записи видео, карта памяти для ip камер, microsd накопитель";"карта пам'яті microsd, microsd карта пам'яті, карта пам'яті для камер, microsd для відеоспостереження, карта пам'яті для реєстратора, флеш карта microsd, карта пам'яті для зберігання даних, microsd для запису відео, карта пам'яті для ip камер, microsd накопичувач";карта памяти microsd;карта пам'яті microsd;"Виробник, Тип устройства, Об'єм пам'яті, Тип карти пам'яті, Швидкість зчитування"
50;70501;https://prom.ua/Flesh-nakopitel;USB;"usb накопитель, флешка usb, usb флеш накопитель, флеш карта usb, usb память, накопитель usb для данных, флешка для записи, usb устройство хранения, флеш накопитель для архива, usb диск";"usb накопичувач, флешка usb, usb флеш накопичувач, флеш карта usb, usb пам'ять, накопичувач usb для даних, флешка для запису, usb пристрій зберігання, флеш накопичувач для архіву, usb диск";usb накопитель;usb накопичувач;"Виробник, Тип устройства, Об'єм пам'яті, Інтерфейс, Форм-фактор"
51;706;https://prom.ua/Monitory;Монітори;"монитор, экран дисплей, монитор видеонаблюдения, дисплей для камеры, монитор системы, экран контроля, монитор безопасности, дисплей системы, монитор видеосистемы, экран наблюдения";"монітор, екран дисплей, монітор відеоспостереження, дисплей для камери, монітор системи, екран контролю, монітор безпеки, дисплей системи, монітор відеосистеми, екран спостереження";монитор;монітор;"Виробник, Тип устройства"
52;6370714;https://prom.ua/Televizory;Телевізори;"телевизор, телевизор смарт, смарт тв, телевизор 4k, телевизор led, телевизор android tv, телевизор wifi, телевизор экран, телевизор для дома, телевизор цифровой";"телевізор, телевізор смарт, смарт тв, телевізор 4k, телевізор led, телевізор android tv, телевізор wifi, телевізор екран, телевізор для дому, телевізор цифровий";телевизор;телевізор;"Виробник, Тип устройства"
53;8210510;https://prom.ua/Sredstva-dlya-bytovoj-tehniki;Засоби для чищення;"средство для чистки экранов, очиститель экрана, салфетки для экрана, жидкость для экрана, спрей для экрана, набор для чистки экрана, чистка монитора средство, очиститель дисплея, средство для монитора, уход за экраном";"засіб для чищення екранів, очищувач екрана, серветки для екрана, рідина для екрана, спрей для екрана, набір для чищення екрана, засіб для монітора, очищувач дисплея, догляд за екраном, чистка монітора засіб";средство для чистки экранов;засіб для чищення екранів;"Виробник, Тип устройства"
54;301112;https://prom.ua/Kozhuhi-i-kronshtejny;Кронштейни для камер;"кронштейн для камеры, крепление для камеры видеонаблюдения, настенный кронштейн для камеры, потолочный кронштейн для камеры, держатель камеры, монтаж камеры видеонаблюдения, крепеж для камер, кронштейн для ip камеры, универсальный кронштейн для камеры, аксессуары для установки камер";"кронштейн для камери, кріплення для камери відеоспостереження, настінний кронштейн для камери, стельовий кронштейн для камери, тримач камери, монтаж камери відеоспостереження, кріплення для камер, кронштейн для ip камери, універсальний кронштейн для камери, аксесуари для встановлення камер";кронштейн для камеры;кронштейн для камери;"Виробник, Тип устройства, Матеріал, Тип кріплення кронштейна, Маx нагрузка на кронштейн,"
55;5092913;https://prom.ua/Korobki-montazhnye;Розподільні коробки для камер;"распределительная коробка для камеры, монтажная коробка для камеры, коробка для подключения камеры, герметичная коробка для камеры, коробка коммутационная для камер, коробка для ip камеры, аксессуары для монтажа камер, защитная коробка для камеры, коробка для видеонаблюдения, монтажная коробка видеонаблюдения";"розподільна коробка для камери, монтажна коробка для камери, коробка для підключення камери, герметична коробка для камери, комутаційна коробка для камер, коробка для ip камери, аксесуари для монтажу камер, захисна коробка для камери, коробка для відеоспостереження, монтажна коробка відеоспостереження";распределительная коробка для камеры;розподільна коробка для камери;"Виробник, Тип устройства, Матеріал корпусу, Максимально допустиме навантаження"
56;5092913;https://prom.ua/Korobki-montazhnye;Розподільні коробки;"распределительная коробка, монтажная коробка, электрическая распределительная коробка, коробка для проводки, коммутационная коробка, коробка для кабелей, коробка для соединения проводов, распределительная коробка наружная, распределительная коробка внутренняя, коробка электрическая";"розподільна коробка, монтажна коробка, електрична розподільна коробка, коробка для проводки, комутаційна коробка, коробка для кабелів, коробка для з'єднання проводів, розподільна коробка зовнішня, розподільна коробка внутрішня, коробка електрична";распределительная коробка;розподільна коробка;"Виробник, Тип устройства, Матеріал корпусу, Максимально допустиме навантаження"
57;6371204;https://prom.ua/Mikrofony;Зовнішні мікрофони;"внешний микрофон для видеонаблюдения, микрофон для камеры, аудио микрофон для систем безопасности, микрофон для записи звука, микрофон для ip камеры, внешний аудио датчик, микрофон наблюдения, устройство записи звука, микрофон для видеосистем, аксессуары аудио наблюдения";"зовнішній мікрофон для відеоспостереження, мікрофон для камери, аудіо мікрофон для систем безпеки, мікрофон для запису звуку, мікрофон для ip камери, зовнішній аудіо датчик, мікрофон спостереження, пристрій запису звуку, мікрофон для відеосистем, аксесуари аудіо спостереження";внешний микрофон;зовнішній мікрофон;"Виробник, Тип устройства"
58;301110;https://prom.ua/Pulty-dlya-sistem-videonablyudeniya;Пульти управління;"пульт управления видеонаблюдением, пульт для камер, контроллер управления камерами, пульт для систем безопасности, устройство управления видеонаблюдением, пульт управления ptz камерами, пульт оператора видеонаблюдения, контроллер видеосистемы, аксессуары управления камерами, пульт дистанционного управления камерами";"пульт управління відеоспостереженням, пульт для камер, контролер керування камерами, пульт для систем безпеки, пристрій керування відеоспостереженням, пульт управління ptz камерами, пульт оператора відеоспостереження, контролер відеосистеми, аксесуари керування камерами, пульт дистанційного керування камерами";пульт управления;пульт управління;"Виробник, Тип устройства"
59;150401;https://prom.ua/Naruzhnoe-osveschenie;Прожектори інфрачервоні;"инфракрасный прожектор, ик прожектор для камер, прожектор ночного видения, подсветка для видеонаблюдения, ик подсветка для камер, прожектор для ночной съемки, инфракрасная подсветка, прожектор для систем безопасности, ик освещение для камер, прожектор для охраны";"інфрачервоний прожектор, ік прожектор для камер, прожектор нічного бачення, підсвітка для відеоспостереження, ік підсвітка для камер, прожектор для нічної зйомки, інфрачервона підсвітка, прожектор для систем безпеки, ік освітлення для камер, прожектор для охорони";инфракрасный прожектор;інфрачервоний прожектор;"Виробник, Тип устройства"
60;6371809;https://prom.ua/Priemniki-i-peredatchiki-signala;Перехідники та балуни;"видео балун, пассивный балун для камер, переходник для видеонаблюдения, адаптер для камер, balun для передачи сигнала, переходник bnc, аксессуары подключения камер, конвертер сигнала для видеонаблюдения, balun витая пара, адаптер видеосигнала";"відео балун, пасивний балун для камер, перехідник для відеоспостереження, адаптер для камер, balun для передачі сигналу, перехідник bnc, аксесуари підключення камер, конвертер сигналу для відеоспостереження, balun вита пара, адаптер відеосигналу";видео балун;відео балун;"Виробник, Тип устройства"
61;14190406;https://prom.ua/Razemy-i-konnektory;Конектори і роз'єми;"bnc разъем, коннектор для видеонаблюдения, разъем для камер, rj45 коннектор, штекер для кабеля, соединитель кабеля, коннектор питания, разъем питания для камер, аксессуары подключения, коннекторы для кабелей";"bnc роз'єм, конектор для відеоспостереження, роз'єм для камер, rj45 конектор, штекер для кабелю, з'єднувач кабелю, конектор живлення, роз'єм живлення для камер, аксесуари підключення, конектори для кабелів";bnc разъем;bnc роз'єм;"Виробник, Тип устройства"
62;63719;https://prom.ua/Audio-video-kabeli-perehodniki-razemy;Кабелі для живлення;"кабель питания для камер, провод питания видеонаблюдения, кабель 12v для камер, кабель питания системы безопасности, провод для подключения камер, кабель электропитания, кабель dc для камер, кабель питания видеосистем, кабель для подключения оборудования, провод питания устройств";"кабель живлення для камер, провід живлення відеоспостереження, кабель 12v для камер, кабель живлення системи безпеки, провід для підключення камер, кабель електроживлення, кабель dc для камер, кабель живлення відеосистем, кабель для підключення обладнання, провід живлення пристроїв";кабель питания;кабель живлення;"Виробник, Тип устройства"
63;6371808;https://prom.ua/Kommutator-signala;"HDMI, VGA підсилювачі";"hdmi усилитель сигнала, vga усилитель сигнала, усилитель hdmi, усилитель vga, репитер hdmi сигнала, усилитель видеосигнала, устройство усиления сигнала, hdmi extender, vga extender, усилитель передачи видео";"hdmi підсилювач сигналу, vga підсилювач сигналу, підсилювач hdmi, підсилювач vga, репітер hdmi сигналу, підсилювач відеосигналу, пристрій підсилення сигналу, hdmi extender, vga extender, підсилювач передачі відео";hdmi усилитель;vga підсилювач;"Виробник, Тип устройства"
64;301106;https://prom.ua/Obektivy-dlya-kamer-videonablyudeniya;Об'єктиви;"объектив камеры, линза камеры, объектив видеонаблюдения, линза видеокамеры, объектив для камеры, оптика камеры, объектив cctv, линза наблюдения, объектив сменный, объектив видеосистемы";"об’єктив камери, лінза камери, об’єктив відеоспостереження, лінза відеокамери, об’єктив для камери, оптика камери, об’єктив cctv, лінза спостереження, об’єктив змінний, об’єктив відеосистеми";объектив камеры;об’єктив камери;"Виробник, Тип устройства"
65;3029;https://prom.ua/Domofony-videodomofony;Відеодомофон;"домофон, монитор домофона, домофонная система, видеодомофон для квартиры, видеодомофон для дома, внутренний видеодомофон, цветной видеодомофон, комплект домофона, домофон с экраном";"домофон, монітор домофону, домофонна система, відеодомофон для квартири, відеодомофон для дому, внутрішній відеодомофон, кольоровий відеодомофон, комплект домофону, домофон з екраном";видеодомофон;відеодомофон;"Виробник, Тип устройства, Діагональ екрану (дюйм), Порт для SD-карти, Інтерфейс, Протокол зв'язку"
66;3029;https://prom.ua/Domofony-videodomofony;Комплекти відеодомофонів;"комплект видеодомофона, комплект видеодомофона для дома, набор видеодомофона, система видеодомофона, комплект домофона с камерой, видеодомофон комплект с монитором, комплект видеодомофона для квартиры, домофон система комплект";"комплект відеодомофона, комплект відеодомофона для дому, набір відеодомофона, система відеодомофона, комплект домофона з камерою, відеодомофон комплект з монітором, комплект відеодомофона для квартири, домофон система комплект";комплект видеодомофона;комплект відеодомофона;"Виробник, Тип устройства, Діагональ екрану (дюйм), Порт для SD-карти, Інтерфейс, Протокол зв'язку"
67;3029;https://prom.ua/Domofony-videodomofony;Відеопанель кольорова виклична;"вызывная панель с камерой, панель вызова для домофона, кнопка вызова с камерой, уличная вызывная панель, наружная вызывная панель, антивандальная вызывная панель, кнопка домофона, вызывной блок с камерой, панель видеодомофона";"виклична панель з камерою, панель виклику для домофону, кнопка виклику з камерою, вулична виклична панель, зовнішня виклична панель, антивандальна виклична панель, кнопка домофону, викличний блок з камерою, панель відеодомофону";вызывная панель;виклична панель;"Виробник, Тип устройства, Кількість абонентів, Кут огляду камери по горизонталі, Кут огляду камери, Роздільна здатність камери (ТВЛ), Роздільна здатність камери (Мп), Протокол зв'язку"
68;3029;https://prom.ua/Domofony-videodomofony;Аудіодомофон;"аудиодомофон, домофонная трубка, переговорное устройство, домофон без видео, домофон голосовой, домофонный комплект, домофон для квартиры, домофон простой";"аудіодомофон, домофонна трубка, переговорний пристрій, домофон без відео, домофон голосовий, домофонний комплект, домофон для квартири, домофон простий";аудиодомофон;аудіодомофон;"Виробник, Тип устройства"
69;50906;https://prom.ua/Peregovornye-ustrojstva;Аудіодомофон;"аудиодомофон, домофонная трубка, переговорное устройство, домофон без видео, домофон голосовой, домофонный комплект, домофон для квартиры, домофон простой";"аудіодомофон, домофонна трубка, переговорний пристрій, домофон без відео, домофон голосовий, домофонний комплект, домофон для квартири, домофон простий";аудиодомофон;аудіодомофон;"Виробник, Тип устройства"
70;153502;https://prom.ua/Aksessuary-dlya-domofonnogo;Кронштейни та рамки для домофонів;"кронштейн для домофона, рамка для домофона, крепление домофона, монтажная рамка домофона, держатель домофона, настенное крепление домофона, рамка для панели домофона, аксессуары для домофона";"кронштейн для домофона, рамка для домофона, кріплення домофона, монтажна рамка домофона, тримач домофона, настінне кріплення домофона, рамка для панелі домофона, аксесуари для домофона";кронштейн домофона;кронштейн домофона;"Виробник, Тип устройства"
71;153502;https://prom.ua/Aksessuary-dlya-domofonnogo;Аудіотрубки для домофонів;"аудиотрубка домофона, трубка для домофона, переговорная трубка домофона, домофонная трубка, трубка для аудиодомофона, проводная трубка домофона, внутренняя трубка домофона, трубка связи домофона";"аудіотрубка домофона, трубка для домофона, переговорна трубка домофона, домофонна трубка, трубка для аудіодомофона, провідна трубка домофона, внутрішня трубка домофона, трубка зв'язку домофона";трубка домофона;трубка домофона;"Виробник, Тип устройства"
72;153502;https://prom.ua/Aksessuary-dlya-domofonnogo;Пристрої для підключення домофонів;"модуль подключения домофона, адаптер домофона, устройство подключения домофона, блок подключения домофона, интерфейс домофона, контроллер домофона, плата подключения домофона, модуль сопряжения домофона";"модуль підключення домофона, адаптер домофона, пристрій підключення домофона, блок підключення домофона, інтерфейс домофона, контролер домофона, плата підключення домофона, модуль узгодження домофона";модуль домофона;модуль домофона;"Виробник, Тип устройства"
73;153502;https://prom.ua/Aksessuary-dlya-domofonnogo;Гнучкий перехід;"гибкий переход для кабеля, кабельный переход гибкий, гибкий ввод кабеля, переходник кабельный гибкий, защита кабеля гибкая, гофра для кабеля, кабельный ввод гибкий, гибкий соединитель кабеля";"гнучкий перехід для кабелю, кабельний перехід гнучкий, гнучкий ввід кабелю, перехідник кабельний гнучкий, захист кабелю гнучкий, гофра для кабелю, кабельний ввід гнучкий, гнучкий з'єднувач кабелю";гибкий переход;гнучкий перехід;"Виробник, Тип устройства"
74;153729;https://prom.ua/ua/Takticheskie-teplovizory-;монокуляр;"тепловизионный монокуляр, тепловизор монокуляр, монокуляр тепловизионный, тепловизионная оптика, прибор ночного видения тепловизор, тепловизионный прибор, тепловизионный наблюдатель, цифровой тепловизор, монокуляр для наблюдения, тепловизор для охоты";"тепловізійний монокуляр, тепловізор монокуляр, монокуляр тепловізійний, тепловізійна оптика, прилад нічного бачення тепловізор, тепловізійний прилад, тепловізійний спостерігач, цифровий тепловізор, монокуляр для спостереження, тепловізор для полювання";тепловизионный монокуляр;тепловізійний монокуляр;"Виробник, Тип устройства"
75;153729;https://prom.ua/ua/Takticheskie-teplovizory-;приціл;"тепловизионный прицел, теплоприцел, прицел тепловизионный, тепловизор для оружия, цифровой теплоприцел, тепловизионная оптика, прицел ночного видения, прицел для охоты, тепловизионный прибор, оптический теплоприцел";"тепловізійний приціл, теплоприціл, приціл тепловізійний, тепловізор для зброї, цифровий теплоприціл, тепловізійна оптика, приціл нічного бачення, приціл для полювання, тепловізійний прилад, оптичний теплоприціл";тепловизионный прицел;тепловізійний приціл;"Виробник, Тип устройства"
76;153729;https://prom.ua/ua/Takticheskie-teplovizory-;бінокуляр;"тепловизионный бинокль, тепловизионный бинокуляр, бинокль тепловизионный, тепловизор бинокль, прибор тепловизионный бинокль, цифровой тепловизионный бинокль, тепловизионная оптика, бинокль ночного видения, тепловизионный прибор, бинокль для наблюдения";"тепловізійний бінокуляр, тепловізійний бінокль, бінокль тепловізійний, тепловізор бінокль, прилад тепловізійний бінокль, цифровий тепловізійний бінокль, тепловізійна оптика, бінокль нічного бачення, тепловізійний прилад, бінокль для спостереження";тепловизионный бинокль;тепловізійний бінокуляр;"Виробник, Тип устройства"
77;63719;https://prom.ua/ua/Audio-video-kabeli-perehodniki-razemy;кабель;"кабель для монокуляра, кабель тепловизора, кабель для тепловизионного монокуляра, кабель питания тепловизора, usb кабель монокуляра, соединительный кабель тепловизора, кабель зарядки монокуляра, кабель аксессуар тепловизора, провод для тепловизора, кабель для оптики";"кабель для монокуляра, кабель тепловізора, кабель для тепловізійного монокуляра, кабель живлення тепловізора, usb кабель монокуляра, з'єднувальний кабель тепловізора, кабель зарядки монокуляра, кабель аксесуар тепловізора, провід для тепловізора, кабель для оптики";кабель для монокуляра;кабель для монокуляра;"Виробник, Тип устройства"
78;153729;https://prom.ua/ua/Takticheskie-teplovizory-;насадка на приціл;"насадка на прицел, тепловизионная насадка, насадка для оптики, насадка тепловизор, цифровая насадка на прицел, насадка ночного видения, насадка для теплоприцела, оптическая насадка, насадка для наблюдения, тепловизионный модуль";"насадка на приціл, тепловізійна насадка, насадка для оптики, насадка тепловізор, цифрова насадка на приціл, насадка нічного бачення, насадка для теплоприцілу, оптична насадка, насадка для спостереження, тепловізійний модуль";насадка на прицел;насадка на приціл;"Виробник, Тип устройства"
79;190407;https://prom.ua/ua/Komplektuyuschie-dlya-opticheskih-priborov;кріплення;"крепление для тепловизионного прицела, кронштейн для теплоприцела, крепление для оптики, крепление тепловизора, монтаж для теплоприцела, крепеж для тепловизионной оптики, кронштейн прицела, крепление на оружие, адаптер крепления тепловизора, быстросъемное крепление прицела";"кріплення для тепловізійних прицілів, кронштейн для теплоприцілу, кріплення для оптики, кріплення тепловізора, монтаж для теплоприцілу, кріплення для тепловізійної оптики, кронштейн прицілу, кріплення на зброю, адаптер кріплення тепловізора, швидкознімне кріплення прицілу";крепление для тепловизионного прицела;кріплення для тепловізійного прицілу;"Виробник, Тип устройства"
80;153709;https://prom.ua/ua/Termometry-pirometry-teplovizory;моніторинг температури тіла;"ручной термограф, тепловизионная камера, тепловизор ручной, термограф цифровой, инфракрасный термограф, прибор тепловизионный, термокамера ручная, устройство теплового контроля, тепловизор диагностический, портативный термограф";"ручний термограф, тепловізійна камера, тепловізор ручний, термограф цифровий, інфрачервоний термограф, прилад тепловізійний, термокамера ручна, пристрій теплового контролю, тепловізор діагностичний, портативний термограф";ручной термограф;ручний термограф;"Виробник, Тип устройства"
81;190407;https://prom.ua/ua/Komplektuyuschie-dlya-opticheskih-priborov;адаптер;"адаптер для тепловизионного прицела, адаптер крепления теплоприцела, переходник для тепловизора, адаптер для оптики, адаптер монтажа прицела, соединительный адаптер тепловизора, адаптер для крепления, адаптер для тепловизионной оптики, переходник прицела, адаптер оружейный тепловизора";"адаптер для тепловізійних прицілів, адаптер кріплення теплоприцілу, перехідник для тепловізора, адаптер для оптики, адаптер монтажу прицілу, з'єднувальний адаптер тепловізора, адаптер для кріплення, адаптер для тепловізійної оптики, перехідник прицілу, адаптер збройовий тепловізора";адаптер для тепловизионного прицела;адаптер для тепловізійного прицілу;"Виробник, Тип устройства"
82;5280501;https://prom.ua/ua/Akkumulyatornye-bloki;"зарядний пристрій, батарея";"зарядное устройство для монокуляра, батарея для тепловизора, аккумулятор для монокуляра, зарядка тепловизора, аккумуляторная батарея тепловизора, зарядное устройство тепловизионное, питание для монокуляра, аккумулятор для теплоприцела, батарея тепловизионная, аксессуары для тепловизора";"зарядний пристрій для монокуляра, батарея для тепловізора, акумулятор для монокуляра, зарядка тепловізора, акумуляторна батарея тепловізора, зарядний пристрій тепловізійний, живлення для монокуляра, акумулятор для теплоприцілу, батарея тепловізійна, аксесуари для тепловізора";зарядное устройство для монокуляра;зарядний пристрій для монокуляра;"Виробник, Тип устройства"
83;15370706;https://prom.ua/Pribory-nochnogo-videniya;Комплектуючі для ПНБ;"комплектующие пнв, аксессуары для пнв, запчасти для приборов ночного видения, крепления для пнв, элементы питания пнв, линзы для пнв, кабели для пнв, модули для пнв";"комплектуючі пнб, аксесуари для пнб, запчастини для приладів нічного бачення, кріплення для пнб, елементи живлення пнб, лінзи для пнб, кабелі для пнб, модулі для пнб";комплектующие пнв;комплектуючі пнб;"Виробник, Тип устройства"
84;15370706;https://prom.ua/Pribory-nochnogo-videniya;Прилади ПНБ;"прибор ночного видения, пнв для наблюдения, ночной бинокль, ночной монокуляр, цифровой прибор ночного видения, инфракрасный прибор ночного видения, пнв для охраны, устройство ночного видения";"прилад нічного бачення, пнб для спостереження, нічний бінокль, нічний монокуляр, цифровий прилад нічного бачення, інфрачервоний прилад нічного бачення, пнб для охорони, пристрій нічного бачення";прибор ночного видения;прилад нічного бачення;"Виробник, Тип устройства"
85;50906;https://prom.ua/Peregovornye-ustrojstva;Рації;"рация портативная, радиостанция переносная, рация для связи, радиостанция двусторонняя, рация для охраны, рация с гарнитурой, профессиональная рация, рация дальнего действия";"рація портативна, радіостанція переносна, рація для зв'язку, радіостанція двостороння, рація для охорони, рація з гарнітурою, професійна рація, рація дальньої дії";рация;рація;"Виробник, Тип устройства"
86;2657;https://prom.ua/Kvadrokoptery;;"квадрокоптер дрон, дрон с камерой, fpv дрон, беспилотник квадрокоптер, дрон для съемки, профессиональный дрон, складной дрон, дрон с gps";"квадрокоптер дрон, дрон з камерою, fpv дрон, безпілотник квадрокоптер, дрон для зйомки, професійний дрон, складаний дрон, дрон з gps";дрон;дрон;Виробник
87;500415;https://prom.ua/Zapchasti-dlya-kvadrokopterov;;"аккумулятор для квадрокоптера, батарея для дрона, аккумулятор дрона lipo, запасной аккумулятор квадрокоптера, батарея для fpv дрона, аккумулятор для беспилотника, аккумулятор для дрона с камерой, lipo батарея для дрона";"акумулятор для квадрокоптера, батарея для дрона, акумулятор дрона lipo, запасний акумулятор квадрокоптера, батарея для fpv дрона, акумулятор для безпілотника, акумулятор для дрона з камерою, lipo батарея для дрона";аккумулятор для дрона;акумулятор для дрона;Виробник
88;302303;https://prom.ua/Priemno-kontrolnye-pribory-i-pribory-upravleniya;Централі;"приемно контрольный прибор охранный, пкп охранной сигнализации, контрольная панель сигнализации, прибор охранной системы, централь охранной сигнализации, блок управления сигнализации, пульт охраны, система охранной сигнализации";"приймально контрольний прилад охоронний, пкп охоронної сигналізації, контрольна панель сигналізації, прилад охоронної системи, централь охоронної сигналізації, блок управління сигналізації, пульт охорони, система охоронної сигналізації";приемно контрольный прибор;приймально контрольний прилад;"Виробник, Тип устройства"
89;302302;https://prom.ua/Ohrannye-izveschateli;руху;"датчик движения, сенсор движения, датчик движения сигнализации, охранный датчик движения, инфракрасный датчик движения, датчик присутствия, датчик движения для дома, motion sensor, датчик тревоги движения, беспроводной датчик движения";"датчик руху, сенсор руху, датчик руху сигналізації, охоронний датчик руху, інфрачервоний датчик руху, датчик присутності, датчик руху для дому, motion sensor, датчик тривоги руху, бездротовий датчик руху";датчик движения;датчик руху;"Виробник, Тип устройства"
90;302302;https://prom.ua/Ohrannye-izveschateli;рух та камера;"датчик движения с камерой, камера с датчиком движения, охранная камера датчик, motioncam, датчик движения фотофиксация, сигнализация с камерой, камера для охраны, датчик с фотоподтверждением, камера движения, датчик движения ajax";"датчик руху з камерою, камера з датчиком руху, охоронна камера датчик, motioncam, датчик руху фотофіксація, сигналізація з камерою, камера для охорони, датчик з фотопідтвердженням, камера руху, датчик руху ajax";датчик движения с камерой;датчик руху з камерою;"Виробник, Тип устройства"
91;302302;https://prom.ua/Ohrannye-izveschateli;розбиття скла;"датчик разбития стекла, извещатель разбития, датчик стекла сигнализации, сенсор разбития окна, акустический датчик стекла, охранный датчик стекла, детектор разбития стекла, датчик тревоги стекла, датчик разбития ajax, датчик стекла для дома";"датчик розбиття скла, сповіщувач розбиття, датчик скла сигналізації, сенсор розбиття вікна, акустичний датчик скла, охоронний датчик скла, детектор розбиття скла, датчик тривоги скла, датчик розбиття ajax, датчик скла для дому";датчик разбития стекла;датчик розбиття скла;"Виробник, Тип устройства"
92;302302;https://prom.ua/Ohrannye-izveschateli;рух і розбиття скла;"датчик движения и разбития стекла, комбинированный датчик сигнализации, датчик движения стекла, охранный датчик комбинированный, motionprotect glass, датчик тревоги комбинированный, сенсор движения и стекла, беспроводной датчик стекла и движения, датчик охраны 2в1, ajax датчик движения и стекла";"датчик руху і розбиття скла, комбінований датчик сигналізації, датчик руху скла, охоронний датчик комбінований, motionprotect glass, датчик тривоги комбінований, сенсор руху і скла, бездротовий датчик скла і руху, датчик охорони 2в1, ajax датчик руху і скла";датчик движения и разбития стекла;датчик руху і розбиття скла;"Виробник, Тип устройства"
93;302302;https://prom.ua/Ohrannye-izveschateli;затоплення;"датчик протечки воды, датчик затопления, сенсор протечки, датчик воды сигнализации, защита от протечки воды, датчик утечки воды, водяной датчик, flood detector, датчик протечки ajax, датчик затопления для дома";"датчик протікання води, датчик затоплення, сенсор протікання, датчик води сигналізації, захист від протікання води, датчик витоку води, водяний датчик, flood detector, датчик протікання ajax, датчик затоплення для дому";датчик затопления;датчик затоплення;"Виробник, Тип устройства"
94;302302;https://prom.ua/Ohrannye-izveschateli;ІЧ бар'єр;"инфракрасный барьер, ик барьер, инфракрасный датчик барьер, лучевой датчик, барьер сигнализации, датчик периметра, охранный ик барьер, фотоэлектрический барьер, барьер безопасности, инфракрасная защита периметра";"інфрачервоний бар'єр, іч бар'єр, інфрачервоний датчик бар'єр, променевий датчик, бар'єр сигналізації, датчик периметра, охоронний іч бар'єр, фотоелектричний бар'єр, бар'єр безпеки, інфрачервоний захист периметра";инфракрасный барьер;інфрачервоний бар'єр;"Виробник, Тип устройства"
95;302302;https://prom.ua/Ohrannye-izveschateli;відкриття;"датчик открытия, геркон, датчик двери и окна, магнитоконтактный датчик, датчик открытия двери, датчик открытия окна, охранный датчик открытия, сенсор открытия, беспроводной датчик открытия, ajax датчик открытия";"датчик відкриття, геркон, датчик дверей і вікна, магнітоконтактний датчик, датчик відкриття дверей, датчик відкриття вікна, охоронний датчик відкриття, сенсор відкриття, бездротовий датчик відкриття, ajax датчик відкриття";датчик открытия;датчик відкриття;"Виробник, Тип устройства"
96;302302;https://prom.ua/Ohrannye-izveschateli;відкриття і вібрації;"датчик открытия и вибрации, датчик удара и открытия, вибрационный датчик двери, сенсор вибрации сигнализации, датчик вибрации окна, охранный датчик вибрации, комбинированный датчик открытия, shock sensor, датчик открытия ajax, датчик вибрации ajax";"датчик відкриття і вібрації, датчик удару і відкриття, вібраційний датчик дверей, сенсор вібрації сигналізації, датчик вібрації вікна, охоронний датчик вібрації, комбінований датчик відкриття, shock sensor, датчик відкриття ajax, датчик вібрації ajax";датчик открытия и вибрации;датчик відкриття і вібрації;"Виробник, Тип устройства"
97;302302;https://prom.ua/Ohrannye-izveschateli;відкриття та нахилу;"датчик открытия и наклона, датчик наклона двери, сенсор наклона, датчик открытия окна, охранный датчик наклона, датчик положения, датчик открытия гаража, tilt sensor, датчик наклона сигнализации, беспроводной датчик наклона";"датчик відкриття та нахилу, датчик нахилу дверей, сенсор нахилу, датчик відкриття вікна, охоронний датчик нахилу, датчик положення, датчик відкриття гаража, tilt sensor, датчик нахилу сигналізації, бездротовий датчик нахилу";датчик открытия и наклона;датчик відкриття та нахилу;"Виробник, Тип устройства"
98;302302;https://prom.ua/Ohrannye-izveschateli;"відкриття, вібрації, нахилу";"датчик открытия вибрации и наклона, комбинированный охранный датчик, датчик удара наклона и открытия, универсальный датчик сигнализации, датчик двери окна вибрации, сенсор наклона и вибрации, датчик тревоги 3в1, smart датчик открытия, ajax комбинированный датчик, беспроводной датчик 3в1";"датчик відкриття вібрації та нахилу, комбінований охоронний датчик, датчик удару нахилу та відкриття, універсальний датчик сигналізації, датчик дверей вікна вібрації, сенсор нахилу і вібрації, датчик тривоги 3в1, smart датчик відкриття, ajax комбінований датчик, бездротовий датчик 3в1";датчик открытия вибрации и наклона;датчик відкриття вібрації та нахилу;"Виробник, Тип устройства"
99;302302;https://prom.ua/Ohrannye-izveschateli;диму;"датчик дыма, пожарный датчик дыма, сенсор дыма, извещатель дыма, дымовой датчик сигнализации, пожарная сигнализация дым, датчик дыма ajax, беспроводной датчик дыма, smoke detector, датчик пожара";"датчик диму, пожежний датчик диму, сенсор диму, сповіщувач диму, димовий датчик сигналізації, пожежна сигналізація дим, датчик диму ajax, бездротовий датчик диму, smoke detector, датчик пожежі";датчик дыма;датчик диму;"Виробник, Тип устройства"
100;302302;https://prom.ua/Ohrannye-izveschateli;тепла;"датчик температуры, тепловой датчик, датчик тепла сигнализации, пожарный датчик температуры, сенсор температуры, температурный датчик, heat detector, датчик перегрева, датчик температуры ajax, охранный датчик тепла";"датчик температури, тепловий датчик, датчик тепла сигналізації, пожежний датчик температури, сенсор температури, температурний датчик, heat detector, датчик перегріву, датчик температури ajax, охоронний датчик тепла";датчик температуры;датчик температури;"Виробник, Тип устройства"
101;302302;https://prom.ua/Ohrannye-izveschateli;тепла та диму;"датчик тепла и дыма, комбинированный пожарный датчик, датчик дыма и температуры, пожарный извещатель комбинированный, сенсор дыма и тепла, пожарная сигнализация датчик, heat smoke detector, беспроводной пожарный датчик, датчик пожара ajax, датчик температуры и дыма";"датчик тепла та диму, комбінований пожежний датчик, датчик диму і температури, пожежний сповіщувач комбінований, сенсор диму і тепла, пожежна сигналізація датчик, heat smoke detector, бездротовий пожежний датчик, датчик пожежі ajax, датчик температури і диму";датчик тепла и дыма;датчик тепла та диму;"Виробник, Тип устройства"
102;302302;https://prom.ua/Ohrannye-izveschateli;тепла та чадного газу;"датчик тепла и угарного газа, датчик co и температуры, сенсор угарного газа, комбинированный датчик co, датчик чадного газа сигнализации, пожарный датчик co, carbon monoxide detector, датчик угарного газа ajax, датчик температуры и co, датчик безопасности co";"датчик тепла та чадного газу, датчик co і температури, сенсор чадного газу, комбінований датчик co, датчик чадного газу сигналізації, пожежний датчик co, carbon monoxide detector, датчик чадного газу ajax, датчик температури і co, датчик безпеки co";датчик тепла и угарного газа;датчик тепла та чадного газу;"Виробник, Тип устройства"
103;302302;https://prom.ua/Ohrannye-izveschateli;тепла і вологості;"датчик температуры и влажности, сенсор влажности воздуха, датчик микроклимата, датчик влажности и температуры, smart датчик климата, датчик окружающей среды, климатический датчик, wifi датчик температуры, датчик влажности ajax, термогигрометр";"датчик температури і вологості, сенсор вологості повітря, датчик мікроклімату, датчик вологості і температури, smart датчик клімату, датчик навколишнього середовища, кліматичний датчик, wifi датчик температури, датчик вологості ajax, термогігрометр";датчик температуры и влажности;датчик температури і вологості;"Виробник, Тип устройства"
104;302302;https://prom.ua/Ohrannye-izveschateli;"тепла, вологості та вуглекислого газу";"датчик co2 температуры и влажности, датчик качества воздуха, сенсор углекислого газа, датчик микроклимата co2, smart датчик воздуха, измеритель co2, климатический датчик co2, датчик воздуха для дома, датчик температуры влажности co2, датчик качества воздуха wifi";"датчик co2 температури та вологості, датчик якості повітря, сенсор вуглекислого газу, датчик мікроклімату co2, smart датчик повітря, вимірювач co2, кліматичний датчик co2, датчик повітря для дому, датчик температури вологості co2, датчик якості повітря wifi";датчик co2 температуры и влажности;датчик co2 температури та вологості;"Виробник, Тип устройства"
105;302302;https://prom.ua/Ohrannye-izveschateli;"тепла, диму, чадного газу";"датчик тепла дыма и угарного газа, комбинированный пожарный датчик, пожарный датчик 3в1, датчик co дыма и температуры, smart пожарный датчик, пожарная сигнализация комбинированная, smoke heat co detector, беспроводной пожарный извещатель, датчик безопасности пожара, ajax пожарный датчик";"датчик тепла диму та чадного газу, комбінований пожежний датчик, пожежний датчик 3в1, датчик co диму і температури, smart пожежний датчик, пожежна сигналізація комбінована, smoke heat co detector, бездротовий пожежний сповіщувач, датчик безпеки пожежі, ajax пожежний датчик";датчик тепла дыма и угарного газа;датчик тепла диму та чадного газу;"Виробник, Тип устройства"
106;302302;https://prom.ua/Ohrannye-izveschateli;вібрації;"датчик вибрации, вибрационный датчик, датчик удара, сенсор вибрации, shock sensor, датчик удара сигнализации, охранный датчик вибрации, датчик разбития и вибрации, датчик тревоги вибрации, ajax датчик вибрации";"датчик вібрації, вібраційний датчик, датчик удару, сенсор вібрації, shock sensor, датчик удару сигналізації, охоронний датчик вібрації, датчик розбиття і вібрації, датчик тривоги вібрації, ajax датчик вібрації";датчик вибрации;датчик вібрації;"Виробник, Тип устройства"
107;302302;https://prom.ua/Ohrannye-izveschateli;метану;"датчик метана, датчик газа метан, сенсор утечки газа, датчик природного газа, газовый датчик сигнализации, methane detector, датчик газа для дома, датчик утечки метана, датчик безопасности газа, smart датчик газа";"датчик метану, датчик газу метан, сенсор витоку газу, датчик природного газу, газовий датчик сигналізації, methane detector, датчик газу для дому, датчик витоку метану, датчик безпеки газу, smart датчик газу";датчик метана;датчик метану;"Виробник, Тип устройства"
108;302302;https://prom.ua/Ohrannye-izveschateli;чадного газу;"датчик угарного газа, датчик co, сенсор угарного газа, carbon monoxide detector, датчик газа co, датчик безопасности co, датчик угарного газа для дома, сигнализация угарного газа, smart датчик co, ajax датчик угарного газа";"датчик чадного газу, датчик co, сенсор чадного газу, carbon monoxide detector, датчик газу co, датчик безпеки co, датчик чадного газу для дому, сигналізація чадного газу, smart датчик co, ajax датчик чадного газу";датчик угарного газа;датчик чадного газу;"Виробник, Тип устройства"
109;302302;https://prom.ua/Ohrannye-izveschateli;радар;"радарный датчик, охранный радар, радар движения, микроволновый датчик, radar sensor, датчик обнаружения движения, радар безопасности, радар сигнализации, сенсор движения радарный, smart радар";"радарний датчик, охоронний радар, радар руху, мікрохвильовий датчик, radar sensor, датчик виявлення руху, радар безпеки, радар сигналізації, сенсор руху радарний, smart радар";радарный датчик;радарний датчик;"Виробник, Тип устройства"
110;302302;https://prom.ua/Ohrannye-izveschateli;охорона периметра;"охрана периметра, система охраны периметра, периметральная сигнализация, датчик периметра, защита территории, охранный барьер, система безопасности периметра, сигнализация периметра, охрана участка, периметральный датчик";"охорона периметра, система охорони периметра, периметральна сигналізація, датчик периметра, захист території, охоронний бар'єр, система безпеки периметра, сигналізація периметра, охорона ділянки, периметральний датчик";охрана периметра;охорона периметра;"Виробник, Тип устройства"
111;302302;https://prom.ua/Ohrannye-izveschateli;управління ручний;"ручной извещатель, кнопка тревоги, ручной датчик сигнализации, кнопка управления сигнализацией, тревожная кнопка, ручной пуск сигнализации, кнопка alarm, кнопка безопасности, ручной элемент сигнализации, кнопка управления охраной";"ручний сповіщувач, кнопка тривоги, ручний датчик сигналізації, кнопка керування сигналізацією, тривожна кнопка, ручний запуск сигналізації, кнопка alarm, кнопка безпеки, ручний елемент сигналізації, кнопка керування охороною";ручной извещатель;ручний сповіщувач;"Виробник, Тип устройства"
112;302302;https://prom.ua/Ohrannye-izveschateli;пожежний ручний;"ручной пожарный извещатель, пожарная кнопка, кнопка пожарной тревоги, ручной пожарный датчик, извещатель пожарной сигнализации, кнопка пожарной сигнализации, ручной запуск пожарки, пожарный alarm, пожарная тревожная кнопка, кнопка пожарной безопасности";"ручний пожежний сповіщувач, пожежна кнопка, кнопка пожежної тривоги, ручний пожежний датчик, сповіщувач пожежної сигналізації, кнопка пожежної сигналізації, ручний запуск пожежної системи, пожежний alarm, пожежна тривожна кнопка, кнопка пожежної безпеки";ручной пожарный извещатель;ручний пожежний сповіщувач;"Виробник, Тип устройства"
113;302302;https://prom.ua/Ohrannye-izveschateli;відеомодуль;"видеомодуль, модуль видеонаблюдения, видеомодуль сигнализации, модуль камеры, ip видеомодуль, видеомодуль безопасности, модуль видеофиксации, видеомодуль для охраны, smart видеомодуль, модуль видеоконтроля";"відеомодуль, модуль відеоспостереження, відеомодуль сигналізації, модуль камери, ip відеомодуль, відеомодуль безпеки, модуль відеофіксації, відеомодуль для охорони, smart відеомодуль, модуль відеоконтролю";видеомодуль;відеомодуль;"Виробник, Тип устройства"
114;302302;https://prom.ua/Ohrannye-izveschateli;принада;"датчик приманка, охранная приманка, bait датчик, ложный объект сигнализации, датчик ловушка, охранный bait sensor, датчик для защиты имущества, устройство приманка, элемент охранной системы, приманка сигнализации";"датчик принада, охоронна принада, bait датчик, хибний об'єкт сигналізації, датчик пастка, охоронний bait sensor, датчик для захисту майна, пристрій принада, елемент охоронної системи, принада сигналізації";датчик приманка;датчик принада;"Виробник, Тип устройства"
115;300402;https://prom.ua/Sireny-signalnye;;"охранная сирена, сирена сигнализации, звуковая сирена охраны, уличная сирена сигнализации, сирена тревожная, сирена для дома, сирена оповещения, сигнализация сирена";"охоронна сирена, сирена сигналізації, звукова сирена охорони, вулична сирена сигналізації, сирена тривожна, сирена для дому, сирена оповіщення, сигналізація сирена";охранная сирена;охоронна сирена;Виробник
116;302307;https://prom.ua/Brelki-pulty-dlya-ohrannyh-sistem;;"пульт управления сигнализацией, устройство управления охраной, клавиатура сигнализации, контроллер сигнализации, панель управления охранной системой, пульт охранной системы, устройство управления сигнализацией, блок управления сигнализации";"пульт управління сигналізацією, пристрій управління охороною, клавіатура сигналізації, контролер сигналізації, панель управління охоронною системою, пульт охоронної системи, пристрій управління сигналізацією, блок управління сигналізації";пульт сигнализации;пульт сигналізації;Виробник
117;300418;https://prom.ua/Sistemy-zashchity-ot-potopa;Система захисту від протікання;"система защиты от протечки, датчик протечки воды, защита от потопа система, датчик утечки воды, система контроля воды, устройство защиты от воды, защита от затопления, система антипротечка";"система захисту від протікання, датчик протікання води, захист від потопу система, датчик витоку води, система контролю води, пристрій захисту від води, захист від затоплення, система антипротікання";защита от протечки;захист від протікання;Виробник
118;302303;https://prom.ua/Priemno-kontrolnye-pribory-i-pribory-upravleniya;Пожежні централі;"пожарный приемно контрольный прибор, пкп пожарной сигнализации, централь пожарной сигнализации, прибор пожарной системы, панель пожарной сигнализации, блок пожарной сигнализации, система пожарной сигнализации, пульт пожарной сигнализации";"пожежний приймально контрольний прилад, пкп пожежної сигналізації, централь пожежної сигналізації, прилад пожежної системи, панель пожежної сигналізації, блок пожежної сигналізації, система пожежної сигналізації, пульт пожежної сигналізації";пожарный пкп;пожежний пкп;"Виробник, Тип устройства"
119;302306;https://prom.ua/Ohrannye-sistemy-i-signalizatsii;Додаткові пожежні пристрої;"пожарные извещатели, датчик дыма пожарный, датчик температуры пожарный, сигнализатор пожара, датчик огня, извещатель дымовой, извещатель тепловой, система пожарного оповещения";"пожежні сповіщувачі, датчик диму пожежний, датчик температури пожежний, сигналізатор пожежі, датчик вогню, сповіщувач димовий, сповіщувач тепловий, система пожежного оповіщення";пожарный извещатель;пожежний сповіщувач;"Виробник, Тип устройства"
120;302306;https://prom.ua/Ohrannye-sistemy-i-signalizatsii;Комплектуючі для сигналізації;"аксессуары для сигнализации, комплектующие сигнализации, монтажные аксессуары сигнализации, блоки питания сигнализации, корпуса для сигнализации, крепления сигнализации, кабели для сигнализации, элементы системы сигнализации";"аксесуари для сигналізації, комплектуючі сигналізації, монтажні аксесуари сигналізації, блоки живлення сигналізації, корпуси для сигналізації, кріплення сигналізації, кабелі для сигналізації, елементи системи сигналізації";аксессуары сигнализации;аксесуари сигналізації;"Виробник, Тип устройства"
121;301010;https://prom.ua/Mehanicheskie-zamki;розумний замок;"умный замок, smart lock, электронный замок, wifi замок, биометрический замок, замок с отпечатком пальца, замок для двери smart, цифровой дверной замок, bluetooth замок, замок умный дом";"розумний замок, smart lock, електронний замок, wifi замок, біометричний замок, замок з відбитком пальця, замок для дверей smart, цифровий дверний замок, bluetooth замок, замок розумний дім";умный замок;розумний замок;"Виробник, Тип устройства, Тип замка, Тип встановлення замку, Протокол зв'язку, Відкриття пристрою, Управління пристроєм"
122;301010;https://prom.ua/Mehanicheskie-zamki;замок;"магнитный замок, ригельный замок, электромеханический замок, замок для системы контроля доступа, электрозамок, дверной магнитный замок, замок с ригелем, замок для офиса, замок для домофона, замок контроля доступа";"магнітний замок, рігельний замок, електромеханічний замок, замок для системи контролю доступу, електрозамок, дверний магнітний замок, замок з ригелем, замок для офісу, замок для домофона, замок контролю доступу";электромеханический замок;електромеханічний замок;"Виробник, Тип устройства, Тип замка, Тип встановлення замку, Протокол зв'язку, Відкриття пристрою, Управління пристроєм"
123;301011;https://prom.ua/Zaschelki;засувка;"электрозащелка, электрозасов, электрозадвижка, электроклямка, электромеханическая защелка, защелка для двери, электрическая защелка замка, защелка контроля доступа, дверная электрозащелка, электрозамок защелка";"електрозащіпка, електрозасувка, електроклямка, електромеханічна защіпка, защіпка для дверей, електрична защіпка замка, защіпка контролю доступу, дверна електрозащіпка, електрозамок защіпка, електрозасув дверей";электрозащелка;електрозащіпка;"Виробник, Тип устройства"
124;15380325;https://prom.ua/Aksessuary-dlya-dvernyh-zamkov;кріплення;"крепление для замка, монтажный уголок, монтажная планка, кронштейн для замка, уголок для электромагнитного замка, крепеж для системы доступа, монтажный комплект замка, планка крепления замка, аксессуары для замков, крепежный уголок";"кріплення для замка, монтажний куточок, монтажна планка, кронштейн для замка, куточок для електромагнітного замка, кріплення для системи доступу, монтажний комплект замка, планка кріплення замка, аксесуари для замків, кріпильний куточок";монтажный уголок для замка;монтажний куточок для замка;"Виробник, Тип устройства"
125;15380325;https://prom.ua/Aksessuary-dlya-dvernyh-zamkov;Катушка;"катушка для электромеханического замка, соленоид замка, катушка электрозамка, катушка для защелки, электромагнитная катушка замка, запчасти для электрозамков, соленоид дверного замка, катушка системы доступа, элемент электромеханического замка, катушка замка двери";"котушка для електромеханічного замка, соленоїд замка, котушка електрозамка, котушка для защіпки, електромагнітна котушка замка, запчастини для електрозамків, соленоїд дверного замка, котушка системи доступу, елемент електромеханічного замка, котушка замка дверей";катушка для электромеханического замка;котушка для електромеханічного замка;"Виробник, Тип устройства"
126;15380325;https://prom.ua/Aksessuary-dlya-dvernyh-zamkov;Цилиндр;"цилиндр для электромеханического замка, личинка замка, цилиндровый механизм, цилиндр дверного замка, сердцевина замка, цилиндр для электрозамка, механизм цилиндра замка, замочный цилиндр, личинка электромеханического замка, цилиндр контроля доступа";"циліндр для електромеханічного замка, серцевина замка, циліндровий механізм, циліндр дверного замка, личинка замка, циліндр для електрозамка, механізм циліндра замка, замковий циліндр, личинка електромеханічного замка, циліндр контролю доступу";цилиндр для электромеханического замка;циліндр для електромеханічного замка;"Виробник, Тип устройства"
127;301301;https://prom.ua/Turnikety;;"турникет контроль доступа, турникет проходной, турникет трипод, турникет электронный, турникет для офиса, турникет система доступа, турникет автоматический, турникет входной";"турнікет контроль доступу, турнікет прохідний, турнікет трипод, турнікет електронний, турнікет для офісу, турнікет система доступу, турнікет автоматичний, турнікет вхідний";турникет;турнікет;Виробник
128;3030;https://prom.ua/Sistemy-kontrolya-dostupa;Термінали;"терминал контроля доступа, терминал учета рабочего времени, биометрический терминал, терминал распознавания лица, терминал доступа, устройство контроля доступа, терминал с картой доступа, терминал скуд";"термінал контролю доступу, термінал обліку робочого часу, біометричний термінал, термінал розпізнавання обличчя, термінал доступу, пристрій контролю доступу, термінал з карткою доступу, термінал скуд";терминал доступа;термінал доступу;"Виробник, Тип устройства"
129;302308;https://prom.ua/Trevozhnye-knopki-i-knopki-vyhoda;Контактна;"кнопка выхода контактная, кнопка выхода механическая, кнопка выхода для двери, кнопка открытия двери, кнопка выхода накладная, кнопка выхода система доступа, кнопка управления дверью, кнопка выхода проводная";"кнопка виходу контактна, кнопка виходу механічна, кнопка виходу для дверей, кнопка відкриття дверей, кнопка виходу накладна, кнопка виходу система доступу, кнопка керування дверима, кнопка виходу провідна";кнопка выхода;кнопка виходу;"Виробник, Тип устройства"
130;302308;https://prom.ua/Trevozhnye-knopki-i-knopki-vyhoda;Безконтактна;"кнопка выхода бесконтактная, сенсорная кнопка выхода, инфракрасная кнопка выхода, кнопка выхода без касания, кнопка открытия двери сенсорная, кнопка выхода ик, кнопка выхода автоматическая, кнопка выхода система доступа";"кнопка виходу безконтактна, сенсорна кнопка виходу, інфрачервона кнопка виходу, кнопка виходу без дотику, кнопка відкриття дверей сенсорна, кнопка виходу ік, кнопка виходу автоматична, кнопка виходу система доступу";бесконтактная кнопка выхода;безконтактна кнопка виходу;"Виробник, Тип устройства"
131;301311;https://prom.ua/Schityvateli;Зчитувачі;"считыватель карт доступа, считыватель rfid, считыватель бесконтактных карт, считыватель ключей доступа, считыватель системы доступа, считыватель контроля доступа, считыватель proximity, считыватель rfid карт";"зчитувач карт доступу, зчитувач rfid, зчитувач безконтактних карт, зчитувач ключів доступу, зчитувач системи доступу, зчитувач контролю доступу, зчитувач proximity, зчитувач rfid карт";считыватель;зчитувач;Виробник
132;301312;https://prom.ua/Kontrollery;Контролери;"контроллер доступа, контроллер скуд, контроллер управления доступом, сетевой контроллер доступа, контроллер дверей, контроллер системы доступа, контроллер rfid, контроллер учета доступа";"контролер доступу, контролер скуд, контролер управління доступом, мережевий контролер доступу, контролер дверей, контролер системи доступу, контролер rfid, контролер обліку доступу";контроллер;контролер;Виробник
133;3030;https://prom.ua/Sistemy-kontrolya-dostupa;Комплектуючі для СККД;"комплектующие скуд, аксессуары системы доступа, модули скуд, платы контроля доступа, блоки питания скуд, кабели скуд, элементы системы доступа, запчасти скуд";"комплектуючі скуд, аксесуари системи доступу, модулі скуд, плати контролю доступу, блоки живлення скуд, кабелі скуд, елементи системи доступу, запчастини скуд";комплектующие скуд;комплектуючі скуд;"Виробник, Тип устройства"
134;15380311;https://prom.ua/Dovodchiki-dverej;;"доводчик двери, дверной доводчик, гидравлический доводчик, доводчик для входной двери, доводчик накладной, доводчик дверной механизм, доводчик автоматического закрывания, доводчик для офиса";"доводчик дверей, дверний доводчик, гідравлічний доводчик, доводчик для вхідних дверей, доводчик накладний, доводчик дверний механізм, доводчик автоматичного закривання, доводчик для офісу";доводчик;доводчик;Виробник
135;301310;https://prom.ua/Identifikatory;Ключ-брелок;"ключ брелок rfid, брелок доступа, электронный ключ брелок, бесконтактный брелок, rfid брелок, брелок для домофона, ключ для системы доступа, идентификатор брелок, брелок контроля доступа, proximity брелок";"ключ брелок rfid, брелок доступу, електронний ключ брелок, безконтактний брелок, rfid брелок, брелок для домофона, ключ для системи доступу, ідентифікатор брелок, брелок контролю доступу, proximity брелок";ключ брелок rfid;ключ брелок rfid;"Виробник, Тип устройства"
136;301310;https://prom.ua/Identifikatory;Карта;"rfid карта, карта доступа, бесконтактная карта, proximity карта, идентификационная карта, карта контроля доступа, карта для домофона, смарт карта доступа, карта пропуск, электронная карта";"rfid картка, картка доступу, безконтактна картка, proximity картка, ідентифікаційна картка, картка контролю доступу, картка для домофона, смарт картка доступу, картка перепустка, електронна картка";rfid карта;rfid картка;"Виробник, Тип устройства"
137;301310;https://prom.ua/Identifikatory;Радиоконтролер;"радиоконтроллер, контроллер радиоуправления, радиореле, приемник радиосигнала, контроллер дистанционного управления, радиомодуль управления, радио контроллер доступа, беспроводной контроллер, радиоканал управления, радиоконтроллер ворот";"радіоконтролер, контролер радіокерування, радіореле, приймач радіосигналу, контролер дистанційного керування, радіомодуль керування, радіоконтролер доступу, бездротовий контролер, радіоканал керування, радіоконтролер воріт";радиоконтроллер;радіоконтролер;"Виробник, Тип устройства"
138;301310;https://prom.ua/Identifikatory;Мітка;"rfid метка, метка доступа, электронная метка, бесконтактная метка, proximity метка, идентификатор rfid, смарт метка, метка контроля доступа, rfid идентификатор, ключ метка";"rfid мітка, мітка доступу, електронна мітка, безконтактна мітка, proximity мітка, ідентифікатор rfid, смарт мітка, мітка контролю доступу, rfid ідентифікатор, ключ мітка";rfid метка;rfid мітка;"Виробник, Тип устройства"
139;301310;https://prom.ua/Identifikatory;RFID браслет;"rfid браслет, браслет доступа, бесконтактный браслет, браслет идентификатор, электронный браслет доступа, proximity браслет, браслет контроля доступа, смарт браслет rfid, rfid браслет для мероприятий, браслет пропуск";"rfid браслет, браслет доступу, безконтактний браслет, браслет ідентифікатор, електронний браслет доступу, proximity браслет, браслет контролю доступу, смарт браслет rfid, rfid браслет для заходів, браслет перепустка";rfid браслет;rfid браслет;"Виробник, Тип устройства"
140;135605;https://prom.ua/Shlagbaumy;Шлагбауми;"автоматический шлагбаум, шлагбаум парковки, шлагбаум въезда, шлагбаум контроль доступа, шлагбаум автомат, шлагбаум система, шлагбаум для парковки, барьер шлагбаум, шлагбаум дорога, шлагбаум управление";"автоматичний шлагбаум, шлагбаум паркінгу, шлагбаум в’їзду, шлагбаум контроль доступу, шлагбаум автомат, шлагбаум система, шлагбаум для паркінгу, бар’єр шлагбаум, шлагбаум дорога, шлагбаум керування";автоматический шлагбаум;автоматичний шлагбаум;"Виробник, Тип устройства"
141;301501;https://prom.ua/Dorozhnye-ograzhdeniya;Блокувальник паркувального місця;"барьер парковочный, дорожный барьер, барьер ограничитель, барьер въезда, барьер безопасности, барьер контроль доступа, барьер механический, барьер парковки, барьер ограждение, барьер защиты";"бар’єр паркувальний, дорожній бар’єр, бар’єр обмежувач, бар’єр в’їзду, бар’єр безпеки, бар’єр контроль доступу, бар’єр механічний, бар’єр паркінгу, бар’єр огорожа, бар’єр захисту";барьер парковочный;бар’єр паркувальний;"Виробник, Тип устройства"
142;13560901;https://prom.ua/Aksessuary-dlya-vorot-i-shagbaumov;Комплектуючі до шлагбаумів;"комплектующие шлагбаума, аксессуары шлагбаума, детали шлагбаума, запчасти шлагбаума, стрела шлагбаума, блок управления шлагбаума, элементы шлагбаума, комплектующие барьера, аксессуары барьера, детали барьера";"комплектуючі шлагбаума, аксесуари шлагбаума, деталі шлагбаума, запчастини шлагбаума, стріла шлагбаума, блок керування шлагбаума, елементи шлагбаума, комплектуючі бар’єра, аксесуари бар’єра, деталі бар’єра";комплектующие шлагбаума;комплектуючі шлагбаума;"Виробник, Тип устройства"
143;50904;https://prom.ua/Raspredelitelnye-schity;Бокси монтажні;"монтажный бокс, распределительный бокс, короб монтажный, бокс для кабеля, уличный монтажный бокс, герметичный бокс, бокс для оборудования, бокс для соединений";"монтажний бокс, розподільчий бокс, короб монтажний, бокс для кабелю, вуличний монтажний бокс, герметичний бокс, бокс для обладнання, бокс для з'єднань";монтажный бокс;монтажний бокс;"Виробник, Тип устройства"
144;70306;https://prom.ua/Shkafy-servernye;Серверні шафи;"серверный шкаф, шкаф серверный стойка, шкаф для серверного оборудования, телекоммуникационный шкаф, серверная стойка, шкаф 19 дюймов, шкаф для сети, шкаф для оборудования";"серверна шафа, шафа серверна стійка, шафа для серверного обладнання, телекомунікаційна шафа, серверна стійка, шафа 19 дюймів, шафа для мережі, шафа для обладнання";серверный шкаф;серверна шафа;"Виробник, Тип устройства"
145;7190605;https://prom.ua/Kabel-telefonnyj;Мережевий;"сетевой кабель, кабель витая пара, кабель ethernet, lan кабель, интернет кабель, кабель rj45, кабель для сети, кабель cat5e cat6";"мережевий кабель, кабель кручена пара, кабель ethernet, lan кабель, інтернет кабель, кабель rj45, кабель для мережі, кабель cat5e cat6";сетевой кабель;мережевий кабель;"Виробник, Тип устройства"
146;7190605;https://prom.ua/Kabel-telefonnyj;Сигнальний;"сигнальный кабель, кабель для сигнализации, кабель передачи сигнала, кабель управления сигналом, кабель для датчиков, кабель связи, многожильный сигнальный кабель, кабель для систем безопасности";"сигнальний кабель, кабель для сигналізації, кабель передачі сигналу, кабель управління сигналом, кабель для датчиків, кабель зв'язку, багатожильний сигнальний кабель, кабель для систем безпеки";сигнальный кабель;сигнальний кабель;"Виробник, Тип устройства"
147;14190408;https://prom.ua/ua/Silovoj-kabel;Силовий;"силовой кабель, кабель питания силовой, электрический силовой кабель, кабель 220в, кабель для электропитания, медный силовой кабель, кабель для нагрузки, кабель электросети";"силовий кабель, кабель живлення силовий, електричний силовий кабель, кабель 220в, кабель для електроживлення, мідний силовий кабель, кабель для навантаження, кабель електромережі";силовой кабель;силовий кабель;"Виробник, Тип устройства"
148;7190605;https://prom.ua/Kabel-telefonnyj;Коаксіальний;"коаксиальный кабель, кабель rg6, кабель для антенны, кабель для видеонаблюдения, телевизионный кабель, кабель rg59, кабель для сигнала, кабель коаксиал";"коаксіальний кабель, кабель rg6, кабель для антени, кабель для відеоспостереження, телевізійний кабель, кабель rg59, кабель для сигналу, кабель коаксіал";коаксиальный кабель;коаксіальний кабель;"Виробник, Тип устройства"
149;7190605;https://prom.ua/Kabel-telefonnyj;Комбінований;"комбинированный кабель, кабель питание плюс сигнал, кабель для камер комбинированный, кабель cctv комбинированный, кабель видео питание, кабель 2в1, кабель для видеонаблюдения комбинированный, кабель универсальный";"комбінований кабель, кабель живлення плюс сигнал, кабель для камер комбінований, кабель cctv комбінований, кабель відео живлення, кабель 2в1, кабель для відеоспостереження комбінований, кабель універсальний";комбинированный кабель;комбінований кабель;"Виробник, Тип устройства"
150;7190605;https://prom.ua/Kabel-telefonnyj;Оптичний;"оптический кабель, волоконно оптический кабель, кабель оптоволоконный, кабель для интернета оптика, кабель связи оптика, кабель ftth, кабель для передачи данных оптика, кабель fiber optic";"оптичний кабель, волоконно оптичний кабель, кабель оптоволоконний, кабель для інтернету оптика, кабель зв'язку оптика, кабель ftth, кабель для передачі даних оптика, кабель fiber optic";оптический кабель;оптичний кабель;"Виробник, Тип устройства"
151;7190604;https://prom.ua/Patch-kordy;Патч-корд оптичний;"оптический патч корд, оптоволоконный патч корд, fiber patch cord, кабель оптический патч, патч кабель оптика, шнур оптический, патч корд lc sc, кабель оптика короткий";"оптичний патч корд, оптоволоконний патч корд, fiber patch cord, кабель оптичний патч, патч кабель оптика, шнур оптичний, патч корд lc sc, кабель оптика короткий";патч корд оптика;патч корд оптика;"Виробник, Тип устройства"
152;7190604;https://prom.ua/Patch-kordy;Пігтейл оптичний;"оптический пигтейл, пигтейл оптоволоконный, fiber pigtail, пигтейл lc sc, кабель оптический пигтейл, пигтейл сварка оптики, хвост оптический, пигтейл кабель";"оптичний пігтейл, пігтейл оптоволоконний, fiber pigtail, пігтейл lc sc, кабель оптичний пігтейл, пігтейл зварка оптики, хвіст оптичний, пігтейл кабель";пигтейл оптика;пігтейл оптика;"Виробник, Тип устройства"
153;63719;https://prom.ua/ua/Audio-video-kabeli-perehodniki-razemy;HDMI;"hdmi кабель, кабель hdmi, кабель для телевизора hdmi, кабель hdmi high speed, кабель для монитора hdmi, кабель hdmi 4k, кабель передачи видео hdmi, кабель hdmi длина";"hdmi кабель, кабель hdmi, кабель для телевізора hdmi, кабель hdmi high speed, кабель для монітора hdmi, кабель hdmi 4k, кабель передачі відео hdmi, кабель hdmi довжина";hdmi кабель;hdmi кабель;"Виробник, Тип устройства"
154;63719;https://prom.ua/ua/Audio-video-kabeli-perehodniki-razemy;HDMI-DVI-D;"hdmi dvi кабель, кабель hdmi dvi d, переходник hdmi dvi кабель, кабель для монитора hdmi dvi, кабель видео hdmi dvi, кабель подключения dvi hdmi, кабель адаптер hdmi dvi, кабель для передачи видео dvi hdmi";"hdmi dvi кабель, кабель hdmi dvi d, перехідник hdmi dvi кабель, кабель для монітора hdmi dvi, кабель відео hdmi dvi, кабель підключення dvi hdmi, кабель адаптер hdmi dvi, кабель для передачі відео dvi hdmi";hdmi dvi кабель;hdmi dvi кабель;"Виробник, Тип устройства"
155;63719;https://prom.ua/ua/Audio-video-kabeli-perehodniki-razemy;DisplayPort-HDMI;"displayport hdmi кабель, кабель displayport hdmi, переходник displayport hdmi кабель, кабель для монитора displayport hdmi, кабель видео displayport hdmi, адаптер displayport hdmi кабель, кабель dp hdmi, кабель передачи видео dp hdmi";"displayport hdmi кабель, кабель displayport hdmi, перехідник displayport hdmi кабель, кабель для монітора displayport hdmi, кабель відео displayport hdmi, адаптер displayport hdmi кабель, кабель dp hdmi, кабель передачі відео dp hdmi";displayport hdmi кабель;displayport hdmi кабель;"Виробник, Тип устройства"
156;63719;https://prom.ua/ua/Audio-video-kabeli-perehodniki-razemy;SATA;"sata кабель, кабель sata для диска, кабель подключения hdd sata, кабель ssd sata, кабель передачи данных sata, кабель sata iii, кабель питания sata, кабель для жесткого диска";"sata кабель, кабель sata для диска, кабель підключення hdd sata, кабель ssd sata, кабель передачі даних sata, кабель sata iii, кабель живлення sata, кабель для жорсткого диска";sata кабель;sata кабель;"Виробник, Тип устройства"
157;71903;https://prom.ua/Kommutatory;Комутатори;"коммутатор сетевой, свитч ethernet, коммутатор lan, сетевой switch, управляемый коммутатор, неуправляемый коммутатор, коммутатор для сети";"комутатор мережевий, світч ethernet, комутатор lan, мережевий switch, керований комутатор, некерований комутатор, комутатор для мережі";коммутатор;комутатор;"Виробник, Тип комутатора, Підтримка PoE, Форм-фактор, Тип портів, Загальна кількість портів, Можливість монтажу в стійку"
158;71902;https://prom.ua/Routeryi;;"маршрутизатор wifi, роутер интернет, маршрутизатор беспроводной, роутер для дома, маршрутизатор lan wan, wifi роутер, маршрутизатор для сети, роутер с антеннами";"маршрутизатор wifi, роутер інтернет, маршрутизатор бездротовий, роутер для дому, маршрутизатор lan wan, wifi роутер, маршрутизатор для мережі, роутер з антенами";маршрутизатор;маршрутизатор;Виробник
159;7190603;https://prom.ua/Setevye-kontsentratory;;"точка доступа wifi, wifi access point, точка доступа беспроводная, точка доступа для сети, wifi точка доступа для дома, точка доступа потолочная, точка доступа lan, точка доступа с poe";"точка доступу wifi, wifi access point, точка доступу бездротова, точка доступу для мережі, wifi точка доступу для дому, точка доступу стельова, точка доступу lan, точка доступу з poe";точка доступа;точка доступу;Виробник
160;50928;https://prom.ua/ua/Oborudovanie-dlya-pitaniya-po-ethernet;Інжектор;"poe инжектор, инжектор питания poe, poe адаптер, poe injector, инжектор для камеры, poe блок питания, инжектор ethernet poe, инжектор для сети, poe питание для ip камеры, poe устройство";"poe інжектор, інжектор живлення poe, poe адаптер, poe injector, інжектор для камери, poe блок живлення, інжектор ethernet poe, інжектор для мережі, poe живлення для ip камери, poe пристрій";poe инжектор;poe інжектор;"Виробник, Тип устройства"
161;5092006;https://prom.ua/ua/Opticheskij-konverter;Медіаконвертер;"медиаконвертер, оптический медиаконвертер, сетевой медиаконвертер, ethernet медиаконвертер, оптоволоконный конвертер, медиаконвертер rj45, fiber media converter, оптический конвертер, преобразователь ethernet оптика, медиаконвертер sc";"медіаконвертер, оптичний медіаконвертер, мережевий медіаконвертер, ethernet медіаконвертер, оптоволоконний конвертер, медіаконвертер rj45, fiber media converter, оптичний конвертер, перетворювач ethernet оптика, медіаконвертер sc";медиаконвертер;медіаконвертер;"Виробник, Тип устройства"
162;50928;https://prom.ua/ua/Oborudovanie-dlya-pitaniya-po-ethernet;PoE розгалужувач;"poe разветвитель, poe splitter, poe разделитель питания, poe адаптер splitter, poe разветвитель для камеры, poe питание splitter, poe кабель разветвитель, poe устройство splitter, splitter ethernet poe, poe преобразователь";"poe розгалужувач, poe splitter, poe розділювач живлення, poe адаптер splitter, poe розгалужувач для камери, poe живлення splitter, poe кабель розгалужувач, poe пристрій splitter, splitter ethernet poe, poe перетворювач";poe splitter;poe розгалужувач;"Виробник, Тип устройства"
163;50928;https://prom.ua/ua/Oborudovanie-dlya-pitaniya-po-ethernet;PoE розширювач;"poe расширитель, poe extender, удлинитель poe, poe повторитель, poe усилитель сигнала, poe репитер, ethernet poe extender, poe устройство расширения, poe удлинитель сети, poe ретранслятор";"poe розширювач, poe extender, подовжувач poe, poe повторювач, poe підсилювач сигналу, poe репітер, ethernet poe extender, poe пристрій розширення, poe подовжувач мережі, poe ретранслятор";poe extender;poe розширювач;"Виробник, Тип устройства"
164;5090506;https://prom.ua/Mosty-shlyuzy-besprovodnyh-setej;;"wifi мост, беспроводной мост wifi, мост для передачи сигнала, wifi bridge, мост между сетями, точка мост wifi, мост дальнего действия, мост для интернета";"wifi міст, бездротовий міст wifi, міст для передачі сигналу, wifi bridge, міст між мережами, точка міст wifi, міст дальньої дії, міст для інтернету";wifi мост;wifi міст;Виробник
165;5092006;https://prom.ua/Opticheskij-konverter;конвертер;"оптический конвертер, медиаконвертер оптический, конвертер ethernet оптика, оптоволоконный конвертер, сетевой конвертер оптический, fiber media converter, конвертер rj45 оптика, оптический преобразователь, конвертер для оптоволокна, гигабитный медиаконвертер";"оптичний конвертер, медіаконвертер оптичний, конвертер ethernet оптика, оптоволоконний конвертер, мережевий конвертер оптичний, fiber media converter, конвертер rj45 оптика, оптичний перетворювач, конвертер для оптоволокна, гігабітний медіаконвертер";оптический конвертер;оптичний конвертер;"Виробник, Тип устройства"
166;5092007;https://prom.ua/Moduli-gbic-i-sfp;SFP модуль;"sfp модуль, sfp трансивер, оптический sfp модуль, sfp модуль для коммутатора, гигабитный sfp модуль, sfp адаптер, sfp оптика, sfp модуль ethernet, sfp приемопередатчик, sfp модуль для сети";"sfp модуль, sfp трансивер, оптичний sfp модуль, sfp модуль для комутатора, гігабітний sfp модуль, sfp адаптер, sfp оптика, sfp модуль ethernet, sfp приймопередавач, sfp модуль для мережі";sfp модуль;sfp модуль;"Виробник, Тип устройства"
167;5092007;https://prom.ua/Moduli-gbic-i-sfp;Активний кабель (AOC);"aoc кабель, активный оптический кабель, active optical cable, оптический aoc кабель, aoc кабель для сети, кабель sfp aoc, активный сетевой кабель, aoc для коммутатора, кабель передачи данных aoc, высокоскоростной aoc кабель";"aoc кабель, активний оптичний кабель, active optical cable, оптичний aoc кабель, aoc кабель для мережі, кабель sfp aoc, активний мережевий кабель, aoc для комутатора, кабель передачі даних aoc, високошвидкісний aoc кабель";aoc кабель;aoc кабель;"Виробник, Тип устройства"
168;5092007;https://prom.ua/Moduli-gbic-i-sfp;Пасивний кабель (DAC);"dac кабель, direct attach cable, пассивный dac кабель, кабель sfp dac, сетевой dac кабель, медный dac кабель, dac для коммутатора, кабель прямого подключения, dac twinax кабель, высокоскоростной dac кабель";"dac кабель, direct attach cable, пасивний dac кабель, кабель sfp dac, мережевий dac кабель, мідний dac кабель, dac для комутатора, кабель прямого підключення, dac twinax кабель, високошвидкісний dac кабель";dac кабель;dac кабель;"Виробник, Тип устройства"
169;70807;https://prom.ua/Setevye-nakopiteli;;"сетевое хранилище, nas хранилище, сервер хранения данных, хранилище данных, nas сервер, устройство хранения, сетевой накопитель, storage сервер, nas система, сервер файлов";"мережеве сховище, nas сховище, сервер зберігання даних, сховище даних, nas сервер, пристрій зберігання, мережевий накопичувач, storage сервер, nas система, сервер файлів";сетевое хранилище;мережеве сховище;Виробник
170;5092902;https://prom.ua/Patch-paneli;Патч-панелі;"патч панель, patch panel, панель коммутационная, патч панель rj45, панель для сети, коммутационная панель 24 порта, патч панель серверная, панель подключения";"патч панель, patch panel, панель комутаційна, патч панель rj45, панель для мережі, комутаційна панель 24 порти, патч панель серверна, панель підключення";патч панель;патч панель;"Виробник, Тип устройства"
171;14190406;https://prom.ua/Razemy-i-konnektory;Конектори і з'єднувачі для крученої пари;"коннектор rj45, разъем для витой пары, коннектор ethernet, соединитель rj45, коннектор для кабеля сети, штекер rj45, соединитель витой пары, разъем lan кабеля";"конектор rj45, роз'єм для крученої пари, конектор ethernet, з'єднувач rj45, конектор для кабелю мережі, штекер rj45, з'єднувач крученої пари, роз'єм lan кабелю";коннектор rj45;конектор rj45;"Виробник, Тип устройства"
172;70308;https://prom.ua/Aksessuary-i-komplektuyuschie-dlya-servernogo-oborudovaniya;Полиця;"полка серверная, полка для шкафа, полка 19 дюймов, полка для стойки, полка телекоммуникационная, полка для оборудования, монтажная полка, полка серверного шкафа";"полиця серверна, полиця для шафи, полиця 19 дюймів, полиця для стійки, полиця телекомунікаційна, полиця для обладнання, монтажна полиця, полиця серверної шафи";полка серверная;полиця серверна;"Виробник, Тип устройства"
173;70308;https://prom.ua/Aksessuary-i-komplektuyuschie-dlya-servernogo-oborudovaniya;Силовий блок;"силовой блок шкафа, блок питания серверный, розетка для шкафа, блок питания 19 дюймов, силовой модуль шкафа, блок питания стойки, распределитель питания шкафа, pdu блок питания";"силовий блок шафи, блок живлення серверний, розетка для шафи, блок живлення 19 дюймів, силовий модуль шафи, блок живлення стійки, розподільник живлення шафи, pdu блок живлення";силовой блок шкафа;силовий блок шафи;"Виробник, Тип устройства"
174;70308;https://prom.ua/Aksessuary-i-komplektuyuschie-dlya-servernogo-oborudovaniya;Інше обладнання для шаф;"оборудование серверной, аксессуары серверного шкафа, комплектующие серверной, оборудование стойки, элементы серверного шкафа, оборудование для стойки, аксессуары серверные, комплектующие шкафа";"обладнання серверної, аксесуари серверної шафи, комплектуючі серверної, обладнання стійки, елементи серверної шафи, обладнання для стійки, аксесуари серверні, комплектуючі шафи";оборудование серверное;обладнання серверне;"Виробник, Тип устройства"
175;7190604;https://prom.ua/Patch-kordy;Патч-корд;"патч корд, сетевой патч корд, кабель патч корд, patch cord ethernet, патч кабель rj45, кабель для интернета короткий, патч корд cat6, кабель подключения сети";"патч корд, мережевий патч корд, кабель патч корд, patch cord ethernet, патч кабель rj45, кабель для інтернету короткий, патч корд cat6, кабель підключення мережі";патч корд;патч корд;"Виробник, Тип устройства"
176;14191106;https://prom.ua/Istochnik-besperebojnogo-pitaniya-ibp;Джерела безперебійного живлення 12-24В;"ибп 12в 24в, источник бесперебойного питания 12в, ups для камеры, ибп для сигнализации, блок бесперебойного питания, ups 24в, ибп резервный, источник питания резервный";"дбж 12в 24в, джерело безперебійного живлення 12в, ups для камери, дбж для сигналізації, блок безперебійного живлення, ups 24в, дбж резервний, джерело живлення резервне";ибп 12в;дбж 12в;"Виробник, Тип устройства"
177;14191106;https://prom.ua/Istochnik-besperebojnogo-pitaniya-ibp;ДБЖ;"ибп 220в, источник бесперебойного питания, ups 220v, бесперебойник для дома, ибп для котла, резервное питание 220в, ups для компьютера, бесперебойное питание, ибп для роутера, автономное питание 220в";"дбж 220в, джерело безперебійного живлення, ups 220v, безперебійник для дому, дбж для котла, резервне живлення 220в, ups для комп'ютера, безперебійне живлення, дбж для роутера, автономне живлення 220в";ибп 220в;дбж 220в;"Виробник, Тип устройства"
178;14191107;https://prom.ua/Stabilizatoryregulyatory-napryazheniya;Стабілізатори 220В;"стабилизатор напряжения 220в, стабилизатор сети, стабилизатор для дома, релейный стабилизатор, стабилизатор напряжения бытовой, защита от перепадов напряжения, стабилизатор для котла, автоматический стабилизатор напряжения, стабилизатор электросети, стабилизатор 220 вольт";"стабілізатор напруги 220в, стабілізатор мережі, стабілізатор для дому, релейний стабілізатор, стабілізатор напруги побутовий, захист від перепадів напруги, стабілізатор для котла, автоматичний стабілізатор напруги, стабілізатор електромережі, стабілізатор 220 вольт";стабилизатор напряжения 220в;стабілізатор напруги 220в;"Виробник, Тип устройства"
179;14191103;https://prom.ua/Promyshlennye-istochniki-pitaniya;Блок живлення;"блок питания 12в, блок питания 24в, блок питания 48в, адаптер питания, источник питания постоянный, блок питания для камер, импульсный блок питания, блок питания стабилизированный";"блок живлення 12в, блок живлення 24в, блок живлення 48в, адаптер живлення, джерело живлення постійне, блок живлення для камер, імпульсний блок живлення, блок живлення стабілізований";блок питания;блок живлення;Виробник
180;5280501;https://prom.ua/Akkumulyatornye-bloki;Свинцеві акумулятори;"свинцовый аккумулятор, аккумулятор agm, аккумулятор свинцовый, батарея свинцовая, аккумулятор для ибп, аккумулятор гелевый, аккумулятор для сигнализации, аккумулятор резервный";"свинцевий акумулятор, акумулятор agm, акумулятор свинцевий, батарея свинцева, акумулятор для дбж, акумулятор гелевий, акумулятор для сигналізації, акумулятор резервний";свинцовый аккумулятор;свинцевий акумулятор;"Виробник, Тип устройства, Тип акумулятора, Ємність акумулятору, Напруга"
181;5280501;https://prom.ua/Akkumulyatornye-bloki;Акумулятори літієві;"литиевый аккумулятор, аккумулятор li ion, аккумулятор lifepo4, батарея литиевая, аккумулятор для энергии, аккумулятор для инвертора, литий батарея, аккумулятор для хранения энергии";"літієвий акумулятор, акумулятор li ion, акумулятор lifepo4, батарея літієва, акумулятор для енергії, акумулятор для інвертора, літій батарея, акумулятор для зберігання енергії";литиевый аккумулятор;літієвий акумулятор;"Виробник, Тип устройства, Тип акумулятора, Ємність акумулятору, Напруга"
182;5140401;https://prom.ua/Invertory;;"инвертор напряжения, преобразователь напряжения, инвертор 12в 220в, инвертор для дома, инвертор синусоида, инвертор для солнечных систем, инвертор автономный, инвертор power";"інвертор напруги, перетворювач напруги, інвертор 12в 220в, інвертор для дому, інвертор синусоїда, інвертор для сонячних систем, інвертор автономний, інвертор power";инвертор;інвертор;"Виробник, Тип устройства"
183;14191106;https://prom.ua/Istochnik-besperebojnogo-pitaniya-ibp;Системи накопичення енергії BESS;"bess система накопления, аккумуляторная система bess, система хранения энергии, батарейная система bess, система накопления электроэнергии, bess для дома, энергосистема bess, система резервного питания";"bess система накопичення, акумуляторна система bess, система зберігання енергії, батарейна система bess, система накопичення електроенергії, bess для дому, енергосистема bess, система резервного живлення";bess система;bess система;"Виробник, Тип устройства"
184;14191106;https://prom.ua/Istochnik-besperebojnogo-pitaniya-ibp;Автономні системи живлення;"автономная система питания, система резервного питания, автономное электропитание, система питания дома, система backup питания, система энергонезависимая, автономная энергосистема, система бесперебойного питания";"автономна система живлення, система резервного живлення, автономне електроживлення, система живлення дому, система backup живлення, система енергонезалежна, автономна енергосистема, система безперебійного живлення";автономная система питания;автономна система живлення;"Виробник, Тип устройства"
185;500901;https://prom.ua/Zaryadnye-stantsii;;"зарядная станция, портативная электростанция, power station, зарядная станция для дома, станция питания, мобильная электростанция, станция резервного питания, зарядная станция аккумуляторная";"зарядна станція, портативна електростанція, power station, зарядна станція для дому, станція живлення, мобільна електростанція, станція резервного живлення, зарядна станція акумуляторна";зарядная станция;зарядна станція;Виробник
186;52806;https://prom.ua/Fotoelementy-i-solnechnye-paneli;;"солнечная панель, солнечная батарея, панель солнечная фотоэлектрическая, панель для генерации энергии, солнечный модуль, панель для дома солнечная, фотоэлектрическая панель, панель pv";"сонячна панель, сонячна батарея, панель сонячна фотоелектрична, панель для генерації енергії, сонячний модуль, панель для дому сонячна, фотоелектрична панель, панель pv";солнечная панель;сонячна панель;Виробник
187;100703;https://prom.ua/Solnechnye-kontrollery;;"контроллер заряда, контроллер солнечной панели, mppt контроллер, pwm контроллер, контроллер зарядки аккумулятора, контроллер для солнечной системы, регулятор заряда, контроллер pv";"контролер заряду, контролер сонячної панелі, mppt контролер, pwm контролер, контролер зарядки акумулятора, контролер для сонячної системи, регулятор заряду, контролер pv";контроллер заряда;контролер заряду;Виробник
188;101003;https://prom.ua/Komplektuyuschie-dlya-alternativnyh-istochnikov-energii;Комплектуючі для сонячних панелей;"комплектующие солнечных панелей, аксессуары солнечных систем, элементы солнечной системы, кабели для солнечных панелей, разъемы для солнечных панелей, оборудование для солнечных систем, запчасти солнечных панелей, компоненты pv";"комплектуючі сонячних панелей, аксесуари сонячних систем, елементи сонячної системи, кабелі для сонячних панелей, роз'єми для сонячних панелей, обладнання для сонячних систем, запчастини сонячних панелей, компоненти pv";комплектующие солнечных панелей;комплектуючі сонячних панелей;"Виробник, Тип устройства"
189;101003;https://prom.ua/Komplektuyuschie-dlya-alternativnyh-istochnikov-energii;Кріплення для сонячних панелей;"крепление солнечных панелей, монтаж солнечных панелей, держатель панелей солнечных, крепеж солнечных модулей, система крепления pv, монтажный комплект панелей, кронштейн для солнечных панелей, крепеж для крыши солнечных панелей";"кріплення сонячних панелей, монтаж сонячних панелей, тримач панелей сонячних, кріплення сонячних модулів, система кріплення pv, монтажний комплект панелей, кронштейн для сонячних панелей, кріплення для даху сонячних панелей";крепление солнечных панелей;кріплення сонячних панелей;"Виробник, Тип устройства"
190;14190408;https://prom.ua/ua/Silovoj-kabel;Кабель для сонячних панелей;"кабель для солнечных панелей, кабель pv, провод для солнечной системы, кабель солнечный, кабель для панелей, провод pv системы, кабель для генерации энергии, кабель для солнечных модулей";"кабель для сонячних панелей, кабель pv, провід для сонячної системи, кабель сонячний, кабель для панелей, провід pv системи, кабель для генерації енергії, кабель для сонячних модулів";кабель солнечный;кабель сонячний;"Виробник, Тип устройства"
191;410402;https://prom.ua/Dizel-generatory;;"генератор бензиновый, генератор дизельный, электрогенератор, генератор для дома, генератор резервный, генератор переносной, генератор электрический, генератор питания";"генератор бензиновий, генератор дизельний, електрогенератор, генератор для дому, генератор резервний, генератор переносний, генератор електричний, генератор живлення";генератор;генератор;Виробник
192;1507;https://prom.ua/Batarejki;;"батарейка аа, батарейка ааа, батарейка щелочная, батарейка литиевая, батарейка для техники, батарейка элемент питания, батарейка для пульта, батарейка универсальная";"батарейка аа, батарейка ааа, батарейка лужна, батарейка літієва, батарейка для техніки, батарейка елемент живлення, батарейка для пульта, батарейка універсальна";батарейка;батарейка;Виробник
193;5090319;https://prom.ua/ua/Zariadnye-ustroistva-dlia-smartfonov-y-planshetov;Адаптери для телефонів і планшетів;"адаптер для телефона, адаптер для планшета, usb адаптер питания, зарядный адаптер, блок питания usb, адаптер зарядки устройства, сетевой адаптер usb, адаптер type c, адаптер для гаджетов, адаптер питания смартфона";"адаптер для телефону, адаптер для планшета, usb адаптер живлення, зарядний адаптер, блок живлення usb, адаптер зарядки пристрою, мережевий адаптер usb, адаптер type c, адаптер для гаджетів, адаптер живлення смартфона";адаптер для телефона;адаптер для телефону;"Виробник, Тип устройства"
194;71109;https://prom.ua/Vneshnie-akkumulyatory-dlya-tsifrovoj-tehniki;Повербанки;"повербанк, power bank аккумулятор, внешний аккумулятор, портативная батарея, аккумулятор для телефона, powerbank usb, мобильный аккумулятор, батарея резервная";"повербанк, power bank акумулятор, зовнішній акумулятор, портативна батарея, акумулятор для телефону, powerbank usb, мобільний акумулятор, батарея резервна";повербанк;повербанк;"Виробник, Тип устройства"
195;63719;https://prom.ua/Audio-video-kabeli-perehodniki-razemy;Кабелі для гаджетів;"кабель для гаджетов, usb кабель, кабель зарядки телефона, кабель type c, кабель lightning, кабель micro usb, кабель usb c to usb c, кабель для смартфона, кабель быстрой зарядки, кабель передачи данных";"кабель для гаджетів, usb кабель, кабель зарядки телефону, кабель type c, кабель lightning, кабель micro usb, кабель usb c to usb c, кабель для смартфона, кабель швидкої зарядки, кабель передачі даних";кабель для гаджетов;кабель для гаджетів;"Виробник, Тип устройства"
196;410201;https://prom.ua/Zaryadnye-ustrojstva-dlya-akkumulyatorov;;"зарядное устройство аккумулятора, зарядка для батареи, зарядное устройство универсальное, зарядка для аккумуляторов, зарядное устройство, зарядное устройство для авто, зарядка аккумулятора, устройство зарядки батарей";"зарядний пристрій акумулятора, зарядка для батареї, зарядний пристрій універсальний, зарядка для акумуляторів, зарядний пристрій, зарядний пристрій для авто, зарядка акумулятора, пристрій зарядки батарей";зарядное устройство;зарядний пристрій;Виробник
197;14190408;https://prom.ua/ua/Silovoj-kabel;Кабель для з'єднання АКБ;"кабель для соединения аккумуляторов, кабель для акб, кабель межаккумуляторный, кабель силовой для батарей, кабель соединительный аккумулятора, кабель питания акб, кабель для инвертора аккумулятора, кабель медный для батарей, кабель для батарейного блока, кабель для подключения акб";"кабель для з'єднання акумуляторів, кабель для акб, кабель міжакумуляторний, кабель силовий для батарей, кабель з'єднувальний акумулятора, кабель живлення акб, кабель для інвертора акумулятора, кабель мідний для батарей, кабель для батарейного блоку, кабель для підключення акб";кабель для акб;кабель для акб;"Виробник, Тип устройства"
198;14190408;https://prom.ua/ua/Silovoj-kabel;Комплект кабелей AWG+CAN;"комплект кабелей awg can, набор кабелей для аккумулятора, кабели awg силовые, кабели can для батарей, комплект соединительных кабелей, набор проводов аккумулятора, кабели для системы хранения энергии, кабели питания awg, комплект проводки аккумулятора, кабели для bms";"can комплект кабелів awg, набір кабелів для акумулятора, кабелі awg силові, кабелі can для батарей, комплект з'єднувальних кабелів, набір проводів акумулятора, кабелі для системи зберігання енергії, кабелі живлення awg, комплект проводки акумулятора, кабелі для bms";комплект кабелей awg can;комплект кабелів awg can;"Виробник, Тип устройства"
199;5280501;https://prom.ua/ua/Akkumulyatornye-bloki;Акумуляторний балансир;"балансир аккумуляторов, балансир батарей, балансир bms, балансировщик ячеек, балансир для литиевых аккумуляторов, балансир напряжения, балансир зарядки батарей, балансир для аккумуляторных сборок, балансир активный, балансир пассивный";"акумуляторний балансир, балансир батарей, балансир bms, балансувальник комірок, балансир для літієвих акумуляторів, балансир напруги, балансир зарядки батарей, балансир для акумуляторних збірок, балансир активний, балансир пасивний";балансир аккумуляторов;акумуляторний балансир;"Виробник, Тип устройства"
200;52802;https://prom.ua/ua/Testery-dlya-akkumulyatorov;Тестер акумуляторний;"тестер аккумуляторов, тестер батарей, тестер емкости аккумулятора, тестер напряжения батареи, тестер для акб, тестер состояния аккумулятора, тестер зарядки аккумулятора, тестер универсальный батарей, тестер диагностики акб, тестер батарейный";"тестер акумуляторів, тестер батарей, тестер ємності акумулятора, тестер напруги батареї, тестер для акб, тестер стану акумулятора, тестер зарядки акумулятора, тестер універсальний батарей, тестер діагностики акб, тестер батарейний";тестер аккумуляторов;тестер акумуляторів;"Виробник, Тип устройства"
201;410202;https://prom.ua/ua/Avtomobilnye-zaryadnye-ustrojstva;Пуско-зарядний пристрій;"пуско зарядное устройство, устройство запуска двигателя, зарядное устройство с пуском, бустер аккумулятора, устройство для запуска авто, зарядное устройство автомобильное, пусковой бустер, зарядное устройство для акб, устройство старта двигателя, пусковое устройство";"пуско зарядний пристрій, пристрій запуску двигуна, зарядний пристрій з пуском, бустер акумулятора, пристрій для запуску авто, зарядний пристрій автомобільний, пусковий бустер, зарядний пристрій для акб, пристрій старту двигуна, пусковий пристрій";пуско зарядное устройство;пуско зарядний пристрій;"Виробник, Тип устройства"
202;52802;https://prom.ua/ua/Testery-dlya-akkumulyatorov;Аналізатор батарей;"анализатор батарей, анализатор аккумуляторов, тестер батарей профессиональный, анализатор емкости, анализатор состояния батареи, прибор для диагностики аккумулятора, анализатор bms, анализатор заряда батарей, анализатор батарейный, анализатор аккумуляторных систем";"аналізатор батарей, аналізатор акумуляторів, тестер батарей професійний, аналізатор ємності, аналізатор стану батареї, прилад для діагностики акумулятора, аналізатор bms, аналізатор заряду батарей, аналізатор батарейний, аналізатор акумуляторних систем";анализатор батарей;аналізатор батарей;"Виробник, Тип устройства"
203;410201;https://prom.ua/ua/Zaryadnye-ustrojstva-dlya-akkumulyatorov;Зарядне для акумуляторів;"зарядное устройство для аккумуляторов, зарядка для акб, зарядное устройство автомобильное, зарядное устройство универсальное, зарядка аккумулятора, зарядное для батарей, зарядное устройство 12в, зарядное устройство интеллектуальное, зарядка для авто аккумулятора, зарядное устройство для батарей";"зарядний пристрій для акумуляторів, зарядка для акб, зарядний пристрій автомобільний, зарядний пристрій універсальний, зарядка акумулятора, зарядний для батарей, зарядний пристрій 12в, зарядний пристрій інтелектуальний, зарядка для авто акумулятора, зарядний пристрій для батарей";зарядное устройство для аккумуляторов;зарядний пристрій для акумуляторів;"Виробник, Тип устройства"
204;410201;https://prom.ua/ua/Zaryadnye-ustrojstva-dlya-akkumulyatorov;Зарядне для батарейок;"зарядное устройство для батареек, зарядка для аккумуляторных батареек, зарядное aa aaa, зарядное устройство универсальное батарейки, зарядка для пальчиковых батареек, зарядное для аккумуляторов aa, зарядное устройство nimh, зарядное устройство li ion батареек, зарядка для батареек, зарядное компактное";"зарядний пристрій для батарейок, зарядка для акумуляторних батарейок, зарядний aa aaa, зарядний пристрій універсальний батарейки, зарядка для пальчикових батарейок, зарядний для акумуляторів aa, зарядний пристрій nimh, зарядний пристрій li ion батарейок, зарядка для батарейок, зарядний компактний";зарядное устройство для батареек;зарядний пристрій для батарейок;"Виробник, Тип устройства"
205;5280501;https://prom.ua/ua/Akkumulyatornye-bloki;Система керування акумулятора;"система управления аккумулятора, bms система, контроллер батареи, система управления батареей, bms контроллер, система защиты аккумулятора, контроллер зарядки батареи, система мониторинга аккумулятора, bms для литиевых батарей, система контроля батареи";"система керування акумулятора, bms система, контролер батареї, система керування батареєю, bms контролер, система захисту акумулятора, контролер зарядки батареї, система моніторингу акумулятора, bms для літієвих батарей, система контролю батареї";система управления аккумулятора;система керування акумулятора;"Виробник, Тип устройства"
206;142007;https://prom.ua/ua/Sumki-dlya-instrumenta;Кейс для зарядного;"кейс для зарядного устройства, сумка для зарядного, чехол для зарядного, кейс для аксессуаров зарядки, сумка для зарядного устройства, кейс защитный зарядного, кейс переносной зарядного, кейс для хранения зарядного, кейс универсальный зарядного, кейс компактный зарядного";"кейс для зарядного пристрою, сумка для зарядного, чохол для зарядного, кейс для аксесуарів зарядки, сумка для зарядного пристрою, кейс захисний зарядного, кейс переносний зарядного, кейс для зберігання зарядного, кейс універсальний зарядного, кейс компактний зарядного";кейс для зарядного устройства;кейс для зарядного пристрою;"Виробник, Тип устройства"
207;52810;https://prom.ua/ua/Batarejnye-akkumulyatornye-otseki;Бокс для батарей;"бокс для батарей, контейнер для аккумуляторов, коробка для батарей, держатель батарей, бокс аккумуляторный, корпус для батарей, бокс для хранения батарей, кейс для батарей, контейнер аккумуляторный, бокс универсальный батарей";"бокс для батарей, контейнер для акумуляторів, коробка для батарей, тримач батарей, бокс акумуляторний, корпус для батарей, бокс для зберігання батарей, кейс для батарей, контейнер акумуляторний, бокс універсальний батарей";бокс для батарей;бокс для батарей;"Виробник, Тип устройства"
208;14190408;https://prom.ua/ua/Silovoj-kabel;Перехідник М6-ДБЖ;"переходник м6 дбж, адаптер для аккумулятора м6, переходник для ибп аккумулятора, адаптер соединительный м6, переходник батарейный м6, адаптер для ups аккумулятора, переходник кабеля м6, соединитель аккумулятора м6, адаптер для батареи м6, переходник универсальный м6";"перехідник м6 дбж, адаптер для акумулятора м6, перехідник для дбж акумулятора, адаптер з'єднувальний м6, перехідник батарейний м6, адаптер для ups акумулятора, перехідник кабелю м6, з'єднувач акумулятора м6, адаптер для батареї м6, перехідник універсальний м6";переходник м6 дбж;перехідник м6 дбж;"Виробник, Тип устройства"
209;12020309;https://prom.ua/ua/Poddony-dlya-akkumulyatorov;Підставка для батареї;"подставка для батареи, держатель аккумулятора, подставка для аккумулятора, основание для батареи, крепление аккумулятора, подставка универсальная батареи, держатель батареи, стойка для аккумулятора, подставка для хранения батареи, подставка аккумуляторная";"підставка для батареї, тримач акумулятора, підставка для акумулятора, основа для батареї, кріплення акумулятора, підставка універсальна батареї, тримач батареї, стійка для акумулятора, підставка для зберігання батареї, підставка акумуляторна";подставка для батареи;підставка для батареї;"Виробник, Тип устройства"
210;5090211;https://prom.ua/ua/Antenny-dlya-mobilnyh-telefonov;Антена Victron Energy;"антенна victron energy, антенна для victron, антенна связи victron, антенна для мониторинга victron, антенна беспроводная victron, антенна gx victron, антенна для системы victron, антенна сигнала victron, антенна внешняя victron, антенна коммуникации victron";"антена victron energy, антена для victron, антена зв'язку victron, антена для моніторингу victron, антена бездротова victron, антена gx victron, антена для системи victron, антена сигналу victron, антена зовнішня victron, антена комунікації victron";антенна victron energy;антена victron energy;"Виробник, Тип устройства"
211;141711;https://prom.ua/ua/Shurupoverty;Шурупокрут;"шуруповерт, аккумуляторный шуруповерт, дрель шуруповерт, шуруповерт электрический, шуруповерт для дома, шуруповерт инструмент, шуруповерт набор, шуруповерт мощный, шуруповерт строительный, шуруповерт для ремонта";"шурупокрут, акумуляторний шурупокрут, дриль шурупокрут, шурупокрут електричний, шурупокрут для дому, шурупокрут інструмент, шурупокрут набір, шурупокрут потужний, шурупокрут будівельний, шурупокрут для ремонту";шуруповерт;шурупокрут;"Виробник, Тип устройства"
212;141711;https://prom.ua/ua/Shurupoverty;Електродриль;"электродрель, дрель электрическая, дрель для дома, дрель инструмент, дрель ударная, дрель строительная, дрель мощная, дрель с регулировкой, дрель ручная, дрель для ремонта";"електродриль, дриль електрична, дриль для дому, дриль інструмент, дриль ударна, дриль будівельна, дриль потужна, дриль з регулюванням, дриль ручна, дриль для ремонту";электродрель;електродриль;"Виробник, Тип устройства"
213;141714;https://prom.ua/ua/Gajkoverty-elektricheskie;Гайкокрут;"гайковерт, гайковерт аккумуляторный, гайковерт электрический, гайковерт ударный, гайковерт для авто, гайковерт инструмент, гайковерт мощный, гайковерт пневматический, гайковерт для шиномонтажа, гайковерт профессиональный";"гайкокрут, гайкокрут акумуляторний, гайкокрут електричний, гайкокрут ударний, гайкокрут для авто, гайкокрут інструмент, гайкокрут потужний, гайкокрут пневматичний, гайкокрут для шиномонтажу, гайкокрут професійний";гайковерт;гайкокрут;"Виробник, Тип устройства"
214;141725;https://prom.ua/ua/Perforatory;Перфоратор;"перфоратор, перфоратор электрический, перфоратор ударный, перфоратор для бетона, перфоратор строительный, перфоратор инструмент, перфоратор мощный, перфоратор с патроном, перфоратор для ремонта, перфоратор профессиональный";"перфоратор, перфоратор електричний, перфоратор ударний, перфоратор для бетону, перфоратор будівельний, перфоратор інструмент, перфоратор потужний, перфоратор з патроном, перфоратор для ремонту, перфоратор професійний";перфоратор;перфоратор;"Виробник, Тип устройства"
215;14200513;https://prom.ua/ua/Pnevmaticheskie-otbojnye-molotki;Відбійний молоток;"отбойный молоток, молоток отбойный электрический, отбойник строительный, отбойный молоток для бетона, отбойный инструмент, молоток ударный, отбойник мощный, отбойный молоток профессиональный, отбойный молоток для ремонта, отбойник электрический";"відбійний молоток, молоток відбійний електричний, відбійник будівельний, відбійний молоток для бетону, відбійний інструмент, молоток ударний, відбійник потужний, відбійний молоток професійний, відбійний молоток для ремонту, відбійник електричний";отбойный молоток;відбійний молоток;"Виробник, Тип устройства"
216;14172701;https://prom.ua/ua/Pily-diskovye-ruchnye;Дискові пили;"дисковая пила, циркулярная пила, пила дисковая электрическая, циркулярка, пила для дерева дисковая, пила строительная, пила ручная дисковая, пила мощная, пила инструмент, циркулярная пила для дома";"дискова пила, циркулярна пила, пила дискова електрична, циркулярка, пила для дерева дискова, пила будівельна, пила ручна дискова, пила потужна, пила інструмент, циркулярна пила для дому";дисковая пила;дискова пила;"Виробник, Тип устройства"
217;14200914;https://prom.ua/ua/Gidravlicheskie-tsepnye-pily;Ланцюгові пили;"цепная пила, бензопила, электропила цепная, пила цепная электрическая, пила для дерева цепная, пила садовая, пила мощная цепная, пила инструмент, цепная пила для дома, пила резка дерева";"ланцюгова пила, бензопила, електропила ланцюгова, пила ланцюгова електрична, пила для дерева ланцюгова, пила садова, пила потужна ланцюгова, пила інструмент, ланцюгова пила для дому, пила різка дерева";цепная пила;ланцюгова пила;"Виробник, Тип устройства"
218;141720;https://prom.ua/ua/Elektronozhovki;Шабельні пили;"сабельная пила, пила сабельная электрическая, сабельная ножовка, пила для резки сабельная, пила универсальная, сабельная пила по дереву, пила строительная сабельная, пила мощная сабельная, инструмент сабельная пила, пила демонтажная";"шабельна пила, пила шабельна електрична, шабельна ножівка, пила для різання шабельна, пила універсальна, шабельна пила по дереву, пила будівельна шабельна, пила потужна шабельна, інструмент шабельна пила, пила демонтажна";сабельная пила;шабельна пила;"Виробник, Тип устройства"
219;14172702;https://prom.ua/ua/Pily-tortsovochnye-ruchnye;Торцювальні пили;"торцовочная пила, пила торцовочная электрическая, пила для резки углов, пила по дереву торцовочная, пила настольная, пила строительная, торцовка, пила для мастерской, пила точная резка, инструмент торцовочная пила";"торцювальна пила, пила торцювальна електрична, пила для різання кутів, пила по дереву торцювальна, пила настільна, пила будівельна, торцювання, пила для майстерні, пила точного різу, інструмент торцювальна пила";торцовочная пила;торцювальна пила;"Виробник, Тип устройства"
220;190402;https://prom.ua/ua/Lazernye-niveliry;Нівелір;"нивелир, лазерный нивелир, уровень лазерный, нивелир строительный, нивелир инструмент, нивелир для ремонта, нивелир лазерный уровень, нивелир для дома, нивелир измерительный, нивелир точный";"нівелір, лазерний нівелір, рівень лазерний, нівелір будівельний, нівелір інструмент, нівелір для ремонту, нівелір лазерний рівень, нівелір для дому, нівелір вимірювальний, нівелір точний";нивелир;нівелір;"Виробник, Тип устройства"
221;190403;https://prom.ua/Lazernye-dalnomery;Далекомір;"дальномер, лазерный дальномер, измеритель расстояния, дальномер строительный, дальномер лазерный, дальномер для измерений, дальномер инструмент, дальномер точный, дальномер цифровой, дальномер портативный";"далекомір, лазерний далекомір, вимірювач відстані, далекомір будівельний, далекомір лазерний, далекомір для вимірювань, далекомір інструмент, далекомір точний, далекомір цифровий, далекомір портативний";дальномер;далекомір;"Виробник, Тип устройства"
222;15370320;https://prom.ua/ua/Detektory-skrytoj-provodki;Детектор прихованої проводки;"детектор скрытой проводки, детектор проводки, сканер стен, детектор металла в стене, детектор кабеля, прибор поиска проводки, детектор скрытых коммуникаций, детектор напряжения в стене, сканер проводки, прибор поиска проводов";"детектор прихованої проводки, детектор проводки, сканер стін, детектор металу в стіні, детектор кабелю, прилад пошуку проводки, детектор прихованих комунікацій, детектор напруги в стіні, сканер проводки, прилад пошуку проводів";детектор скрытой проводки;детектор прихованої проводки;"Виробник, Тип устройства"
223;153709;https://prom.ua/ua/Termometry-pirometry-teplovizory;Тепловізор;"тепловизор, тепловизионная камера, камера тепловизионная, тепловизор для наблюдения, тепловизор портативный, тепловизор строительный, тепловизор для диагностики, тепловизор инфракрасный, тепловизор цифровой, тепловизор прибор";"тепловізор, тепловізійна камера, камера тепловізійна, тепловізор для спостереження, тепловізор портативний, тепловізор будівельний, тепловізор для діагностики, тепловізор інфрачервоний, тепловізор цифровий, тепловізор прилад";тепловизор;тепловізор;"Виробник, Тип устройства"
224;153709;https://prom.ua/ua/Termometry-pirometry-teplovizory;Пірометр;"пирометр, инфракрасный термометр, пирометр бесконтактный, термометр лазерный, пирометр измерительный, пирометр цифровой, пирометр для температуры, прибор измерения температуры, пирометр промышленный, пирометр инструмент";"пірометр, інфрачервоний термометр, пірометр безконтактний, термометр лазерний, пірометр вимірювальний, пірометр цифровий, пірометр для температури, прилад вимірювання температури, пірометр промисловий, пірометр інструмент";пирометр;пірометр;"Виробник, Тип устройства"
225;141717;https://prom.ua/ua/Shlifovalnye-mashiny;Кутова шліфмашина;"болгарка, угловая шлифмашина, шлифмашина угловая, ушм, болгарка электрическая, шлифмашина для металла, болгарка инструмент, болгарка мощная, шлифмашина для резки, ушм для дома";"кутова шліфмашина, болгарка, шліфмашина кутова, ушм, болгарка електрична, шліфмашина для металу, болгарка інструмент, болгарка потужна, шліфмашина для різання, ушм для дому";болгарка;кутова шліфмашина;"Виробник, Тип устройства"
226;132611;https://prom.ua/ua/Trambovochnye-mashiny;Віброплита;"виброплита, виброплита строительная, виброплита для грунта, виброплита трамбовка, виброплита бензиновая, виброплита инструмент, виброплита для дорожных работ, виброплита мощная, виброплита компактная, виброплита для укладки";"віброплита, віброплита будівельна, віброплита для ґрунту, віброплита трамбування, віброплита бензинова, віброплита інструмент, віброплита для дорожніх робіт, віброплита потужна, віброплита компактна, віброплита для укладання";виброплита;віброплита;"Виробник, Тип устройства"
227;142004;https://prom.ua/ua/Nabory-instrumentov;Набір електроінструментів;"набор электроинструментов, комплект инструментов, набор электроинструмента, инструмент набор, комплект строительного инструмента, набор для ремонта, набор инструментов электрических, комплект для дома, набор мастера, инструмент комплект";"набір електроінструментів, комплект інструментів, набір електроінструмента, інструмент набір, комплект будівельного інструменту, набір для ремонту, набір інструментів електричних, комплект для дому, набір майстра, інструмент комплект";набор электроинструментов;набір електроінструментів;"Виробник, Тип устройства"
228;14200502;https://prom.ua/ua/Shlifovalnye-mashiny;Вібраційна шліфувальна машина;"вибрационная шлифмашина, шлифмашина вибрационная, шлифмашина плоская, шлифмашина для дерева, шлифмашина электрическая, шлифмашина для отделки, виброшлифмашина, шлифмашина инструмент, шлифмашина для стен, шлифмашина компактная";"вібраційна шліфувальна машина, шліфмашина вібраційна, шліфмашина плоска, шліфмашина для дерева, шліфмашина електрична, шліфмашина для обробки, віброшліфмашина, шліфмашина інструмент, шліфмашина для стін, шліфмашина компактна";вибрационная шлифмашина;вібраційна шліфувальна машина;"Виробник, Тип устройства"
229;141735;https://prom.ua/ua/Mnogofunktsionalnye-instrumenty;Багатофункціональний інструмент;"многофункциональный инструмент, мультитул электрический, универсальный инструмент, мультитул, инструмент многофункциональный, инструмент для резки и шлифовки, мультитул для дома, инструмент комбинированный, мультитул строительный, универсальный электроинструмент";"багатофункціональний інструмент, мультитул електричний, універсальний інструмент, мультитул, інструмент багатофункціональний, інструмент для різання та шліфування, мультитул для дому, інструмент комбінований, мультитул будівельний, універсальний електроінструмент";многофункциональный инструмент;багатофункціональний інструмент;"Виробник, Тип устройства"
230;14400804;https://prom.ua/ua/Payalnye-lampy;Газова паяльна лампа;"газовая паяльная лампа, газовая горелка, лампа паяльная газовая, горелка для пайки, газовая лампа для пайки, инструмент пайки газовый, лампа паяльная инструмент, газовая горелка ручная, лампа для пайки, газовая горелка для ремонта";"газова паяльна лампа, газовий пальник, лампа паяльна газова, пальник для пайки, газова лампа для пайки, інструмент пайки газовий, лампа паяльна інструмент, газовий пальник ручний, лампа для пайки, газовий пальник для ремонту";газовая паяльная лампа;газова паяльна лампа;"Виробник, Тип устройства"
231;141703;https://prom.ua/ua/Frezernye-mashiny;Фрезер;"фрезер, фрезер электрический, ручной фрезер, фрезер по дереву, фрезер инструмент, фрезер для обработки, фрезер строительный, фрезер мощный, фрезер для мастерской, фрезер станок ручной";"фрезер, фрезер електричний, ручний фрезер, фрезер по дереву, фрезер інструмент, фрезер для обробки, фрезер будівельний, фрезер потужний, фрезер для майстерні, фрезер станок ручний";фрезер;фрезер;"Виробник, Тип устройства"
232;141713;https://prom.ua/ua/Elektrolobziki;Електролобзик;"электролобзик, лобзик электрический, лобзик инструмент, лобзик для дерева, лобзик строительный, лобзик мощный, лобзик для резки, лобзик ручной электрический, лобзик для дома, лобзик точный";"електролобзик, лобзик електричний, лобзик інструмент, лобзик для дерева, лобзик будівельний, лобзик потужний, лобзик для різання, лобзик ручний електричний, лобзик для дому, лобзик точний";электролобзик;електролобзик;"Виробник, Тип устройства"
233;14209803;https://prom.ua/ua/Sverlilnye-stanki;Свердлильний верстат;"сверлильный станок, станок сверлильный, станок для сверления, сверлильный станок настольный, станок инструмент, станок для мастерской, станок сверления металла, станок мощный, станок сверлильный электрический, станок для работ";"свердлильний верстат, верстат свердлильний, верстат для свердління, свердлильний верстат настільний, верстат інструмент, верстат для майстерні, верстат свердління металу, верстат потужний, верстат свердлильний електричний, верстат для робіт";сверлильный станок;свердлильний верстат;"Виробник, Тип устройства"
234;141718;https://prom.ua/ua/Shtroborezy;Штроборіз;"штроборез, штроборез электрический, штроборез для стен, штроборез инструмент, штроборез для проводки, штроборез строительный, штроборез мощный, штроборез для бетона, штроборез профессиональный, штроборез резка стен";"штроборіз, штроборіз електричний, штроборіз для стін, штроборіз інструмент, штроборіз для проводки, штроборіз будівельний, штроборіз потужний, штроборіз для бетону, штроборіз професійний, штроборіз різка стін";штроборез;штроборіз;"Виробник, Тип устройства"
235;141723;https://prom.ua/Miksery-stroitelnye-elektricheskie;Будівельний міксер;"бетономешалка, миксер для бетона, бетономешалка электрическая, бетономешалка строительная, бетономешалка для раствора, миксер строительный, бетономешалка инструмент, бетономешалка мощная, бетономешалка для стройки, миксер раствора";"бетономішалка, міксер для бетону, бетономішалка електрична, бетономішалка будівельна, бетономішалка для розчину, міксер будівельний, бетономішалка інструмент, бетономішалка потужна, бетономішалка для будівництва, міксер розчину";бетономешалка;бетономішалка;"Виробник, Тип устройства"
236;141706;https://prom.ua/ua/Feny-tehnicheskie;Промисловий фен;"строительный фен, фен промышленный, термофен, фен для пайки, фен горячего воздуха, фен строительный электрический, фен инструмент, фен для ремонта, фен мощный, фен термоинструмент";"промисловий фен, фен будівельний, термофен, фен для пайки, фен гарячого повітря, фен будівельний електричний, фен інструмент, фен для ремонту, фен потужний, фен термоінструмент";строительный фен;промисловий фен;"Виробник, Тип устройства"
237;14201612;https://prom.ua/ua/Kraskopulty-elektricheskie;Фарбопульт;"краскопульт, пульверизатор, краскопульт электрический, распылитель краски, краскопульт для покраски, краскопульт инструмент, пульверизатор для дома, краскопульт строительный, распылитель электрический, краскопульт мощный";"фарбопульт, пульверизатор, фарбопульт електричний, розпилювач фарби, фарбопульт для фарбування, фарбопульт інструмент, пульверизатор для дому, фарбопульт будівельний, розпилювач електричний, фарбопульт потужний";краскопульт;фарбопульт;"Виробник, Тип устройства"
238;141002;https://prom.ua/ua/Kompressory-porshnevye;Компресор;"компрессор, компрессор воздушный, компрессор для воздуха, компрессор электрический, компрессор для гаража, компрессор инструмент, компрессор мощный, компрессор для покраски, компрессор строительный, компрессор переносной";"компресор, компресор повітряний, компресор для повітря, компресор електричний, компресор для гаража, компресор інструмент, компресор потужний, компресор для фарбування, компресор будівельний, компресор переносний";компрессор;компресор;"Виробник, Тип устройства"
239;141726;https://prom.ua/ua/Kleevye-pistolety-elektricheskie;Клейовий пістолет;"клеевой пистолет, термоклеевой пистолет, пистолет для клея, клеевой пистолет электрический, пистолет горячего клея, клеевой инструмент, пистолет для рукоделия, клеевой пистолет для ремонта, термопистолет, пистолет для стержней";"клейовий пістолет, термоклейовий пістолет, пістолет для клею, клейовий пістолет електричний, пістолет гарячого клею, клейовий інструмент, пістолет для рукоділля, клейовий пістолет для ремонту, термопістолет, пістолет для стрижнів";клеевой пистолет;клейовий пістолет;"Виробник, Тип устройства"
240;147002;https://prom.ua/ua/Professionalnye-pylesosy;Порохотяг;"пылесос, пылесос строительный, пылесос промышленный, пылесос для дома, пылесос для уборки, пылесос мощный, пылесос инструмент, пылесос сухая уборка, пылесос электрический, пылесос универсальный";"пилосос, пилосос будівельний, пилосос промисловий, пилосос для дому, пилосос для прибирання, пилосос потужний, пилосос інструмент, пилосос сухе прибирання, пилосос електричний, пилосос універсальний";пылесос;пилосос;"Виробник, Тип устройства"
241;12110103;https://prom.ua/ua/Stanki-dlya-rihtovki-diskov;Верстат;"станок, станок электрический, станок для мастерской, станок инструмент, станок универсальный, станок для обработки, станок мощный, станок промышленный, станок рабочий, станок для дома";"верстат, верстат електричний, верстат для майстерні, верстат інструмент, верстат універсальний, верстат для обробки, верстат потужний, верстат промисловий, верстат робочий, верстат для дому";станок;верстат;"Виробник, Тип устройства"
242;4305;https://prom.ua/ua/Fugovalno-rejsmusovye-stanki;Рейсмус;"рейсмус, рейсмусовый станок, станок рейсмус, рейсмус для дерева, рейсмус электрический, рейсмус инструмент, рейсмус для мастерской, рейсмус обработка дерева, рейсмус станок настольный, рейсмус строгальный";"рейсмус, рейсмусовий верстат, верстат рейсмус, рейсмус для дерева, рейсмус електричний, рейсмус інструмент, рейсмус для майстерні, рейсмус обробка дерева, рейсмус верстат настільний, рейсмус стругальний";рейсмус;рейсмус;"Виробник, Тип устройства"
243;14200502;https://prom.ua/ua/Shlifovalnye-mashiny;Шліфмашина по гіпсокартону;"шлифмашина для гипсокартона, жираф шлифмашина, шлифмашина стен, шлифмашина потолка, шлифмашина строительная, шлифмашина электрическая, шлифмашина для отделки, шлифмашина инструмент, шлифмашина длинная, шлифмашина для ремонта";"шліфмашина для гіпсокартону, жираф шліфмашина, шліфмашина стін, шліфмашина стелі, шліфмашина будівельна, шліфмашина електрична, шліфмашина для обробки, шліфмашина інструмент, шліфмашина довга, шліфмашина для ремонту";шлифмашина для гипсокартона;шліфмашина для гіпсокартону;"Виробник, Тип устройства"
244;150410;https://prom.ua/ua/Fonariki-;Ліхтарик;"фонарик, фонарь, фонарь аккумуляторный, фонарь ручной, фонарь светодиодный, фонарь мощный, фонарь переносной, фонарь для дома, фонарь кемпинговый, фонарь карманный";"ліхтарик, ліхтар, ліхтар акумуляторний, ліхтар ручний, ліхтар світлодіодний, ліхтар потужний, ліхтар переносний, ліхтар для дому, ліхтар кемпінговий, ліхтар кишеньковий";фонарик;ліхтарик;"Виробник, Тип устройства"
245;150405;https://prom.ua/ua/Promyshlennoe-osveschenie;Будівельний прожектор;"строительный прожектор, прожектор светодиодный, прожектор уличный, прожектор мощный, прожектор для стройки, прожектор освещения, прожектор переносной, прожектор электрический, прожектор рабочий, прожектор led";"будівельний прожектор, прожектор світлодіодний, прожектор вуличний, прожектор потужний, прожектор для будівництва, прожектор освітлення, прожектор переносний, прожектор електричний, прожектор робочий, прожектор led";строительный прожектор;будівельний прожектор;"Виробник, Тип устройства"
246;632;https://prom.ua/ua/Radiopriemniki;Радіоприймач;"радиоприемник, радио портативное, радио fm, радиоприемник переносной, радио для дома, радиоприемник цифровой, радио устройство, радиоприемник компактный, радио батарейное, радиоприемник fm";"радіоприймач, радіо портативне, радіо fm, радіоприймач переносний, радіо для дому, радіоприймач цифровий, радіо пристрій, радіоприймач компактний, радіо на батарейках, радіоприймач fm";радиоприемник;радіоприймач;"Виробник, Тип устройства"
247;143109;https://prom.ua/ua/Zatochnoe-oborudovanie;Точильний станок;"точильный станок, станок заточной, точило электрическое, станок для заточки, точильный инструмент, точильный станок для ножей, станок заточки инструмента, точило настольное, точильный станок электрический, станок заточный";"точильний станок, верстат заточний, точило електричне, верстат для заточки, точильний інструмент, точильний станок для ножів, верстат заточки інструменту, точило настільне, точильний станок електричний, верстат заточний";точильный станок;точильний станок;"Виробник, Тип устройства"
248;12110205;https://prom.ua/ua/Avtomobilnye-nasosy-kompressory;Насос стисненого повітря;"насос сжатого воздуха, компрессор насос, насос воздушный, насос для воздуха, насос электрический воздушный, насос компрессорный, насос для накачки, насос инструмент, насос мощный, насос переносной";"насос стисненого повітря, насос повітряний, насос для повітря, насос електричний повітряний, насос компресорний, насос для накачування, насос інструмент, насос потужний, насос переносний, насос для шин";насос сжатого воздуха;насос стисненого повітря;"Виробник, Тип устройства"
249;151405;https://prom.ua/ua/Schetki-dlya-chistki;Універсальна електрощітка;"электрощетка, щетка электрическая, электрощетка для уборки, щетка аккумуляторная, щетка для чистки, электрощетка универсальная, щетка инструмент, щетка для дома, щетка вращающаяся, щетка электрическая для чистки";"універсальна електрощітка, електрощітка, щітка електрична, електрощітка для прибирання, щітка акумуляторна, щітка для чистки, електрощітка універсальна, щітка інструмент, щітка для дому, щітка обертова";электрощетка;універсальна електрощітка;"Виробник, Тип устройства"
250;142004;https://prom.ua/ua/Nabory-instrumentov;Пневмоінструмент;"пневмоинструмент, инструмент пневматический, пневмоинструмент для компрессора, пневматический инструмент набор, пневмоинструмент для мастерской, пневмоинструмент профессиональный, инструмент воздушный, пневмоинструмент для ремонта, пневмоинструмент мощный, пневмоинструмент комплект";"пневмоінструмент, інструмент пневматичний, пневмоінструмент для компресора, пневматичний інструмент набір, пневмоінструмент для майстерні, пневмоінструмент професійний, інструмент повітряний, пневмоінструмент для ремонту, пневмоінструмент потужний, пневмоінструмент комплект";пневмоинструмент;пневмоінструмент;"Виробник, Тип устройства"
251;63022;https://prom.ua/ua/Paroochistitel;Пароочисник;"пароочиститель, очиститель паром, пароочиститель бытовой, пароочиститель для уборки, пароочиститель ручной, пароочиститель мощный, очиститель паровой, пароочиститель инструмент, пароочиститель для дома, пароочиститель универсальный";"пароочисник, очищувач парою, пароочисник побутовий, пароочисник для прибирання, пароочисник ручний, пароочисник потужний, очищувач паровий, пароочисник інструмент, пароочисник для дому, пароочисник універсальний";пароочиститель;пароочисник;"Виробник, Тип устройства"
252;13040909;https://prom.ua/ua/Vehi-i-rejki-nivelirnye;Штатив для нівелірів;"штатив для нивелира, штатив строительный, штатив лазерного уровня, штатив инструмент, штатив для измерений, штатив регулируемый, штатив для уровня, штатив для нивелира алюминиевый, штатив для лазера, штатив устойчивый";"штатив для нівеліра, штатив будівельний, штатив лазерного рівня, штатив інструмент, штатив для вимірювань, штатив регульований, штатив для рівня, штатив для нівеліра алюмінієвий, штатив для лазера, штатив стійкий";штатив для нивелира;штатив для нівеліра;"Виробник, Тип устройства"
253;602;https://prom.ua/ua/Holodilniki;Акумуляторний холодильник;"аккумуляторный холодильник, холодильник портативный, холодильник автомобильный, холодильник переносной, холодильник для авто, холодильник с аккумулятором, холодильник дорожный, холодильник компактный, холодильник для поездок, холодильник охлаждение";"акумуляторний холодильник, холодильник портативний, холодильник автомобільний, холодильник переносний, холодильник для авто, холодильник з акумулятором, холодильник дорожній, холодильник компактний, холодильник для поїздок, холодильник охолодження";аккумуляторный холодильник;акумуляторний холодильник;"Виробник, Тип устройства"
254;608;https://prom.ua/ua/Pylesosy;Віконний пилосос;"оконный пылесос, пылесос для окон, стеклоочиститель электрический, пылесос для стекол, мойщик окон электрический, пылесос для мытья окон, очиститель стекла, пылесос компактный, пылесос для дома окна, пылесос для стеклянных поверхностей";"віконний пилосос, пилосос для вікон, склоочисник електричний, пилосос для скла, мийник вікон електричний, пилосос для миття вікон, очищувач скла, пилосос компактний, пилосос для дому вікна, пилосос для скляних поверхонь";оконный пылесос;віконний пилосос;"Виробник, Тип устройства"
255;151408;https://prom.ua/ua/Shvabry;Електрошвабра;"электрошвабра, швабра электрическая, швабра для уборки, швабра с мотором, швабра аккумуляторная, швабра для пола, швабра для дома, швабра инструмент, швабра влажная уборка, швабра современная";"електрошвабра, швабра електрична, швабра для прибирання, швабра з мотором, швабра акумуляторна, швабра для підлоги, швабра для дому, швабра інструмент, швабра вологе прибирання, швабра сучасна";электрошвабра;електрошвабра;"Виробник, Тип устройства"
256;5280501;https://prom.ua/ua/Akkumulyatornye-bloki;Акумулятор для інструмента;"аккумулятор, аккумуляторная батарея, батарея аккумуляторная, аккумулятор питания, аккумулятор литиевый, аккумулятор для инструмента, аккумулятор запасной, аккумулятор мощный, аккумулятор зарядный, аккумулятор энергия";"акумулятор, акумуляторна батарея, батарея акумуляторна, акумулятор живлення, акумулятор літієвий, акумулятор для інструмента, акумулятор запасний, акумулятор потужний, акумулятор зарядний, акумулятор енергія";аккумулятор;акумулятор;"Виробник, Тип устройства, Тип акумулятора, Ємність акумулятору, Напруга"
257;410201;https://prom.ua/ua/Zaryadnye-ustrojstva-dlya-akkumulyatorov;Зарядний пристрій;"зарядное устройство, зарядка для аккумулятора, зарядное для батареи, зарядное устройство универсальное, зарядка для инструмента, зарядное устройство электрическое, зарядное для аккумулятора инструмент, зарядное устройство быстрое, зарядка адаптер, зарядное питание";"зарядний пристрій, зарядка для акумулятора, зарядний для батареї, зарядний пристрій універсальний, зарядка для інструмента, зарядний пристрій електричний, зарядний для акумулятора інструмент, зарядний пристрій швидкий, зарядка адаптер, зарядний живлення";зарядное устройство;зарядний пристрій;"Виробник, Тип устройства"
258;410201;https://prom.ua/ua/Zaryadnye-ustrojstva-dlya-akkumulyatorov;Зарядний пристрій+акумулятор;"зарядное устройство с аккумулятором, комплект зарядка аккумулятор, набор аккумулятор и зарядка, комплект питания инструмента, аккумулятор с зарядным устройством, набор батарея зарядка, комплект аккумулятор зарядка инструмент, аккумулятор зарядное комплект, зарядка и батарея набор, комплект питания";"зарядний пристрій з акумулятором, комплект зарядка акумулятор, набір акумулятор і зарядка, комплект живлення інструмента, акумулятор із зарядним пристроєм, набір батарея зарядка, комплект акумулятор зарядка інструмент, акумулятор зарядний комплект, зарядка і батарея набір, комплект живлення";зарядное устройство с аккумулятором;зарядний пристрій з акумулятором;"Виробник, Тип устройства"
259;14201506;https://prom.ua/ua/Pilki-dlya-lobzikov;Полотна для лобзика;"полотна для лобзика, пилки для лобзика, пильное полотно лобзика, набор полотен лобзика, пилки по дереву лобзик, пилки по металлу лобзик, полотно лобзик универсальное, пилки сменные лобзика, полотно для резки, аксессуары для лобзика";"полотна для лобзика, пилки для лобзика, пильне полотно лобзика, набір полотен лобзика, пилки по дереву лобзик, пилки по металу лобзик, полотно лобзик універсальне, пилки змінні лобзика, полотно для різання, аксесуари для лобзика";полотна для лобзика;полотна для лобзика;"Виробник, Тип устройства"
260;14201509;https://prom.ua/ua/Diski-pilnye-po-derevu;Відрізне коло сталь;"отрезной круг по стали, диск отрезной металл, круг для резки стали, диск болгарки по металлу, круг абразивный сталь, отрезной диск для металла, круг для резки металла, диск стальной отрезной, круг для болгарки металл, диск абразивный сталь";"відрізне коло по сталі, диск відрізний метал, круг для різання сталі, диск болгарки по металу, круг абразивний сталь, відрізний диск для металу, круг для різання металу, диск сталевий відрізний, круг для болгарки метал, диск абразивний сталь";отрезной круг по стали;відрізне коло по сталі;"Виробник, Тип устройства"
261;14201509;https://prom.ua/ua/Diski-pilnye-po-derevu;Шліфкруг;"шлифовальный круг, круг для шлифовки, диск шлифовальный, круг абразивный, круг для болгарки шлифовка, диск шлифовальный металл, круг зачистной, круг шлифовальный универсальный, диск для шлифовки, круг абразивный диск";"шліфкруг, шліфувальний круг, круг для шліфування, диск шліфувальний, круг абразивний, круг для болгарки шліфування, диск шліфувальний метал, круг зачисний, круг шліфувальний універсальний, диск для шліфування";шлифовальный круг;шліфувальний круг;"Виробник, Тип устройства"
262;14201509;https://prom.ua/ua/Diski-pilnye-po-derevu;Обдирний круг сталь;"обдирочный круг по металлу, круг зачистной сталь, диск обдирочный металл, круг для зачистки стали, обдирочный диск болгарка, круг шлифовальный грубый, диск для зачистки металла, круг для удаления сварки, круг абразивный сталь, диск зачистной";"обдирний круг по металу, круг зачисний сталь, диск обдирний метал, круг для зачистки сталі, обдирний диск болгарка, круг шліфувальний грубий, диск для зачистки металу, круг для видалення зварювання, круг абразивний сталь, диск зачисний";обдирочный круг по металлу;обдирний круг по металу;"Виробник, Тип устройства"
263;14201509;https://prom.ua/ua/Diski-pilnye-po-derevu;Відрізне коло бетон;"отрезной круг по бетону, диск по бетону, круг алмазный бетон, диск для резки бетона, круг для болгарки бетон, диск абразивный бетон, диск алмазный универсальный, круг для камня, диск для резки камня, круг бетон резка";"відрізне коло по бетону, диск по бетону, круг алмазний бетон, диск для різання бетону, круг для болгарки бетон, диск абразивний бетон, диск алмазний універсальний, круг для каменю, диск для різання каменю, круг бетон різання";отрезной круг по бетону;відрізне коло по бетону;"Виробник, Тип устройства"
264;14201509;https://prom.ua/ua/Diski-pilnye-po-derevu;Відрізний круг кольорові метали;"отрезной круг цветные металлы, диск по алюминию, круг для меди резка, диск для цветмета, круг отрезной алюминий, диск для мягких металлов, круг для резки цветмета, диск тонкий металл, круг абразивный цветмет, диск по цветным металлам";"відрізний круг кольорові метали, диск по алюмінію, круг для міді різання, диск для кольорового металу, круг відрізний алюміній, диск для м’яких металів, круг для різання кольорового металу, диск тонкий метал, круг абразивний кольорові метали, диск по кольорових металах";отрезной круг цветные металлы;відрізний круг кольорові метали;"Виробник, Тип устройства"
265;14201607;https://prom.ua/ua/Sverla;Свердла по металу;"сверло по металлу, сверла металлические, набор сверл металл, сверло сталь, сверло для дрели металл, сверло спиральное металл, сверло по железу, сверло точное металл, сверло для сверления металла, сверло универсальное металл";"свердло по металу, свердла металеві, набір свердел метал, свердло сталь, свердло для дриля метал, свердло спіральне метал, свердло по залізу, свердло точне метал, свердло для свердління металу, свердло універсальне метал";сверло по металлу;свердло по металу;"Виробник, Тип устройства"
266;14201607;https://prom.ua/ua/Sverla;Свердла по кераміці;"сверло по керамике, сверло по плитке, сверло для плитки, сверло стекло керамика, сверло для кафеля, сверло копьевидное, сверло для дрели плитка, сверло для стекла, сверло керамика точное, сверло универсальное плитка";"свердло по кераміці, свердло по плитці, свердло для плитки, свердло скло кераміка, свердло для кахлю, свердло списоподібне, свердло для дриля плитка, свердло для скла, свердло кераміка точне, свердло універсальне плитка";сверло по керамике;свердло по кераміці;"Виробник, Тип устройства"
267;14201607;https://prom.ua/ua/Sverla;Свердла по дереву;"сверло по дереву, сверла древесина, сверло перьевое дерево, сверло для дрели дерево, сверло спиральное дерево, сверло по дереву набор, сверло столярное, сверло для отверстий дерево, сверло универсальное дерево, сверло длинное дерево";"свердло по дереву, свердла деревина, свердло перове дерево, свердло для дриля дерево, свердло спіральне дерево, свердло по дереву набір, свердло столярне, свердло для отворів дерево, свердло універсальне дерево, свердло довге дерево";сверло по дереву;свердло по дереву;"Виробник, Тип устройства"
268;14201607;https://prom.ua/ua/Sverla;Свердла комбінований набір;"набор сверл универсальный, сверла набор комбинированный, набор сверл по металлу дереву, комплект сверл, набор сверл для дрели, сверла универсальные набор, комплект сверл разные материалы, набор инструмент сверла, сверла комплект, набор сверл универсальный инструмент";"набір свердел універсальний, свердла набір комбінований, набір свердел по металу дереву, комплект свердел, набір свердел для дриля, свердла універсальні набір, комплект свердел різні матеріали, набір інструмент свердла, свердла комплект, набір свердел універсальний інструмент";набор сверл универсальный;набір свердел універсальний;"Виробник, Тип устройства"
269;14201508;https://prom.ua/ua/Koltsevye-pily;Набір коронок;"набор коронок, коронки сверлильные, набор коронок по дереву, коронки по металлу, коронки для дрели, набор коронок универсальный, коронки для отверстий, комплект коронок, коронки строительные, коронки инструмент";"набір коронок, коронки свердлильні, набір коронок по дереву, коронки по металу, коронки для дриля, набір коронок універсальний, коронки для отворів, комплект коронок, коронки будівельні, коронки інструмент";набор коронок;набір коронок;"Виробник, Тип устройства"
270;420503;https://prom.ua/ua/Gvoizdi;Цвяхи;"гвозди, гвозди строительные, гвозди для дерева, гвозди металлические, гвозди для ремонта, гвозди универсальные, гвозди крепеж, гвозди для стройки, гвозди упаковка, гвозди инструмент";"цвяхи, цвяхи будівельні, цвяхи для дерева, цвяхи металеві, цвяхи для ремонту, цвяхи універсальні, цвяхи кріплення, цвяхи для будівництва, цвяхи упаковка, цвяхи інструмент";гвозди;цвяхи;"Виробник, Тип устройства"
271;14201509;https://prom.ua/ua/Diski-pilnye-po-derevu;Диск для торцювальної пили;"диск для торцовочной пилы, пильный диск торцовка, диск по дереву торцовка, диск для пилы, диск циркулярный, диск для резки дерева, диск пильный точный, диск для станка, диск для торцовки, диск дерево резка";"диск для торцювальної пили, пильний диск торцювання, диск по дереву торцювання, диск для пили, диск циркулярний, диск для різання дерева, диск пильний точний, диск для верстата, диск для торцювання, диск дерево різання";диск для торцовочной пилы;диск для торцювальної пили;"Виробник, Тип устройства"
272;14201607;https://prom.ua/ua/Sverla;Бури по бетону;"бур по бетону, буры sds plus, бур для перфоратора, бур по бетону sds max, бур для сверления бетона, бур строительный, бур для перфоратора бетон, бур усиленный, бур для камня, бур профессиональный";"бур по бетону, бури sds plus, бур для перфоратора, бур по бетону sds max, бур для свердління бетону, бур будівельний, бур для перфоратора бетон, бур посилений, бур для каменю, бур професійний";бур по бетону;бур по бетону;"Виробник, Тип устройства"
273;14201607;https://prom.ua/ua/Sverla;Набір біт і свердел;"набор бит и сверл, комплект бит и сверл, набор оснастки шуруповерт, набор насадок и сверл, комплект бит сверла, набор для дрели и шуруповерта, набор инструмент биты сверла, универсальный набор бит и сверл, набор аксессуаров инструмент, комплект оснастки";"набір біт і свердел, комплект біт і свердел, набір оснастки шурупокрут, набір насадок і свердел, комплект біт свердла, набір для дриля і шурупокрута, набір інструмент біти свердла, універсальний набір біт і свердел, набір аксесуарів інструмент, комплект оснастки";набор бит и сверл;набір біт і свердел;"Виробник, Тип устройства"
274;14201512;https://prom.ua/ua/Zubila-doloto-dlya-perforatora;Слюсарне зубило/долото;"зубило слесарное, долото по металлу, зубило для бетона, зубило ударное, долото строительное, зубило инструмент, долото для перфоратора, зубило для демонтажа, зубило усиленное, долото универсальное";"зубило слюсарне, долото по металу, зубило для бетону, зубило ударне, долото будівельне, зубило інструмент, долото для перфоратора, зубило для демонтажу, зубило посилене, долото універсальне";зубило слесарное;зубило слюсарне;"Виробник, Тип устройства"
275;142001;https://prom.ua/ua/Komplektuyuschie-dlya-instrumenta;Кутовий перехідник;"угловой адаптер, угловой переходник для шуруповерта, адаптер угловой, переходник для бит угловой, насадка угловая, адаптер для дрели угловой, переходник инструмент, угловая насадка шуруповерт, адаптер компактный, переходник универсальный";"кутовий перехідник, кутовий адаптер для шурупокрута, адаптер кутовий, перехідник для біт кутовий, насадка кутова, адаптер для дриля кутовий, перехідник інструмент, кутова насадка шурупокрут, адаптер компактний, перехідник універсальний";угловой адаптер;кутовий перехідник;"Виробник, Тип устройства"
276;142001;https://prom.ua/ua/Komplektuyuschie-dlya-instrumenta;Ексцентрикова насадка;"эксцентриковая насадка, насадка эксцентрик, эксцентрик адаптер, насадка для шуруповерта эксцентрик, эксцентриковый переходник, насадка инструмент эксцентрик, адаптер эксцентриковый, насадка для труднодоступных мест, эксцентрик насадка компактная, эксцентрик инструмент";"ексцентрикова насадка, насадка ексцентрик, ексцентрик адаптер, насадка для шурупокрута ексцентрик, ексцентриковий перехідник, насадка інструмент ексцентрик, адаптер ексцентриковий, насадка для важкодоступних місць, ексцентрик насадка компактна, ексцентрик інструмент";эксцентриковая насадка;ексцентрикова насадка;"Виробник, Тип устройства"
277;142001;https://prom.ua/ua/Komplektuyuschie-dlya-instrumenta;Швидкозмінний тримач;"быстросменный держатель бит, держатель бит магнитный, держатель для шуруповерта, держатель насадок, держатель бит быстрый, адаптер для бит держатель, держатель инструмент, держатель универсальный, держатель компактный, держатель для насадок";"швидкозмінний тримач біт, тримач біт магнітний, тримач для шурупокрута, тримач насадок, тримач біт швидкий, адаптер для біт тримач, тримач інструмент, тримач універсальний, тримач компактний, тримач для насадок";быстросменный держатель бит;швидкозмінний тримач біт;"Виробник, Тип устройства"
278;142001;https://prom.ua/ua/Komplektuyuschie-dlya-instrumenta;Швидкозмінний патрон;"быстросменный патрон, патрон для дрели, патрон быстрозажимной, патрон инструмент, патрон для шуруповерта, патрон сменный, патрон универсальный, патрон для сверл, патрон зажимной, патрон быстрый";"швидкозмінний патрон, патрон для дриля, патрон швидкозажимний, патрон інструмент, патрон для шурупокрута, патрон змінний, патрон універсальний, патрон для свердел, патрон затискний, патрон швидкий";быстросменный патрон;швидкозмінний патрон;"Виробник, Тип устройства"
279;142007;https://prom.ua/ua/Sumki-dlya-instrumenta;Сумка для інструментів;"сумка для инструментов, сумка инструментальная, сумка мастера, сумка для переноски инструмента, сумка строительная, сумка для ремонта, сумка инструмент, сумка прочная инструмент, сумка для набора, сумка профессиональная инструмент";"сумка для інструментів, сумка інструментальна, сумка майстра, сумка для перенесення інструменту, сумка будівельна, сумка для ремонту, сумка інструмент, сумка міцна інструмент, сумка для набору, сумка професійна інструмент";сумка для инструментов;сумка для інструментів;"Виробник, Тип устройства"
280;142007;https://prom.ua/ua/Sumki-dlya-instrumenta;Поясна сумка для інструментів;"поясная сумка для инструментов, сумка на пояс инструмент, пояс монтажника, сумка для инструментов поясная, сумка поясная строительная, сумка для мастера пояс, сумка крепление пояс, сумка карманы инструмент, пояс инструментальный, сумка монтажная пояс";"поясна сумка для інструментів, сумка на пояс інструмент, пояс монтажника, сумка для інструментів поясна, сумка поясна будівельна, сумка для майстра пояс, сумка кріплення пояс, сумка кишені інструмент, пояс інструментальний, сумка монтажна пояс";поясная сумка для инструментов;поясна сумка для інструментів;"Виробник, Тип устройства"
281;142007;https://prom.ua/ua/Sumki-dlya-instrumenta;Кейс для інструментів;"кейс для инструментов, чемодан для инструмента, кейс инструментальный, кейс пластиковый инструмент, кейс для хранения инструмента, кейс переносной инструмент, кейс прочный инструмент, кейс для набора, кейс строительный, кейс защитный инструмент";"кейс для інструментів, валіза для інструменту, кейс інструментальний, кейс пластиковий інструмент, кейс для зберігання інструменту, кейс переносний інструмент, кейс міцний інструмент, кейс для набору, кейс будівельний, кейс захисний інструмент";кейс для инструментов;кейс для інструментів;"Виробник, Тип устройства"
282;14201516;https://prom.ua/ua/Masla-dlya-instrumenta;Мастило для хвостовиків;"смазка для хвостовиков, смазка для буров, смазка для перфоратора, смазка инструмент, смазка для сверл, смазка техническая, смазка для оснастки, смазка универсальная инструмент, смазка для патрона, смазка защитная";"мастило для хвостовиків, мастило для бурів, мастило для перфоратора, мастило інструмент, мастило для свердел, мастило технічне, мастило для оснастки, мастило універсальне інструмент, мастило для патрона, мастило захисне";смазка для хвостовиков;мастило для хвостовиків;"Виробник, Тип устройства"
283;420504;https://prom.ua/ua/Gajki;Затискна гайка для кругів;"зажимная гайка для болгарки, гайка для диска, гайка крепления круга, гайка ушм, гайка прижимная, гайка инструмент, гайка для шлифмашины, гайка фиксирующая, гайка для дисков, гайка крепежная ушм";"затискна гайка для болгарки, гайка для диска, гайка кріплення круга, гайка ушм, гайка притискна, гайка інструмент, гайка для шліфмашини, гайка фіксуюча, гайка для дисків, гайка кріпильна ушм";зажимная гайка для болгарки;затискна гайка для болгарки;"Виробник, Тип устройства"
284;14201505;https://prom.ua/ua/Tsepi-dlya-pil;Ланцюг для пилки;"цепь для пилы, цепь бензопилы, цепь электропилы, цепь режущая, цепь для резки дерева, цепь сменная пила, цепь инструмент, цепь для цепной пилы, цепь запасная, цепь пильная";"ланцюг для пилки, ланцюг бензопили, ланцюг електропили, ланцюг ріжучий, ланцюг для різання дерева, ланцюг змінний пила, ланцюг інструмент, ланцюг для ланцюгової пили, ланцюг запасний, ланцюг пильний";цепь для пилы;ланцюг для пилки;"Виробник, Тип устройства"
285;64404;https://prom.ua/ua/Zapchasti-i-prinadlezhnosti-dlya-pylesosov;Насадка пароочисника;"насадка для пароочистителя, аксессуар пароочиститель, насадка паровая, насадка для чистки паром, насадка сменная пароочиститель, насадка инструмент пар, насадка щетка пар, насадка универсальная пароочиститель, насадка для уборки, насадка комплект пароочиститель";"насадка для пароочисника, аксесуар пароочисник, насадка парова, насадка для чистки парою, насадка змінна пароочисник, насадка інструмент пар, насадка щітка пар, насадка універсальна пароочисник, насадка для прибирання, насадка комплект пароочисник";насадка для пароочистителя;насадка для пароочисника;"Виробник, Тип устройства"
286;14201502;https://prom.ua/ua/Polotna-nozhovochnye;Полотна для реноватора;"полотна для реноватора, насадки для мультитула, пильные полотна мультитул, лезвия для реноватора, насадки oscillating tool, полотна по дереву металл, насадки универсальные мультитул, комплект полотен реноватор, насадки для резки и шлифовки, аксессуары мультитул";"полотна для реноватора, насадки для мультитула, пильні полотна мультитул, леза для реноватора, насадки oscillating tool, полотна по дереву металу, насадки універсальні мультитул, комплект полотен реноватор, насадки для різання та шліфування, аксесуари мультитул";полотна для реноватора;полотна для реноватора;"Виробник, Тип устройства"
287;64404;https://prom.ua/ua/Zapchasti-i-prinadlezhnosti-dlya-pylesosov;Мішок для пилососу;"мешок для пылесоса, мешки пылесоса, фильтр мешок пылесос, мешок для строительного пылесоса, мешок сменный пылесос, мешок для сбора пыли, мешок пылесос универсальный, мешок бумажный пылесос, мешок тканевый пылесос, аксессуары пылесос";"мішок для пилососу, мішки пилососа, фільтр мішок пилосос, мішок для будівельного пилососа, мішок змінний пилосос, мішок для збору пилу, мішок пилосос універсальний, мішок паперовий пилосос, мішок тканинний пилосос, аксесуари пилосос";мешок для пылесоса;мішок для пилососу;"Виробник, Тип устройства"
288;14201514;https://prom.ua/ua/Osnastka-dlya-mnogofunktsionalnyh-shlifmashin;Кутова насадка гравера;"угловая насадка гравера, насадка для гравера угловая, адаптер гравер угловой, насадка для мини дрели угловая, насадка dremel угловая, насадка для труднодоступных мест, насадка инструмент гравер, адаптер компактный гравер, угловой переходник гравера, аксессуар гравер";"кутова насадка гравера, насадка для гравера кутова, адаптер гравер кутовий, насадка для міні дриля кутова, насадка dremel кутова, насадка для важкодоступних місць, насадка інструмент гравер, адаптер компактний гравер, кутовий перехідник гравера, аксесуар гравер";угловая насадка гравера;кутова насадка гравера;"Виробник, Тип устройства"
289;14201514;https://prom.ua/ua/Osnastka-dlya-mnogofunktsionalnyh-shlifmashin;Гнучкий вал гравера;"гибкий вал гравера, вал для гравера, гибкий привод гравера, вал мини дрель, удлинитель гравера, гибкий вал dremel, вал для точных работ, вал инструмент гравер, гибкий вал для резки, аксессуар гравер вал";"гнучкий вал гравера, вал для гравера, гнучкий привід гравера, вал міні дриль, подовжувач гравера, гнучкий вал dremel, вал для точних робіт, вал інструмент гравер, гнучкий вал для різання, аксесуар гравер вал";гибкий вал гравера;гнучкий вал гравера;"Виробник, Тип устройства"
290;14201514;https://prom.ua/ua/Osnastka-dlya-mnogofunktsionalnyh-shlifmashin;Штатив гравера;"штатив для гравера, держатель гравера, стойка для гравера, штатив инструмент гравер, подставка для гравера, штатив мини дрель, держатель для точных работ, штатив регулируемый гравер, стойка универсальная гравер, аксессуар гравер";"штатив для гравера, тримач гравера, стійка для гравера, штатив інструмент гравер, підставка для гравера, штатив міні дриль, тримач для точних робіт, штатив регульований гравер, стійка універсальна гравер, аксесуар гравер";штатив для гравера;штатив для гравера;"Виробник, Тип устройства"
291;14209803;https://prom.ua/ua/Sverlilnye-stanki;Стійка для свердління;"стойка для сверления, стойка для дрели, держатель дрели, стойка сверлильная, подставка для дрели, стойка инструмент, стойка для точного сверления, стойка универсальная дрель, станина для дрели, стойка для мастерской";"стійка для свердління, стійка для дриля, тримач дриля, стійка свердлильна, підставка для дриля, стійка інструмент, стійка для точного свердління, стійка універсальна дриль, станина для дриля, стійка для майстерні";стойка для сверления;стійка для свердління;"Виробник, Тип устройства"
292;14201523;https://prom.ua/ua/Kleevye-sterzhni;Клейові стрижні;"клеевые стержни, стержни для клеевого пистолета, термоклей стержни, стержни горячий клей, стержни универсальные, стержни для ремонта, клей стержни набор, стержни прозрачные клей, стержни для рукоделия, расходники клеевой пистолет";"клейові стрижні, стрижні для клейового пістолета, термоклей стрижні, стрижні гарячий клей, стрижні універсальні, стрижні для ремонту, клей стрижні набір, стрижні прозорі клей, стрижні для рукоділля, витратні матеріали клейовий пістолет";клеевые стержни;клейові стрижні;"Виробник, Тип устройства"
293;142711;https://prom.ua/ua/Nasadki-i-zhala-dlya-payalnikov;Насадка для газового паяльника;"насадка для газового паяльника, насадка газовая горелка, насадка для пайки газ, насадка инструмент газовый, насадка сменная паяльник, насадка для точечной пайки, насадка универсальная газ, насадка для ремонта газ, аксессуар паяльник газ, насадка комплект газ";"насадка для газового паяльника, насадка газовий пальник, насадка для пайки газ, насадка інструмент газовий, насадка змінна паяльник, насадка для точкової пайки, насадка універсальна газ, насадка для ремонту газ, аксесуар паяльник газ, насадка комплект газ";насадка для газового паяльника;насадка для газового паяльника;"Виробник, Тип устройства"
294;14201514;https://prom.ua/ua/Osnastka-dlya-mnogofunktsionalnyh-shlifmashin;Захисний кожух для шліфувальної машини;"защитный кожух для болгарки, кожух ушм, кожух защитный шлифмашина, кожух для диска, кожух инструмент, кожух для шлифовальной машины, кожух для безопасности, кожух для резки, кожух универсальный ушм, кожух металлический";"захисний кожух для болгарки, кожух ушм, кожух захисний шліфмашина, кожух для диска, кожух інструмент, кожух для шліфувальної машини, кожух для безпеки, кожух для різання, кожух універсальний ушм, кожух металевий";защитный кожух для болгарки;захисний кожух для болгарки;"Виробник, Тип устройства"
295;64404;https://prom.ua/ua/Zapchasti-i-prinadlezhnosti-dlya-pylesosov;Насадка для пилевидалення;"насадка для пылеудаления, адаптер пылеудаления, насадка пылесос инструмент, насадка для сбора пыли, насадка строительная пылеудаление, насадка для дрели пылеудаление, насадка универсальная пылесос, насадка для чистоты работы, аксессуар пылеудаление, насадка для инструмента пыль";"насадка для пилевидалення, адаптер пилевидалення, насадка пилосос інструмент, насадка для збору пилу, насадка будівельна пилевидалення, насадка для дриля пилевидалення, насадка універсальна пилосос, насадка для чистоти роботи, аксесуар пилевидалення, насадка для інструмента пил";насадка для пылеудаления;насадка для пилевидалення;"Виробник, Тип устройства"
296;142001;https://prom.ua/ua/Komplektuyuschie-dlya-instrumenta;Торцювальна шина;"торцовочная шина, направляющая шина для пилы, шина направляющая, шина для точного реза, направляющая для циркулярной пилы, шина инструмент, шина для резки дерева, шина универсальная пила, направляющая линейка пила, аксессуар пила шина";"торцювальна шина, направляюча шина для пили, шина направляюча, шина для точного різу, направляюча для циркулярної пили, шина інструмент, шина для різання дерева, шина універсальна пила, направляюча лінійка пила, аксесуар пила шина";торцовочная шина;торцювальна шина;"Виробник, Тип устройства"
297;15370306;https://prom.ua/ua/Multimetry;Мультиметр;"мультиметр, тестер напряжения, измеритель мультиметр, мультиметр цифровой, мультиметр универсальный, мультиметр для электрика, мультиметр для дома, мультиметр измерительный прибор, мультиметр портативный, мультиметр инструмент";"мультиметр, тестер напруги, вимірювач мультиметр, мультиметр цифровий, мультиметр універсальний, мультиметр для електрика, мультиметр для дому, мультиметр вимірювальний прилад, мультиметр портативний, мультиметр інструмент";мультиметр;мультиметр;"Виробник, Тип устройства"
298;50918;https://prom.ua/ua/Kabelnyj-tester;Тестер кабелю;"тестер кабеля, кабельный тестер, тестер сети, тестер проводки, тестер ethernet кабеля, тестер витой пары, тестер для диагностики кабеля, тестер сетевой, тестер универсальный, тестер инструмент";"тестер кабелю, кабельний тестер, тестер мережі, тестер проводки, тестер ethernet кабелю, тестер витої пари, тестер для діагностики кабелю, тестер мережевий, тестер універсальний, тестер інструмент";тестер кабеля;тестер кабелю;"Виробник, Тип устройства"
299;153713;https://prom.ua/ua/Komplektuyuschie-izmeritelnyh-priborov;Щупи для тестера;"щупы для мультиметра, щупы тестера, провода для тестера, щупы измерительные, щупы универсальные, щупы для измерений, щупы комплект, щупы для электрика, щупы инструмент, щупы сменные";"щупи для тестера, щупи для мультиметра, проводи для тестера, щупи вимірювальні, щупи універсальні, щупи для вимірювань, щупи комплект, щупи для електрика, щупи інструмент, щупи змінні";щупы для мультиметра;щупи для тестера;"Виробник, Тип устройства"
300;5092905;https://prom.ua/ua/Krepezhnye-materialy;Клеми/наконечники;"клеммы электрические, наконечники кабельные, клеммы для проводов, наконечники для кабеля, клеммы универсальные, клеммы соединительные, наконечники обжимные, клеммы для электрики, клеммы комплект, наконечники электрические";"клеми електричні, наконечники кабельні, клеми для проводів, наконечники для кабелю, клеми універсальні, клеми з'єднувальні, наконечники обтискні, клеми для електрики, клеми комплект, наконечники електричні";клеммы электрические;клеми електричні;"Виробник, Тип устройства"
301;15370309;https://prom.ua/ua/Ommetry;Вимірювач заземлення;"измеритель заземления, тестер заземления, прибор для измерения заземления, измеритель сопротивления земли, тестер земли, прибор электрика заземление, измеритель электрический, тестер универсальный, измеритель профессиональный, прибор для проверки заземления";"вимірювач заземлення, тестер заземлення, прилад для вимірювання заземлення, вимірювач опору землі, тестер землі, прилад електрика заземлення, вимірювач електричний, тестер універсальний, вимірювач професійний, прилад для перевірки заземлення";измеритель заземления;вимірювач заземлення;"Виробник, Тип устройства"
302;15370306;https://prom.ua/ua/Multimetry;Струмовимірювач;"токоизмеритель, клещи токовые, измеритель тока, токовые клещи, прибор измерения тока, измеритель электрический, токовые клещи цифровые, измеритель универсальный, прибор для электрика, токовые клещи инструмент";"струмовимірювач, струмові кліщі, вимірювач струму, кліщі струмові, прилад вимірювання струму, вимірювач електричний, струмові кліщі цифрові, вимірювач універсальний, прилад для електрика, струмові кліщі інструмент";токовые клещи;струмові кліщі;"Виробник, Тип устройства"
303;14200355;https://prom.ua/ua/Semniki-izolyatsii;Інструмент для зачищення/обрізання;"инструмент для зачистки проводов, стриппер, инструмент для резки кабеля, инструмент для снятия изоляции, инструмент электрика, стриппер универсальный, инструмент для проводов, инструмент для ремонта, инструмент ручной, инструмент кабельный";"інструмент для зачищення обрізання, стрипер, інструмент для різання кабелю, інструмент для зняття ізоляції, інструмент електрика, стрипер універсальний, інструмент для проводів, інструмент для ремонту, інструмент ручний, інструмент кабельний";инструмент для зачистки проводов;інструмент для зачищення проводів;"Виробник, Тип устройства"
304;14200358;https://prom.ua/ua/Instrumenty-obzhimnye-ruchnye;Інструмент для обтискання;"инструмент для обжима, кримпер, обжимной инструмент, инструмент для наконечников, инструмент для кабеля, кримпер универсальный, инструмент электрика, инструмент для ремонта, инструмент ручной, инструмент для проводов";"інструмент для обтискання, кримпер, обтискний інструмент, інструмент для наконечників, інструмент для кабелю, кримпер універсальний, інструмент електрика, інструмент для ремонту, інструмент ручний, інструмент для проводів";инструмент для обжима;інструмент для обтискання;"Виробник, Тип устройства"
305;5093501;https://prom.ua/ua/Instrument-dlya-zadelki-kabelya;Для забивання контактів;"инструмент для забивки контактов, punch down tool, инструмент для кроссов, инструмент для кабеля, инструмент для сети, инструмент монтажный, инструмент для розеток, инструмент для патч панелей, инструмент универсальный, инструмент сетевой";"інструмент для забивання контактів, punch down tool, інструмент для кросів, інструмент для кабелю, інструмент для мережі, інструмент монтажний, інструмент для розеток, інструмент для патч панелей, інструмент універсальний, інструмент мережевий";инструмент для забивки контактов;інструмент для забивання контактів;"Виробник, Тип устройства"
306;5092905;https://prom.ua/ua/Krepezhnye-materialy;Протяжка кабелю;"протяжка кабеля, зонд для кабеля, протяжка для проводов, инструмент для протяжки кабеля, кабельная протяжка, протяжка универсальная, инструмент для монтажа кабеля, протяжка для электрика, протяжка инструмент, протяжка для проводки";"протяжка кабелю, зонд для кабелю, протяжка для проводів, інструмент для протяжки кабелю, кабельна протяжка, протяжка універсальна, інструмент для монтажу кабелю, протяжка для електрика, протяжка інструмент, протяжка для проводки";протяжка кабеля;протяжка кабелю;"Виробник, Тип устройства"
307;14200355;https://prom.ua/ua/Semniki-izolyatsii;Розпуск кабелю;"инструмент для разделки кабеля, инструмент для распуска кабеля, нож для кабеля, инструмент для снятия оболочки, инструмент кабельный, инструмент для электрика, инструмент для монтажа, инструмент универсальный, инструмент для проводов, инструмент ручной";"інструмент для розпуску кабелю, інструмент для розділення кабелю, ніж для кабелю, інструмент для зняття оболонки, інструмент кабельний, інструмент для електрика, інструмент для монтажу, інструмент універсальний, інструмент для проводів, інструмент ручний";инструмент для разделки кабеля;інструмент для розпуску кабелю;"Виробник, Тип устройства"
308;14200358;https://prom.ua/ua/Instrumenty-obzhimnye-ruchnye;Монтаж роз'ємів;"инструмент для монтажа разъемов, монтаж разъемов кабеля, инструмент для установки коннекторов, инструмент сетевой, инструмент для кабеля, инструмент для электрика, инструмент универсальный, инструмент для монтажа, инструмент для проводов, инструмент ручной";"інструмент для монтажу роз'ємів, монтаж роз'ємів кабелю, інструмент для встановлення конекторів, інструмент мережевий, інструмент для кабелю, інструмент для електрика, інструмент універсальний, інструмент для монтажу, інструмент для проводів, інструмент ручний";инструмент для монтажа разъемов;інструмент для монтажу роз'ємів;"Виробник, Тип устройства"
309;14190303;https://prom.ua/ua/Elektroizolyatsionnaya-lenta;Ізострічка;"изолента, изоляционная лента, лента изоляционная, изолента электрическая, изолента для проводов, изолента универсальная, изолента для ремонта, изолента для дома, изолента прочная, изолента бытовая";"ізострічка, ізоляційна стрічка, стрічка ізоляційна, ізострічка електрична, ізострічка для проводів, ізострічка універсальна, ізострічка для ремонту, ізострічка для дому, ізострічка міцна, ізострічка побутова";изолента;ізострічка;"Виробник, Тип устройства"
310;14190303;https://prom.ua/ua/Elektroizolyatsionnaya-lenta;Ізострічка віскзона;"изолента тканевая, изолента вискозная, изолента тканевая автомобильная, лента изоляционная тканевая, изолента для жгутов, изолента мягкая, изолента для кабеля, изолента универсальная, изолента автомобильная, изолента прочная";"ізострічка віскозна, ізострічка тканинна, ізострічка автомобільна, стрічка ізоляційна тканинна, ізострічка для джгутів, ізострічка м'яка, ізострічка для кабелю, ізострічка універсальна, ізострічка автомобільна, ізострічка міцна";изолента тканевая;ізострічка тканинна;"Виробник, Тип устройства"
311;14190303;https://prom.ua/ua/Elektroizolyatsionnaya-lenta;Ізострічка вулканізуюча;"изолента самовулканизирующаяся, изолента резиновая, лента вулканизирующаяся, изолента для кабеля, изолента герметичная, изолента водостойкая, изолента универсальная, изолента для ремонта, изолента прочная, изолента электрическая";"ізострічка вулканізуюча, ізострічка самовулканізуюча, ізострічка гумова, стрічка вулканізуюча, ізострічка для кабелю, ізострічка герметична, ізострічка водостійка, ізострічка універсальна, ізострічка для ремонту, ізострічка міцна";самовулканизирующаяся изолента;ізострічка вулканізуюча;"Виробник, Тип устройства"
312;14190303;https://prom.ua/ua/Elektroizolyatsionnaya-lenta;Стрічка для жгутування та захисту кабелів;"лента для жгутирования кабеля, лента для кабеля, лента защитная кабель, лента для проводов, лента монтажная кабель, лента универсальная, лента для изоляции кабеля, лента прочная, лента для электрики, лента кабельная";"стрічка для джгутування кабелю, стрічка для кабелю, стрічка захисна кабель, стрічка для проводів, стрічка монтажна кабель, стрічка універсальна, стрічка для ізоляції кабелю, стрічка міцна, стрічка для електрики, стрічка кабельна";лента для жгутирования кабеля;стрічка для джгутування кабелю;"Виробник, Тип устройства"
313;142703;https://prom.ua/ua/Flyusy-pripoj;Припій;"припой, припой для пайки, припой оловянный, припой для электроники, припой проволочный, припой универсальный, припой для ремонта, припой для дома, припой качественный, припой инструмент";"припій, припій для паяння, припій олов'яний, припій для електроніки, припій дротовий, припій універсальний, припій для ремонту, припій для дому, припій якісний, припій інструмент";припой;припій;"Виробник, Тип устройства"
314;14400803;https://prom.ua/ua/Payalniki;Паяльник;"паяльник, паяльник электрический, паяльник для пайки, паяльник инструмент, паяльник для электроники, паяльник универсальный, паяльник для ремонта, паяльник для дома, паяльник ручной, паяльник профессиональный";"паяльник, паяльник електричний, паяльник для паяння, паяльник інструмент, паяльник для електроніки, паяльник універсальний, паяльник для ремонту, паяльник для дому, паяльник ручний, паяльник професійний";паяльник;паяльник;"Виробник, Тип устройства"
315;230620;https://prom.ua/ua/Klejkaya-upakovochnaya-lenta;Всмоктуюча стрічка;"оплетка для снятия припоя, лента для выпайки, оплетка паяльная, лента для удаления припоя, оплетка медная, оплетка для пайки, лента для ремонта электроники, оплетка универсальная, оплетка инструмент, лента паяльная";"всмоктуюча стрічка, оплетка для зняття припою, стрічка для випаювання, оплетка паяльна, стрічка для видалення припою, оплетка мідна, оплетка для паяння, стрічка для ремонту електроніки, оплетка універсальна, оплетка інструмент";оплетка для снятия припоя;всмоктуюча стрічка;"Виробник, Тип устройства"
316;142004;https://prom.ua/ua/Nabory-instrumentov;Набір інструментів для кабелю;"набор инструментов для кабеля, набор электрика, комплект инструментов для проводов, набор для монтажа кабеля, набор кабельный, набор универсальный электрика, набор для ремонта проводки, комплект для кабельных работ, набор инструментов профессиональный, набор инструментов ручной";"набір інструментів для кабелю, набір електрика, комплект інструментів для проводів, набір для монтажу кабелю, набір кабельний, набір універсальний електрика, набір для ремонту проводки, комплект для кабельних робіт, набір інструментів професійний, набір інструментів ручний";набор инструментов для кабеля;набір інструментів для кабелю;"Виробник, Тип устройства"
317;14200358;https://prom.ua/ua/Instrumenty-obzhimnye-ruchnye;обтиск втулкових наконечників;"обжим втулочных наконечников, кримпер для втулок, инструмент для обжима наконечников, обжим гильз, инструмент для кабельных наконечников, кримпер втулочный, инструмент электрика, обжим проводов, инструмент для монтажа, обжимной инструмент";"обтиск втулкових наконечників, кримпер для втулок, інструмент для обтискання наконечників, обтиск гільз, інструмент для кабельних наконечників, кримпер втулковий, інструмент електрика, обтиск проводів, інструмент для монтажу, обтискний інструмент";обжим втулочных наконечников;обтиск втулкових наконечників;"Виробник, Тип устройства"
318;14200358;https://prom.ua/ua/Instrumenty-obzhimnye-ruchnye;обтискання RJ-45 (8P8C);"обжим RJ45, кримпер RJ45, обжим витой пары, инструмент для RJ45, кримпер сетевой, обжим коннекторов ethernet, инструмент для сети, обжим кабеля интернет, кримпер универсальный, инструмент для монтажа сети";"обтискання RJ45, кримпер RJ45, обтиск витої пари, інструмент для RJ45, кримпер мережевий, обтиск конекторів ethernet, інструмент для мережі, обтиск кабелю інтернет, кримпер універсальний, інструмент для монтажу мережі";обжим RJ45;обтиск RJ45;"Виробник, Тип устройства"
319;14200358;https://prom.ua/ua/Instrumenty-obzhimnye-ruchnye;обтискання RJ-12/11 (6P6C);"обжим RJ11, обжим RJ12, кримпер RJ11, кримпер RJ12, инструмент для телефонного кабеля, обжим телефонных коннекторов, инструмент для линии связи, обжим кабеля телефон, кримпер универсальный, инструмент для монтажа";"обтискання RJ11, обтискання RJ12, кримпер RJ11, кримпер RJ12, інструмент для телефонного кабелю, обтиск телефонних конекторів, інструмент для лінії зв'язку, обтиск кабелю телефон, кримпер універсальний, інструмент для монтажу";обжим RJ11;обтиск RJ11;"Виробник, Тип устройства"
320;14200358;https://prom.ua/ua/Instrumenty-obzhimnye-ruchnye;обтискання Solar-конекторів типу MC 4;"обжим MC4, кримпер MC4, инструмент для солнечных коннекторов, обжим солнечных кабелей, кримпер для солнечных панелей, инструмент для MC4, обжим кабеля солнечного, инструмент для электрика, кримпер универсальный, инструмент для монтажа";"обтискання MC4, кримпер MC4, інструмент для сонячних конекторів, обтиск сонячних кабелів, кримпер для сонячних панелей, інструмент для MC4, обтиск кабелю сонячного, інструмент для електрика, кримпер універсальний, інструмент для монтажу";обжим MC4;обтиск MC4;"Виробник, Тип устройства"
321;14200358;https://prom.ua/ua/Instrumenty-obzhimnye-ruchnye;обтискання ScotchLok;"обжим scotchlok, кримпер scotchlok, инструмент для соединителей scotchlok, обжим соединителей проводов, инструмент для кабеля, кримпер универсальный, инструмент для электрика, обжим проводов, инструмент для монтажа, инструмент кабельный";"обтискання scotchlok, кримпер scotchlok, інструмент для з'єднувачів scotchlok, обтиск з'єднувачів проводів, інструмент для кабелю, кримпер універсальний, інструмент для електрика, обтиск проводів, інструмент для монтажу, інструмент кабельний";обжим scotchlok;обтиск scotchlok;"Виробник, Тип устройства"
322;14200358;https://prom.ua/ua/Instrumenty-obzhimnye-ruchnye;обтискання 4P/6P/8P/10P;"обжим 4p 6p 8p 10p, кримпер универсальный разъемы, инструмент для обжима коннекторов, кримпер многофункциональный, обжим кабеля разъемы, инструмент для сетевых разъемов, кримпер для кабеля, инструмент для монтажа, кримпер универсальный, инструмент электрика";"обтискання 4p 6p 8p 10p, кримпер універсальний роз'єми, інструмент для обтискання конекторів, кримпер багатофункціональний, обтиск кабелю роз'єми, інструмент для мережевих роз'ємів, кримпер для кабелю, інструмент для монтажу, кримпер універсальний, інструмент електрика";обжим разъемов универсальный;обтиск роз'ємів універсальний;"Виробник, Тип устройства"
323;14200358;https://prom.ua/ua/Instrumenty-obzhimnye-ruchnye;обтискання болтів/контактів AWG;"обжим болтовых наконечников, кримпер для AWG, обжим контактов, инструмент для обжима кабеля, кримпер профессиональный, инструмент для наконечников, обжим кабеля электрический, инструмент электрика, кримпер универсальный, инструмент для монтажа";"обтискання болтів контактів awg, кримпер для awg, обтиск контактів, інструмент для обтискання кабелю, кримпер професійний, інструмент для наконечників, обтиск кабелю електричний, інструмент електрика, кримпер універсальний, інструмент для монтажу";обжим контактов awg;обтиск контактів awg;"Виробник, Тип устройства"
324;14200358;https://prom.ua/ua/Instrumenty-obzhimnye-ruchnye;обтискання IDC- роз'ємів;"обжим idc, инструмент для idc разъемов, кримпер idc, инструмент для кабеля idc, обжим плоского кабеля, инструмент для монтажа idc, инструмент сетевой, кримпер универсальный, инструмент для проводов, инструмент для монтажа";"обтискання idc, інструмент для idc роз'ємів, кримпер idc, інструмент для кабелю idc, обтиск плоского кабелю, інструмент для монтажу idc, інструмент мережевий, кримпер універсальний, інструмент для проводів, інструмент для монтажу";обжим idc;обтиск idc;"Виробник, Тип устройства"
325;5093501;https://prom.ua/ua/Instrument-dlya-zadelki-kabelya;"закладення тип 110, тип Krone, IDC (Dual)";"инструмент krone, инструмент 110, punch down krone, инструмент для кроссов, инструмент для кабеля, инструмент для патч панелей, инструмент сетевой, punch down tool, инструмент для монтажа сети, инструмент универсальный";"інструмент krone, інструмент 110, punch down krone, інструмент для кросів, інструмент для кабелю, інструмент для патч панелей, інструмент мережевий, punch down tool, інструмент для монтажу мережі, інструмент універсальний";инструмент krone;інструмент krone;"Виробник, Тип устройства"
326;50918;https://prom.ua/ua/Kabelnyj-tester;"тестер мережі RJ-45, RJ-12";"тестер сети rj45 rj12, тестер интернет кабеля, тестер телефонной линии, тестер витой пары, тестер сетевой универсальный, тестер кабеля rj, тестер диагностики сети, тестер для монтажа сети, тестер профессиональный, тестер инструмент";"тестер мережі rj45 rj12, тестер інтернет кабелю, тестер телефонної лінії, тестер витої пари, тестер мережевий універсальний, тестер кабелю rj, тестер діагностики мережі, тестер для монтажу мережі, тестер професійний, тестер інструмент";тестер сети rj45;тестер мережі rj45;"Виробник, Тип устройства"
327;14200355;https://prom.ua/ua/Semniki-izolyatsii;зачищення ізоляції;"зачистка изоляции, инструмент для снятия изоляции, стриппер проводов, инструмент электрика, инструмент для кабеля, зачистка проводов инструмент, инструмент универсальный, инструмент для ремонта, инструмент ручной, инструмент кабельный";"зачищення ізоляції, інструмент для зняття ізоляції, стрипер проводів, інструмент електрика, інструмент для кабелю, зачищення проводів інструмент, інструмент універсальний, інструмент для ремонту, інструмент ручний, інструмент кабельний";зачистка изоляции;зачищення ізоляції;"Виробник, Тип устройства"
328;14200340;https://prom.ua/ua/Bokorezy;розрізання дроту;"резка провода, инструмент для резки провода, кусачки для провода, инструмент электрика, резка кабеля инструмент, инструмент для проводов, инструмент универсальный, инструмент для ремонта, инструмент ручной, инструмент кабельный";"розрізання дроту, інструмент для різання дроту, кусачки для дроту, інструмент електрика, різання кабелю інструмент, інструмент для проводів, інструмент універсальний, інструмент для ремонту, інструмент ручний, інструмент кабельний";резка провода;розрізання дроту;"Виробник, Тип устройства"
329;14190303;https://prom.ua/ua/Elektroizolyatsionnaya-lenta;Набір ізоленти;"набор изоленты, комплект изоленты, изолента набор, лента изоляционная набор, изолента разных цветов, набор для электрика, комплект изоляции, изолента универсальная, набор для ремонта, изолента комплект";"набір ізоленти, комплект ізострічки, ізострічка набір, стрічка ізоляційна набір, ізострічка різних кольорів, набір для електрика, комплект ізоляції, ізострічка універсальна, набір для ремонту, ізострічка комплект";набор изоленты;набір ізоленти;"Виробник, Тип устройства"
330;14400803;https://prom.ua/ua/Payalniki;Газовий паяльник;"газовый паяльник, паяльник газовый, паяльник портативный, паяльник для пайки газовый, паяльник универсальный, паяльник для ремонта, паяльник автономный, паяльник инструмент, паяльник для электроники, паяльник ручной";"газовий паяльник, паяльник газовий, паяльник портативний, паяльник для паяння газовий, паяльник універсальний, паяльник для ремонту, паяльник автономний, паяльник інструмент, паяльник для електроніки, паяльник ручний";газовый паяльник;газовий паяльник;"Виробник, Тип устройства"
331;14200605;https://prom.ua/ua/Shtangentsirkuli;Штангенциркуль;"штангенциркуль, штангенциркуль измерительный, штангенциркуль цифровой, штангенциркуль металлический, инструмент измерения, штангенциркуль точный, штангенциркуль для мастерской, штангенциркуль универсальный, штангенциркуль для деталей, штангенциркуль профессиональный";"штангенциркуль, штангенциркуль вимірювальний, штангенциркуль цифровий, штангенциркуль металевий, інструмент вимірювання, штангенциркуль точний, штангенциркуль для майстерні, штангенциркуль універсальний, штангенциркуль для деталей, штангенциркуль професійний";штангенциркуль;штангенциркуль;"Виробник, Тип устройства"
332;14200340;https://prom.ua/ua/Bokorezy;Бокорізи;"бокорезы, кусачки боковые, бокорезы для проводов, кусачки для кабеля, бокорезы инструмент, бокорезы универсальные, кусачки электрические, бокорезы для работы, бокорезы прочные, кусачки ручные";"бокорізи, кусачки бокові, бокорізи для проводів, кусачки для кабелю, бокорізи інструмент, бокорізи універсальні, кусачки електричні, бокорізи для роботи, бокорізи міцні, кусачки ручні";бокорезы;бокорізи;"Виробник, Тип устройства"
333;14200341;https://prom.ua/ua/Passatizhi;Плоскогубці;"плоскогубцы, пассатижи, плоскогубцы универсальные, пассатижи инструмент, плоскогубцы для работы, плоскогубцы прочные, плоскогубцы для проводов, пассатижи комбинированные, плоскогубцы ручные, плоскогубцы бытовые";"плоскогубці, пасатижі, плоскогубці універсальні, пасатижі інструмент, плоскогубці для роботи, плоскогубці міцні, плоскогубці для проводів, пасатижі комбіновані, плоскогубці ручні, плоскогубці побутові";плоскогубцы;плоскогубці;"Виробник, Тип устройства"
334;14200341;https://prom.ua/ua/Passatizhi;Круглогубці;"круглогубцы, плоскогубцы круглые, круглогубцы для проводов, круглогубцы инструмент, круглогубцы для ювелирных работ, круглогубцы ручные, круглогубцы универсальные, круглогубцы точные, круглогубцы для работы, круглогубцы бытовые";"круглогубці, плоскогубці круглі, круглогубці для проводів, круглогубці інструмент, круглогубці для ювелірних робіт, круглогубці ручні, круглогубці універсальні, круглогубці точні, круглогубці для роботи, круглогубці побутові";круглогубцы;круглогубці;"Виробник, Тип устройства"
335;14200341;https://prom.ua/ua/Passatizhi;Довгогубці;"длинногубцы, утконосы, длинногубцы для проводов, длинногубцы инструмент, длинногубцы тонкие, длинногубцы для работы, длинногубцы универсальные, длинногубцы точные, длинногубцы ручные, длинногубцы бытовые";"довгогубці, довгогубці тонкі, довгогубці для проводів, довгогубці інструмент, довгогубці вузькі, довгогубці для роботи, довгогубці універсальні, довгогубці точні, довгогубці ручні, довгогубці побутові";длинногубцы;довгогубці;"Виробник, Тип устройства"
336;14200308;https://prom.ua/ua/Pily-ruchnye;Ножівка ручна;"ножовка ручная, ножовка по дереву, ножовка по металлу, пила ручная, ножовка инструмент, ножовка для работы, ножовка универсальная, ножовка для дома, ножовка прочная, ножовка бытовая";"ножівка ручна, ножівка по дереву, ножівка по металу, пила ручна, ножівка інструмент, ножівка для роботи, ножівка універсальна, ножівка для дому, ножівка міцна, ножівка побутова";ножовка ручная;ножівка ручна;"Виробник, Тип устройства"
337;14200604;https://prom.ua/ua/Ruletki;Рулетка;"рулетка, рулетка измерительная, рулетка строительная, рулетка для измерений, рулетка инструмент, рулетка для дома, рулетка универсальная, рулетка компактная, рулетка точная, рулетка бытовая";"рулетка, рулетка вимірювальна, рулетка будівельна, рулетка для вимірювань, рулетка інструмент, рулетка для дому, рулетка універсальна, рулетка компактна, рулетка точна, рулетка побутова";рулетка;рулетка;"Виробник, Тип устройства"
338;14201622;https://prom.ua/ua/Urovni-stroitelnye;Рівень будівельний;"уровень строительный, уровень пузырьковый, уровень для строительства, уровень инструмент, уровень для дома, уровень универсальный, уровень точный, уровень металлический, уровень для ремонта, уровень бытовой";"рівень будівельний, рівень бульбашковий, рівень для будівництва, рівень інструмент, рівень для дому, рівень універсальний, рівень точний, рівень металевий, рівень для ремонту, рівень побутовий";уровень строительный;рівень будівельний;"Виробник, Тип устройства"
339;14200347;https://prom.ua/ua/Kleschi-zazhimnye;Кліщі;"клещи, клещи инструмент, клещи универсальные, клещи для работы, клещи прочные, клещи ручные, клещи для дома, клещи бытовые, клещи захватные, клещи металлические";"кліщі, кліщі інструмент, кліщі універсальні, кліщі для роботи, кліщі міцні, кліщі ручні, кліщі для дому, кліщі побутові, кліщі захватні, кліщі металеві";клещи;кліщі;"Виробник, Тип устройства"
340;14200348;https://prom.ua/ua/Kleschi-trubnye;Кліщі сантехнічні;"клещи сантехнические, клещи для труб, клещи водопроводные, клещи сантехника, клещи инструмент сантехника, клещи для работы, клещи универсальные, клещи для ремонта, клещи прочные, клещи бытовые";"кліщі сантехнічні, кліщі для труб, кліщі водопровідні, кліщі сантехніка, кліщі інструмент сантехніка, кліщі для роботи, кліщі універсальні, кліщі для ремонту, кліщі міцні, кліщі побутові";клещи сантехнические;кліщі сантехнічні;"Виробник, Тип устройства"
341;14200348;https://prom.ua/ua/Kleschi-trubnye;Кліщі переставні-гайковий ключ;"клещи переставные, клещи гаечный ключ, клещи разводные, клещи для труб универсальные, клещи инструмент, клещи для ремонта, клещи регулируемые, клещи сантехнические универсальные, клещи прочные, клещи бытовые";"кліщі переставні гайковий ключ, кліщі переставні, кліщі як гайковий ключ, кліщі регульовані, кліщі для труб універсальні, кліщі інструмент, кліщі для ремонту, кліщі сантехнічні універсальні, кліщі міцні, кліщі побутові";клещи переставные;кліщі переставні;"Виробник, Тип устройства"
342;14200310;https://prom.ua/ua/Otvertki;Викрутка плоска;"отвертка плоская, отвертка шлицевая, отвертка инструмент, отвертка для ремонта, отвертка ручная, отвертка универсальная, отвертка прочная, отвертка бытовая, отвертка для дома, отвертка классическая";"викрутка плоска, викрутка шліцева, викрутка інструмент, викрутка для ремонту, викрутка ручна, викрутка універсальна, викрутка міцна, викрутка побутова, викрутка для дому, викрутка класична";отвертка плоская;викрутка плоска;"Виробник, Тип устройства"
343;14200310;https://prom.ua/ua/Otvertki;Викрутка хрестовидна;"отвертка крестовая, отвертка phillips, отвертка крест, отвертка инструмент, отвертка для ремонта, отвертка ручная, отвертка универсальная, отвертка прочная, отвертка бытовая, отвертка для дома";"викрутка хрестовидна, викрутка phillips, викрутка хрест, викрутка інструмент, викрутка для ремонту, викрутка ручна, викрутка універсальна, викрутка міцна, викрутка побутова, викрутка для дому";отвертка крестовая;викрутка хрестовидна;"Виробник, Тип устройства"
344;14200310;https://prom.ua/ua/Otvertki;Викрутка Torx;"отвертка torx, отвертка звезда, отвертка torx инструмент, отвертка для ремонта torx, отвертка torx ручная, отвертка torx универсальная, отвертка torx прочная, отвертка torx бытовая, отвертка torx для дома, отвертка torx наборная";"викрутка torx, викрутка зірочка, викрутка torx інструмент, викрутка для ремонту torx, викрутка torx ручна, викрутка torx універсальна, викрутка torx міцна, викрутка torx побутова, викрутка torx для дому, викрутка torx набірна";отвертка torx;викрутка torx;"Виробник, Тип устройства"
345;14200310;https://prom.ua/ua/Otvertki;Набір викруток;"набор отверток, комплект отверток, набор инструментов отвертки, отвертки набор универсальный, отвертки для ремонта набор, набор отверток для дома, набор отверток профессиональный, набор отверток ручной, комплект отверток универсальный, набор отверток бытовой";"набір викруток, комплект викруток, набір інструментів викрутки, викрутки набір універсальний, викрутки для ремонту набір, набір викруток для дому, набір викруток професійний, набір викруток ручний, комплект викруток універсальний, набір викруток побутовий";набор отверток;набір викруток;"Виробник, Тип устройства"
346;141702;https://prom.ua/ua/Otvertochnye-bity;Набір біт;"набор бит, комплект бит, биты для шуруповерта набор, набор насадок бит, набор бит универсальный, набор бит для ремонта, набор бит для дома, набор бит профессиональный, комплект бит универсальный, набор бит инструмент";"набір біт, комплект біт, біти для шуруповерта набір, набір насадок біт, набір біт універсальний, набір біт для ремонту, набір біт для дому, набір біт професійний, комплект біт універсальний, набір біт інструмент";набор бит;набір біт;"Виробник, Тип устройства"
347;141702;https://prom.ua/ua/Otvertochnye-bity;Утримувач для біт;"держатель для бит, держатель бит магнитный, держатель насадок, держатель для шуруповерта, держатель бит универсальный, держатель бит инструмент, держатель бит для работы, держатель бит прочный, держатель бит для дома, держатель бит металлический";"утримувач для біт, тримач біт магнітний, тримач насадок, тримач для шуруповерта, тримач біт універсальний, тримач біт інструмент, тримач біт для роботи, тримач біт міцний, тримач біт для дому, тримач біт металевий";держатель для бит;утримувач для біт;"Виробник, Тип устройства"
348;14200329;https://prom.ua/ua/Klyuchi-shestigrannye;Набір шестигранників;"набор шестигранников, набор hex ключей, комплект шестигранных ключей, шестигранники набор, набор шестигранников универсальный, набор шестигранников для ремонта, набор шестигранников для дома, набор шестигранников профессиональный, комплект hex ключей, набор шестигранников инструмент";"набір шестигранників, набір hex ключів, комплект шестигранних ключів, шестигранники набір, набір шестигранників універсальний, набір шестигранників для ремонту, набір шестигранників для дому, набір шестигранників професійний, комплект hex ключів, набір шестигранників інструмент";набор шестигранников;набір шестигранників;"Виробник, Тип устройства"
349;14200332;https://prom.ua/ua/Golovki-tortsevye;Набір торцевих змінних головок;"набор торцевых головок, комплект торцевых головок, головки сменные набор, набор головок для ключа, набор головок универсальный, набор головок для ремонта, набор головок для авто, набор головок инструмент, комплект головок универсальный, набор головок профессиональный";"набір торцевих змінних головок, комплект торцевих головок, головки змінні набір, набір головок для ключа, набір головок універсальний, набір головок для ремонту, набір головок для авто, набір головок інструмент, комплект головок універсальний, набір головок професійний";набор торцевых головок;набір торцевих змінних головок;"Виробник, Тип устройства"
350;142004;https://prom.ua/ua/Nabory-instrumentov;Набір ручних інструментів;"набор ручных инструментов, комплект инструментов, набор инструментов универсальный, набор инструментов для дома, набор инструментов для ремонта, набор инструментов профессиональный, комплект инструментов бытовой, набор инструментов универсальный комплект, набор инструментов для мастерской, набор инструментов базовый";"набір ручних інструментів, комплект інструментів, набір інструментів універсальний, набір інструментів для дому, набір інструментів для ремонту, набір інструментів професійний, комплект інструментів побутовий, набір інструментів універсальний комплект, набір інструментів для майстерні, набір інструментів базовий";набор инструментов;набір інструментів;"Виробник, Тип устройства"
351;14200390;https://prom.ua/ua/Pintsety-montazhnye;Набір пінцетів технічних;"набор пинцетов, пинцеты технические набор, пинцеты для электроники, набор пинцетов точных, пинцеты инструмент, пинцеты для ремонта, пинцеты универсальные, пинцеты для мастерской, пинцеты точные, пинцеты комплект";"набір пінцетів технічних, пінцети технічні набір, пінцети для електроніки, набір пінцетів точних, пінцети інструмент, пінцети для ремонту, пінцети універсальні, пінцети для майстерні, пінцети точні, пінцети комплект";набор пинцетов;набір пінцетів;"Виробник, Тип устройства"
352;142004;https://prom.ua/ua/Nabory-instrumentov;Набір ремонт/паяння;"набор для пайки, комплект для пайки, набор пайки инструмент, набор для ремонта электроники, набор паяльный, комплект пайки универсальный, набор пайки для дома, набор пайки профессиональный, набор инструментов пайка, набор пайки базовый";"набір ремонт паяння, набір для паяння, комплект для паяння, набір паяння інструмент, набір для ремонту електроніки, набір паяльний, комплект паяння універсальний, набір паяння для дому, набір паяння професійний, набір інструментів паяння";набор для пайки;набір для паяння;"Виробник, Тип устройства"
353;14200378;https://prom.ua/ua/Nabory-klyuchej;Набір гайкових ключів;"набор гаечных ключей, комплект ключей, ключи гаечные набор, набор ключей универсальный, набор ключей для ремонта, набор ключей для авто, набор ключей инструмент, комплект ключей универсальный, набор ключей профессиональный, набор ключей бытовой";"набір гайкових ключів, комплект ключів, ключі гайкові набір, набір ключів універсальний, набір ключів для ремонту, набір ключів для авто, набір ключів інструмент, комплект ключів універсальний, набір ключів професійний, набір ключів побутовий";набор гаечных ключей;набір гайкових ключів;"Виробник, Тип устройства"
354;14200332;https://prom.ua/ua/Golovki-tortsevye;Набір торцевих ключів/головок;"набор торцевых ключей, набор головок и ключей, комплект торцевых ключей, набор ключей и головок, набор торцевых инструментов, набор ключей универсальный, набор ключей для ремонта, набор ключей для авто, набор ключей инструмент, комплект ключей профессиональный";"набір торцевих ключів головок, набір головок і ключів, комплект торцевих ключів, набір ключів і головок, набір торцевих інструментів, набір ключів універсальний, набір ключів для ремонту, набір ключів для авто, набір ключів інструмент, комплект ключів професійний";набор торцевых ключей;набір торцевих ключів;"Виробник, Тип устройства"
355;14200374;https://prom.ua/ua/Stolyarnye-karandashi;Набір для розмітки;"набор для разметки, комплект разметки, инструменты для разметки, набор разметочный, набор для строительства разметка, набор разметки универсальный, набор разметки для ремонта, набор разметки для дома, набор разметки инструмент, комплект разметки профессиональный";"набір для розмітки, комплект розмітки, інструменти для розмітки, набір розміточний, набір для будівництва розмітка, набір розмітки універсальний, набір розмітки для ремонту, набір розмітки для дому, набір розмітки інструмент, комплект розмітки професійний";набор для разметки;набір для розмітки;"Виробник, Тип устройства"
356;14201607;https://prom.ua/ua/Sverla;Набір свердел;"набор сверл, комплект сверл, сверла набор универсальный, набор сверл для металла, набор сверл для дерева, набор сверл для ремонта, набор сверл для дома, набор сверл профессиональный, комплект сверл универсальный, набор сверл инструмент";"набір свердел, комплект свердел, свердла набір універсальний, набір свердел по металу, набір свердел по дереву, набір свердел для ремонту, набір свердел для дому, набір свердел професійний, комплект свердел універсальний, набір свердел інструмент";набор сверл;набір свердел;"Виробник, Тип устройства"
357;142007;https://prom.ua/ua/Sumki-dlya-instrumenta;Касетниця для електродеталей;"кассетница для деталей, органайзер для электроники, коробка для компонентов, контейнер для радиодеталей, органайзер для мелких деталей, коробка для хранения компонентов, кейс для электроники, кассетница универсальная, контейнер для деталей, органайзер мастерской";"касетниця для електродеталей, органайзер для електроніки, коробка для компонентів, контейнер для радіодеталей, органайзер для дрібних деталей, коробка для зберігання компонентів, кейс для електроніки, касетниця універсальна, контейнер для деталей, органайзер майстерні";кассетница для деталей;касетниця для електродеталей;"Виробник, Тип устройства"
358;14200306;https://prom.ua/ua/Nozhi;Ніж будівельний;"нож строительный, нож монтажный, нож канцелярский усиленный, нож для ремонта, нож универсальный, нож для резки материалов, нож со сменными лезвиями, нож строительный прочный, нож для дома, нож инструмент";"ніж будівельний, ніж монтажний, ніж канцелярський посилений, ніж для ремонту, ніж універсальний, ніж для різання матеріалів, ніж зі змінними лезами, ніж будівельний міцний, ніж для дому, ніж інструмент";нож строительный;ніж будівельний;"Виробник, Тип устройства"
359;14200327;https://prom.ua/ua/Klyuchi-razvodnye;Розвідний ключ;"разводной ключ, ключ регулируемый, гаечный ключ разводной, ключ универсальный, ключ для ремонта, ключ сантехнический, ключ регулируемый инструмент, ключ для дома, ключ металлический, ключ прочный";"розвідний ключ, ключ регульований, гайковий ключ розвідний, ключ універсальний, ключ для ремонту, ключ сантехнічний, ключ регульований інструмент, ключ для дому, ключ металевий, ключ міцний";разводной ключ;розвідний ключ;"Виробник, Тип устройства"
360;14201002;https://prom.ua/ua/Nozhnitsy-po-metallu;Ножиці по металу;"ножницы по металлу, ножницы для резки металла, ножницы ручные металл, ножницы инструмент, ножницы для ремонта, ножницы универсальные, ножницы прочные, ножницы для дома, ножницы металлические, ножницы бытовые";"ножиці по металу, ножиці для різання металу, ножиці ручні метал, ножиці інструмент, ножиці для ремонту, ножиці універсальні, ножиці міцні, ножиці для дому, ножиці металеві, ножиці побутові";ножницы по металлу;ножиці по металу;"Виробник, Тип устройства"
361;142007;https://prom.ua/ua/Sumki-dlya-instrumenta;Сумка для інструментів;"сумка для инструментов, сумка инструментальная, сумка для переноски инструментов, сумка мастера, сумка для ремонта, сумка универсальная, сумка прочная для инструментов, сумка для дома, сумка строительная, сумка инструмент";"сумка для інструментів, сумка інструментальна, сумка для перенесення інструментів, сумка майстра, сумка для ремонту, сумка універсальна, сумка міцна для інструментів, сумка для дому, сумка будівельна, сумка інструмент";сумка для инструментов;сумка для інструментів;"Виробник, Тип устройства"
362;150410;https://prom.ua/ua/Fonariki-;Ліхтар;"фонарь, фонарь светодиодный, фонарь аккумуляторный, фонарь ручной, фонарь для работы, фонарь универсальный, фонарь для дома, фонарь мощный, фонарь переносной, фонарь бытовой";"ліхтар, ліхтар світлодіодний, ліхтар акумуляторний, ліхтар ручний, ліхтар для роботи, ліхтар універсальний, ліхтар для дому, ліхтар потужний, ліхтар переносний, ліхтар побутовий";фонарь;ліхтар;"Виробник, Тип устройства"
363;142007;https://prom.ua/ua/Sumki-dlya-instrumenta;Сумка/органайзер;"органайзер для инструментов, сумка органайзер, органайзер для хранения, органайзер мастерской, органайзер для дома, органайзер универсальный, органайзер прочный, органайзер для мелочей, органайзер переносной, органайзер бытовой";"сумка органайзер, органайзер для інструментів, органайзер для зберігання, органайзер майстерні, органайзер для дому, органайзер універсальний, органайзер міцний, органайзер для дрібниць, органайзер переносний, органайзер побутовий";органайзер для инструментов;органайзер для інструментів;"Виробник, Тип устройства"
364;142007;https://prom.ua/ua/Sumki-dlya-instrumenta;Щит/полиця для зберігання;"щит для инструментов, панель для хранения инструментов, полка для инструментов, стенд для инструментов, система хранения инструментов, панель настенная инструмент, полка мастерской, щит органайзер инструментов, панель универсальная, система хранения мастерская";"щит для інструментів, панель для зберігання інструментів, полиця для інструментів, стенд для інструментів, система зберігання інструментів, панель настінна інструмент, полиця майстерні, щит органайзер інструментів, панель універсальна, система зберігання майстерня";щит для инструментов;щит для інструментів;"Виробник, Тип устройства"
365;301908;https://prom.ua/ua/Sredstva-zaschity-glaz;Окуляри захисні;"защитные очки, очки для работы, очки строительные, очки защитные прозрачные, очки для ремонта, очки универсальные, очки для мастерской, очки для дома, очки прочные, очки рабочие";"захисні окуляри, окуляри для роботи, окуляри будівельні, окуляри захисні прозорі, окуляри для ремонту, окуляри універсальні, окуляри для майстерні, окуляри для дому, окуляри міцні, окуляри робочі";защитные очки;захисні окуляри;"Виробник, Тип устройства"
366;142007;https://prom.ua/ua/Sumki-dlya-instrumenta;Ящик для інструменту;"ящик для инструментов, кейс для инструментов, ящик инструментальный, контейнер для инструментов, ящик для хранения инструментов, кейс универсальный инструмент, ящик для мастера, ящик прочный, ящик для дома, ящик инструмент";"ящик для інструменту, кейс для інструментів, ящик інструментальний, контейнер для інструментів, ящик для зберігання інструментів, кейс універсальний інструмент, ящик для майстра, ящик міцний, ящик для дому, ящик інструмент";ящик для инструментов;ящик для інструменту;"Виробник, Тип устройства"
367;142007;https://prom.ua/ua/Sumki-dlya-instrumenta;Візок для інструменту;"тележка для инструментов, инструментальная тележка, тележка мастера, тележка для хранения инструментов, тележка с ящиками инструмент, тележка универсальная, тележка для мастерской, тележка прочная, тележка для ремонта, тележка инструментальная металлическая";"візок для інструменту, інструментальний візок, візок майстра, візок для зберігання інструментів, візок з ящиками інструмент, візок універсальний, візок для майстерні, візок міцний, візок для ремонту, візок інструментальний металевий";тележка для инструментов;візок для інструменту;"Виробник, Тип устройства"
368;14200305;https://prom.ua/ua/Molotki-kuvaldy-kiyanki;Молоток;"молоток, молоток строительный, молоток слесарный, молоток для ремонта, молоток универсальный, молоток прочный, молоток инструмент, молоток для дома, молоток металлический, молоток рабочий";"молоток, молоток будівельний, молоток слюсарний, молоток для ремонту, молоток універсальний, молоток міцний, молоток інструмент, молоток для дому, молоток металевий, молоток робочий";молоток;молоток;"Виробник, Тип устройства"
369;14200305;https://prom.ua/ua/Molotki-kuvaldy-kiyanki;Кувалда;"кувалда, кувалда строительная, кувалда тяжелая, кувалда инструмент, кувалда для работ, кувалда прочная, кувалда для демонтажа, кувалда металлическая, кувалда универсальная, кувалда рабочая";"кувалда, кувалда будівельна, кувалда важка, кувалда інструмент, кувалда для робіт, кувалда міцна, кувалда для демонтажу, кувалда металева, кувалда універсальна, кувалда робоча";кувалда;кувалда;"Виробник, Тип устройства"
370;14200345;https://prom.ua/ua/Boltorezy;Болторез;"болторез, ножницы для арматуры, болторез инструмент, болторез для металла, болторез для работы, болторез универсальный, болторез прочный, болторез для дома, болторез металлический, болторез ручной";"болторіз, ножиці для арматури, болторіз інструмент, болторіз для металу, болторіз для роботи, болторіз універсальний, болторіз міцний, болторіз для дому, болторіз металевий, болторіз ручний";болторез;болторіз;"Виробник, Тип устройства"
371;14201609;https://prom.ua/ua/Lomy-gvozdodery;Лом;"лом, лом монтажный, лом строительный, лом для демонтажа, лом металлический, лом инструмент, лом прочный, лом универсальный, лом для работ, лом тяжелый";"лом, лом монтажний, лом будівельний, лом для демонтажу, лом металевий, лом інструмент, лом міцний, лом універсальний, лом для робіт, лом важкий";лом;лом;"Виробник, Тип устройства"
372;14200308;https://prom.ua/ua/Pily-ruchnye;Пила ручна;"пила ручная, пила по дереву, пила инструмент, пила для работы, пила универсальная, пила для дома, пила прочная, пила ручная строительная, пила бытовая, пила классическая";"пила ручна, пила по дереву, пила інструмент, пила для роботи, пила універсальна, пила для дому, пила міцна, пила ручна будівельна, пила побутова, пила класична";пила ручная;пила ручна;"Виробник, Тип устройства"
373;14201502;https://prom.ua/ua/Polotna-nozhovochnye;Рукоятка для пиляльних полотен;"держатель для полотен, рукоятка для ножовки, держатель полотна пилы, рукоятка для пилы, держатель для ножовочного полотна, рукоятка универсальная, держатель инструмент, рукоятка для работы, держатель прочный, рукоятка для дома";"рукоятка для пиляльних полотен, тримач для полотен, рукоятка для ножівки, тримач полотна пили, рукоятка для пили, тримач для ножівкового полотна, рукоятка універсальна, тримач інструмент, рукоятка для роботи, тримач міцний";держатель для полотен;рукоятка для пиляльних полотен;"Виробник, Тип устройства"
374;14200306;https://prom.ua/ua/Nozhi;Леза для складаного ножа;"лезвия для ножа, лезвия сменные, лезвия для строительного ножа, лезвия универсальные, лезвия острые, лезвия для резки, лезвия набор, лезвия инструмент, лезвия для работы, лезвия прочные";"леза для складаного ножа, леза змінні, леза для будівельного ножа, леза універсальні, леза гострі, леза для різання, леза набір, леза інструмент, леза для роботи, леза міцні";лезвия для ножа;леза для складаного ножа;"Виробник, Тип устройства"
375;152904;https://prom.ua/ua/Shtopory;Відкривачка для пляшок;"открывалка для бутылок, открывашка, открывалка металлическая, открывалка универсальная, открывалка ручная, открывалка для кухни, открывалка бытовая, открывалка компактная, открывалка прочная, открывалка инструмент";"відкривачка для пляшок, відкривачка, відкривачка металева, відкривачка універсальна, відкривачка ручна, відкривачка для кухні, відкривачка побутова, відкривачка компактна, відкривачка міцна, відкривачка інструмент";открывалка для бутылок;відкривачка для пляшок;"Виробник, Тип устройства"
376;301916;https://prom.ua/ua/Sredstva-zaschity-ot-padenij-i-lazy;Страхувальне кріплення для інструменту;"страховочное крепление для инструмента, страховка инструмента, крепление инструмента страховочное, трос для инструмента, удерживающий ремень инструмента, крепление для высоты инструмент, страховка для работы, крепление инструмент безопасность, ремень страховочный инструмент, держатель инструмента страховочный";"страхувальне кріплення для інструменту, страховка інструменту, кріплення інструменту страхувальне, трос для інструменту, утримуючий ремінь інструменту, кріплення для висоти інструмент, страховка для роботи, кріплення інструмент безпека, ремінь страхувальний інструмент, тримач інструменту страхувальний";страховочное крепление для инструмента;страхувальне кріплення для інструменту;"Виробник, Тип устройства"
377;142614;https://prom.ua/ua/Slesarnye-verstaki;Козли будівельні;"козлы строительные, подставки строительные, козлы для работы, козлы для пиления, козлы складные, козлы для ремонта, козлы универсальные, козлы прочные, козлы для мастерской, козлы бытовые";"козли будівельні, підставки будівельні, козли для роботи, козли для пиляння, козли складні, козли для ремонту, козли універсальні, козли міцні, козли для майстерні, козли побутові";козлы строительные;козли будівельні;"Виробник, Тип устройства"
378;50504;https://prom.ua/ua/Analizatory-spektra;;"прибор настройки, тестер кабеля, измерительный прибор сети, тестер сети, прибор для настройки оборудования, тестер rj45, анализатор сети, прибор диагностики";"прилад налаштування, тестер кабелю, вимірювальний прилад мережі, тестер мережі, прилад для налаштування обладнання, тестер rj45, аналізатор мережі, прилад діагностики";тестер сети;тестер мережі;Виробник
379;14190906;https://prom.ua/Rele-differentsialnye;;"модульное оборудование, автоматы электрические, модульные устройства, оборудование электрощита, автоматический выключатель, модульная автоматика, устройства защиты, электрооборудование модульное";"модульне обладнання, автомати електричні, модульні пристрої, обладнання електрощита, автоматичний вимикач, модульна автоматика, пристрої захисту, електрообладнання модульне";модульное оборудование;модульне обладнання;Виробник
380;50904;https://prom.ua/Raspredelitelnye-schity;Модульні електрощити;"электрощит модульный, распределительный щит, щиток электрический, шкаф электрощита, щит для дома, щит распределительный, корпус электрощита, щиток настенный";"електрощит модульний, розподільчий щит, щиток електричний, шафа електрощита, щит для дому, щит розподільчий, корпус електрощита, щиток настінний";электрощит;електрощит;"Виробник, Тип устройства"
381;13070703;https://prom.ua/ua/Lestnitsy-stroitelnye;Сходи;"строительная лестница, лестница алюминиевая, лестница для дома, лестница складная, лестница универсальная, лестница металлическая, лестница бытовая, лестница монтажная, лестница рабочая, лестница приставная";"будівельні сходи, сходи алюмінієві, сходи для дому, сходи складні, сходи універсальні, сходи металеві, сходи побутові, сходи монтажні, сходи робочі, сходи приставні";строительная лестница;будівельні сходи;"Виробник, Тип устройства"
382;13070701;https://prom.ua/ua/Stremyanki;Драбина;"стремянка, стремянка алюминиевая, стремянка складная, стремянка бытовая, стремянка строительная, стремянка металлическая, стремянка для ремонта, стремянка рабочая, лестница стремянка, стремянка универсальная";"драбина, драбина алюмінієва, драбина складна, драбина побутова, драбина будівельна, драбина металева, драбина для ремонту, драбина робоча, сходи драбина, драбина універсальна";стремянка;драбина;"Виробник, Тип устройства"
383;13070703;https://prom.ua/ua/Lestnitsy-stroitelnye;Сходи-драбина;"лестница стремянка, стремянка трансформер, лестница складная, лестница для ремонта, лестница алюминиевая, лестница бытовая, лестница универсальная, лестница рабочая, лестница металлическая, стремянка многофункциональная";"сходи-драбина, драбина трансформер, сходи складні, сходи для ремонту, сходи алюмінієві, сходи побутові, сходи універсальні, сходи робочі, сходи металеві, драбина багатофункціональна";лестница стремянка;сходи-драбина;"Виробник, Тип устройства"
384;13070703;https://prom.ua/ua/Lestnitsy-stroitelnye;Сходи-трансформер;"лестница трансформер, трансформер лестница алюминиевая, лестница многофункциональная, складная лестница трансформер, универсальная лестница, лестница для высоты, лестница рабочая трансформер, лестница шарнирная, строительная лестница трансформер, лестница комбинированная";"сходи-трансформер, трансформер сходи алюмінієві, сходи багатофункціональні, складні сходи трансформер, універсальні сходи, сходи для висоти, сходи робочі трансформер, сходи шарнірні, будівельні сходи трансформер, сходи комбіновані";лестница трансформер;сходи-трансформер;"Виробник, Тип устройства"
385;13070703;https://prom.ua/ua/Lestnitsy-stroitelnye;Сходовий поміст;"строительный помост, помост лестничный, помост рабочий, алюминиевый помост, помост для ремонта, подмости строительные, рабочая платформа, помост передвижной, строительная площадка помост, помост складной";"сходовий поміст, поміст будівельний, поміст робочий, алюмінієвий поміст, поміст для ремонту, підмостки будівельні, робоча платформа, поміст пересувний, будівельний поміст платформа, поміст складний";строительный помост;сходовий поміст;"Виробник, Тип устройства"
386;1354;https://prom.ua/ua/Komplektuyuschie-dlya-lestnits-i-stroitelnyh-lesov;Комплект роликів для вишок-тур;"ролики для вышки туры, комплект колес для вышки, ролики строительные, колеса для строительной вышки, ролики для подмостей, комплект колесиков, ролики для лесов, колеса для туры, комплект роликов строительных, ролики для мобильной вышки";"ролики для вишки тури, комплект коліс для вишки, ролики будівельні, колеса для будівельної вишки, ролики для підмостків, комплект коліщаток, ролики для риштувань, колеса для тури, комплект роликів будівельних, ролики для мобільної вишки";ролики для вышки туры;ролики для вишки тури;"Виробник, Тип устройства"
387;1354;https://prom.ua/ua/Komplektuyuschie-dlya-lestnits-i-stroitelnyh-lesov;Поперечина діагональна;"диагональная перекладина, поперечина для вышки, диагональная распорка, перекладина строительная, усилитель конструкции, диагональная балка, поперечина для лесов, распорка металлическая, элемент вышки туры, строительная перекладина";"діагональна поперечина, поперечина для вишки, діагональна розпірка, поперечина будівельна, підсилювач конструкції, діагональна балка, поперечина для риштувань, розпірка металева, елемент вишки тури, будівельна поперечина";диагональная перекладина;діагональна поперечина;"Виробник, Тип устройства"
388;1354;https://prom.ua/ua/Komplektuyuschie-dlya-lestnits-i-stroitelnyh-lesov;Скоба замикаюча;"замыкающая скоба, фиксирующая скоба, скоба для вышки, монтажная скоба, крепежная скоба, скоба металлическая, соединительная скоба, фиксатор строительный, скоба для лесов, скоба крепления";"замикаюча скоба, фіксуюча скоба, скоба для вишки, монтажна скоба, кріпильна скоба, скоба металева, з'єднувальна скоба, фіксатор будівельний, скоба для риштувань, скоба кріплення";замыкающая скоба;замикаюча скоба;"Виробник, Тип устройства"
389;1354;https://prom.ua/ua/Komplektuyuschie-dlya-lestnits-i-stroitelnyh-lesov;Поперечина горизонтальна;"горизонтальная перекладина, поперечина для вышки, перекладина строительная, горизонтальная балка, перекладина для лесов, распорка горизонтальная, усилитель конструкции, металлическая поперечина, элемент вышки туры, поперечина монтажная";"горизонтальна поперечина, поперечина для вишки, поперечина будівельна, горизонтальна балка, поперечина для риштувань, розпірка горизонтальна, підсилювач конструкції, металева поперечина, елемент вишки тури, поперечина монтажна";горизонтальная перекладина;горизонтальна поперечина;"Виробник, Тип устройства"
390;1354;https://prom.ua/ua/Komplektuyuschie-dlya-lestnits-i-stroitelnyh-lesov;Комплект фіксації;"комплект фиксации, крепежный комплект, комплект крепления, фиксирующий набор, монтажный комплект, комплект для вышки, комплект крепежа строительный, комплект фиксаторов, набор креплений, комплект монтажных элементов";"комплект фіксації, кріпильний комплект, комплект кріплення, фіксуючий набір, монтажний комплект, комплект для вишки, комплект кріплення будівельний, комплект фіксаторів, набір кріплень, комплект монтажних елементів";комплект фиксации;комплект фіксації;"Виробник, Тип устройства"
391;1354;https://prom.ua/ua/Komplektuyuschie-dlya-lestnits-i-stroitelnyh-lesov;Траверса для сходів;"траверса для лестницы, стабилизатор лестницы, опора для лестницы, поперечина лестницы, траверса алюминиевая, основание лестницы, усилитель лестницы, траверса строительная, опорная балка лестницы, комплект стабилизации лестницы";"траверса для сходів, стабілізатор сходів, опора для сходів, поперечина сходів, траверса алюмінієва, основа сходів, підсилювач сходів, траверса будівельна, опорна балка сходів, комплект стабілізації сходів";траверса для лестницы;траверса для сходів;"Виробник, Тип устройства"
392;53004;https://prom.ua/ua/Rozetki-elektricheskie;Розетка;"розетка электрическая, розетка настенная, розетка для дома, розетка силовая, розетка стандартная, розетка универсальная, розетка внутренняя, розетка наружная, розетка монтажная, розетка бытовая";"розетка електрична, розетка настінна, розетка для дому, розетка силова, розетка стандартна, розетка універсальна, розетка внутрішня, розетка зовнішня, розетка монтажна, розетка побутова";розетка электрическая;розетка електрична;"Виробник, Тип устройства"
393;410612;https://prom.ua/ua/Nastennye-vyklyuchateli;Перемикач;"переключатель электрический, переключатель света, переключатель настенный, переключатель для дома, переключатель двухклавишный, переключатель универсальный, переключатель освещения, переключатель бытовой, переключатель стандартный, переключатель монтажный";"перемикач електричний, перемикач світла, перемикач настінний, перемикач для дому, перемикач двоклавішний, перемикач універсальний, перемикач освітлення, перемикач побутовий, перемикач стандартний, перемикач монтажний";переключатель света;перемикач світла;"Виробник, Тип устройства"
394;410612;https://prom.ua/ua/Nastennye-vyklyuchateli;Вимикач;"выключатель, выключатель света, выключатель настенный, выключатель для дома, выключатель одноклавишный, выключатель двухклавишный, выключатель электрический, выключатель универсальный, выключатель стандартный, выключатель освещения";"вимикач, вимикач світла, вимикач настінний, вимикач для дому, вимикач одноклавішний, вимикач двоклавішний, вимикач електричний, вимикач універсальний, вимикач стандартний, вимикач освітлення";выключатель света;вимикач світла;"Виробник, Тип устройства"
395;53004;https://prom.ua/ua/Rozetki-elektricheskie;Рамка;"рамка для розеток, рамка для выключателя, рамка декоративная, рамка настенная, рамка модульная, рамка электрическая, рамка многопостовая, рамка универсальная, рамка монтажная, рамка для установки";"рамка для розеток, рамка для вимикача, рамка декоративна, рамка настінна, рамка модульна, рамка електрична, рамка багатопостова, рамка універсальна, рамка монтажна, рамка для встановлення";рамка для розеток;рамка для розеток;"Виробник, Тип устройства"
396;5090210;https://prom.ua/ua/Knopki-i-dzhojstiki-dlya-mobilnyh-telefonov;Кнопковий вимикач;"кнопочный выключатель, кнопка выключателя, выключатель кнопочный, кнопка света, кнопка управления светом, кнопка настенная, кнопка электрическая, кнопка включения, кнопка универсальная, кнопка для дома";"кнопковий вимикач, кнопка вимикача, вимикач кнопковий, кнопка світла, кнопка керування світлом, кнопка настінна, кнопка електрична, кнопка вмикання, кнопка універсальна, кнопка для дому";кнопочный выключатель;кнопковий вимикач;"Виробник, Тип устройства"
397;5092904;https://prom.ua/ua/Kommunikatsionnaya-rozetka;Розетка комп'ютерна;"компьютерная розетка, розетка rj45, интернет розетка, розетка сетевая, розетка ethernet, розетка для интернета, розетка lan, розетка для сети, розетка сетевая настенная, розетка интернет кабеля";"розетка комп'ютерна, розетка rj45, інтернет розетка, розетка мережева, розетка ethernet, розетка для інтернету, розетка lan, розетка для мережі, розетка мережева настінна, розетка інтернет кабелю";розетка rj45;розетка rj45;"Виробник, Тип устройства"
398;1336;https://prom.ua/ua/Dvernye-zvonki;Кнопка дзвінок;"кнопка звонка, кнопка дверного звонка, кнопка вызова, кнопка звонок настенная, кнопка электрическая звонок, кнопка для двери, кнопка универсальная звонок, кнопка сигнализации звонок, кнопка для дома звонок, кнопка дверная";"кнопка дзвінка, кнопка дверного дзвінка, кнопка виклику, кнопка дзвінок настінна, кнопка електрична дзвінок, кнопка для дверей, кнопка універсальна дзвінок, кнопка сигналізації дзвінок, кнопка для дому дзвінок, кнопка дверна";кнопка звонка;кнопка дзвінка;"Виробник, Тип устройства"
399;53004;https://prom.ua/ua/Rozetki-elektricheskie;Розетка Wi-Fi;"wifi розетка, умная розетка wifi, розетка с управлением wifi, розетка дистанционная, розетка smart, розетка с приложением, розетка для дома wifi, розетка умный дом, розетка беспроводная, розетка с таймером wifi";"wifi розетка, розумна розетка wifi, розетка з керуванням wifi, розетка дистанційна, розетка smart, розетка з додатком, розетка для дому wifi, розетка розумний дім, розетка бездротова, розетка з таймером wifi";wifi розетка;wifi розетка;"Виробник, Тип устройства"
400;5092904;https://prom.ua/ua/Kommunikatsionnaya-rozetka;Розетка ТБ;"розетка тв, телевизионная розетка, розетка антенного кабеля, розетка для тв, розетка коаксиальная, розетка антена, розетка tv настенная, розетка для телевизора, розетка антенный разъем, розетка телевизионная настенная";"розетка тв, телевізійна розетка, розетка антенного кабелю, розетка для тв, розетка коаксіальна, розетка антена, розетка tv настінна, розетка для телевізора, розетка антенний роз'єм, розетка телевізійна настінна";розетка тв;розетка тв;"Виробник, Тип устройства"
401;150111;https://prom.ua/ua/Aksessuary-dlya-bezopasnosti-detej;Заглушка;"заглушка для розетки, заглушка электрическая, заглушка монтажная, заглушка для подрозетника, заглушка настенная, заглушка универсальная, заглушка декоративная, заглушка защитная, заглушка для отверстия, заглушка пластиковая";"заглушка для розетки, заглушка електрична, заглушка монтажна, заглушка для підрозетника, заглушка настінна, заглушка універсальна, заглушка декоративна, заглушка захисна, заглушка для отвору, заглушка пластикова";заглушка для розетки;заглушка для розетки;"Виробник, Тип устройства"
402;53004;https://prom.ua/ua/Rozetki-elektricheskie;Супорт;"суппорт для розетки, суппорт монтажный, держатель механизма розетки, суппорт электрический, суппорт для выключателя, суппорт установочный, суппорт универсальный, суппорт крепежный, суппорт для монтажа, суппорт рамки";"супорт для розетки, супорт монтажний, тримач механізму розетки, супорт електричний, супорт для вимикача, супорт установчий, супорт універсальний, супорт кріпильний, супорт для монтажу, супорт рамки";суппорт для розетки;супорт для розетки;"Виробник, Тип устройства"
403;5092913;https://prom.ua/ua/Korobki-montazhnye;Коробка зовнішнього монтажу;"коробка наружного монтажа, коробка для розетки внешняя, коробка накладная, коробка электрическая наружная, коробка монтажная внешняя, коробка для выключателя наружная, коробка настенная, коробка универсальная, коробка для электрики, коробка пластиковая наружная";"коробка зовнішнього монтажу, коробка для розетки зовнішня, коробка накладна, коробка електрична зовнішня, коробка монтажна зовнішня, коробка для вимикача зовнішня, коробка настінна, коробка універсальна, коробка для електрики, коробка пластикова зовнішня";коробка наружного монтажа;коробка зовнішнього монтажу;"Виробник, Тип устройства, Матеріал корпусу, Максимально допустиме навантаження"
404;410612;https://prom.ua/ua/Nastennye-vyklyuchateli;Механізм кнопкового вимикача;"механизм кнопочного выключателя, механизм кнопки света, механизм выключателя кнопочного, механизм управления светом, механизм электрический кнопка, механизм для розетки и выключателя, механизм универсальный, механизм внутренний выключателя, механизм для монтажа, механизм кнопки настенной";"механізм кнопкового вимикача, механізм кнопки світла, механізм вимикача кнопкового, механізм керування світлом, механізм електричний кнопка, механізм для розетки і вимикача, механізм універсальний, механізм внутрішній вимикача, механізм для монтажу, механізм кнопки настінної";механизм кнопочного выключателя;механізм кнопкового вимикача;"Виробник, Тип устройства"
405;1250308;https://prom.ua/ua/Gazonokosilki;Багатофункціональний привід для саду;"многофункциональный привод садовый, привод для садовой техники, универсальный привод сад, двигатель садовый универсальный, привод для насадок садовых, силовой блок садовый, привод мультиинструмент сад, мотор для садовой техники, привод комбинированный садовый, база для садовых насадок";"багатофункціональний привід для саду, привід для садової техніки, універсальний привід сад, двигун садовий універсальний, привід для насадок садових, силовий блок садовий, привід мультиінструмент сад, мотор для садової техніки, привід комбінований садовий, база для садових насадок";многофункциональный привод садовый;багатофункціональний привід для саду;"Виробник, Тип устройства"
406;1250304;https://prom.ua/ua/Sadovye-drobilki;Садовий подрібнювач гілок;"садовый измельчитель веток, измельчитель веток, дробилка садовая, измельчитель древесины, шредер садовый, измельчитель листьев и веток, измельчитель электрический сад, измельчитель для дачи, дробилка веток, садовый шредер";"садовий подрібнювач гілок, подрібнювач гілок, дробилка садова, подрібнювач деревини, шредер садовий, подрібнювач листя та гілок, подрібнювач електричний сад, подрібнювач для дачі, дробилка гілок, садовий шредер";садовый измельчитель веток;садовий подрібнювач гілок;"Виробник, Тип устройства"
407;140314;https://prom.ua/ua/Motopompy;Мотопомпа;"мотопомпа, насос мотопомпа, мотопомпа для воды, бензиновая мотопомпа, мотопомпа для полива, мотопомпа мощная, мотопомпа переносная, мотопомпа садовая, мотопомпа для откачки, мотопомпа инструмент";"мотопомпа, насос мотопомпа, мотопомпа для води, бензинова мотопомпа, мотопомпа для поливу, мотопомпа потужна, мотопомпа переносна, мотопомпа садова, мотопомпа для відкачування, мотопомпа інструмент";мотопомпа;мотопомпа;"Виробник, Тип устройства"
408;1250321;https://prom.ua/Motokosy-benzinovye;Газонокосарка/Тример;"газонокосилка, триммер садовый, косилка для травы, триммер электрический, косилка бензиновая, триммер для газона, косилка садовая, триммер аккумуляторный, косилка для дачи, триммер инструмент";"газонокосарка, тример садовий, косарка для трави, тример електричний, косарка бензинова, тример для газону, косарка садова, тример акумуляторний, косарка для дачі, тример інструмент";газонокосилка;газонокосарка;"Виробник, Тип устройства"
409;1250301;https://prom.ua/ua/Kustorezy;Кущоріз;"кусторез, кусторез электрический, кусторез аккумуляторный, ножницы для кустов, кусторез садовый, кусторез для живой изгороди, кусторез мощный, кусторез инструмент, кусторез для дачи, кусторез универсальный";"кущоріз, кущоріз електричний, кущоріз акумуляторний, ножиці для кущів, кущоріз садовий, кущоріз для живої огорожі, кущоріз потужний, кущоріз інструмент, кущоріз для дачі, кущоріз універсальний";кусторез;кущоріз;"Виробник, Тип устройства"
410;1250312;https://prom.ua/ua/Sadovye-nozhnitsy;Акумуляторні ножиці для трави та кущів;"ножницы аккумуляторные для травы, ножницы для кустов аккумуляторные, ножницы садовые аккумуляторные, ножницы для газона, ножницы для живой изгороди, ножницы электрические садовые, ножницы компактные сад, ножницы для стрижки травы, ножницы инструмент сад, ножницы универсальные аккумуляторные";"акумуляторні ножиці для трави, ножиці для кущів акумуляторні, ножиці садові акумуляторні, ножиці для газону, ножиці для живої огорожі, ножиці електричні садові, ножиці компактні сад, ножиці для стрижки трави, ножиці інструмент сад, ножиці універсальні акумуляторні";ножницы аккумуляторные для травы;акумуляторні ножиці для трави;"Виробник, Тип устройства"
411;1250309;https://prom.ua/ua/Pylesos-sadovyj;Пилосос-повітродувка;"садовый пылесос воздуходувка, воздуходувка садовая, пылесос для листьев, воздуходувка электрическая, воздуходувка аккумуляторная, пылесос садовый, воздуходувка для уборки, воздуходувка мощная, пылесос для двора, воздуходувка инструмент";"садовий пилосос повітродувка, повітродувка садова, пилосос для листя, повітродувка електрична, повітродувка акумуляторна, пилосос садовий, повітродувка для прибирання, повітродувка потужна, пилосос для двору, повітродувка інструмент";садовый пылесос воздуходувка;садовий пилосос повітродувка;"Виробник, Тип устройства"
412;140309;https://prom.ua/ua/Skvazhinnye-nasosy;Занурювальний насос;"погружной насос, насос для воды погружной, насос скважинный, насос глубинный, насос для колодца, насос электрический погружной, насос для откачки воды, насос мощный погружной, насос для дачи, насос инструмент";"занурювальний насос, насос для води занурювальний, насос свердловинний, насос глибинний, насос для колодязя, насос електричний занурювальний, насос для відкачування води, насос потужний занурювальний, насос для дачі, насос інструмент";погружной насос;занурювальний насос;"Виробник, Тип устройства"
413;13241401;https://prom.ua/ua/Bytovye-skvazhinnye-nasosy;Поверхневий насос;"поверхностный насос, насос для воды поверхностный, насос для полива, насос садовый, насос электрический, насос для дачи, насос мощный, насос для перекачки воды, насос бытовой, насос инструмент";"поверхневий насос, насос для води поверхневий, насос для поливу, насос садовий, насос електричний, насос для дачі, насос потужний, насос для перекачування води, насос побутовий, насос інструмент";поверхностный насос;поверхневий насос;"Виробник, Тип устройства"
414;140305;https://prom.ua/ua/Nasosnye-stantsii;Насосна станція;"насосная станция, станция водоснабжения, насосная станция для дома, станция насосная автоматическая, насосная станция для воды, станция для дачи, насосная система, станция водяная, насосная станция бытовая, насосная установка";"насосна станція, станція водопостачання, насосна станція для дому, станція насосна автоматична, насосна станція для води, станція для дачі, насосна система, станція водяна, насосна станція побутова, насосна установка";насосная станция;насосна станція;"Виробник, Тип устройства"
415;13241401;https://prom.ua/ua/Bytovye-skvazhinnye-nasosy;Дренажний насос;"дренажный насос, насос для грязной воды, насос для откачки воды, насос дренажный погружной, насос для подвала, насос для канализации, насос для сточных вод, насос мощный дренажный, насос для дачи, насос инструмент";"дренажний насос, насос для брудної води, насос для відкачування води, насос дренажний занурювальний, насос для підвалу, насос для каналізації, насос для стічних вод, насос потужний дренажний, насос для дачі, насос інструмент";дренажный насос;дренажний насос;"Виробник, Тип устройства"
416;1250317;https://prom.ua/ua/Sadovye-opryskivateli;Обприскувач;"опрыскиватель садовый, опрыскиватель для растений, распылитель садовый, опрыскиватель ручной, опрыскиватель аккумуляторный, опрыскиватель для сада, опрыскиватель для огорода, опрыскиватель инструмент, распылитель для удобрений, опрыскиватель универсальный";"обприскувач садовий, обприскувач для рослин, розпилювач садовий, обприскувач ручний, обприскувач акумуляторний, обприскувач для саду, обприскувач для городу, обприскувач інструмент, розпилювач для добрив, обприскувач універсальний";опрыскиватель садовый;обприскувач садовий;"Виробник, Тип устройства"
417;121105;https://prom.ua/ua/Mojki-vysokogo-davleniya;Мийка високого тиску;"мойка высокого давления, аппарат высокого давления, мойка для авто, мойка для двора, мойка электрическая, мойка мощная, мойка для дома, мойка инструмент, мойка для очистки, мойка универсальная";"мийка високого тиску, апарат високого тиску, мийка для авто, мийка для двору, мийка електрична, мийка потужна, мийка для дому, мийка інструмент, мийка для очищення, мийка універсальна";мойка высокого давления;мийка високого тиску;"Виробник, Тип устройства"
418;1250341;https://prom.ua/ua/Aeratory-pochvy;Аератор;"аэратор газона, аэратор садовый, аэратор для травы, аэратор электрический, аэратор для газона, аэратор инструмент, аэратор почвы, аэратор для дачи, аэратор механический, аэратор универсальный";"аератор газону, аератор садовий, аератор для трави, аератор електричний, аератор для газону, аератор інструмент, аератор ґрунту, аератор для дачі, аератор механічний, аератор універсальний";аэратор газона;аератор газону;"Виробник, Тип устройства"
419;1250302;https://prom.ua/ua/Pily-benzopily;Бензопила;"бензопила, пила бензиновая, бензопила для дерева, пила цепная бензиновая, бензопила садовая, бензопила мощная, бензопила инструмент, бензопила для дачи, бензопила профессиональная, бензопила резка дерева";"бензопила, пила бензинова, бензопила для дерева, пила ланцюгова бензинова, бензопила садова, бензопила потужна, бензопила інструмент, бензопила для дачі, бензопила професійна, бензопила різання дерева";бензопила;бензопила;"Виробник, Тип устройства"
420;1250312;https://prom.ua/ua/Sadovye-nozhnitsy;Гілкоріз;"сучкорез, сучкорез садовый, сучкорез для веток, сучкорез инструмент, сучкорез длинный, сучкорез для сада, сучкорез мощный, сучкорез для обрезки, сучкорез ручной, сучкорез универсальный";"гілкоріз, гілкоріз садовий, гілкоріз для гілок, гілкоріз інструмент, гілкоріз довгий, гілкоріз для саду, гілкоріз потужний, гілкоріз для обрізки, гілкоріз ручний, гілкоріз універсальний";сучкорез;гілкоріз;"Виробник, Тип устройства"
421;1250311;https://prom.ua/ua/Pily-dlya-obrezki-vetvej;Складана пилка;"складная пила, пила складная, пила для дерева складная, пила туристическая, пила садовая складная, пила компактная, пила ручная складная, пила для похода, пила инструмент складная, пила переносная";"складана пилка, пилка складана, пилка для дерева складана, пилка туристична, пилка садова складана, пилка компактна, пилка ручна складана, пилка для походу, пилка інструмент складана, пилка переносна";складная пила;складана пилка;"Виробник, Тип устройства"
422;1250311;https://prom.ua/ua/Pily-dlya-obrezki-vetvej;Садова пила мала;"садовая пила малая, пила садовая компактная, пила для веток малая, пила ручная садовая, пила для обрезки малая, пила сад инструмент, пила компактная сад, пила легкая садовая, пила для дачи малая, пила ручная малая";"садова пила мала, пилка садова компактна, пилка для гілок мала, пилка ручна садова, пилка для обрізки мала, пилка сад інструмент, пилка компактна сад, пилка легка садова, пилка для дачі мала, пилка ручна мала";садовая пила малая;садова пила мала;"Виробник, Тип устройства"
423;1250311;https://prom.ua/ua/Pily-dlya-obrezki-vetvej;Садова пила велика;"садовая пила большая, пила для веток большая, пила садовая длинная, пила для дерева большая, пила ручная большая, пила для обрезки большая, пила мощная садовая, пила сад инструмент большая, пила для дачи большая, пила длинная садовая";"садова пила велика, пилка для гілок велика, пилка садова довга, пилка для дерева велика, пилка ручна велика, пилка для обрізки велика, пилка потужна садова, пилка сад інструмент велика, пилка для дачі велика, пилка довга садова";садовая пила большая;садова пила велика;"Виробник, Тип устройства"
424;14200308;https://prom.ua/ua/Pily-ruchnye;Пила ручна;"ручная пила, ножовка по дереву, пила для дерева ручная, ножовка строительная, пила инструмент, ножовка универсальная, пила для ремонта, ножовка для дачи, пила ручная универсальная, ножовка по дереву инструмент";"ручна пила, ножівка по дереву, пилка для дерева ручна, ножівка будівельна, пилка інструмент, ножівка універсальна, пилка для ремонту, ножівка для дачі, пилка ручна універсальна, ножівка по дереву інструмент";ручная пила;ручна пила;"Виробник, Тип устройства"
425;14200308;https://prom.ua/ua/Pily-ruchnye;Лучкова пила;"лучковая пила, пила лучковая по дереву, пила для веток лучковая, пила садовая лучковая, пила инструмент лучковая, пила для дачи лучковая, пила рамочная, пила для обрезки веток, пила ручная лучковая, пила универсальная лучковая";"лучкова пила, пилка лучкова по дереву, пилка для гілок лучкова, пилка садова лучкова, пилка інструмент лучкова, пилка для дачі лучкова, пилка рамкова, пилка для обрізки гілок, пилка ручна лучкова, пилка універсальна лучкова";лучковая пила;лучкова пила;"Виробник, Тип устройства"
426;15230410;https://prom.ua/ua/Kuhonnye-nozhi-i-podstavki;Універсальний ніж;"универсальный нож, нож строительный, нож канцелярский усиленный, нож для резки, нож монтажный, нож инструмент, нож сменные лезвия, нож для ремонта, нож профессиональный, нож универсальный инструмент";"універсальний ніж, ніж будівельний, ніж канцелярський посилений, ніж для різання, ніж монтажний, ніж інструмент, ніж змінні леза, ніж для ремонту, ніж професійний, ніж універсальний інструмент";универсальный нож;універсальний ніж;"Виробник, Тип устройства"
427;14200306;https://prom.ua/ua/Nozhi;Ремісничий ніж;"ремесленный нож, нож для точных работ, нож хобби, нож для резьбы, нож ручной точный, нож инструмент ремесленный, нож для моделирования, нож компактный, нож для работы, нож универсальный ремесленный";"ремісничий ніж, ніж для точних робіт, ніж хобі, ніж для різьби, ніж ручний точний, ніж інструмент ремісничий, ніж для моделювання, ніж компактний, ніж для роботи, ніж універсальний ремісничий";ремесленный нож;ремісничий ніж;"Виробник, Тип устройства"
428;1250312;https://prom.ua/ua/Sadovye-nozhnitsy;Площинний секатор;"секатор плоскостной, секатор садовый, секатор для веток, секатор инструмент, секатор для обрезки, секатор ручной, секатор для сада, секатор точный, секатор универсальный, секатор профессиональный";"секатор площинний, секатор садовий, секатор для гілок, секатор інструмент, секатор для обрізки, секатор ручний, секатор для саду, секатор точний, секатор універсальний, секатор професійний";секатор плоскостной;секатор площинний;"Виробник, Тип устройства"
429;1250312;https://prom.ua/ua/Sadovye-nozhnitsy;Садовий секатор;"секатор садовый, секатор для обрезки, секатор для веток, секатор инструмент, секатор ручной, секатор для сада, секатор универсальный, секатор острый, секатор компактный, секатор профессиональный";"секатор садовий, секатор для обрізки, секатор для гілок, секатор інструмент, секатор ручний, секатор для саду, секатор універсальний, секатор гострий, секатор компактний, секатор професійний";секатор садовый;секатор садовий;"Виробник, Тип устройства"
430;1250312;https://prom.ua/ua/Sadovye-nozhnitsy;Контактний секатор;"секатор контактный, секатор для толстых веток, секатор садовый контактный, секатор инструмент, секатор для обрезки веток, секатор ручной контактный, секатор мощный, секатор для сада, секатор профессиональный, секатор усиленный";"секатор контактний, секатор для товстих гілок, секатор садовий контактний, секатор інструмент, секатор для обрізки гілок, секатор ручний контактний, секатор потужний, секатор для саду, секатор професійний, секатор посилений";секатор контактный;секатор контактний;"Виробник, Тип устройства"
431;1250312;https://prom.ua/ua/Sadovye-nozhnitsy;Площинний сучкоріз;"сучкорез плоскостной, сучкорез садовый, сучкорез для веток, сучкорез длинноручный, сучкорез инструмент, сучкорез для обрезки деревьев, сучкорез для сада, сучкорез усиленный, сучкорез ручной, сучкорез универсальный";"площинний сучкоріз, гілкоріз садовий, гілкоріз для гілок, гілкоріз довгий, гілкоріз інструмент, гілкоріз для обрізки дерев, гілкоріз для саду, гілкоріз посилений, гілкоріз ручний, гілкоріз універсальний";сучкорез плоскостной;площинний сучкоріз;"Виробник, Тип устройства"
432;1250312;https://prom.ua/ua/Sadovye-nozhnitsy;Ножиці для живої огорожі;"ножницы для живой изгороди, ножницы кусторез, ножницы садовые для кустов, ножницы для подрезки кустов, ножницы ручные садовые, ножницы для обрезки живой изгороди, ножницы инструмент сад, ножницы длинные для кустов, ножницы для дачи, ножницы универсальные садовые";"ножиці для живої огорожі, ножиці кущоріз, ножиці садові для кущів, ножиці для підрізки кущів, ножиці ручні садові, ножиці для обрізки живоплоту, ножиці інструмент сад, ножиці довгі для кущів, ножиці для дачі, ножиці універсальні садові";ножницы для живой изгороди;ножиці для живої огорожі;"Виробник, Тип устройства"
433;1250312;https://prom.ua/ua/Sadovye-nozhnitsy;Ножиці багатофункціональні;"ножницы многофункциональные, ножницы универсальные, ножницы для дома, ножницы для сада, ножницы инструмент, ножницы прочные, ножницы бытовые, ножницы для различных работ, ножницы усиленные, ножницы универсальные инструмент";"ножиці багатофункціональні, ножиці універсальні, ножиці для дому, ножиці для саду, ножиці інструмент, ножиці міцні, ножиці побутові, ножиці для різних робіт, ножиці посилені, ножиці універсальні інструмент";ножницы многофункциональные;ножиці багатофункціональні;"Виробник, Тип устройства"
434;14201602;https://prom.ua/ua/Lopaty;Лопата штикова закруглена;"лопата штыковая закругленная, лопата для земли, лопата садовая, лопата для копки, лопата инструмент, лопата для огорода, лопата прочная, лопата универсальная, лопата для дачи, лопата металлическая";"лопата штикова закруглена, лопата для землі, лопата садова, лопата для копання, лопата інструмент, лопата для городу, лопата міцна, лопата універсальна, лопата для дачі, лопата металева";лопата штыковая закругленная;лопата штикова закруглена;"Виробник, Тип устройства"
435;14201602;https://prom.ua/ua/Lopaty;Лопата штикова пряма;"лопата штыковая прямая, лопата садовая прямая, лопата для земли, лопата для копки, лопата инструмент, лопата прочная, лопата универсальная, лопата для огорода, лопата металлическая, лопата для дачи";"лопата штикова пряма, лопата садова пряма, лопата для землі, лопата для копання, лопата інструмент, лопата міцна, лопата універсальна, лопата для городу, лопата металева, лопата для дачі";лопата штыковая прямая;лопата штикова пряма;"Виробник, Тип устройства"
436;14201602;https://prom.ua/ua/Lopaty;Лопата штикова подовжена;"лопата штыковая удлиненная, лопата с длинным черенком, лопата для копки глубокая, лопата садовая длинная, лопата для земли, лопата инструмент, лопата для огорода, лопата прочная, лопата универсальная, лопата для дачи";"лопата штикова подовжена, лопата з довгим держаком, лопата для копання глибока, лопата садова довга, лопата для землі, лопата інструмент, лопата для городу, лопата міцна, лопата універсальна, лопата для дачі";лопата штыковая удлиненная;лопата штикова подовжена;"Виробник, Тип устройства"
437;14201602;https://prom.ua/ua/Lopaty;Лопата совкова;"лопата совковая, лопата для песка, лопата для сыпучих материалов, лопата строительная, лопата инструмент, лопата для уборки, лопата универсальная, лопата для дачи, лопата прочная, лопата металлическая";"лопата совкова, лопата для піску, лопата для сипучих матеріалів, лопата будівельна, лопата інструмент, лопата для прибирання, лопата універсальна, лопата для дачі, лопата міцна, лопата металева";лопата совковая;лопата совкова;"Виробник, Тип устройства"
438;14201602;https://prom.ua/ua/Lopaty;Дренажна лопата (саджанці);"лопата дренажная, лопата для саженцев, лопата узкая, лопата для посадки, лопата садовая узкая, лопата инструмент, лопата для деревьев, лопата для сада, лопата для огорода, лопата универсальная";"лопата дренажна, лопата для саджанців, лопата вузька, лопата для посадки, лопата садова вузька, лопата інструмент, лопата для дерев, лопата для саду, лопата для городу, лопата універсальна";лопата дренажная;лопата дренажна;"Виробник, Тип устройства"
439;14201602;https://prom.ua/ua/Lopaty;Лопата коротка;"лопата короткая, лопата компактная, лопата для авто, лопата складная, лопата для снега, лопата инструмент, лопата для дачи, лопата прочная, лопата универсальная, лопата переносная";"лопата коротка, лопата компактна, лопата для авто, лопата складана, лопата для снігу, лопата інструмент, лопата для дачі, лопата міцна, лопата універсальна, лопата переносна";лопата короткая;лопата коротка;"Виробник, Тип устройства"
440;1250303;https://prom.ua/ua/Vily;Вила садові;"вилы садовые, вилы для земли, вилы для огорода, вилы инструмент, вилы прочные, вилы для копки, вилы универсальные, вилы для дачи, вилы металлические, вилы сад инструмент";"вила садові, вила для землі, вила для городу, вила інструмент, вила міцні, вила для копання, вила універсальні, вила для дачі, вила металеві, вила сад інструмент";вилы садовые;вила садові;"Виробник, Тип устройства"
441;1250303;https://prom.ua/ua/Vily;Вила для компосту;"вилы для компоста, вилы для навоза, вилы садовые для компоста, вилы для сена, вилы инструмент, вилы легкие, вилы для дачи, вилы универсальные, вилы прочные, вилы для работы";"вила для компосту, вила для гною, вила садові для компосту, вила для сіна, вила інструмент, вила легкі, вила для дачі, вила універсальні, вила міцні, вила для роботи";вилы для компоста;вила для компосту;"Виробник, Тип устройства"
442;1250307;https://prom.ua/ua/Motygi-tyapki;Сапка;"сапка садовая, сапка для огорода, мотыга садовая, сапка инструмент, сапка для прополки, сапка универсальная, сапка для дачи, сапка металлическая, сапка ручная, сапка для земли";"сапка садова, сапка для городу, мотика садова, сапка інструмент, сапка для прополки, сапка універсальна, сапка для дачі, сапка металева, сапка ручна, сапка для землі";сапка садовая;сапка садова;"Виробник, Тип устройства"
443;1250307;https://prom.ua/ua/Motygi-tyapki;Видальник бур'янів;"удалитель сорняков, инструмент для удаления сорняков, корнеудалитель, удалитель корней, инструмент садовый для сорняков, удалитель сорняков ручной, удалитель для дачи, инструмент для прополки, удалитель сорняков универсальный, удалитель корней растений";"видальник бур'янів, інструмент для видалення бур'янів, кореневидалювач, видальник коренів, інструмент садовий для бур'янів, видальник бур'янів ручний, видальник для дачі, інструмент для прополки, видальник бур'янів універсальний, видальник коренів рослин";удалитель сорняков;видальник бур'янів;"Виробник, Тип устройства"
444;7081201;https://prom.ua/ua/Kultivatory-ruchnye;Культиватор;"культиватор садовый, культиватор ручной, культиватор для почвы, культиватор для дачи, культиватор инструмент, культиватор для огорода, культиватор компактный, культиватор механический, культиватор универсальный, культиватор рыхлитель";"культиватор садовий, культиватор ручний, культиватор для ґрунту, культиватор для дачі, культиватор інструмент, культиватор для городу, культиватор компактний, культиватор механічний, культиватор універсальний, культиватор розпушувач";культиватор садовый;культиватор садовий;"Виробник, Тип устройства"
445;370499;https://prom.ua/ua/Drugaya-sadovaya-mebel;Садові граблі;"грабли садовые, грабли для земли, грабли для огорода, грабли инструмент, грабли металлические, грабли для дачи, грабли универсальные, грабли прочные, грабли для сада, грабли ручные";"граблі садові, граблі для землі, граблі для городу, граблі інструмент, граблі металеві, граблі для дачі, граблі універсальні, граблі міцні, граблі для саду, граблі ручні";грабли садовые;граблі садові;"Виробник, Тип устройства"
446;1250313;https://prom.ua/ua/Grabli;Граблі для листя;"грабли для листьев, веерные грабли, грабли пластиковые, грабли садовые для листьев, грабли инструмент, грабли легкие, грабли для дачи, грабли универсальные, грабли для уборки листьев, грабли широкие";"граблі для листя, віялові граблі, граблі пластикові, граблі садові для листя, граблі інструмент, граблі легкі, граблі для дачі, граблі універсальні, граблі для прибирання листя, граблі широкі";грабли для листьев;граблі для листя;"Виробник, Тип устройства"
447;1250313;https://prom.ua/ua/Grabli;Ручні граблі;"грабли ручные, грабли маленькие, грабли садовые компактные, грабли для клумб, грабли инструмент, грабли для дачи, грабли универсальные, грабли легкие, грабли для земли, грабли короткие";"граблі ручні, граблі маленькі, граблі садові компактні, граблі для клумб, граблі інструмент, граблі для дачі, граблі універсальні, граблі легкі, граблі для землі, граблі короткі";грабли ручные;граблі ручні;"Виробник, Тип устройства"
448;1250313;https://prom.ua/ua/Grabli;Граблі для грунту;"грабли для грунта, грабли для почвы, грабли садовые для земли, грабли инструмент, грабли металлические, грабли для огорода, грабли универсальные, грабли прочные, грабли для выравнивания, грабли тяжелые";"граблі для ґрунту, граблі для землі, граблі садові для ґрунту, граблі інструмент, граблі металеві, граблі для городу, граблі універсальні, граблі міцні, граблі для вирівнювання, граблі важкі";грабли для грунта;граблі для ґрунту;"Виробник, Тип устройства"
449;1250319;https://prom.ua/ua/Cherenki-dlya-lopat;Ручка для граблів;"ручка для граблей, черенок для граблей, держак для граблей, ручка инструмент, ручка деревянная грабли, ручка металлическая грабли, ручка универсальная, черенок садовый, ручка для инструмента, держак для граблей";"ручка для граблів, держак для граблів, держак для граблів, ручка інструмент, ручка дерев'яна граблі, ручка металева граблі, ручка універсальна, держак садовий, ручка для інструмента, держак для граблів";ручка для граблей;ручка для граблів;"Виробник, Тип устройства"
450;14200301;https://prom.ua/ua/Topory;Сокира універсальна;"топор универсальный, топор для дерева, топор хозяйственный, топор садовый, топор инструмент, топор для дачи, топор прочный, топор универсальный инструмент, топор для рубки, топор бытовой";"сокира універсальна, сокира для дерева, сокира господарська, сокира садова, сокира інструмент, сокира для дачі, сокира міцна, сокира універсальний інструмент, сокира для рубки, сокира побутова";топор универсальный;сокира універсальна;"Виробник, Тип устройства"
451;14200301;https://prom.ua/ua/Topory;Сокира-колун;"топор колун, колун для дров, топор для колки дров, колун тяжелый, колун инструмент, колун для дерева, топор колун мощный, колун для дачи, колун профессиональный, топор для дров";"сокира колун, колун для дров, сокира для колки дров, колун важкий, колун інструмент, колун для дерева, сокира колун потужна, колун для дачі, колун професійний, сокира для дров";топор колун;сокира колун;"Виробник, Тип устройства"
452;14200301;https://prom.ua/ua/Topory;Сокира-молот;"топор молот, топор с молотком, комбинированный топор, топор инструмент универсальный, топор для работы, топор для строительства, топор с бойком, топор универсальный, топор многофункциональный, топор бытовой";"сокира молот, сокира з молотком, комбінована сокира, сокира інструмент універсальний, сокира для роботи, сокира для будівництва, сокира з бойком, сокира універсальна, сокира багатофункціональна, сокира побутова";топор молот;сокира молот;"Виробник, Тип устройства"
453;14200301;https://prom.ua/ua/Topory;Сокира-мачете;"топор мачете, мачете для кустов, нож мачете, мачете садовый, мачете для травы, мачете инструмент, мачете для дачи, мачете универсальный, мачете для расчистки, мачете прочный";"сокира мачете, мачете для кущів, ніж мачете, мачете садове, мачете для трави, мачете інструмент, мачете для дачі, мачете універсальний, мачете для розчищення, мачете міцний";топор мачете;сокира мачете;"Виробник, Тип устройства"
454;15230433;https://prom.ua/ua/Tochilki-dlya-nozhej;Точило;"точило, точильный инструмент, точилка для ножей, точильный камень, точило для инструментов, точильный станок ручной, точилка универсальная, точило бытовое, точило для заточки, точильное устройство";"точило, точильний інструмент, точилка для ножів, точильний камінь, точило для інструментів, точильний станок ручний, точилка універсальна, точило побутове, точило для заточування, точильний пристрій";точило;точило;"Виробник, Тип устройства"
455;1250305;https://prom.ua/ua/Sadovye-sovki;Посадкова вилка;"вилка посадочная, вилка садовая, вилка для посадки, вилка для земли, вилка инструмент, вилка для огорода, вилка ручная, вилка универсальная, вилка для дачи, вилка металлическая";"посадкова вилка, вилка садова, вилка для посадки, вилка для землі, вилка інструмент, вилка для городу, вилка ручна, вилка універсальна, вилка для дачі, вилка металева";вилка посадочная;посадкова вилка;"Виробник, Тип устройства"
456;1250305;https://prom.ua/ua/Sadovye-sovki;Садовий совок;"совок садовый, лопатка садовая, совок для посадки, совок для земли, совок инструмент, совок для огорода, совок ручной, совок универсальный, совок для дачи, совок металлический";"садовий совок, лопатка садова, совок для посадки, совок для землі, совок інструмент, совок для городу, совок ручний, совок універсальний, совок для дачі, совок металевий";совок садовый;садовий совок;"Виробник, Тип устройства"
457;14201602;https://prom.ua/ua/Lopaty;Лопатка для посіву насіння;"лопатка для посева семян, совок для семян, лопатка садовая для посева, лопатка инструмент, лопатка для огорода, лопатка для рассады, лопатка универсальная, лопатка для дачи, лопатка ручная, лопатка компактная";"лопатка для посіву насіння, совок для насіння, лопатка садова для посіву, лопатка інструмент, лопатка для городу, лопатка для розсади, лопатка універсальна, лопатка для дачі, лопатка ручна, лопатка компактна";лопатка для посева семян;лопатка для посіву насіння;"Виробник, Тип устройства"
458;1250337;https://prom.ua/ua/Zemlebury-ruchnye;Садовий бур;"садовый бур, бур для земли, бур для посадки, бур ручной, бур инструмент, бур для ям, бур для дачи, бур универсальный, бур для грунта, бур металлический";"садовий бур, бур для землі, бур для посадки, бур ручний, бур інструмент, бур для ям, бур для дачі, бур універсальний, бур для ґрунту, бур металевий";садовый бур;садовий бур;"Виробник, Тип устройства"
459;14201521;https://prom.ua/ua/Shneki-dlya-burov-snegouborschikov;Леза для садового бура;"лезвия для бура, ножи для бура, лезвия садовый бур, ножи бур инструмент, лезвия сменные бур, ножи для грунта, лезвия бур комплект, ножи бур универсальные, лезвия для бурения, аксессуары бур";"леза для садового бура, ножі для бура, леза садовий бур, ножі бур інструмент, леза змінні бур, ножі для ґрунту, леза бур комплект, ножі бур універсальні, леза для буріння, аксесуари бур";лезвия для бура;леза для садового бура;"Виробник, Тип устройства"
460;1250355;https://prom.ua/ua/Nabory-sadovyh-instrumentov;Набори садових інструментів;"набор садовых инструментов, комплект садовых инструментов, набор для дачи, набор садовый универсальный, комплект для сада, набор инструментов сад, набор для огорода, набор инструментов дача, комплект садовый, набор инструментов универсальный";"набори садових інструментів, комплект садових інструментів, набір для дачі, набір садовий універсальний, комплект для саду, набір інструментів сад, набір для городу, набір інструментів дача, комплект садовий, набір інструментів універсальний";набор садовых инструментов;набори садових інструментів;"Виробник, Тип устройства"
461;151405;https://prom.ua/ua/Schetki-dlya-chistki;Щітки та скребачки для прибирання;"щетки и скребки для уборки, щетка для уборки, скребок для чистки, щетка хозяйственная, скребок инструмент, щетка универсальная, щетка для дома, скребок для грязи, щетка для дачи, скребок бытовой";"щітки та скребачки для прибирання, щітка для прибирання, скребок для чищення, щітка господарська, скребок інструмент, щітка універсальна, щітка для дому, скребок для бруду, щітка для дачі, скребок побутовий";щетки и скребки для уборки;щітки та скребачки для прибирання;"Виробник, Тип устройства"
462;121111;https://prom.ua/ua/Komplektuyuschie-dlya-apparatov-vysokogo-davleniya;Для мийки високого тиску;"аксессуары для мойки высокого давления, насадки для мойки, шланг для мойки, пистолет для мойки, фильтр для мойки, комплект для мойки, насадка для очистки, аксессуары мойка, комплект насадок мойка, принадлежности мойка";"аксесуари для мийки високого тиску, насадки для мийки, шланг для мийки, пістолет для мийки, фільтр для мийки, комплект для мийки, насадка для очищення, аксесуари мийка, комплект насадок мийка, приладдя мийка";аксессуары для мойки высокого давления;аксесуари для мийки високого тиску;"Виробник, Тип устройства"
463;151406;https://prom.ua/ua/Perchatki-hozyajstvennye;Садові рукавички;"садовые перчатки, перчатки для сада, перчатки рабочие садовые, перчатки для огорода, перчатки защитные сад, перчатки универсальные, перчатки для дачи, перчатки инструмент, перчатки прочные, перчатки хозяйственные";"садові рукавички, рукавички для саду, рукавички робочі садові, рукавички для городу, рукавички захисні сад, рукавички універсальні, рукавички для дачі, рукавички інструмент, рукавички міцні, рукавички господарські";садовые перчатки;садові рукавички;"Виробник, Тип устройства"
464;1250312;https://prom.ua/ua/Sadovye-nozhnitsy;Ніж для важких робіт;"нож для тяжелых работ, нож строительный усиленный, нож прочный, нож для резки плотных материалов, нож инструмент, нож универсальный усиленный, нож профессиональный, нож для ремонта, нож с усиленным лезвием, нож рабочий";"ніж для важких робіт, ніж будівельний посилений, ніж міцний, ніж для різання щільних матеріалів, ніж інструмент, ніж універсальний посилений, ніж професійний, ніж для ремонту, ніж з посиленим лезом, ніж робочий";нож для тяжелых работ;ніж для важких робіт;"Виробник, Тип устройства"
465;1250311;https://prom.ua/ua/Pily-dlya-obrezki-vetvej;Насадка для універсального приводу;"насадка для универсального привода, насадка садовый привод, насадка мультиинструмент, насадка для садовой техники, насадка инструмент, насадка сменная сад, насадка универсальная, насадка для привода сад, насадка комплект, аксессуары привод";"насадка для універсального приводу, насадка садовий привід, насадка мультиінструмент, насадка для садової техніки, насадка інструмент, насадка змінна сад, насадка універсальна, насадка для приводу сад, насадка комплект, аксесуари привід";насадка для универсального привода;насадка для універсального приводу;"Виробник, Тип устройства"
466;151405;https://prom.ua/ua/Schetki-dlya-chistki;Скребок для льоду і щітки;"скребок для льда и щетка, щетка со скребком, скребок автомобильный, щетка для снега, скребок для стекла авто, щетка зимняя авто, скребок инструмент, щетка для очистки авто, скребок для льда авто, щетка универсальная авто";"скребок для льоду і щітка, щітка зі скребком, скребок автомобільний, щітка для снігу, скребок для скла авто, щітка зимова авто, скребок інструмент, щітка для очищення авто, скребок для льоду авто, щітка універсальна авто";скребок для льда и щетка;скребок для льоду і щітка;"Виробник, Тип устройства"
467;14201602;https://prom.ua/ua/Lopaty;Скрепер для прибирання снігу;"скрепер для уборки снега, скрепер снеговой, скрепер для двора, скрепер для очистки снега, скрепер инструмент, скрепер широкий, скрепер для дачи, скрепер прочный, скрепер для снега ручной, скрепер универсальный";"скрепер для прибирання снігу, скрепер сніговий, скрепер для двору, скрепер для очищення снігу, скрепер інструмент, скрепер широкий, скрепер для дачі, скрепер міцний, скрепер для снігу ручний, скрепер універсальний";скрепер для уборки снега;скрепер для прибирання снігу;"Виробник, Тип устройства"
468;14201602;https://prom.ua/ua/Lopaty;Лопата для прибирання снігу;"лопата для снега, лопата снеговая, лопата для уборки снега, лопата широкая, лопата инструмент, лопата для двора, лопата для дачи, лопата пластиковая, лопата прочная, лопата зимняя";"лопата для прибирання снігу, лопата снігова, лопата для очищення снігу, лопата широка, лопата інструмент, лопата для двору, лопата для дачі, лопата пластикова, лопата міцна, лопата зимова";лопата для снега;лопата для прибирання снігу;"Виробник, Тип устройства"
469;121250;https://prom.ua/ua/Avtomobilnye-schetki-i-skrebki;Автомобільний скребок для льоду;"автомобильный скребок для льда, скребок авто, скребок для стекла автомобиля, скребок зимний, скребок для снега авто, скребок компактный, скребок инструмент авто, скребок для очистки стекла, скребок прочный авто, скребок универсальный авто";"автомобільний скребок для льоду, скребок авто, скребок для скла автомобіля, скребок зимовий, скребок для снігу авто, скребок компактний, скребок інструмент авто, скребок для очищення скла, скребок міцний авто, скребок універсальний авто";автомобильный скребок для льда;автомобільний скребок для льоду;"Виробник, Тип устройства"
470;14201602;https://prom.ua/ua/Lopaty;Автомобільна лопата;"автомобильная лопата, лопата для авто, лопата складная автомобильная, лопата для снега авто, лопата компактная, лопата инструмент авто, лопата для дороги, лопата переносная авто, лопата универсальная авто, лопата прочная авто";"автомобільна лопата, лопата для авто, лопата складана автомобільна, лопата для снігу авто, лопата компактна, лопата інструмент авто, лопата для дороги, лопата переносна авто, лопата універсальна авто, лопата міцна авто";автомобильная лопата;автомобільна лопата;"Виробник, Тип устройства"
471;513;https://prom.ua/Udliniteli-elektricheskie;Подовжувач;"удлинитель электрический, кабель удлинитель, удлинитель с розетками, удлинитель для дома, удлинитель силовой, удлинитель на катушке, кабель удлинитель длинный, удлинитель для техники";"подовжувач електричний, кабель подовжувач, подовжувач з розетками, подовжувач для дому, подовжувач силовий, подовжувач на котушці, кабель подовжувач довгий, подовжувач для техніки";удлинитель;подовжувач;"Виробник, Тип устройства"
472;53005;https://prom.ua/ua/Vilki-elektricheskie;Вилка;"вилка электрическая, штекер питания, вилка для кабеля, электрическая вилка разъем, штекер сетевой, вилка 220в, вилка для провода, разъем вилка";"вилка електрична, штекер живлення, вилка для кабелю, електрична вилка роз'єм, штекер мережевий, вилка 220в, вилка для проводу, роз'єм вилка";вилка;вилка;"Виробник, Тип устройства"
473;53004;https://prom.ua/ua/Rozetki-elektricheskie;Розетка;"розетка электрическая, розетка настенная, розетка силовая, розетка для дома, розетка с заземлением, розетка двойная, розетка встроенная, розетка электрическая бытовая";"розетка електрична, розетка настінна, розетка силова, розетка для дому, розетка із заземленням, розетка подвійна, розетка вбудована, розетка електрична побутова";розетка;розетка;"Виробник, Тип устройства"
474;513;https://prom.ua/ua/Udliniteli-elektricheskie;Трійники;"адаптер электрический, переходник розетки, адаптер питания, переходник сетевой, адаптер универсальный, адаптер для розетки, переходник вилки, адаптер для техники, тройник";"адаптер електричний, перехідник розетки, адаптер живлення, перехідник мережевий, адаптер універсальний, адаптер для розетки, перехідник вилки, адаптер для техніки, трійник";тройник;трійник;"Виробник, Тип устройства"
475;150401;https://prom.ua/ua/Naruzhnoe-osveschenie;LED прожектор;"led прожектор, светодиодный прожектор, прожектор наружный led, прожектор для улицы, прожектор освещения, прожектор мощный, прожектор для дома, прожектор влагозащищенный, прожектор универсальный, прожектор светодиодный уличный";"led прожектор, світлодіодний прожектор, прожектор зовнішній led, прожектор для вулиці, прожектор освітлення, прожектор потужний, прожектор для дому, прожектор вологозахищений, прожектор універсальний, прожектор світлодіодний вуличний";led прожектор;led прожектор;"Виробник, Тип устройства"
476;15040605;https://prom.ua/ua/Potolochnye-svetilniki-1;LED панель;"led панель, светодиодная панель, панель потолочная led, панель освещения, панель квадратная led, панель офисная led, панель светодиодная потолочная, панель универсальная, панель для дома, панель освещения потолка";"led панель, світлодіодна панель, панель стельова led, панель освітлення, панель квадратна led, панель офісна led, панель світлодіодна стельова, панель універсальна, панель для дому, панель освітлення стелі";led панель;led панель;"Виробник, Тип устройства"
477;39050503;https://prom.ua/ua/Tochechnye-svetilniki-;LED світильник;"led светильник, светодиодный светильник, светильник потолочный led, светильник настенный led, светильник для дома, светильник освещения, светильник универсальный, светильник современный, светильник для комнаты, светильник led внутренний";"led світильник, світлодіодний світильник, світильник стельовий led, світильник настінний led, світильник для дому, світильник освітлення, світильник універсальний, світильник сучасний, світильник для кімнати, світильник led внутрішній";led светильник;led світильник;"Виробник, Тип устройства"
478;150402;https://prom.ua/ua/Lampochki;LED лампочка;"led лампочка, светодиодная лампа, лампа led, лампа освещения led, лампа для дома led, лампа энергосберегающая, лампа стандартная led, лампа универсальная, лампа бытовая led, лампа светодиодная";"led лампочка, світлодіодна лампа, лампа led, лампа освітлення led, лампа для дому led, лампа енергозберігаюча, лампа стандартна led, лампа універсальна, лампа побутова led, лампа світлодіодна";led лампочка;led лампочка;"Виробник, Тип устройства"
479;15040606;https://prom.ua/ua/Led-podsvetka-intererov;LED стрічка;"led лента, светодиодная лента, лента led освещения, лента подсветки, лента для декора, лента светодиодная гибкая, лента rgb led, лента универсальная, лента для дома, лента освещения led";"led стрічка, світлодіодна стрічка, стрічка led освітлення, стрічка підсвітки, стрічка для декору, стрічка світлодіодна гнучка, стрічка rgb led, стрічка універсальна, стрічка для дому, стрічка освітлення led";led лента;led стрічка;"Виробник, Тип устройства"
480;14191103;https://prom.ua/ua/Promyshlennye-istochniki-pitaniya;Блок живлення для LED стрічки;"блок питания для led ленты, драйвер led ленты, адаптер для led ленты, блок питания светодиодов, блок питания 12v led, блок питания 24v led, блок питания для подсветки, блок питания универсальный, блок питания светодиодный, блок питания для освещения";"блок живлення для led стрічки, драйвер led стрічки, адаптер для led стрічки, блок живлення світлодіодів, блок живлення 12v led, блок живлення 24v led, блок живлення для підсвітки, блок живлення універсальний, блок живлення світлодіодний, блок живлення для освітлення";блок питания для led ленты;блок живлення для led стрічки;"Виробник, Тип устройства"
481;150426;https://prom.ua/ua/Led-osveschenie;Набір датчик+світильники;"набор датчик и светильники, комплект освещения с датчиком, светильник с датчиком движения комплект, набор освещения автоматический, комплект светильников с сенсором, освещение с датчиком комплект, комплект для дома освещение, набор универсальный свет, комплект освещения, набор светильников с датчиком";"набір датчик і світильники, комплект освітлення з датчиком, світильник з датчиком руху комплект, набір освітлення автоматичний, комплект світильників з сенсором, освітлення з датчиком комплект, комплект для дому освітлення, набір універсальний світло, комплект освітлення, набір світильників з датчиком";светильник с датчиком комплект;світильник з датчиком комплект;"Виробник, Тип устройства"
482;14190910;https://prom.ua/ua/Fotorele;Датчик руху/освітленості;"датчик движения, датчик освещенности, сенсор движения, датчик света, датчик для освещения, датчик автоматический, датчик для дома, датчик универсальный, датчик включения света, датчик контроль освещения";"датчик руху, датчик освітленості, сенсор руху, датчик світла, датчик для освітлення, датчик автоматичний, датчик для дому, датчик універсальний, датчик вмикання світла, датчик контроль освітлення";датчик движения;датчик руху;"Виробник, Тип устройства"
483;39050503;https://prom.ua/ua/Tochechnye-svetilniki-;Шинопровід трекових світильників;"шинопровод для трековых светильников, трек для светильников, направляющая для трековых светильников, система трекового освещения, шинопровод освещения, трековая система светильников, шина для светильников, трек освещения, шинопровод универсальный, трековый профиль";"шинопровід для трекових світильників, трек для світильників, напрямна для трекових світильників, система трекового освітлення, шинопровід освітлення, трекова система світильників, шина для світильників, трек освітлення, шинопровід універсальний, трековий профіль";шинопровод для трековых светильников;шинопровід для трекових світильників;"Виробник, Тип устройства"
484;301911;https://prom.ua/Kaski-zaschitnye;Будівельні каски;"строительная каска, защитная каска, каска безопасности, каска для стройки, каска рабочая, каска защитная строительная, каска для работы, каска промышленная, каска с креплением, каска для защиты головы";"будівельна каска, захисна каска, каска безпеки, каска для будівництва, каска робоча, каска захисна будівельна, каска для роботи, каска промислова, каска з кріпленням, каска для захисту голови";строительная каска;будівельна каска;"Виробник, Тип устройства"
485;30816;https://prom.ua/Sredstva-zaschity-ruk;Рукавиці захисні;"защитные перчатки, рабочие перчатки, перчатки для работы, перчатки строительные, перчатки защитные рабочие, перчатки для рук, перчатки промышленная защита, перчатки безопасные, перчатки для стройки, перчатки с защитой";"захисні рукавиці, робочі рукавиці, рукавиці для роботи, рукавиці будівельні, рукавиці захисні робочі, рукавиці для рук, рукавиці промисловий захист, рукавиці безпечні, рукавиці для будівництва, рукавиці з захистом";защитные перчатки;захисні рукавиці;"Виробник, Тип устройства"
486;301901;https://prom.ua/Sredstva-zaschity-organov-dyhaniya;Маски і респіратори;"респиратор, защитная маска, маска для дыхания, маска защитная, респиратор фильтрующий, маска строительная, респиратор пылезащитный, маска для лица защитная, маска от пыли, средства защиты дыхания";"респіратор, захисна маска, маска для дихання, маска захисна, респіратор фільтруючий, маска будівельна, респіратор пилозахисний, маска для обличчя захисна, маска від пилу, засоби захисту дихання";респиратор;респіратор;"Виробник, Тип устройства"
487;301908;https://prom.ua/Sredstva-zaschity-glaz;Окуляри захисні;"защитные очки, очки безопасности, очки строительные, очки для защиты глаз, очки рабочие, очки прозрачные защитные, очки от пыли, очки промышленная защита, очки защитные рабочие, очки для стройки";"захисні окуляри, окуляри безпеки, окуляри будівельні, окуляри для захисту очей, окуляри робочі, окуляри прозорі захисні, окуляри від пилу, окуляри промисловий захист, окуляри захисні робочі, окуляри для будівництва";защитные очки;захисні окуляри;"Виробник, Тип устройства"
488;3080804;https://prom.ua/Polukombinezony-rabochie;Комбінезони робочі;"рабочий комбинезон, защитный комбинезон, комбинезон рабочий, спецодежда комбинезон, комбинезон строительный, комбинезон защитный рабочий, комбинезон для работы, комбинезон промышленный, одежда рабочая защитная, комбинезон спецодежда";"робочий комбінезон, захисний комбінезон, комбінезон робочий, спецодяг комбінезон, комбінезон будівельний, комбінезон захисний робочий, комбінезон для роботи, комбінезон промисловий, одяг робочий захисний, комбінезон спецодяг";рабочий комбинезон;робочий комбінезон;"Виробник, Тип устройства"
489;121246;https://prom.ua/ua/Nabory-avtomobilnye;;"герметик силиконовый, герметик строительный, клей герметик, аэрозоль технический, спрей герметик, герметик для швов, монтажный герметик, аэрозоль смазка";"герметик силіконовий, герметик будівельний, клей герметик, аерозоль технічний, спрей герметик, герметик для швів, монтажний герметик, аерозоль мастило";герметик;герметик;Виробник
490;13240108;https://prom.ua/ua/Obogrevateli-maslyanye-bytovye;Масляний обігрівач;"масляный обогреватель, радиатор масляный, обогреватель электрический масляный, обогреватель для дома, обогреватель напольный, обогреватель с термостатом, обогреватель комнатный, обогреватель универсальный, радиатор отопления электрический, обогреватель бытовой";"масляний обігрівач, радіатор масляний, обігрівач електричний масляний, обігрівач для дому, обігрівач підлоговий, обігрівач з термостатом, обігрівач кімнатний, обігрівач універсальний, радіатор опалення електричний, обігрівач побутовий";масляный обогреватель;масляний обігрівач;"Виробник, Тип устройства"
491;61601;https://prom.ua/ua/Konvektory-elektricheskie;Конвектор;"конвектор, конвекторный обогреватель, обогреватель конвекторный электрический, конвектор для дома, конвектор настенный, конвектор напольный, обогреватель современный, конвектор с термостатом, обогреватель универсальный, конвектор отопления";"конвектор, конвекторний обігрівач, обігрівач конвекторний електричний, конвектор для дому, конвектор настінний, конвектор підлоговий, обігрівач сучасний, конвектор з термостатом, обігрівач універсальний, конвектор опалення";конвектор;конвектор;"Виробник, Тип устройства"
492;62601;https://prom.ua/ua/Obogrevateli-infrakrasnye;Обігрівач інфрачервоний;"инфракрасный обогреватель, ик обогреватель, обогреватель инфракрасный электрический, инфракрасный обогреватель для дома, обогреватель настенный ик, обогреватель потолочный ик, обогреватель экономичный, обогреватель универсальный, обогреватель современный, инфракрасное отопление";"інфрачервоний обігрівач, ік обігрівач, обігрівач інфрачервоний електричний, інфрачервоний обігрівач для дому, обігрівач настінний ік, обігрівач стельовий ік, обігрівач економічний, обігрівач універсальний, обігрівач сучасний, інфрачервоне опалення";инфракрасный обогреватель;інфрачервоний обігрівач;"Виробник, Тип устройства"
493;62611;https://prom.ua/ua/Teploventilyatory-bytovye;Тепловентилятор;"тепловентилятор, вентилятор обогреватель, обогреватель с вентилятором, тепловентилятор электрический, обогреватель быстрый нагрев, тепловентилятор для дома, обогреватель компактный, обогреватель настольный, обогреватель универсальный, тепловентилятор бытовой";"тепловентилятор, вентилятор обігрівач, обігрівач з вентилятором, тепловентилятор електричний, обігрівач швидкий нагрів, тепловентилятор для дому, обігрівач компактний, обігрівач настільний, обігрівач універсальний, тепловентилятор побутовий";тепловентилятор;тепловентилятор;"Виробник, Тип устройства"
494;13240125;https://prom.ua/ua/Komplektuyuschie-dlya-infrakrasnyh-obogrevatelej;Ніжка телескопічна для ІЧ обігрівача;"телескопическая стойка для ик обогревателя, ножка для инфракрасного обогревателя, подставка для ик обогревателя, стойка регулируемая обогреватель, держатель для инфракрасного обогревателя, штатив для обогревателя, подставка универсальная обогреватель, ножка регулируемая, стойка металлическая обогреватель, аксессуары для ик обогревателя";"ніжка телескопічна для іч обігрівача, стійка для інфрачервоного обігрівача, підставка для іч обігрівача, стійка регульована обігрівач, тримач для інфрачервоного обігрівача, штатив для обігрівача, підставка універсальна обігрівач, ніжка регульована, стійка металева обігрівач, аксесуари для іч обігрівача";стойка для ик обогревателя;ніжка для іч обігрівача;"Виробник, Тип устройства"
495;63708;https://prom.ua/Kronshtejny-dlya-audio-video-tehniki;;"кронштейн для телевизора, крепление для монитора, настенный кронштейн, держатель телевизора, кронштейн vesa, крепление для экрана, кронштейн поворотный, кронштейн наклонный";"кронштейн для телевізора, кріплення для монітора, настінний кронштейн, тримач телевізора, кронштейн vesa, кріплення для екрана, кронштейн поворотний, кронштейн нахильний";кронштейн;кронштейн;Виробник
496;6371818;https://prom.ua/ua/Gromkogovoriteli;Гучномовці аналогові;"аналоговый громкоговоритель, громкоговоритель для оповещения, рупорный громкоговоритель, уличный громкоговоритель, громкоговоритель настенный, громкоговоритель звуковой, громкоговоритель трансляционный, система оповещения громкоговоритель, громкоговоритель для помещений, акустический громкоговоритель";"аналоговий гучномовець, гучномовець для оповіщення, рупорний гучномовець, вуличний гучномовець, гучномовець настінний, гучномовець звуковий, гучномовець трансляційний, система оповіщення гучномовець, гучномовець для приміщень, акустичний гучномовець";аналоговый громкоговоритель;аналоговий гучномовець;"Виробник, Тип устройства"
497;63701;https://prom.ua/ua/Usiliteli;Підсилювачі;"усилитель звука, усилитель мощности, аудио усилитель, усилитель акустики, усилитель для колонок, усилитель трансляционный, усилитель сигнала, усилитель музыкальный, усилитель для системы озвучивания, усилитель звуковой";"підсилювач звуку, підсилювач потужності, аудіо підсилювач, підсилювач акустики, підсилювач для колонок, підсилювач трансляційний, підсилювач сигналу, підсилювач музичний, підсилювач для системи озвучування, підсилювач звуковий";усилитель звука;підсилювач звуку;"Виробник, Тип устройства"
498;6371204;https://prom.ua/ua/Mikrofony;Мікрофони;"микрофон, микрофон проводной, микрофон беспроводной, микрофон для выступлений, микрофон вокальный, микрофон настольный, микрофон для конференций, микрофон аудио, микрофон для системы оповещения, микрофон профессиональный";"мікрофон, мікрофон дротовий, мікрофон бездротовий, мікрофон для виступів, мікрофон вокальний, мікрофон настільний, мікрофон для конференцій, мікрофон аудіо, мікрофон для системи оповіщення, мікрофон професійний";микрофон;мікрофон;"Виробник, Тип устройства"
499;6371818;https://prom.ua/ua/Gromkogovoriteli;IP cистеми озвучування;"ip система озвучивания, ip аудиосистема, ip система оповещения, сетевая система озвучивания, ip трансляция звука, ip аудио оборудование, система громкой связи ip, ip акустическая система, цифровая система озвучивания, ip аудио решение";"ip система озвучування, ip аудіосистема, ip система оповіщення, мережева система озвучування, ip трансляція звуку, ip аудіо обладнання, система гучного зв'язку ip, ip акустична система, цифрова система озвучування, ip аудіо рішення";ip система озвучивания;ip система озвучування;"Виробник, Тип устройства"
500;518;https://prom.ua/ua/Akusticheskie-sistemy;Акустичні системи;"акустическая система, аудиосистема, колонки акустические, акустика для помещений, акустическая колонка, звуковая система, акустика настенная, профессиональная акустика, акустическая система для музыки, система озвучивания";"акустична система, аудіосистема, колонки акустичні, акустика для приміщень, акустична колонка, звукова система, акустика настінна, професійна акустика, акустична система для музики, система озвучування";акустическая система;акустична система;"Виробник, Тип устройства"
501;300501;https://prom.ua/Bronezhilety;;"бронеплита, плита бронежилета, защитная плита, бронеплита керамическая, бронеплита баллистическая, плита защиты тела, бронеплита уровень защиты, плита бронежилета вставка";"бронеплита, плита бронежилета, захисна плита, бронеплита керамічна, бронеплита балістична, плита захисту тіла, бронеплита рівень захисту, плита бронежилета вставка";бронеплита;бронеплита;Виробник
502;3082002;https://prom.ua/Razgruzochnye-zhilety;;"плитоноска бронежилет, плитоноска тактическая, жилет под бронеплиты, разгрузочный жилет плитоноска, плитоноска военная, жилет защитный, плитоноска с карманами, плитоноска для защиты";"плитоноска бронежилет, плитоноска тактична, жилет під бронеплити, розвантажувальний жилет плитоноска, плитоноска військова, жилет захисний, плитоноска з кишенями, плитоноска для захисту";плитоноска;плитоноска;Виробник
503;240455;https://prom.ua/ua/Navesnye-podsumki;Навісні підсумки;"подсумки навесные, подсумки тактические, подсумки molle, подсумок для снаряжения, подсумок на разгрузку, подсумок универсальный, подсумок армейский, подсумок для экипировки, подсумок крепление molle, подсумок военный";"підсумки навісні, підсумки тактичні, підсумки molle, підсумок для спорядження, підсумок на розвантаження, підсумок універсальний, підсумок армійський, підсумок для екіпірування, підсумок кріплення molle, підсумок військовий";подсумки тактические;підсумки тактичні;"Виробник, Тип устройства"
504;180303;https://prom.ua/ua/Maskirovka-dlya-ohoty;Термотент від тепловізора;"термотент от тепловизора, укрытие от тепловизора, маскировочный термотент, защита от тепловизора, термопокрытие маскировочное, укрытие тепловизионное, маскировка от тепловизора, термозащита укрытие, тент маскировочный, защита тепловизор";"термотент від тепловізора, укриття від тепловізора, маскувальний термотент, захист від тепловізора, термопокриття маскувальне, укриття тепловізійне, маскування від тепловізора, термозахист укриття, тент маскувальний, захист тепловізор";термотент от тепловизора;термотент від тепловізора;"Виробник, Тип устройства"
505;240405;https://prom.ua/ua/Kovriki-turisticheskie;Каремат;"каремат, коврик туристический, коврик походный, коврик для сна, коврик складной, коврик пенка, коврик для кемпинга, коврик туристический складной, коврик универсальный, коврик для отдыха";"каремат, килимок туристичний, килимок похідний, килимок для сну, килимок складний, килимок пінка, килимок для кемпінгу, килимок туристичний складний, килимок універсальний, килимок для відпочинку";каремат;каремат;"Виробник, Тип устройства"
506;4050702;https://prom.ua/ua/Kovry-iz-sinteticheskih-materialov-;Килимок тактичний;"тактический коврик, коврик тактический складной, коврик военный, коврик для снаряжения, коврик походный тактический, коврик армейский, коврик защитный, коврик универсальный, коврик для отдыха, коврик компактный";"килимок тактичний, килимок тактичний складний, килимок військовий, килимок для спорядження, килимок похідний тактичний, килимок армійський, килимок захисний, килимок універсальний, килимок для відпочинку, килимок компактний";тактический коврик;килимок тактичний;"Виробник, Тип устройства"
507;152401;https://prom.ua/ua/Armejskie-spetssumki-i-ryukzaki;Рюкзак тактичний;"тактический рюкзак, рюкзак военный, рюкзак molle, рюкзак для снаряжения, рюкзак армейский, рюкзак походный, рюкзак универсальный, рюкзак для экипировки, рюкзак прочный, рюкзак туристический";"тактичний рюкзак, рюкзак військовий, рюкзак molle, рюкзак для спорядження, рюкзак армійський, рюкзак похідний, рюкзак універсальний, рюкзак для екіпірування, рюкзак міцний, рюкзак туристичний";тактический рюкзак;тактичний рюкзак;"Виробник, Тип устройства"
508;33915;https://prom.ua/ua/Dozhdeviki;Дощовик камуфляж;"дождевик камуфляж, плащ камуфляж, пончо камуфляж, дождевик защитный, дождевик для похода, дождевик военный, дождевик универсальный, дождевик водонепроницаемый, дождевик для природы, дождевик туристический";"дощовик камуфляж, плащ камуфляж, пончо камуфляж, дощовик захисний, дощовик для походу, дощовик військовий, дощовик універсальний, дощовик водонепроникний, дощовик для природи, дощовик туристичний";дождевик камуфляж;дощовик камуфляж;"Виробник, Тип устройства"
509;30807;https://prom.ua/ua/Voennaya-forma;Костюм камуфляж;"костюм камуфляж, костюм военный, костюм тактический, костюм армейский, костюм для охоты, костюм защитный, костюм маскировочный, костюм для природы, костюм универсальный, костюм прочный";"костюм камуфляж, костюм військовий, костюм тактичний, костюм армійський, костюм для полювання, костюм захисний, костюм маскувальний, костюм для природи, костюм універсальний, костюм міцний";костюм камуфляж;костюм камуфляж;"Виробник, Тип устройства"
510;300503;https://prom.ua/Shlemy-broneshlemy-i-kaski;;"шлем защитный, каска тактическая, шлем военный, каска строительная, шлем безопасности, шлем защитный аксессуары, каска защитная, шлем экипировки";"шолом захисний, каска тактична, шолом військовий, каска будівельна, шолом безпеки, шолом захисний аксесуари, каска захисна, шолом екіпірування";шлем;шолом;Виробник
511;301915;https://prom.ua/Sredstva-zaschity-organov-sluha;Тактичні навушники;"тактические наушники, наушники стрелковые, наушники активные, наушники для стрельбы, наушники шумоподавление, наушники защита слуха, наушники электронные, наушники для тира, наушники военные, наушники защитные";"тактичні навушники, навушники стрілецькі, навушники активні, навушники для стрільби, навушники шумоприглушення, навушники захист слуху, навушники електронні, навушники для тиру, навушники військові, навушники захисні";тактические наушники;тактичні навушники;"Виробник, Тип устройства"
512;181301;https://prom.ua/Ochki-takticheskie;Тактичні окуляри;"тактические очки, очки баллистические, очки стрелковые, очки защитные тактические, очки для стрельбы, очки военные, очки защита глаз, очки антиосколочные, очки полевые, очки tactical";"тактичні окуляри, окуляри балістичні, окуляри стрілецькі, окуляри захисні тактичні, окуляри для стрільби, окуляри військові, окуляри захист очей, окуляри протиосколкові, окуляри польові, окуляри tactical";тактические очки;тактичні окуляри;"Виробник, Тип устройства"
513;182202;https://prom.ua/Takticheskie-perchatki;Тактичні рукавиці;"тактические перчатки, перчатки военные, перчатки стрелковые, перчатки защитные тактические, перчатки для стрельбы, перчатки армейские, перчатки с защитой, перчатки усиленные, перчатки tactical, перчатки для работы тактические";"тактичні рукавиці, рукавиці військові, рукавиці стрілецькі, рукавиці захисні тактичні, рукавиці для стрільби, рукавиці армійські, рукавиці з захистом, рукавиці посилені, рукавиці tactical, рукавиці для роботи тактичні";тактические перчатки;тактичні рукавиці;"Виробник, Тип устройства"
514;300508;https://prom.ua/Aksessuary-komplektuyuschie-ekipirovke;Чохол на тактичний шолом;"чехол на тактический шлем, кавер для шлема, чехол шлем военный, чехол защитный шлема, чехол для каски, чехол helmet cover, чехол камуфляжный шлем, чехол для баллистического шлема, чехол армейский шлем, чехол тактический шлем";"чохол на тактичний шолом, кавер для шолома, чохол шолом військовий, чохол захисний шолома, чохол для каски, чохол helmet cover, чохол камуфляжний шолом, чохол для балістичного шолома, чохол армійський шолом, чохол тактичний шолом";чехол на тактический шлем;чохол на тактичний шолом;"Виробник, Тип устройства"
515;150410;https://prom.ua/Fonariki-;;"фонарь светодиодный, фонарик ручной, фонарь аккумуляторный, фонарь налобный, фонарь мощный, фонарь тактический, фонарь для дома, фонарь переносной";"ліхтар світлодіодний, ліхтарик ручний, ліхтар акумуляторний, ліхтар налобний, ліхтар потужний, ліхтар тактичний, ліхтар для дому, ліхтар переносний";фонарь;ліхтар;Виробник
516;14200394;https://prom.ua/Multituly;;"мультитул нож, мультитул инструмент, нож складной, нож туристический, мультитул карманный, нож многофункциональный, мультитул для выживания, нож инструмент";"мультитул ніж, мультитул інструмент, ніж складаний, ніж туристичний, мультитул кишеньковий, ніж багатофункціональний, мультитул для виживання, ніж інструмент";мультитул;мультитул;Виробник
517;15230303;https://prom.ua/ua/Nabory-kuhonnoj-posudy;Набір для готування;"набор для готовки, туристический набор для готовки, набор посуды походный, комплект для приготовления еды, набор для кемпинга кухня, посуда туристическая набор, набор для приготовления на природе, набор кухонный походный, комплект для готовки, набор для пикника";"набір для готування, туристичний набір для готування, набір посуду похідний, комплект для приготування їжі, набір для кемпінгу кухня, посуд туристичний набір, набір для приготування на природі, набір кухонний похідний, комплект для готування, набір для пікніка";набор для готовки;набір для готування;"Виробник, Тип устройства"
518;2010;https://prom.ua/ua/Matratsy-naduvnye;Надувний матрац;"надувной матрас, матрас туристический надувной, матрас для кемпинга, матрас для сна, матрас походный, матрас универсальный, матрас для отдыха, матрас компактный, матрас складной, матрас для дома и природы";"надувний матрац, матрац туристичний надувний, матрац для кемпінгу, матрац для сну, матрац похідний, матрац універсальний, матрац для відпочинку, матрац компактний, матрац складний, матрац для дому і природи";надувной матрас;надувний матрац;"Виробник, Тип устройства"
519;1531;https://prom.ua/ua/Termosy;Термос;"термос, термос для чая, термос для кофе, термос туристический, термос металлический, термос для еды, термос походный, термос универсальный, термос для путешествий, термос вакуумный";"термос, термос для чаю, термос для кави, термос туристичний, термос металевий, термос для їжі, термос похідний, термос універсальний, термос для подорожей, термос вакуумний";термос;термос;"Виробник, Тип устройства"
520;240405;https://prom.ua/ua/Kovriki-turisticheskie;Сидушка;"сидушка туристическая, сиденье походное, коврик сидушка, сидушка для кемпинга, сиденье складное, сидушка универсальная, сиденье для отдыха, сидушка компактная, сиденье для природы, сидушка мягкая";"сидушка туристична, сидіння похідне, килимок сидушка, сидушка для кемпінгу, сидіння складне, сидушка універсальна, сидіння для відпочинку, сидушка компактна, сидіння для природи, сидушка м'яка";сидушка туристическая;сидушка туристична;"Виробник, Тип устройства"
521;14201602;https://prom.ua/ua/Lopaty;Лопата;"лопата, лопата туристическая, лопата складная, лопата для копки, лопата универсальная, лопата походная, лопата для земли, лопата компактная, лопата для природы, лопата инструмент";"лопата, лопата туристична, лопата складна, лопата для копання, лопата універсальна, лопата похідна, лопата для землі, лопата компактна, лопата для природи, лопата інструмент";лопата;лопата;"Виробник, Тип устройства"
522;15230313;https://prom.ua/ua/Prinadlezhnosti-dlya-grilya;Набір для барбекю;"набор для барбекю, набор для гриля, комплект для барбекю, набор для шашлыка, инструменты для гриля, набор для приготовления на гриле, комплект для пикника барбекю, набор для мангала, набор универсальный гриль, набор аксессуаров барбекю";"набір для барбекю, набір для гриля, комплект для барбекю, набір для шашлику, інструменти для гриля, набір для приготування на грилі, комплект для пікніка барбекю, набір для мангала, набір універсальний гриль, набір аксесуарів барбекю";набор для барбекю;набір для барбекю;"Виробник, Тип устройства"
523;602;https://prom.ua/ua/Holodilniki;Холодильник;"холодильник переносной, холодильник туристический, автохолодильник, холодильник для кемпинга, холодильник компактный, холодильник для поездок, холодильник универсальный, холодильник переносной электрический, холодильник дорожный, холодильник бытовой";"холодильник переносний, холодильник туристичний, автохолодильник, холодильник для кемпінгу, холодильник компактний, холодильник для поїздок, холодильник універсальний, холодильник переносний електричний, холодильник дорожній, холодильник побутовий";холодильник переносной;холодильник переносний;"Виробник, Тип устройства"
524;13240306;https://prom.ua/ua/Pechi;Буржуйка;"буржуйка, печка буржуйка, печь походная, печка для обогрева, печка металлическая, печка для палатки, печка туристическая, печка универсальная, печка дровяная, печка для дома и природы";"буржуйка, піч буржуйка, піч похідна, піч для обігріву, піч металева, піч для намету, піч туристична, піч універсальна, піч дров'яна, піч для дому і природи";буржуйка;буржуйка;"Виробник, Тип устройства"
525;50505;https://prom.ua/Metallodetektory;;"металлоискатель, детектор металла, металлодетектор ручной, металлоискатель грунтовый, детектор металла портативный, металлоискатель для поиска, металлодетектор профессиональный, детектор металла прибор";"металошукач, детектор металу, металодетектор ручний, металошукач ґрунтовий, детектор металу портативний, металошукач для пошуку, металодетектор професійний, детектор металу прилад";металлоискатель;металошукач;Виробник
526;13240415;https://prom.ua/Bytovye-filtry-kompleksnoj-ochistki-vody;;"очиститель воды, фильтр для воды, система очистки воды, фильтр питьевой воды, фильтр под мойку, очистка воды бытовая, фильтр воды система, очиститель воды домашний";"очищувач води, фільтр для води, система очищення води, фільтр питної води, фільтр під мийку, очищення води побутове, фільтр води система, очищувач води домашній";очиститель воды;очищувач води;Виробник
