№;Линк категории поставщика;channel;prefix;coef_retail;coef_dealer;Номер_групи;Назва_групи;Ідентифікатор_підрозділу;Посилання_підрозділу;Особисті_нотатки;Ярлик;Назва_Характеристики;Одиниця_виміру_Характеристики;Значення_Характеристики;Назва_Характеристики;Одиниця_виміру_Характеристики;Значення_Характеристики;;
1;"https://viatec.ua/catalog/for-home/0:0;158:vagi-kuhnia";site;;"0,9";"1,19";22818554;Оборудование для системы Умный дом;15230411;https://prom.ua/ua/Kuhonnye-vesy;V;;Вага;г;;Тип устройства;;Ваги кухонні;;
2;"https://viatec.ua/catalog/for-home/0:0;158:vagi-kuhnia";prom;prom_;"0,95";"1,3";140905382;Безопасность и комфорт;15230411;https://prom.ua/ua/Kuhonnye-vesy;"V, Vmin, noindex";;Вага;г;;Тип устройства;;Ваги кухонні;;
3;"https://viatec.ua/catalog/for-home/0:0;158:hab";site;;"0,9";"1,19";22818554;Оборудование для системы Умный дом;302303;https://prom.ua/ua/Priemno-kontrolnye-pribory-i-pribory-upravleniya;V;;Вага;г;;Тип устройства;;Хаб;;
4;"https://viatec.ua/catalog/for-home/0:0;158:hab";prom;prom_;"0,95";"1,3";140905382;Безопасность и комфорт;302303;https://prom.ua/ua/Priemno-kontrolnye-pribory-i-pribory-upravleniya;"V, Vmin, noindex";;Вага;г;;Тип устройства;;Хаб;;
5;"https://viatec.ua/catalog/for-home/0:0;158:dimmer";site;;"0,9";"1,19";22818554;Оборудование для системы Умный дом;410612;https://prom.ua/ua/Nastennye-vyklyuchateli;V;;Вага;г;;Тип устройства;;Діммер (світлорегулятор);;
6;"https://viatec.ua/catalog/for-home/0:0;158:dimmer";prom;prom_;"0,95";"1,3";140905382;Безопасность и комфорт;410612;https://prom.ua/ua/Nastennye-vyklyuchateli;"V, Vmin, noindex";;Вага;г;;Тип устройства;;Діммер (світлорегулятор);;
7;"https://viatec.ua/catalog/for-home/0:0;158:datchik-prisutnist";site;;"0,9";"1,19";22818554;Оборудование для системы Умный дом;153504;https://prom.ua/ua/Datchiki-dlya-umnogo;V;;Вага;г;;Тип устройства;;Датчик присутності;;
8;"https://viatec.ua/catalog/for-home/0:0;158:datchik-prisutnist";prom;prom_;"0,95";"1,3";140905382;Безопасность и комфорт;153504;https://prom.ua/ua/Datchiki-dlya-umnogo;"V, Vmin, noindex";;Вага;г;;Тип устройства;;Датчик присутності;;
9;"https://viatec.ua/catalog/for-home/0:0;158:datchik-vodi";site;;"0,9";"1,19";22818554;Оборудование для системы Умный дом;300418;https://prom.ua/ua/Sistemy-zashchity-ot-potopa;V;;Вага;г;;Тип устройства;;Датчик витоку води;;
10;"https://viatec.ua/catalog/for-home/0:0;158:datchik-vodi";prom;prom_;"0,95";"1,3";140905382;Безопасность и комфорт;300418;https://prom.ua/ua/Sistemy-zashchity-ot-potopa;"V, Vmin, noindex";;Вага;г;;Тип устройства;;Датчик витоку води;;
11;"https://viatec.ua/catalog/for-home/0:0;158:datchik-dimu-hub";site;;"0,9";"1,19";22818554;Оборудование для системы Умный дом;300921;https://prom.ua/ua/Pozharnye-izveschateli;V;;Вага;г;;Тип устройства;;Датчик диму+хаб;;
12;"https://viatec.ua/catalog/for-home/0:0;158:datchik-dimu-hub";prom;prom_;"0,95";"1,3";140905382;Безопасность и комфорт;300921;https://prom.ua/ua/Pozharnye-izveschateli;"V, Vmin, noindex";;Вага;г;;Тип устройства;;Датчик диму+хаб;;
13;"https://viatec.ua/catalog/for-home/0:0;158:datchik-temp-vol-hab";site;;"0,9";"1,19";22818554;Оборудование для системы Умный дом;14200612;https://prom.ua/ua/Datchiki-vlazhnosti-i-temperatury;V;;Вага;г;;Тип устройства;;Датчик температура/вологість+хаб;;
14;"https://viatec.ua/catalog/for-home/0:0;158:datchik-temp-vol-hab";prom;prom_;"0,95";"1,3";140905382;Безопасность и комфорт;14200612;https://prom.ua/ua/Datchiki-vlazhnosti-i-temperatury;"V, Vmin, noindex";;Вага;г;;Тип устройства;;Датчик температура/вологість+хаб;;
15;"https://viatec.ua/catalog/for-home/0:0;158:datchik-temp-vologist";site;;"0,9";"1,19";22818554;Оборудование для системы Умный дом;14200612;https://prom.ua/ua/Datchiki-vlazhnosti-i-temperatury;V;;Вага;г;;Тип устройства;;Датчик температура+вологість;;
16;"https://viatec.ua/catalog/for-home/0:0;158:datchik-temp-vologist";prom;prom_;"0,95";"1,3";140905382;Безопасность и комфорт;14200612;https://prom.ua/ua/Datchiki-vlazhnosti-i-temperatury;"V, Vmin, noindex";;Вага;г;;Тип устройства;;Датчик температура+вологість;;
17;"https://viatec.ua/catalog/for-home/0:0;158:datchik-vidkritia";site;;"0,9";"1,19";22818554;Оборудование для системы Умный дом;14200610;https://prom.ua/ua/Datchiki-beskontaktnye;V;;Вага;г;;Тип устройства;;Датчик відкриття;;
18;"https://viatec.ua/catalog/for-home/0:0;158:datchik-vidkritia";prom;prom_;"0,95";"1,3";140905382;Безопасность и комфорт;14200610;https://prom.ua/ua/Datchiki-beskontaktnye;"V, Vmin, noindex";;Вага;г;;Тип устройства;;Датчик відкриття;;
19;"https://viatec.ua/catalog/for-home/0:0;158:keruvannia-garazh";site;;"0,9";"1,19";22818554;Оборудование для системы Умный дом;15380301;https://prom.ua/ua/Mehanizmy-dlya-avtomaticheskih-dverej;V;;Вага;г;;Тип устройства;;Пристрій відкриття гаражних дверей;;
20;"https://viatec.ua/catalog/for-home/0:0;158:keruvannia-garazh";prom;prom_;"0,95";"1,3";140905382;Безопасность и комфорт;15380301;https://prom.ua/ua/Mehanizmy-dlya-avtomaticheskih-dverej;"V, Vmin, noindex";;Вага;г;;Тип устройства;;Пристрій відкриття гаражних дверей;;
21;"https://viatec.ua/catalog/for-home/0:0;158:termo-hub";site;;"0,9";"1,19";22818554;Оборудование для системы Умный дом;120214;https://prom.ua/ua/Sistema-ohlazhdeniya;V;;Вага;г;;Тип устройства;;Термостат+хаб;;
22;"https://viatec.ua/catalog/for-home/0:0;158:termo-hub";prom;prom_;"0,95";"1,3";140905382;Безопасность и комфорт;120214;https://prom.ua/ua/Sistema-ohlazhdeniya;"V, Vmin, noindex";;Вага;г;;Тип устройства;;Термостат+хаб;;
23;"https://viatec.ua/catalog/for-home/0:0;158:termostat";site;;"0,9";"1,19";22818554;Оборудование для системы Умный дом;120214;https://prom.ua/ua/Sistema-ohlazhdeniya;V;;Вага;г;;Тип устройства;;Термостат для батареї;;
24;"https://viatec.ua/catalog/for-home/0:0;158:termostat";prom;prom_;"0,95";"1,3";140905382;Безопасность и комфорт;120214;https://prom.ua/ua/Sistema-ohlazhdeniya;"V, Vmin, noindex";;Вага;г;;Тип устройства;;Термостат для батареї;;
25;"https://viatec.ua/catalog/for-home/0:0;158:termostat-sistemi-elektro";site;;"0,9";"1,19";22818554;Оборудование для системы Умный дом;120214;https://prom.ua/ua/Sistema-ohlazhdeniya;V;;Вага;г;;Тип устройства;;Термостат электрической системы отопления;;
26;"https://viatec.ua/catalog/for-home/0:0;158:termostat-sistemi-elektro";prom;prom_;"0,95";"1,3";140905382;Безопасность и комфорт;120214;https://prom.ua/ua/Sistema-ohlazhdeniya;"V, Vmin, noindex";;Вага;г;;Тип устройства;;Термостат электрической системы отопления;;
27;"https://viatec.ua/catalog/for-home/0:0;158:termostat-sistemi-voda";site;;"0,9";"1,19";22818554;Оборудование для системы Умный дом;120214;https://prom.ua/ua/Sistema-ohlazhdeniya;V;;Вага;г;;Тип устройства;;Термостат водяної системи опалення;;
28;"https://viatec.ua/catalog/for-home/0:0;158:termostat-sistemi-voda";prom;prom_;"0,95";"1,3";140905382;Безопасность и комфорт;120214;https://prom.ua/ua/Sistema-ohlazhdeniya;"V, Vmin, noindex";;Вага;г;;Тип устройства;;Термостат водяної системи опалення;;
29;"https://viatec.ua/catalog/for-home/0:0;158:rozetka-wifi";site;;"0,9";"1,19";22818554;Оборудование для системы Умный дом;53004;https://prom.ua/ua/Rozetki-elektricheskie;V;;Вага;г;;Тип устройства;;Розетка Wi-Fi;;
30;"https://viatec.ua/catalog/for-home/0:0;158:rozetka-wifi";prom;prom_;"0,95";"1,3";140905382;Безопасность и комфорт;53004;https://prom.ua/ua/Rozetki-elektricheskie;"V, Vmin, noindex";;Вага;г;;Тип устройства;;Розетка Wi-Fi;;
31;"https://viatec.ua/catalog/for-home/0:0;158:podovzhuvach-wifi";site;;"0,9";"1,19";22818554;Оборудование для системы Умный дом;513;https://prom.ua/ua/Udliniteli-elektricheskie;V;;Вага;г;;Тип устройства;;Подовжувач живлення Wi-Fi;;
32;"https://viatec.ua/catalog/for-home/0:0;158:podovzhuvach-wifi";prom;prom_;"0,95";"1,3";140905382;Безопасность и комфорт;513;https://prom.ua/ua/Udliniteli-elektricheskie;"V, Vmin, noindex";;Вага;г;;Тип устройства;;Подовжувач живлення Wi-Fi;;
33;"https://viatec.ua/catalog/for-home/0:0;158:led-strichka-wifi";site;;"0,9";"1,19";22818554;Оборудование для системы Умный дом;15040606;https://prom.ua/ua/Led-podsvetka-intererov;V;;Вага;г;;Тип устройства;;LED стрічка;;
34;"https://viatec.ua/catalog/for-home/0:0;158:led-strichka-wifi";prom;prom_;"0,95";"1,3";140905382;Безопасность и комфорт;15040606;https://prom.ua/ua/Led-podsvetka-intererov;"V, Vmin, noindex";;Вага;г;;Тип устройства;;LED стрічка;;
35;"https://viatec.ua/catalog/for-home/0:0;158:smart-lamp";site;;"0,9";"1,19";22818554;Оборудование для системы Умный дом;15040608;https://prom.ua/ua/Umnye-svetilniki;V;;Вага;г;;Тип устройства;;Смарт лампочка;;
36;"https://viatec.ua/catalog/for-home/0:0;158:smart-lamp";prom;prom_;"0,95";"1,3";140905382;Безопасность и комфорт;15040608;https://prom.ua/ua/Umnye-svetilniki;"V, Vmin, noindex";;Вага;г;;Тип устройства;;Смарт лампочка;;
37;"https://viatec.ua/catalog/for-home/0:0;158:nastilna-lampa";site;;"0,9";"1,19";22818554;Оборудование для системы Умный дом;39050509;https://prom.ua/ua/Nastolnye-lampy;V;;Вага;г;;Тип устройства;;Настільна лампа;;
38;"https://viatec.ua/catalog/for-home/0:0;158:nastilna-lampa";prom;prom_;"0,95";"1,3";140905382;Безопасность и комфорт;39050509;https://prom.ua/ua/Nastolnye-lampy;"V, Vmin, noindex";;Вага;г;;Тип устройства;;Настільна лампа;;
39;"https://viatec.ua/catalog/for-home/0:0;158:pidlogova-lampa";site;;"0,9";"1,19";22818554;Оборудование для системы Умный дом;282992;https://prom.ua/ua/Lampy-lupy-kosmetologicheskie;V;;Вага;г;;Тип устройства;;Підлогова лампа трансформер;;
40;"https://viatec.ua/catalog/for-home/0:0;158:pidlogova-lampa";prom;prom_;"0,95";"1,3";140905382;Безопасность и комфорт;282992;https://prom.ua/ua/Lampy-lupy-kosmetologicheskie;"V, Vmin, noindex";;Вага;г;;Тип устройства;;Підлогова лампа трансформер;;
41;"https://viatec.ua/catalog/for-home/0:0;158:smart-domashni-tvarini";site;;"0,9";"1,19";22818554;Оборудование для системы Умный дом;301105;https://prom.ua/ua/Kamery-videonablyudeniya;V;;Вага;г;;Тип устройства;;Розумна камера для домашніх тварин;;
42;"https://viatec.ua/catalog/for-home/0:0;158:smart-domashni-tvarini";prom;prom_;"0,95";"1,3";140905382;Безопасность и комфорт;301105;https://prom.ua/ua/Kamery-videonablyudeniya;"V, Vmin, noindex";;Вага;г;;Тип устройства;;Розумна камера для домашніх тварин;;
43;"https://viatec.ua/catalog/for-home/0:0;158:892";site;;"0,9";"1,19";22818554;Оборудование для системы Умный дом;64430;https://prom.ua/ua/Zapchasti-dlya-uvlazhnitelej-ochistitelej-vozduha;V;;Вага;г;;Тип устройства;;Набір фільтрів для очищувача;;
44;"https://viatec.ua/catalog/for-home/0:0;158:892";prom;prom_;"0,95";"1,3";140905382;Безопасность и комфорт;64430;https://prom.ua/ua/Zapchasti-dlya-uvlazhnitelej-ochistitelej-vozduha;"V, Vmin, noindex";;Вага;г;;Тип устройства;;Набір фільтрів для очищувача;;
45;"https://viatec.ua/catalog/for-home/0:0;158:aromadifuzor";site;;"0,9";"1,19";22818554;Оборудование для системы Умный дом;613;https://prom.ua/ua/Osvezhiteli-vozduha;V;;Вага;г;;Тип устройства;;Аромадифузор;;
46;"https://viatec.ua/catalog/for-home/0:0;158:aromadifuzor";prom;prom_;"0,95";"1,3";140905382;Безопасность и комфорт;613;https://prom.ua/ua/Osvezhiteli-vozduha;"V, Vmin, noindex";;Вага;г;;Тип устройства;;Аромадифузор;;
47;"https://viatec.ua/catalog/for-home/0:0;158:pilosos";site;;"0,9";"1,19";22818554;Оборудование для системы Умный дом;63023;https://prom.ua/ua/Robot-pylesos;V;;Вага;г;;Тип устройства;;Пилосос;;
48;"https://viatec.ua/catalog/for-home/0:0;158:pilosos";prom;prom_;"0,95";"1,3";140905382;Безопасность и комфорт;63023;https://prom.ua/ua/Robot-pylesos;"V, Vmin, noindex";;Вага;г;;Тип устройства;;Пилосос;;
49;"https://viatec.ua/catalog/for-home/0:0;158:smart-godivnica";site;;"0,9";"1,19";22818554;Оборудование для системы Умный дом;270204;https://prom.ua/ua/Kormushki-poilki-dlya-domashnih-zhivotnyh;V;;Вага;г;;Тип устройства;;Розумна годівниця з камерою;;
50;"https://viatec.ua/catalog/for-home/0:0;158:smart-godivnica";prom;prom_;"0,95";"1,3";140905382;Безопасность и комфорт;270204;https://prom.ua/ua/Kormushki-poilki-dlya-domashnih-zhivotnyh;"V, Vmin, noindex";;Вага;г;;Тип устройства;;Розумна годівниця з камерою;;
51;"https://viatec.ua/catalog/for-home/0:0;158:elektrokovdra";site;;"0,9";"1,19";22818554;Оборудование для системы Умный дом;16252401;https://prom.ua/ua/Elektricheskie-prostyni-elektroodeyalo;V;;Вага;г;;Тип устройства;;Електроковдра;;
52;"https://viatec.ua/catalog/for-home/0:0;158:elektrokovdra";prom;prom_;"0,95";"1,3";140905382;Безопасность и комфорт;16252401;https://prom.ua/ua/Elektricheskie-prostyni-elektroodeyalo;"V, Vmin, noindex";;Вага;г;;Тип устройства;;Електроковдра;;
53;"https://viatec.ua/catalog/for-home/0:0;158:kilim-pidigriv";site;;"0,9";"1,19";22818554;Оборудование для системы Умный дом;62612;https://prom.ua/ua/Kovriki-napolnye-s-podogrevom;V;;Вага;г;;Тип устройства;;Килимок із підігрівом;;
54;"https://viatec.ua/catalog/for-home/0:0;158:kilim-pidigriv";prom;prom_;"0,95";"1,3";140905382;Безопасность и комфорт;62612;https://prom.ua/ua/Kovriki-napolnye-s-podogrevom;"V, Vmin, noindex";;Вага;г;;Тип устройства;;Килимок із підігрівом;;
55;"https://viatec.ua/catalog/for-home/0:0;tovari-dlia-tvarin:lizhko";site;;"0,9";"1,19";22818554;Оборудование для системы Умный дом;181206;https://prom.ua/ua/Lezhanki-i-podstilki-dlya-domashnih-zhivotnyh;V;;Вага;г;;Тип устройства;;Ліжко для тварин;;
56;"https://viatec.ua/catalog/for-home/0:0;tovari-dlia-tvarin:lizhko";prom;prom_;"0,95";"1,3";140905382;Безопасность и комфорт;181206;https://prom.ua/ua/Lezhanki-i-podstilki-dlya-domashnih-zhivotnyh;"V, Vmin, noindex";;Вага;г;;Тип устройства;;Ліжко для тварин;;
57;"https://viatec.ua/catalog/for-home/0:0;tovari-dlia-tvarin:poilka";site;;"0,9";"1,19";22818554;Оборудование для системы Умный дом;270204;https://prom.ua/ua/Kormushki-poilki-dlya-domashnih-zhivotnyh;V;;Вага;г;;Тип устройства;;Поїлка для тварин;;
58;"https://viatec.ua/catalog/for-home/0:0;tovari-dlia-tvarin:poilka";prom;prom_;"0,95";"1,3";140905382;Безопасность и комфорт;270204;https://prom.ua/ua/Kormushki-poilki-dlya-domashnih-zhivotnyh;"V, Vmin, noindex";;Вага;г;;Тип устройства;;Поїлка для тварин;;
59;"https://viatec.ua/catalog/for-home/0:0;tovari-dlia-tvarin:filtr-poilka";site;;"0,9";"1,19";22818554;Оборудование для системы Умный дом;270204;https://prom.ua/ua/Kormushki-poilki-dlya-domashnih-zhivotnyh;V;;Вага;г;;Тип устройства;;Фільтр для поїлок;;
60;"https://viatec.ua/catalog/for-home/0:0;tovari-dlia-tvarin:filtr-poilka";prom;prom_;"0,95";"1,3";140905382;Безопасность и комфорт;270204;https://prom.ua/ua/Kormushki-poilki-dlya-domashnih-zhivotnyh;"V, Vmin, noindex";;Вага;г;;Тип устройства;;Фільтр для поїлок;;
61;"https://viatec.ua/catalog/for-home/0:0;tovari-dlia-tvarin:osushuvach";site;;"0,9";"1,19";22818554;Оборудование для системы Умный дом;2703;https://prom.ua/ua/Sredstva-uhoda-za-zhivotnymi;V;;Вага;г;;Тип устройства;;Осушувач для тварин;;
62;"https://viatec.ua/catalog/for-home/0:0;tovari-dlia-tvarin:osushuvach";prom;prom_;"0,95";"1,3";140905382;Безопасность и комфорт;2703;https://prom.ua/ua/Sredstva-uhoda-za-zhivotnymi;"V, Vmin, noindex";;Вага;г;;Тип устройства;;Осушувач для тварин;;
63;"https://viatec.ua/catalog/for-home/0:0;tovari-dlia-tvarin:miska";site;;"0,9";"1,19";22818554;Оборудование для системы Умный дом;270204;https://prom.ua/ua/Kormushki-poilki-dlya-domashnih-zhivotnyh;V;;Вага;г;;Тип устройства;;Миска для тварин;;
64;"https://viatec.ua/catalog/for-home/0:0;tovari-dlia-tvarin:miska";prom;prom_;"0,95";"1,3";140905382;Безопасность и комфорт;270204;https://prom.ua/ua/Kormushki-poilki-dlya-domashnih-zhivotnyh;"V, Vmin, noindex";;Вага;г;;Тип устройства;;Миска для тварин;;
65;"https://viatec.ua/catalog/for-home/0:0;tovari-dlia-tvarin:godivnica";site;;"0,9";"1,19";22818554;Оборудование для системы Умный дом;270204;https://prom.ua/ua/Kormushki-poilki-dlya-domashnih-zhivotnyh;V;;Вага;г;;Тип устройства;;Годівниця для тварин;;
66;"https://viatec.ua/catalog/for-home/0:0;tovari-dlia-tvarin:godivnica";prom;prom_;"0,95";"1,3";140905382;Безопасность и комфорт;270204;https://prom.ua/ua/Kormushki-poilki-dlya-domashnih-zhivotnyh;"V, Vmin, noindex";;Вага;г;;Тип устройства;;Годівниця для тварин;;
67;"https://viatec.ua/catalog/for-home/0:0;tovari-dlia-tvarin:lotok";site;;"0,9";"1,19";22818554;Оборудование для системы Умный дом;270225;https://prom.ua/ua/Tualetnye-lotki-dlya-zhivotnyh;V;;Вага;г;;Тип устройства;;Лоток для тварин;;
68;"https://viatec.ua/catalog/for-home/0:0;tovari-dlia-tvarin:lotok";prom;prom_;"0,95";"1,3";140905382;Безопасность и комфорт;270225;https://prom.ua/ua/Tualetnye-lotki-dlya-zhivotnyh;"V, Vmin, noindex";;Вага;г;;Тип устройства;;Лоток для тварин;;
69;"https://viatec.ua/catalog/for-home/0:0;tovari-dlia-tvarin:perenoska";site;;"0,9";"1,19";22818554;Оборудование для системы Умный дом;181201;https://prom.ua/ua/Sumki-dlya-perenosa-domashnih-zhivotnyh;V;;Вага;г;;Тип устройства;;Переноска для тварин;;
70;"https://viatec.ua/catalog/for-home/0:0;tovari-dlia-tvarin:perenoska";prom;prom_;"0,95";"1,3";140905382;Безопасность и комфорт;181201;https://prom.ua/ua/Sumki-dlya-perenosa-domashnih-zhivotnyh;"V, Vmin, noindex";;Вага;г;;Тип устройства;;Переноска для тварин;;
71;"https://viatec.ua/catalog/for-home/0:0;tovari-dlia-tvarin:neitralizacia";site;;"0,9";"1,19";22818554;Оборудование для системы Умный дом;2703;https://prom.ua/ua/Sredstva-uhoda-za-zhivotnymi;V;;Вага;г;;Тип устройства;;Нейтралізатор запаху для тварин;;
72;"https://viatec.ua/catalog/for-home/0:0;tovari-dlia-tvarin:neitralizacia";prom;prom_;"0,95";"1,3";140905382;Безопасность и комфорт;2703;https://prom.ua/ua/Sredstva-uhoda-za-zhivotnymi;"V, Vmin, noindex";;Вага;г;;Тип устройства;;Нейтралізатор запаху для тварин;;
73;"https://viatec.ua/catalog/for-home/0:0;tovari-dlia-tvarin:kilimok";site;;"0,9";"1,19";22818554;Оборудование для системы Умный дом;181206;https://prom.ua/ua/Lezhanki-i-podstilki-dlya-domashnih-zhivotnyh;V;;Вага;г;;Тип устройства;;Килимок для тварин;;
74;"https://viatec.ua/catalog/for-home/0:0;tovari-dlia-tvarin:kilimok";prom;prom_;"0,95";"1,3";140905382;Безопасность и комфорт;181206;https://prom.ua/ua/Lezhanki-i-podstilki-dlya-domashnih-zhivotnyh;"V, Vmin, noindex";;Вага;г;;Тип устройства;;Килимок для тварин;;
75;"https://viatec.ua/catalog/for-home/0:0;tovari-dlia-tvarin:sushka";site;;"0,9";"1,19";22818554;Оборудование для системы Умный дом;181204;https://prom.ua/ua/Oborudovanie-i-instrumenty-dlya-gruminga;V;;Вага;г;;Тип устройства;;Сушка для тварин;;
76;"https://viatec.ua/catalog/for-home/0:0;tovari-dlia-tvarin:sushka";prom;prom_;"0,95";"1,3";140905382;Безопасность и комфорт;181204;https://prom.ua/ua/Oborudovanie-i-instrumenty-dlya-gruminga;"V, Vmin, noindex";;Вага;г;;Тип устройства;;Сушка для тварин;;
77;"https://viatec.ua/catalog/for-home/0:0;tovari-dlia-tvarin:zminni-paketi";site;;"0,9";"1,19";22818554;Оборудование для системы Умный дом;2703;https://prom.ua/ua/Sredstva-uhoda-za-zhivotnymi;V;;Вага;г;;Тип устройства;;Змінні пакети для тварин;;
78;"https://viatec.ua/catalog/for-home/0:0;tovari-dlia-tvarin:zminni-paketi";prom;prom_;"0,95";"1,3";140905382;Безопасность и комфорт;2703;https://prom.ua/ua/Sredstva-uhoda-za-zhivotnymi;"V, Vmin, noindex";;Вага;г;;Тип устройства;;Змінні пакети для тварин;;
79;https://viatec.ua/catalog/cameras/0:0;site;;"0,85";"1,2";8950011;Видеокамеры для видеонаблюдения;301105;https://prom.ua/Kamery-videonablyudeniya;V;;Вага;г;;Тип устройства;;Камери;;
80;https://viatec.ua/catalog/cameras/0:0;prom;prom_;1;"1,3";140905382;Безопасность и комфорт;301105;https://prom.ua/Kamery-videonablyudeniya;"V, VMAX, noindex";;Вага;г;;Тип устройства;;Камери;;
81;https://viatec.ua/catalog/ptz/0:0;site;;"0,85";"1,2";8950011;Видеокамеры для видеонаблюдения;301105;https://prom.ua/Kamery-videonablyudeniya;V;;Вага;г;;Тип устройства;;PTZ-камери;;
82;https://viatec.ua/catalog/ptz/0:0;prom;prom_;1;"1,3";140905382;Безопасность и комфорт;301105;https://prom.ua/Kamery-videonablyudeniya;"V, VMAX, noindex";;Вага;г;;Тип устройства;;PTZ-камери;;
83;https://viatec.ua/catalog/termal-cameras/0:0;site;;"0,85";"1,2";8950011;Видеокамеры для видеонаблюдения;301105;https://prom.ua/Kamery-videonablyudeniya;V;;Вага;г;;Тип устройства;;Тепловізійні камери;;
84;https://viatec.ua/catalog/termal-cameras/0:0;prom;prom_;1;"1,3";140905382;Безопасность и комфорт;301105;https://prom.ua/Kamery-videonablyudeniya;"V, VMAX, noindex";;Вага;г;;Тип устройства;;Тепловізійні камери;;
85;https://viatec.ua/catalog/termal-ptz/0:0;site;;"0,85";"1,2";8950011;Видеокамеры для видеонаблюдения;301105;https://prom.ua/Kamery-videonablyudeniya;V;;Вага;г;;Тип устройства;;Тепловізійні  PTZ-камери;;
86;https://viatec.ua/catalog/termal-ptz/0:0;prom;prom_;1;"1,3";140905382;Безопасность и комфорт;301105;https://prom.ua/Kamery-videonablyudeniya;"V, VMAX, noindex";;Вага;г;;Тип устройства;;Тепловізійні  PTZ-камери;;
87;https://viatec.ua/catalog/solution-traffic/0:0;site;;"0,85";"1,2";8950011;Видеокамеры для видеонаблюдения;301105;https://prom.ua/Kamery-videonablyudeniya;V;;Вага;г;;Тип устройства;;Відеоконтроль трафіку;;
88;https://viatec.ua/catalog/solution-traffic/0:0;prom;prom_;1;"1,3";140905382;Безопасность и комфорт;301105;https://prom.ua/Kamery-videonablyudeniya;"V, VMAX, noindex";;Вага;г;;Тип устройства;;Відеоконтроль трафіку;;
89;https://viatec.ua/catalog/solution-mobile/0:0;site;;"0,85";"1,2";8950011;Видеокамеры для видеонаблюдения;301105;https://prom.ua/Kamery-videonablyudeniya;V;;Вага;г;;Тип устройства;;Портативні камери;;
90;https://viatec.ua/catalog/solution-mobile/0:0;prom;prom_;1;"1,3";140905382;Безопасность и комфорт;301105;https://prom.ua/Kamery-videonablyudeniya;"V, VMAX, noindex";;Вага;г;;Тип устройства;;Портативні камери;;
91;"https://viatec.ua/catalog/dvr/0:0;proizvoditel:dahua,hikvision,safetyeye,1317";site;;"0,85";"1,2";8950007;Видеорегистраторы для видеонаблюдения;301101;https://prom.ua/Videoregistratory;V;;Вага;г;;Тип устройства;;Реєстратори;;
92;"https://viatec.ua/catalog/dvr/0:0;proizvoditel:dahua,hikvision,safetyeye,1317";prom;prom_;1;"1,3";140905382;Безопасность и комфорт;301101;https://prom.ua/Videoregistratory;"V, VMAX, noindex";;Вага;г;;Тип устройства;;Реєстратори;;
93;https://viatec.ua/catalog/komplekti-videonabludenia/0:0;site;;"0,85";"1,19";8950007;Видеорегистраторы для видеонаблюдения;301101;https://prom.ua/Videoregistratory;V;;Вага;г;;Тип устройства;;Комплекти відеонагляду;;
94;https://viatec.ua/catalog/komplekti-videonabludenia/0:0;prom;prom_;1;"1,3";140905382;Безопасность и комфорт;301101;https://prom.ua/Videoregistratory;"V, VMAX, noindex";;Вага;г;;Тип устройства;;Комплекти відеонагляду;;
95;"https://viatec.ua/catalog/hdd/0:0;45:176,829,1312";site;;"0,9";"1,1";83889367;Накопители для видеонаблюдения;70704;https://prom.ua/Zhestkie-diski;V;;Вага;г;;Тип устройства;;"HDD, SSD";;
96;"https://viatec.ua/catalog/hdd/0:0;45:176,829,1312";prom;prom_;1;"1,15";140905382;Безопасность и комфорт;70704;https://prom.ua/Zhestkie-diski;"V, Vmin, noindex";;Вага;г;;Тип устройства;;"HDD, SSD";;
97;"https://viatec.ua/catalog/hdd/0:0;45:177,zchituvach-flesh,sd";site;;"0,9";"1,1";83889367;Накопители для видеонаблюдения;63705;https://prom.ua/Karty-pamyati;V;;Вага;г;;Тип устройства;;"MicroSD, SD";;
98;"https://viatec.ua/catalog/hdd/0:0;45:177,zchituvach-flesh,sd";prom;prom_;1;"1,15";140905382;Безопасность и комфорт;63705;https://prom.ua/Karty-pamyati;"V, Vmin, noindex";;Вага;г;;Тип устройства;;"MicroSD, SD";;
99;"https://viatec.ua/catalog/hdd/0:0;45:usb";site;;"0,9";"1,1";83889367;Накопители для видеонаблюдения;70501;https://prom.ua/Flesh-nakopitel;V;;Вага;г;;Тип устройства;;USB;;
100;"https://viatec.ua/catalog/hdd/0:0;45:usb";prom;prom_;1;"1,15";140905382;Безопасность и комфорт;70501;https://prom.ua/Flesh-nakopitel;"V, Vmin, noindex";;Вага;г;;Тип устройства;;USB;;
101;"https://viatec.ua/catalog/display-monitors/0:0;95:354,355,356,675,677,679,pc-modul,bezdrotovii-modul";site;;"0,9";"1,19";152481182;Мониторы;706;https://prom.ua/Monitory;V;;Вага;г;;Тип устройства;;Монітори;;
102;"https://viatec.ua/catalog/display-monitors/0:0;95:354,355,356,675,677,679,pc-modul,bezdrotovii-modul";prom;prom_;1;"1,3";140905382;Безопасность и комфорт;706;https://prom.ua/Monitory;"V, Vmin, noindex";;Вага;г;;Тип устройства;;Монітори;;
103;"https://viatec.ua/catalog/display-monitors/0:0;95:televizor";site;;"0,9";"1,19";152481182;Мониторы;6370714;https://prom.ua/Televizory;V;;Вага;г;;Тип устройства;;Телевізори;;
104;"https://viatec.ua/catalog/display-monitors/0:0;95:televizor";prom;prom_;1;"1,3";140905382;Безопасность и комфорт;6370714;https://prom.ua/Televizory;"V, Vmin, noindex";;Вага;г;;Тип устройства;;Телевізори;;
105;"https://viatec.ua/catalog/display-monitors/0:0;95:nabir-dlia-chistki";site;;"0,9";"1,19";152481182;Мониторы;8210510;https://prom.ua/Sredstva-dlya-bytovoj-tehniki;V;;Вага;г;;Тип устройства;;Засоби для чищення;;
106;"https://viatec.ua/catalog/display-monitors/0:0;95:nabir-dlia-chistki";prom;prom_;1;"1,3";140905382;Безопасность и комфорт;8210510;https://prom.ua/Sredstva-dlya-bytovoj-tehniki;"V, Vmin, noindex";;Вага;г;;Тип устройства;;Засоби для чищення;;
107;"https://viatec.ua/catalog/bracket/0:0;44:172,173,174,175,454,455,456,1204,1300,453";site;;"0,85";"1,19";4321341;Комплектующие для видеонаблюдения;301112;https://prom.ua/Kozhuhi-i-kronshtejny;V;;Вага;г;;Тип устройства;;Кронштейни для камер;;
108;"https://viatec.ua/catalog/bracket/0:0;44:172,173,174,175,454,455,456,1204,1300,453";prom;prom_;1;"1,3";140905382;Безопасность и комфорт;301112;https://prom.ua/Kozhuhi-i-kronshtejny;"V, Vmin, noindex";;Вага;г;;Тип устройства;;Кронштейни для камер;;
109;"https://viatec.ua/catalog/bracket/0:0;44:170";site;;"0,85";"1,19";4321341;Комплектующие для видеонаблюдения;5092913;https://prom.ua/Korobki-montazhnye;V;;Вага;г;;Тип устройства;;Розподільні коробки для камер;;
110;"https://viatec.ua/catalog/bracket/0:0;44:170";prom;prom_;1;"1,3";140905382;Безопасность и комфорт;5092913;https://prom.ua/Korobki-montazhnye;"V, Vmin, noindex";;Вага;г;;Тип устройства;;Розподільні коробки для камер;;
111;https://viatec.ua/catalog/rozpodilchi-korobki/0:0;site;;"0,85";"1,19";4321341;Комплектующие для видеонаблюдения;5092913;https://prom.ua/Korobki-montazhnye;V;;Вага;г;;Тип устройства;;Розподільні коробки;;
112;https://viatec.ua/catalog/rozpodilchi-korobki/0:0;prom;prom_;1;"1,3";140905382;Безопасность и комфорт;5092913;https://prom.ua/Korobki-montazhnye;"V, Vmin, noindex";;Вага;г;;Тип устройства;;Розподільні коробки;;
113;https://viatec.ua/catalog/microphone/0:0;site;;"0,85";"1,19";4321341;Комплектующие для видеонаблюдения;6371204;https://prom.ua/Mikrofony;V;;Вага;г;;Тип устройства;;Зовнішні мікрофони;;
114;https://viatec.ua/catalog/microphone/0:0;prom;prom_;1;"1,3";140905382;Безопасность и комфорт;6371204;https://prom.ua/Mikrofony;"V, VMAX, noindex";;Вага;г;;Тип устройства;;Зовнішні мікрофони;;
115;https://viatec.ua/catalog/keyboard/0:0;site;;"0,85";"1,19";4321341;Комплектующие для видеонаблюдения;301110;https://prom.ua/Pulty-dlya-sistem-videonablyudeniya;V;;Вага;г;;Тип устройства;;Пульти управління;;
116;https://viatec.ua/catalog/keyboard/0:0;prom;prom_;1;"1,3";140905382;Безопасность и комфорт;301110;https://prom.ua/Pulty-dlya-sistem-videonablyudeniya;"V, Vmin, noindex";;Вага;г;;Тип устройства;;Пульти управління;;
117;https://viatec.ua/catalog/CCTV-IR/0:0;site;;"0,85";"1,19";4321341;Комплектующие для видеонаблюдения;150401;https://prom.ua/Naruzhnoe-osveschenie;V;;Вага;г;;Тип устройства;;Прожектори інфрачервоні;;
118;https://viatec.ua/catalog/CCTV-IR/0:0;prom;prom_;1;"1,3";140905382;Безопасность и комфорт;150401;https://prom.ua/Naruzhnoe-osveschenie;"V, Vmin, noindex";;Вага;г;;Тип устройства;;Прожектори інфрачервоні;;
119;"https://viatec.ua/catalog/mounting-kit/0:0;analog:perehidnik,perehidnik-antena,poc-peredatchik";site;;"0,85";"1,19";4321341;Комплектующие для видеонаблюдения;6371809;https://prom.ua/Priemniki-i-peredatchiki-signala;V;;Вага;г;;Тип устройства;;Перехідники та балуни;;
120;"https://viatec.ua/catalog/mounting-kit/0:0;analog:perehidnik,perehidnik-antena,poc-peredatchik";prom;prom_;1;"1,3";140905382;Безопасность и комфорт;6371809;https://prom.ua/Priemniki-i-peredatchiki-signala;"V, Vmin, noindex";;Вага;г;;Тип устройства;;Перехідники та балуни;;
121;"https://viatec.ua/catalog/mounting-kit/0:0;analog:rozem-zhivlennia,konektor-bnc,konektor-ff,konektor-rca";site;;"0,85";"1,19";4321341;Комплектующие для видеонаблюдения;14190406;https://prom.ua/Razemy-i-konnektory;V;;Вага;г;;Тип устройства;;Конектори і роз'єми;;
122;"https://viatec.ua/catalog/mounting-kit/0:0;analog:rozem-zhivlennia,konektor-bnc,konektor-ff,konektor-rca";prom;prom_;1;"1,3";140905382;Безопасность и комфорт;14190406;https://prom.ua/Razemy-i-konnektory;"V, Vmin, noindex";;Вага;г;;Тип устройства;;Конектори і роз'єми;;
123;"https://viatec.ua/catalog/mounting-kit/0:0;analog:patchkord-komb,rozgal-zhivlennia,podovzhen-zhivlennia";site;;"0,85";"1,19";4321341;Комплектующие для видеонаблюдения;63719;https://prom.ua/Audio-video-kabeli-perehodniki-razemy;V;;Вага;г;;Тип устройства;;Кабелі для живлення;;
124;"https://viatec.ua/catalog/mounting-kit/0:0;analog:patchkord-komb,rozgal-zhivlennia,podovzhen-zhivlennia";prom;prom_;1;"1,3";140905382;Безопасность и комфорт;63719;https://prom.ua/Audio-video-kabeli-perehodniki-razemy;"V, Vmin, noindex";;Вага;г;;Тип устройства;;Кабелі для живлення;;
125;"https://viatec.ua/catalog/mounting-kit/0:0;analog:pidsiluvach-hdmi,hdmi-spliter,podovzhuvach-vga";site;;"0,85";"1,19";4321341;Комплектующие для видеонаблюдения;6371808;https://prom.ua/Kommutator-signala;V;;Вага;г;;Тип устройства;;"HDMI, VGA підсилювачі";;
126;"https://viatec.ua/catalog/mounting-kit/0:0;analog:pidsiluvach-hdmi,hdmi-spliter,podovzhuvach-vga";prom;prom_;1;"1,3";140905382;Безопасность и комфорт;6371808;https://prom.ua/Kommutator-signala;"V, Vmin, noindex";;Вага;г;;Тип устройства;;"HDMI, VGA підсилювачі";;
127;https://viatec.ua/catalog/lens/0:0;site;;"0,85";"1,19";4321341;Комплектующие для видеонаблюдения;301106;https://prom.ua/Obektivy-dlya-kamer-videonablyudeniya;V;;Вага;г;;Тип устройства;;Тип устройства;;Об'єктиви
128;https://viatec.ua/catalog/lens/0:0;prom;prom_;1;"1,3";140905382;Безопасность и комфорт;301106;https://prom.ua/Obektivy-dlya-kamer-videonablyudeniya;"V, Vmin, noindex";;Вага;г;;Тип устройства;;Тип устройства;;Об'єктиви
129;"https://viatec.ua/catalog/vth/0:0;proizvoditel:394,395,neolight,1199,bcom,dnake";site;;"0,85";"1,19";4328775;Видеодомофоны;3029;https://prom.ua/Domofony-videodomofony;V;;Вага;г;;Тип устройства;;Відеодомофон;;
130;"https://viatec.ua/catalog/vth/0:0;proizvoditel:394,395,neolight,1199,bcom,dnake";prom;prom_;"0,9";"1,3";140905382;Безопасность и комфорт;3029;https://prom.ua/Domofony-videodomofony;"V, Vmin, noindex";;Вага;г;;Тип устройства;;Відеодомофон;;
131;"https://viatec.ua/catalog/intercom-kits/0:0;proizvoditel:neolight,1199,dnake,bcom";site;;"0,85";"1,19";4328775;Видеодомофоны;3029;https://prom.ua/Domofony-videodomofony;V;;Вага;г;;Тип устройства;;Комплекти відеодомофонів;;
132;"https://viatec.ua/catalog/intercom-kits/0:0;proizvoditel:neolight,1199,dnake,bcom";prom;prom_;"0,9";"1,3";140905382;Безопасность и комфорт;3029;https://prom.ua/Domofony-videodomofony;"V, Vmin, noindex";;Вага;г;;Тип устройства;;Комплекти відеодомофонів;;
133;"https://viatec.ua/catalog/vto/0:0;proizvoditel:neolight,1199,safetyeye,dnake,light-vision,emos";site;;"0,85";"1,19";90718784;Вызывные видеопанели;3029;https://prom.ua/Domofony-videodomofony;V;;Вага;г;;Тип устройства;;Відеопанель кольорова виклична;;
134;"https://viatec.ua/catalog/vto/0:0;proizvoditel:neolight,1199,safetyeye,dnake,light-vision,emos";prom;prom_;"0,9";"1,3";140905382;Безопасность и комфорт;3029;https://prom.ua/Domofony-videodomofony;"V, Vmin, noindex";;Вага;г;;Тип устройства;;Відеопанель кольорова виклична;;
135;"https://viatec.ua/catalog/vth/0:0;proizvoditel:dahua,hikvision";site;;"0,85";"1,19";4328775;Видеодомофоны;3029;https://prom.ua/Domofony-videodomofony;V;;Вага;г;;Тип устройства;;Відеодомофон;;
136;"https://viatec.ua/catalog/vth/0:0;proizvoditel:dahua,hikvision";prom;prom_;1;"1,3";140905382;Безопасность и комфорт;3029;https://prom.ua/Domofony-videodomofony;"V, VMAX, noindex";;Вага;г;;Тип устройства;;Відеодомофон;;
137;"https://viatec.ua/catalog/intercom-kits/0:0;proizvoditel:hikvision,ezviz";site;;"0,85";"1,19";4328775;Видеодомофоны;3029;https://prom.ua/Domofony-videodomofony;V;;Вага;г;;Тип устройства;;Комплекти відеодомофонів;;
138;"https://viatec.ua/catalog/intercom-kits/0:0;proizvoditel:hikvision,ezviz";prom;prom_;1;"1,3";140905382;Безопасность и комфорт;3029;https://prom.ua/Domofony-videodomofony;"V, VMAX, noindex";;Вага;г;;Тип устройства;;Комплекти відеодомофонів;;
139;"https://viatec.ua/catalog/vto/0:0;proizvoditel:dahua,hikvision,ezviz";site;;"0,85";"1,19";90718784;Вызывные видеопанели;3029;https://prom.ua/Domofony-videodomofony;V;;Вага;г;;Тип устройства;;Відеопанель кольорова виклична;;
140;"https://viatec.ua/catalog/vto/0:0;proizvoditel:dahua,hikvision,ezviz";prom;prom_;1;"1,3";140905382;Безопасность и комфорт;3029;https://prom.ua/Domofony-videodomofony;"V, VMAX, noindex";;Вага;г;;Тип устройства;;Відеопанель кольорова виклична;;
141;https://viatec.ua/catalog/intercom/0:0;site;;"0,85";"1,19";4339717;Переговорные устройства;50906;https://prom.ua/Peregovornye-ustrojstva;V;;Вага;г;;Тип устройства;;Аудіодомофон;;
142;https://viatec.ua/catalog/intercom/0:0;prom;prom_;"0,9";"1,3";140905382;Безопасность и комфорт;50906;https://prom.ua/Peregovornye-ustrojstva;"V, Vmin, noindex";;Вага;г;;Тип устройства;;Аудіодомофон;;
143;"https://viatec.ua/catalog/intercom-accessories/0:0;61:243,244,559,77788,pidstavka";site;;"0,85";"1,19";72575633;Комплектующие для домофонов;153502;https://prom.ua/Aksessuary-dlya-domofonnogo;V;;Вага;г;;Тип устройства;;Кронштейни та рамки для домофонів;;
144;"https://viatec.ua/catalog/intercom-accessories/0:0;61:243,244,559,77788,pidstavka";prom;prom_;1;"1,3";140905382;Безопасность и комфорт;153502;https://prom.ua/Aksessuary-dlya-domofonnogo;"V, Vmin, noindex";;Вага;г;;Тип устройства;;Кронштейни та рамки для домофонів;;
145;"https://viatec.ua/catalog/intercom-accessories/0:0;61:1131";site;;"0,85";"1,19";72575633;Комплектующие для домофонов;153502;https://prom.ua/Aksessuary-dlya-domofonnogo;V;;Вага;г;;Тип устройства;;Аудіотрубки для домофонів;;
146;"https://viatec.ua/catalog/intercom-accessories/0:0;61:1131";prom;prom_;1;"1,3";140905382;Безопасность и комфорт;153502;https://prom.ua/Aksessuary-dlya-domofonnogo;"V, Vmin, noindex";;Вага;г;;Тип устройства;;Аудіотрубки для домофонів;;
147;"https://viatec.ua/catalog/intercom-accessories/0:0;61:241,242,558,560,1029,blok-keruvannia,adapter-domofonnii,modul-integracii,komutator,block-zhivlennia";site;;"0,85";"1,19";72575633;Комплектующие для домофонов;153502;https://prom.ua/Aksessuary-dlya-domofonnogo;V;;Вага;г;;Тип устройства;;Пристрої для підключення домофонів;;
148;"https://viatec.ua/catalog/intercom-accessories/0:0;61:241,242,558,560,1029,blok-keruvannia,adapter-domofonnii,modul-integracii,komutator,block-zhivlennia";prom;prom_;1;"1,3";140905382;Безопасность и комфорт;153502;https://prom.ua/Aksessuary-dlya-domofonnogo;"V, Vmin, noindex";;Вага;г;;Тип устройства;;Пристрої для підключення домофонів;;
149;"https://viatec.ua/catalog/mounting-kit/0:0;kabel-kanali:gnuchkii-perehid";site;;"0,85";"1,19";72575633;Комплектующие для домофонов;153502;https://prom.ua/Aksessuary-dlya-domofonnogo;V;;Вага;г;;Тип устройства;;Гнучкий перехід;;
150;"https://viatec.ua/catalog/mounting-kit/0:0;kabel-kanali:gnuchkii-perehid";prom;prom_;1;"1,3";140905382;Безопасность и комфорт;153502;https://prom.ua/Aksessuary-dlya-domofonnogo;"V, Vmin, noindex";;Вага;г;;Тип устройства;;Гнучкий перехід;;
151;"https://viatec.ua/catalog/termal-handheld/0:0;tip-teplovizora:111";site;;"0,9";"1,19";90906797;Тепловизоры;153729;https://prom.ua/ua/Takticheskie-teplovizory-;V;;Вага;г;;Тип устройства;;монокуляр;;
152;"https://viatec.ua/catalog/termal-handheld/0:0;tip-teplovizora:111";prom;prom_;"0,95";"1,3";140905382;Безопасность и комфорт;153729;https://prom.ua/ua/Takticheskie-teplovizory-;"V, VMAX, noindex";;Вага;г;;Тип устройства;;монокуляр;;
153;"https://viatec.ua/catalog/termal-handheld/0:0;tip-teplovizora:444";site;;"0,9";"1,19";90906797;Тепловизоры;153729;https://prom.ua/ua/Takticheskie-teplovizory-;V;;Вага;г;;Тип устройства;;приціл;;
154;"https://viatec.ua/catalog/termal-handheld/0:0;tip-teplovizora:444";prom;prom_;"0,95";"1,3";140905382;Безопасность и комфорт;153729;https://prom.ua/ua/Takticheskie-teplovizory-;"V, VMAX, noindex";;Вага;г;;Тип устройства;;приціл;;
155;"https://viatec.ua/catalog/termal-handheld/0:0;tip-teplovizora:222";site;;"0,9";"1,19";90906797;Тепловизоры;153729;https://prom.ua/ua/Takticheskie-teplovizory-;V;;Вага;г;;Тип устройства;;бінокуляр;;
156;"https://viatec.ua/catalog/termal-handheld/0:0;tip-teplovizora:222";prom;prom_;1;"1,3";140905382;Безопасность и комфорт;153729;https://prom.ua/ua/Takticheskie-teplovizory-;"V, VMAX, noindex";;Вага;г;;Тип устройства;;бінокуляр;;
157;"https://viatec.ua/catalog/termal-handheld/0:0;tip-teplovizora:cabel";site;;"0,9";"1,19";90906797;Тепловизоры;63719;https://prom.ua/ua/Audio-video-kabeli-perehodniki-razemy;V;;Вага;г;;Тип устройства;;кабель;;
158;"https://viatec.ua/catalog/termal-handheld/0:0;tip-teplovizora:cabel";prom;prom_;"0,95";"1,3";140905382;Безопасность и комфорт;63719;https://prom.ua/ua/Audio-video-kabeli-perehodniki-razemy;"V, Vmin, noindex";;Вага;г;;Тип устройства;;кабель;;
159;"https://viatec.ua/catalog/termal-handheld/0:0;tip-teplovizora:666";site;;"0,9";"1,19";90906797;Тепловизоры;153729;https://prom.ua/ua/Takticheskie-teplovizory-;V;;Вага;г;;Тип устройства;;насадка на приціл;;
160;"https://viatec.ua/catalog/termal-handheld/0:0;tip-teplovizora:666";prom;prom_;"0,95";"1,3";140905382;Безопасность и комфорт;153729;https://prom.ua/ua/Takticheskie-teplovizory-;"V, Vmin, noindex";;Вага;г;;Тип устройства;;насадка на приціл;;
161;"https://viatec.ua/catalog/termal-handheld/0:0;tip-teplovizora:555";site;;"0,9";"1,19";90906797;Тепловизоры;190407;https://prom.ua/ua/Komplektuyuschie-dlya-opticheskih-priborov;V;;Вага;г;;Тип устройства;;кріплення;;
162;"https://viatec.ua/catalog/termal-handheld/0:0;tip-teplovizora:555";prom;prom_;1;"1,3";140905382;Безопасность и комфорт;190407;https://prom.ua/ua/Komplektuyuschie-dlya-opticheskih-priborov;"V, Vmin, noindex";;Вага;г;;Тип устройства;;кріплення;;
163;"https://viatec.ua/catalog/termal-handheld/0:0;tip-teplovizora:333";site;;"0,9";"1,19";90906797;Тепловизоры;153709;https://prom.ua/ua/Termometry-pirometry-teplovizory;V;;Вага;г;;Тип устройства;;моніторинг температури тіла;;
164;"https://viatec.ua/catalog/termal-handheld/0:0;tip-teplovizora:333";prom;prom_;"0,95";"1,3";140905382;Безопасность и комфорт;153709;https://prom.ua/ua/Termometry-pirometry-teplovizory;"V, Vmin, noindex";;Вага;г;;Тип устройства;;моніторинг температури тіла;;
165;"https://viatec.ua/catalog/termal-handheld/0:0;tip-teplovizora:adapter";site;;"0,9";"1,19";90906797;Тепловизоры;190407;https://prom.ua/ua/Komplektuyuschie-dlya-opticheskih-priborov;V;;Вага;г;;Тип устройства;;адаптер;;
166;"https://viatec.ua/catalog/termal-handheld/0:0;tip-teplovizora:adapter";prom;prom_;"0,95";"1,3";140905382;Безопасность и комфорт;190407;https://prom.ua/ua/Komplektuyuschie-dlya-opticheskih-priborov;"V, Vmin, noindex";;Вага;г;;Тип устройства;;адаптер;;
167;"https://viatec.ua/catalog/termal-handheld/0:0;tip-teplovizora:zariadnii-pristrii";site;;"0,9";"1,19";90906797;Тепловизоры;5280501;https://prom.ua/ua/Akkumulyatornye-bloki;V;;Вага;г;;Тип устройства;;"зарядний пристрій, батарея";;
168;"https://viatec.ua/catalog/termal-handheld/0:0;tip-teplovizora:zariadnii-pristrii";prom;prom_;1;"1,3";140905382;Безопасность и комфорт;5280501;https://prom.ua/ua/Akkumulyatornye-bloki;"V, Vmin, noindex";;Вага;г;;Тип устройства;;"зарядний пристрій, батарея";;
169;https://viatec.ua/catalog/aksesuari-dlia-pnb/0:0;site;;"0,9";"1,19";152207998;Приборы ночного видения;15370706;https://prom.ua/Pribory-nochnogo-videniya;V;;Вага;г;;Тип устройства;;Комплектуючі для ПНБ;;
170;https://viatec.ua/catalog/aksesuari-dlia-pnb/0:0;prom;prom_;1;"1,3";140905382;Безопасность и комфорт;15370706;https://prom.ua/Pribory-nochnogo-videniya;"V, Vmin, noindex";;Вага;г;;Тип устройства;;Комплектуючі для ПНБ;;
171;https://viatec.ua/catalog/pribori-nichnogo-bachennia/0:0;site;;"0,9";"1,19";152207998;Приборы ночного видения;15370706;https://prom.ua/Pribory-nochnogo-videniya;V;;Вага;г;;Тип устройства;;Прилади ПНБ;;
172;https://viatec.ua/catalog/pribori-nichnogo-bachennia/0:0;prom;prom_;1;"1,3";140905382;Безопасность и комфорт;15370706;https://prom.ua/Pribory-nochnogo-videniya;"V, Vmin, noindex";;Вага;г;;Тип устройства;;Прилади ПНБ;;
173;https://viatec.ua/catalog/radiostancii/0:0;site;;"0,9";"1,19";139094704;Рации;50906;https://prom.ua/Peregovornye-ustrojstva;V;;Вага;г;;Тип устройства;;Рації;;
174;https://viatec.ua/catalog/radiostancii/0:0;prom;prom_;1;"1,3";140905382;Безопасность и комфорт;50906;https://prom.ua/Peregovornye-ustrojstva;"V, Vmin, noindex";;Вага;г;;Тип устройства;;Рації;;
175;https://viatec.ua/catalog/kvadrokopteri/0:0;site;;"0,9";"1,19";139094708;Дроны;2657;https://prom.ua/Kvadrokoptery;V;;Вага;г;;;;;;
176;https://viatec.ua/catalog/kvadrokopteri/0:0;prom;prom_;1;"1,3";140905382;Безопасность и комфорт;2657;https://prom.ua/Kvadrokoptery;"V, Vmin, noindex";;Вага;г;;;;;;
177;https://viatec.ua/catalog/akumuliatori-droniv/0:0;site;;"0,9";"1,19";152208073;Аккумуляторы для квадрокоптеров;500415;https://prom.ua/Zapchasti-dlya-kvadrokopterov;V;;Вага;г;;;;;;
178;https://viatec.ua/catalog/akumuliatori-droniv/0:0;prom;prom_;1;"1,3";140905382;Безопасность и комфорт;500415;https://prom.ua/Zapchasti-dlya-kvadrokopterov;"V, Vmin, noindex";;Вага;г;;;;;;
179;"https://viatec.ua/catalog/alarm-ppk/0:0;proizvoditel:dahua,hikvision,ezviz,844";site;;"0,9";"1,19";152090999;Охранные приемно-контрольные приборы;302303;https://prom.ua/Priemno-kontrolnye-pribory-i-pribory-upravleniya;V;;Вага;г;;Тип устройства;;Централі;;
180;"https://viatec.ua/catalog/alarm-ppk/0:0;proizvoditel:dahua,hikvision,ezviz,844";prom;prom_;1;"1,3";140905382;Безопасность и комфорт;302303;https://prom.ua/Priemno-kontrolnye-pribory-i-pribory-upravleniya;"V, VMAX, noindex";;Вага;г;;Тип устройства;;Централі;;
181;"https://viatec.ua/catalog/alarm-ppk/0:0;proizvoditel:396,405,924,tiras";site;;"0,9";"1,19";152090999;Охранные приемно-контрольные приборы;302303;https://prom.ua/Priemno-kontrolnye-pribory-i-pribory-upravleniya;V;;Вага;г;;Тип устройства;;Централі;;
182;"https://viatec.ua/catalog/alarm-ppk/0:0;proizvoditel:396,405,924,tiras";prom;prom_;1;"1,3";140905382;Безопасность и комфорт;302303;https://prom.ua/Priemno-kontrolnye-pribory-i-pribory-upravleniya;"V, Vmin, noindex";;Вага;г;;Тип устройства;;Централі;;
183;"https://viatec.ua/catalog/alarm-detector/0:0;proizvoditel:dahua,hikvision,396,402,405,593,625,626,652,ezviz,844,884,913,924,tiras,1016,1027,1109,1123,1130,1167,arton,smart-kit,emos;77:290";site;;"0,9";"1,19";152091016;Охранные датчики;302302;https://prom.ua/Ohrannye-izveschateli;V;;Вага;г;;Тип устройства;;руху;;
184;"https://viatec.ua/catalog/alarm-detector/0:0;proizvoditel:dahua,hikvision,396,402,405,593,625,626,652,ezviz,844,884,913,924,tiras,1016,1027,1109,1123,1130,1167,arton,smart-kit,emos;77:290";prom;prom_;1;"1,3";140905382;Безопасность и комфорт;302302;https://prom.ua/Ohrannye-izveschateli;"V, Vmin, noindex";;Вага;г;;Тип устройства;;руху;;
185;"https://viatec.ua/catalog/alarm-detector/0:0;proizvoditel:dahua,hikvision,396,402,405,593,625,626,652,ezviz,844,884,913,924,tiras,1016,1027,1109,1123,1130,1167,arton,smart-kit,emos;77:ruh-ta-video";site;;"0,9";"1,19";152091016;Охранные датчики;302302;https://prom.ua/Ohrannye-izveschateli;V;;Вага;г;;Тип устройства;;рух та камера;;
186;"https://viatec.ua/catalog/alarm-detector/0:0;proizvoditel:dahua,hikvision,396,402,405,593,625,626,652,ezviz,844,884,913,924,tiras,1016,1027,1109,1123,1130,1167,arton,smart-kit,emos;77:ruh-ta-video";prom;prom_;1;"1,3";140905382;Безопасность и комфорт;302302;https://prom.ua/Ohrannye-izveschateli;"V, Vmin, noindex";;Вага;г;;Тип устройства;;рух та камера;;
187;"https://viatec.ua/catalog/alarm-detector/0:0;proizvoditel:dahua,hikvision,396,402,405,593,625,626,652,ezviz,844,884,913,924,tiras,1016,1027,1109,1123,1130,1167,arton,smart-kit,emos;77:291";site;;"0,9";"1,19";152091016;Охранные датчики;302302;https://prom.ua/Ohrannye-izveschateli;V;;Вага;г;;Тип устройства;;розбиття скла;;
188;"https://viatec.ua/catalog/alarm-detector/0:0;proizvoditel:dahua,hikvision,396,402,405,593,625,626,652,ezviz,844,884,913,924,tiras,1016,1027,1109,1123,1130,1167,arton,smart-kit,emos;77:291";prom;prom_;1;"1,3";140905382;Безопасность и комфорт;302302;https://prom.ua/Ohrannye-izveschateli;"V, Vmin, noindex";;Вага;г;;Тип устройства;;розбиття скла;;
189;"https://viatec.ua/catalog/alarm-detector/0:0;proizvoditel:dahua,hikvision,396,402,405,593,625,626,652,ezviz,844,884,913,924,tiras,1016,1027,1109,1123,1130,1167,arton,smart-kit,emos;77:624";site;;"0,9";"1,19";152091016;Охранные датчики;302302;https://prom.ua/Ohrannye-izveschateli;V;;Вага;г;;Тип устройства;;рух і розбиття скла;;
190;"https://viatec.ua/catalog/alarm-detector/0:0;proizvoditel:dahua,hikvision,396,402,405,593,625,626,652,ezviz,844,884,913,924,tiras,1016,1027,1109,1123,1130,1167,arton,smart-kit,emos;77:624";prom;prom_;1;"1,3";140905382;Безопасность и комфорт;302302;https://prom.ua/Ohrannye-izveschateli;"V, Vmin, noindex";;Вага;г;;Тип устройства;;рух і розбиття скла;;
191;"https://viatec.ua/catalog/alarm-detector/0:0;proizvoditel:dahua,hikvision,396,402,405,593,625,626,652,ezviz,844,884,913,924,tiras,1016,1027,1109,1123,1130,1167,arton,smart-kit,emos;77:296";site;;"0,9";"1,19";152091016;Охранные датчики;302302;https://prom.ua/Ohrannye-izveschateli;V;;Вага;г;;Тип устройства;;затоплення;;
192;"https://viatec.ua/catalog/alarm-detector/0:0;proizvoditel:dahua,hikvision,396,402,405,593,625,626,652,ezviz,844,884,913,924,tiras,1016,1027,1109,1123,1130,1167,arton,smart-kit,emos;77:296";prom;prom_;1;"1,3";140905382;Безопасность и комфорт;302302;https://prom.ua/Ohrannye-izveschateli;"V, Vmin, noindex";;Вага;г;;Тип устройства;;затоплення;;
193;"https://viatec.ua/catalog/alarm-detector/0:0;proizvoditel:dahua,hikvision,396,402,405,593,625,626,652,ezviz,844,884,913,924,tiras,1016,1027,1109,1123,1130,1167,arton,smart-kit,emos;77:627";site;;"0,9";"1,19";152091016;Охранные датчики;302302;https://prom.ua/Ohrannye-izveschateli;V;;Вага;г;;Тип устройства;;ІЧ бар'єр;;
194;"https://viatec.ua/catalog/alarm-detector/0:0;proizvoditel:dahua,hikvision,396,402,405,593,625,626,652,ezviz,844,884,913,924,tiras,1016,1027,1109,1123,1130,1167,arton,smart-kit,emos;77:627";prom;prom_;1;"1,3";140905382;Безопасность и комфорт;302302;https://prom.ua/Ohrannye-izveschateli;"V, Vmin, noindex";;Вага;г;;Тип устройства;;ІЧ бар'єр;;
195;"https://viatec.ua/catalog/alarm-detector/0:0;proizvoditel:dahua,hikvision,396,402,405,593,625,626,652,ezviz,844,884,913,924,tiras,1016,1027,1109,1123,1130,1167,arton,smart-kit,emos;77:292";site;;"0,9";"1,19";152091016;Охранные датчики;302302;https://prom.ua/Ohrannye-izveschateli;V;;Вага;г;;Тип устройства;;відкриття;;
196;"https://viatec.ua/catalog/alarm-detector/0:0;proizvoditel:dahua,hikvision,396,402,405,593,625,626,652,ezviz,844,884,913,924,tiras,1016,1027,1109,1123,1130,1167,arton,smart-kit,emos;77:292";prom;prom_;1;"1,3";140905382;Безопасность и комфорт;302302;https://prom.ua/Ohrannye-izveschateli;"V, Vmin, noindex";;Вага;г;;Тип устройства;;відкриття;;
197;"https://viatec.ua/catalog/alarm-detector/0:0;proizvoditel:dahua,hikvision,396,402,405,593,625,626,652,ezviz,844,884,913,924,tiras,1016,1027,1109,1123,1130,1167,arton,smart-kit,emos;77:628";site;;"0,9";"1,19";152091016;Охранные датчики;302302;https://prom.ua/Ohrannye-izveschateli;V;;Вага;г;;Тип устройства;;відкриття і вібрації;;
198;"https://viatec.ua/catalog/alarm-detector/0:0;proizvoditel:dahua,hikvision,396,402,405,593,625,626,652,ezviz,844,884,913,924,tiras,1016,1027,1109,1123,1130,1167,arton,smart-kit,emos;77:628";prom;prom_;1;"1,3";140905382;Безопасность и комфорт;302302;https://prom.ua/Ohrannye-izveschateli;"V, Vmin, noindex";;Вага;г;;Тип устройства;;відкриття і вібрації;;
199;"https://viatec.ua/catalog/alarm-detector/0:0;proizvoditel:dahua,hikvision,396,402,405,593,625,626,652,ezviz,844,884,913,924,tiras,1016,1027,1109,1123,1130,1167,arton,smart-kit,emos;77:vidkrittia-nahil";site;;"0,9";"1,19";152091016;Охранные датчики;302302;https://prom.ua/Ohrannye-izveschateli;V;;Вага;г;;Тип устройства;;відкриття та нахилу;;
200;"https://viatec.ua/catalog/alarm-detector/0:0;proizvoditel:dahua,hikvision,396,402,405,593,625,626,652,ezviz,844,884,913,924,tiras,1016,1027,1109,1123,1130,1167,arton,smart-kit,emos;77:vidkrittia-nahil";prom;prom_;1;"1,3";140905382;Безопасность и комфорт;302302;https://prom.ua/Ohrannye-izveschateli;"V, Vmin, noindex";;Вага;г;;Тип устройства;;відкриття та нахилу;;
201;"https://viatec.ua/catalog/alarm-detector/0:0;proizvoditel:dahua,hikvision,396,402,405,593,625,626,652,ezviz,844,884,913,924,tiras,1016,1027,1109,1123,1130,1167,arton,smart-kit,emos;77:vidkrittia-vibracia-nahil";site;;"0,9";"1,19";152091016;Охранные датчики;302302;https://prom.ua/Ohrannye-izveschateli;V;;Вага;г;;Тип устройства;;"відкриття, вібрації, нахилу";;
202;"https://viatec.ua/catalog/alarm-detector/0:0;proizvoditel:dahua,hikvision,396,402,405,593,625,626,652,ezviz,844,884,913,924,tiras,1016,1027,1109,1123,1130,1167,arton,smart-kit,emos;77:vidkrittia-vibracia-nahil";prom;prom_;1;"1,3";140905382;Безопасность и комфорт;302302;https://prom.ua/Ohrannye-izveschateli;"V, Vmin, noindex";;Вага;г;;Тип устройства;;"відкриття, вібрації, нахилу";;
203;"https://viatec.ua/catalog/alarm-detector/0:0;proizvoditel:dahua,hikvision,396,402,405,593,625,626,652,ezviz,844,884,913,924,tiras,1016,1027,1109,1123,1130,1167,arton,smart-kit,emos;77:297";site;;"0,9";"1,19";152091016;Охранные датчики;302302;https://prom.ua/Ohrannye-izveschateli;V;;Вага;г;;Тип устройства;;диму;;
204;"https://viatec.ua/catalog/alarm-detector/0:0;proizvoditel:dahua,hikvision,396,402,405,593,625,626,652,ezviz,844,884,913,924,tiras,1016,1027,1109,1123,1130,1167,arton,smart-kit,emos;77:297";prom;prom_;1;"1,3";140905382;Безопасность и комфорт;302302;https://prom.ua/Ohrannye-izveschateli;"V, Vmin, noindex";;Вага;г;;Тип устройства;;диму;;
205;"https://viatec.ua/catalog/alarm-detector/0:0;proizvoditel:dahua,hikvision,396,402,405,593,625,626,652,ezviz,844,884,913,924,tiras,1016,1027,1109,1123,1130,1167,arton,smart-kit,emos;77:294";site;;"0,9";"1,19";152091016;Охранные датчики;302302;https://prom.ua/Ohrannye-izveschateli;V;;Вага;г;;Тип устройства;;тепла;;
206;"https://viatec.ua/catalog/alarm-detector/0:0;proizvoditel:dahua,hikvision,396,402,405,593,625,626,652,ezviz,844,884,913,924,tiras,1016,1027,1109,1123,1130,1167,arton,smart-kit,emos;77:294";prom;prom_;1;"1,3";140905382;Безопасность и комфорт;302302;https://prom.ua/Ohrannye-izveschateli;"V, Vmin, noindex";;Вага;г;;Тип устройства;;тепла;;
207;"https://viatec.ua/catalog/alarm-detector/0:0;proizvoditel:dahua,hikvision,396,402,405,593,625,626,652,ezviz,844,884,913,924,tiras,1016,1027,1109,1123,1130,1167,arton,smart-kit,emos;77:3336977";site;;"0,9";"1,19";152091016;Охранные датчики;302302;https://prom.ua/Ohrannye-izveschateli;V;;Вага;г;;Тип устройства;;тепла та диму;;
208;"https://viatec.ua/catalog/alarm-detector/0:0;proizvoditel:dahua,hikvision,396,402,405,593,625,626,652,ezviz,844,884,913,924,tiras,1016,1027,1109,1123,1130,1167,arton,smart-kit,emos;77:3336977";prom;prom_;1;"1,3";140905382;Безопасность и комфорт;302302;https://prom.ua/Ohrannye-izveschateli;"V, Vmin, noindex";;Вага;г;;Тип устройства;;тепла та диму;;
209;"https://viatec.ua/catalog/alarm-detector/0:0;proizvoditel:dahua,hikvision,396,402,405,593,625,626,652,ezviz,844,884,913,924,tiras,1016,1027,1109,1123,1130,1167,arton,smart-kit,emos;77:tepla-chadnogo";site;;"0,9";"1,19";152091016;Охранные датчики;302302;https://prom.ua/Ohrannye-izveschateli;V;;Вага;г;;Тип устройства;;тепла та чадного газу;;
210;"https://viatec.ua/catalog/alarm-detector/0:0;proizvoditel:dahua,hikvision,396,402,405,593,625,626,652,ezviz,844,884,913,924,tiras,1016,1027,1109,1123,1130,1167,arton,smart-kit,emos;77:tepla-chadnogo";prom;prom_;1;"1,3";140905382;Безопасность и комфорт;302302;https://prom.ua/Ohrannye-izveschateli;"V, Vmin, noindex";;Вага;г;;Тип устройства;;тепла та чадного газу;;
211;"https://viatec.ua/catalog/alarm-detector/0:0;proizvoditel:dahua,hikvision,396,402,405,593,625,626,652,ezviz,844,884,913,924,tiras,1016,1027,1109,1123,1130,1167,arton,smart-kit,emos;77:298";site;;"0,9";"1,19";152091016;Охранные датчики;302302;https://prom.ua/Ohrannye-izveschateli;V;;Вага;г;;Тип устройства;;тепла і вологості;;
212;"https://viatec.ua/catalog/alarm-detector/0:0;proizvoditel:dahua,hikvision,396,402,405,593,625,626,652,ezviz,844,884,913,924,tiras,1016,1027,1109,1123,1130,1167,arton,smart-kit,emos;77:298";prom;prom_;1;"1,3";140905382;Безопасность и комфорт;302302;https://prom.ua/Ohrannye-izveschateli;"V, Vmin, noindex";;Вага;г;;Тип устройства;;тепла і вологості;;
213;"https://viatec.ua/catalog/alarm-detector/0:0;proizvoditel:dahua,hikvision,396,402,405,593,625,626,652,ezviz,844,884,913,924,tiras,1016,1027,1109,1123,1130,1167,arton,smart-kit,emos;77:t-v-co2";site;;"0,9";"1,19";152091016;Охранные датчики;302302;https://prom.ua/Ohrannye-izveschateli;V;;Вага;г;;Тип устройства;;"тепла, вологості та вуглекислого газу";;
214;"https://viatec.ua/catalog/alarm-detector/0:0;proizvoditel:dahua,hikvision,396,402,405,593,625,626,652,ezviz,844,884,913,924,tiras,1016,1027,1109,1123,1130,1167,arton,smart-kit,emos;77:t-v-co2";prom;prom_;1;"1,3";140905382;Безопасность и комфорт;302302;https://prom.ua/Ohrannye-izveschateli;"V, Vmin, noindex";;Вага;г;;Тип устройства;;"тепла, вологості та вуглекислого газу";;
215;"https://viatec.ua/catalog/alarm-detector/0:0;proizvoditel:dahua,hikvision,396,402,405,593,625,626,652,ezviz,844,884,913,924,tiras,1016,1027,1109,1123,1130,1167,arton,smart-kit,emos;77:dim-teplo-chadniigaz";site;;"0,9";"1,19";152091016;Охранные датчики;302302;https://prom.ua/Ohrannye-izveschateli;V;;Вага;г;;Тип устройства;;"тепла, диму, чадного газу";;
216;"https://viatec.ua/catalog/alarm-detector/0:0;proizvoditel:dahua,hikvision,396,402,405,593,625,626,652,ezviz,844,884,913,924,tiras,1016,1027,1109,1123,1130,1167,arton,smart-kit,emos;77:dim-teplo-chadniigaz";prom;prom_;1;"1,3";140905382;Безопасность и комфорт;302302;https://prom.ua/Ohrannye-izveschateli;"V, Vmin, noindex";;Вага;г;;Тип устройства;;"тепла, диму, чадного газу";;
217;"https://viatec.ua/catalog/alarm-detector/0:0;proizvoditel:dahua,hikvision,396,402,405,593,625,626,652,ezviz,844,884,913,924,tiras,1016,1027,1109,1123,1130,1167,arton,smart-kit,emos;77:295";site;;"0,9";"1,19";152091016;Охранные датчики;302302;https://prom.ua/Ohrannye-izveschateli;V;;Вага;г;;Тип устройства;;вібрації;;
218;"https://viatec.ua/catalog/alarm-detector/0:0;proizvoditel:dahua,hikvision,396,402,405,593,625,626,652,ezviz,844,884,913,924,tiras,1016,1027,1109,1123,1130,1167,arton,smart-kit,emos;77:295";prom;prom_;1;"1,3";140905382;Безопасность и комфорт;302302;https://prom.ua/Ohrannye-izveschateli;"V, Vmin, noindex";;Вага;г;;Тип устройства;;вібрації;;
219;"https://viatec.ua/catalog/alarm-detector/0:0;proizvoditel:dahua,hikvision,396,402,405,593,625,626,652,ezviz,844,884,913,924,tiras,1016,1027,1109,1123,1130,1167,arton,smart-kit,emos;77:metanu";site;;"0,9";"1,19";152091016;Охранные датчики;302302;https://prom.ua/Ohrannye-izveschateli;V;;Вага;г;;Тип устройства;;метану;;
220;"https://viatec.ua/catalog/alarm-detector/0:0;proizvoditel:dahua,hikvision,396,402,405,593,625,626,652,ezviz,844,884,913,924,tiras,1016,1027,1109,1123,1130,1167,arton,smart-kit,emos;77:metanu";prom;prom_;1;"1,3";140905382;Безопасность и комфорт;302302;https://prom.ua/Ohrannye-izveschateli;"V, Vmin, noindex";;Вага;г;;Тип устройства;;метану;;
221;"https://viatec.ua/catalog/alarm-detector/0:0;proizvoditel:dahua,hikvision,396,402,405,593,625,626,652,ezviz,844,884,913,924,tiras,1016,1027,1109,1123,1130,1167,arton,smart-kit,emos;77:chadnogo-gazu";site;;"0,9";"1,19";152091016;Охранные датчики;302302;https://prom.ua/Ohrannye-izveschateli;V;;Вага;г;;Тип устройства;;чадного газу;;
222;"https://viatec.ua/catalog/alarm-detector/0:0;proizvoditel:dahua,hikvision,396,402,405,593,625,626,652,ezviz,844,884,913,924,tiras,1016,1027,1109,1123,1130,1167,arton,smart-kit,emos;77:chadnogo-gazu";prom;prom_;1;"1,3";140905382;Безопасность и комфорт;302302;https://prom.ua/Ohrannye-izveschateli;"V, Vmin, noindex";;Вага;г;;Тип устройства;;чадного газу;;
223;"https://viatec.ua/catalog/alarm-detector/0:0;proizvoditel:dahua,hikvision,396,402,405,593,625,626,652,ezviz,844,884,913,924,tiras,1016,1027,1109,1123,1130,1167,arton,smart-kit,emos;77:787";site;;"0,9";"1,19";152091016;Охранные датчики;302302;https://prom.ua/Ohrannye-izveschateli;V;;Вага;г;;Тип устройства;;радар;;
224;"https://viatec.ua/catalog/alarm-detector/0:0;proizvoditel:dahua,hikvision,396,402,405,593,625,626,652,ezviz,844,884,913,924,tiras,1016,1027,1109,1123,1130,1167,arton,smart-kit,emos;77:787";prom;prom_;1;"1,3";140905382;Безопасность и комфорт;302302;https://prom.ua/Ohrannye-izveschateli;"V, Vmin, noindex";;Вага;г;;Тип устройства;;радар;;
225;"https://viatec.ua/catalog/alarm-detector/0:0;proizvoditel:dahua,hikvision,396,402,405,593,625,626,652,ezviz,844,884,913,924,tiras,1016,1027,1109,1123,1130,1167,arton,smart-kit,emos;77:293";site;;"0,9";"1,19";152091016;Охранные датчики;302302;https://prom.ua/Ohrannye-izveschateli;V;;Вага;г;;Тип устройства;;охорона периметра;;
226;"https://viatec.ua/catalog/alarm-detector/0:0;proizvoditel:dahua,hikvision,396,402,405,593,625,626,652,ezviz,844,884,913,924,tiras,1016,1027,1109,1123,1130,1167,arton,smart-kit,emos;77:293";prom;prom_;1;"1,3";140905382;Безопасность и комфорт;302302;https://prom.ua/Ohrannye-izveschateli;"V, Vmin, noindex";;Вага;г;;Тип устройства;;охорона периметра;;
227;"https://viatec.ua/catalog/alarm-detector/0:0;proizvoditel:dahua,hikvision,396,402,405,593,625,626,652,ezviz,844,884,913,924,tiras,1016,1027,1109,1123,1130,1167,arton,smart-kit,emos;77:222323";site;;"0,9";"1,19";152091016;Охранные датчики;302302;https://prom.ua/Ohrannye-izveschateli;V;;Вага;г;;Тип устройства;;управління ручний;;
228;"https://viatec.ua/catalog/alarm-detector/0:0;proizvoditel:dahua,hikvision,396,402,405,593,625,626,652,ezviz,844,884,913,924,tiras,1016,1027,1109,1123,1130,1167,arton,smart-kit,emos;77:222323";prom;prom_;1;"1,3";140905382;Безопасность и комфорт;302302;https://prom.ua/Ohrannye-izveschateli;"V, Vmin, noindex";;Вага;г;;Тип устройства;;управління ручний;;
229;"https://viatec.ua/catalog/alarm-detector/0:0;proizvoditel:dahua,hikvision,396,402,405,593,625,626,652,ezviz,844,884,913,924,tiras,1016,1027,1109,1123,1130,1167,arton,smart-kit,emos;77:999889";site;;"0,9";"1,19";152091016;Охранные датчики;302302;https://prom.ua/Ohrannye-izveschateli;V;;Вага;г;;Тип устройства;;пожежний ручний;;
230;"https://viatec.ua/catalog/alarm-detector/0:0;proizvoditel:dahua,hikvision,396,402,405,593,625,626,652,ezviz,844,884,913,924,tiras,1016,1027,1109,1123,1130,1167,arton,smart-kit,emos;77:999889";prom;prom_;1;"1,3";140905382;Безопасность и комфорт;302302;https://prom.ua/Ohrannye-izveschateli;"V, Vmin, noindex";;Вага;г;;Тип устройства;;пожежний ручний;;
231;"https://viatec.ua/catalog/alarm-detector/0:0;proizvoditel:dahua,hikvision,396,402,405,593,625,626,652,ezviz,844,884,913,924,tiras,1016,1027,1109,1123,1130,1167,arton,smart-kit,emos;77:videomodul";site;;"0,9";"1,19";152091016;Охранные датчики;302302;https://prom.ua/Ohrannye-izveschateli;V;;Вага;г;;Тип устройства;;відеомодуль;;
232;"https://viatec.ua/catalog/alarm-detector/0:0;proizvoditel:dahua,hikvision,396,402,405,593,625,626,652,ezviz,844,884,913,924,tiras,1016,1027,1109,1123,1130,1167,arton,smart-kit,emos;77:videomodul";prom;prom_;1;"1,3";140905382;Безопасность и комфорт;302302;https://prom.ua/Ohrannye-izveschateli;"V, Vmin, noindex";;Вага;г;;Тип устройства;;відеомодуль;;
233;"https://viatec.ua/catalog/alarm-detector/0:0;proizvoditel:dahua,hikvision,396,402,405,593,625,626,652,ezviz,844,884,913,924,tiras,1016,1027,1109,1123,1130,1167,arton,smart-kit,emos;77:prinada";site;;"0,9";"1,19";152091016;Охранные датчики;302302;https://prom.ua/Ohrannye-izveschateli;V;;Вага;г;;Тип устройства;;принада;;
234;"https://viatec.ua/catalog/alarm-detector/0:0;proizvoditel:dahua,hikvision,396,402,405,593,625,626,652,ezviz,844,884,913,924,tiras,1016,1027,1109,1123,1130,1167,arton,smart-kit,emos;77:prinada";prom;prom_;1;"1,3";140905382;Безопасность и комфорт;302302;https://prom.ua/Ohrannye-izveschateli;"V, Vmin, noindex";;Вага;г;;Тип устройства;;принада;;
235;"https://viatec.ua/catalog/alarm-siren/0:0;proizvoditel:dahua,hikvision,ezviz,844";site;;"0,9";"1,19";152091894;Охранные сирены;300402;https://prom.ua/Sireny-signalnye;V;;Вага;г;;;;;;
236;"https://viatec.ua/catalog/alarm-siren/0:0;proizvoditel:dahua,hikvision,ezviz,844";prom;prom_;1;"1,3";140905382;Безопасность и комфорт;302302;https://prom.ua/Ohrannye-izveschateli;"V, VMAX, noindex";;Вага;г;;;;;;
237;"https://viatec.ua/catalog/alarm-siren/0:0;proizvoditel:396,402,405,593,652,tiras,1016";site;;"0,9";"1,19";152091894;Охранные сирены;300402;https://prom.ua/Sireny-signalnye;V;;Вага;г;;;;;;
238;"https://viatec.ua/catalog/alarm-siren/0:0;proizvoditel:396,402,405,593,652,tiras,1016";prom;prom_;1;"1,3";140905382;Безопасность и комфорт;302302;https://prom.ua/Ohrannye-izveschateli;"V, Vmin, noindex";;Вага;г;;;;;;
239;"https://viatec.ua/catalog/alarm-key/0:0;proizvoditel:dahua,hikvision,ezviz,844";site;;"0,9";"1,19";152092523;Устройства управления охранной сигнализацией;302307;https://prom.ua/Brelki-pulty-dlya-ohrannyh-sistem;V;;Вага;г;;;;;;
240;"https://viatec.ua/catalog/alarm-key/0:0;proizvoditel:dahua,hikvision,ezviz,844";prom;prom_;1;"1,3";140905382;Безопасность и комфорт;302307;https://prom.ua/Brelki-pulty-dlya-ohrannyh-sistem;"V, VMAX, noindex";;Вага;г;;;;;;
241;"https://viatec.ua/catalog/alarm-key/0:0;proizvoditel:396,402,405,593,924,tiras,1016,1092,1109,smart-kit";site;;"0,9";"1,19";152092523;Устройства управления охранной сигнализацией;302307;https://prom.ua/Brelki-pulty-dlya-ohrannyh-sistem;V;;Вага;г;;;;;;
242;"https://viatec.ua/catalog/alarm-key/0:0;proizvoditel:396,402,405,593,924,tiras,1016,1092,1109,smart-kit";prom;prom_;1;"1,3";140905382;Безопасность и комфорт;302307;https://prom.ua/Brelki-pulty-dlya-ohrannyh-sistem;"V, Vmin, noindex";;Вага;г;;;;;;
243;"https://viatec.ua/catalog/zashita-ot-potopa/0:0;proizvoditel:dahua,844";site;;"0,9";"1,19";152092600;Устройства для защиты от потопа;300418;https://prom.ua/Sistemy-zashchity-ot-potopa;V;;Вага;г;;Тип устройства;;Система захисту від протікання;;
244;"https://viatec.ua/catalog/zashita-ot-potopa/0:0;proizvoditel:dahua,844";prom;prom_;1;"1,3";140905382;Безопасность и комфорт;300418;https://prom.ua/Sistemy-zashchity-ot-potopa;"V, VMAX, noindex";;Вага;г;;Тип устройства;;Система захисту від протікання;;
245;"https://viatec.ua/catalog/zashita-ot-potopa/0:0;proizvoditel:1160,1162,3997457,mastino";site;;"0,9";"1,19";152092600;Устройства для защиты от потопа;300418;https://prom.ua/Sistemy-zashchity-ot-potopa;V;;Вага;г;;Тип устройства;;Система захисту від протікання;;
246;"https://viatec.ua/catalog/zashita-ot-potopa/0:0;proizvoditel:1160,1162,3997457,mastino";prom;prom_;1;"1,3";140905382;Безопасность и комфорт;300418;https://prom.ua/Sistemy-zashchity-ot-potopa;"V, Vmin, noindex";;Вага;г;;Тип устройства;;Система захисту від протікання;;
247;https://viatec.ua/catalog/pozharnie-priemno-kontrolnie-pribori/0:0;site;;"0,9";"1,19";152092613;Пожарные приемо-контрольные приборы;302303;https://prom.ua/Priemno-kontrolnye-pribory-i-pribory-upravleniya;V;;Вага;г;;Тип устройства;;Пожежні централі;;
248;https://viatec.ua/catalog/pozharnie-priemno-kontrolnie-pribori/0:0;prom;prom_;1;"1,3";140905382;Безопасность и комфорт;302303;https://prom.ua/Priemno-kontrolnye-pribory-i-pribory-upravleniya;"V, Vmin, noindex";;Вага;г;;Тип устройства;;Пожежні централі;;
249;"https://viatec.ua/catalog/moduli-ppkp/0:0;proizvoditel:dahua,tiras,arton,firestop";site;;"0,9";"1,19";4551903;Комплектующие для сигнализации;302306;https://prom.ua/Ohrannye-sistemy-i-signalizatsii;V;;Вага;г;;Тип устройства;;Додаткові пожежні пристрої;;
250;"https://viatec.ua/catalog/moduli-ppkp/0:0;proizvoditel:dahua,tiras,arton,firestop";prom;prom_;1;"1,3";140905382;Безопасность и комфорт;302306;https://prom.ua/Ohrannye-sistemy-i-signalizatsii;"V, Vmin, noindex";;Вага;г;;Тип устройства;;Додаткові пожежні пристрої;;
251;"https://viatec.ua/catalog/alarm-accessories/0:0;proizvoditel:dahua,hikvision,396,402,593,652,ezviz,844,884,924,tiras,1027,1030,arton,smart-kit";site;;"0,9";"1,19";4551903;Комплектующие для сигнализации;302306;https://prom.ua/Ohrannye-sistemy-i-signalizatsii;V;;Вага;г;;Тип устройства;;Комплектуючі для сигналізації;;
252;"https://viatec.ua/catalog/alarm-accessories/0:0;proizvoditel:dahua,hikvision,396,402,593,652,ezviz,844,884,924,tiras,1027,1030,arton,smart-kit";prom;prom_;1;"1,3";140905382;Безопасность и комфорт;302306;https://prom.ua/Ohrannye-sistemy-i-signalizatsii;"V, Vmin, noindex";;Вага;г;;Тип устройства;;Комплектуючі для сигналізації;;
253;"https://viatec.ua/catalog/access-control-lock/0:0;70:266";site;;"0,85";"1,19";90997501;Замки;301010;https://prom.ua/Mehanicheskie-zamki;V;;Вага;кг;;Тип устройства;;розумний замок;;
254;"https://viatec.ua/catalog/access-control-lock/0:0;70:266";prom;prom_;"0,9";"1,3";140905382;Безопасность и комфорт;301010;https://prom.ua/Mehanicheskie-zamki;"V, Vmin, noindex";;Вага;кг;;Тип устройства;;розумний замок;;
255;"https://viatec.ua/catalog/access-control-lock/0:0;70:267";site;;"0,85";"1,19";90997501;Замки;301010;https://prom.ua/Mehanicheskie-zamki;V;;Вага;кг;;Тип устройства;;замок;;
256;"https://viatec.ua/catalog/access-control-lock/0:0;70:267";prom;prom_;"0,9";"1,3";140905382;Безопасность и комфорт;301010;https://prom.ua/Mehanicheskie-zamki;"V, Vmin, noindex";;Вага;кг;;Тип устройства;;замок;;
257;"https://viatec.ua/catalog/access-control-lock/0:0;70:268";site;;"0,85";"1,19";90997501;Замки;301011;https://prom.ua/Zaschelki;V;;Вага;кг;;Тип устройства;;засувка;;
258;"https://viatec.ua/catalog/access-control-lock/0:0;70:268";prom;prom_;"0,9";"1,3";140905382;Безопасность и комфорт;301011;https://prom.ua/Zaschelki;"V, Vmin, noindex";;Вага;кг;;Тип устройства;;засувка;;
259;"https://viatec.ua/catalog/access-control-lock/0:0;70:269";site;;"0,85";"1,19";90997501;Замки;15380325;https://prom.ua/Aksessuary-dlya-dvernyh-zamkov;V;;Вага;кг;;Тип устройства;;кріплення;;
260;"https://viatec.ua/catalog/access-control-lock/0:0;70:269";prom;prom_;"0,9";"1,3";140905382;Безопасность и комфорт;15380325;https://prom.ua/Aksessuary-dlya-dvernyh-zamkov;"V, Vmin, noindex";;Вага;кг;;Тип устройства;;кріплення;;
261;"https://viatec.ua/catalog/access-control-lock/0:0;70:katushka";site;;"0,85";"1,19";90997501;Замки;15380325;https://prom.ua/Aksessuary-dlya-dvernyh-zamkov;V;;Вага;кг;;Тип устройства;;Катушка;;
262;"https://viatec.ua/catalog/access-control-lock/0:0;70:katushka";prom;prom_;"0,9";"1,3";140905382;Безопасность и комфорт;15380325;https://prom.ua/Aksessuary-dlya-dvernyh-zamkov;"V, Vmin, noindex";;Вага;кг;;Тип устройства;;Катушка;;
263;"https://viatec.ua/catalog/access-control-lock/0:0;70:cilindr";site;;"0,85";"1,19";90997501;Замки;15380325;https://prom.ua/Aksessuary-dlya-dvernyh-zamkov;V;;Вага;кг;;Тип устройства;;Цилиндр;;
264;"https://viatec.ua/catalog/access-control-lock/0:0;70:cilindr";prom;prom_;"0,9";"1,3";140905382;Безопасность и комфорт;15380325;https://prom.ua/Aksessuary-dlya-dvernyh-zamkov;"V, Vmin, noindex";;Вага;кг;;Тип устройства;;Цилиндр;;
265;https://viatec.ua/catalog/access-turnstile/0:0;site;;"0,9";"1,19";152088176;Турникети;301301;https://prom.ua/Turnikety;V;;Вага;кг;;;;;;
266;https://viatec.ua/catalog/access-turnstile/0:0;prom;prom_;"0,9";"1,3";140905382;Безопасность и комфорт;301301;https://prom.ua/Turnikety;"V, Vmin, noindex";;Вага;кг;;;;;;
267;https://viatec.ua/catalog/access-terminal/0:0;site;;"0,9";"1,19";127628166;Терминалы;3030;https://prom.ua/Sistemy-kontrolya-dostupa;V;;Вага;г;;Тип устройства;;Термінали;;
268;https://viatec.ua/catalog/access-terminal/0:0;prom;prom_;"0,9";"1,3";140905382;Безопасность и комфорт;3030;https://prom.ua/Sistemy-kontrolya-dostupa;"V, Vmin, noindex";;Вага;г;;Тип устройства;;Термінали;;
269;"https://viatec.ua/catalog/access-control-button/0:0;67:258";site;;"0,85";"1,19";127628170;Кнопки выхода;302308;https://prom.ua/Trevozhnye-knopki-i-knopki-vyhoda;V;;Вага;г;;Тип устройства;;Контактна;;
270;"https://viatec.ua/catalog/access-control-button/0:0;67:258";prom;prom_;"0,9";"1,3";140905382;Безопасность и комфорт;302308;https://prom.ua/Trevozhnye-knopki-i-knopki-vyhoda;"V, Vmin, noindex";;Вага;г;;Тип устройства;;Контактна;;
271;"https://viatec.ua/catalog/access-control-button/0:0;67:259";site;;"0,85";"1,19";127628170;Кнопки выхода;302308;https://prom.ua/Trevozhnye-knopki-i-knopki-vyhoda;V;;Вага;г;;Тип устройства;;Безконтактна;;
272;"https://viatec.ua/catalog/access-control-button/0:0;67:259";prom;prom_;"0,9";"1,3";140905382;Безопасность и комфорт;302308;https://prom.ua/Trevozhnye-knopki-i-knopki-vyhoda;"V, Vmin, noindex";;Вага;г;;Тип устройства;;Безконтактна;;
273;https://viatec.ua/catalog/access-reader/0:0;site;;"0,85";"1,19";127628173;Считыватели;301311;https://prom.ua/Schityvateli;V;;Вага;г;;;;;;
274;https://viatec.ua/catalog/access-reader/0:0;prom;prom_;"0,9";"1,3";140905382;Безопасность и комфорт;301311;https://prom.ua/Schityvateli;"V, Vmin, noindex";;Вага;г;;;;;;
275;https://viatec.ua/catalog/access-controller/0:0;site;;"0,85";"1,19";127628176;Контроллеры;301312;https://prom.ua/Kontrollery;V;;Вага;г;;;;;;
276;https://viatec.ua/catalog/access-controller/0:0;prom;prom_;"0,9";"1,3";140905382;Безопасность и комфорт;301312;https://prom.ua/Kontrollery;"V, Vmin, noindex";;Вага;г;;;;;;
277;https://viatec.ua/catalog/access-accessories/0:0;site;;"0,85";"1,19";16703618;Комплектующие для контроля доступа;3030;https://prom.ua/Sistemy-kontrolya-dostupa;V;;Вага;г;;Тип устройства;;Комплектуючі для СККД;;
278;https://viatec.ua/catalog/access-accessories/0:0;prom;prom_;"0,9";"1,3";140905382;Безопасность и комфорт;3030;https://prom.ua/Sistemy-kontrolya-dostupa;"V, Vmin, noindex";;Вага;г;;Тип устройства;;Комплектуючі для СККД;;
279;https://viatec.ua/catalog/access-closer/0:0;site;;"0,9";"1,19";152088624;Дверные доводчики;15380311;https://prom.ua/Dovodchiki-dverej;V;;Вага;г;;;;;;
280;https://viatec.ua/catalog/access-closer/0:0;prom;prom_;"0,95";"1,3";140905382;Безопасность и комфорт;15380311;https://prom.ua/Dovodchiki-dverej;"V, Vmin, noindex";;Вага;г;;;;;;
281;https://viatec.ua/catalog/access-cart/0:0;site;;"0,85";"1,19";127628160;Карты и ключи для домофона;301310;https://prom.ua/Identifikatory;V;;Вага;г;;Тип устройства;;Картки і брелоки;;
282;https://viatec.ua/catalog/access-cart/0:0;prom;prom_;"0,9";"1,3";140905382;Безопасность и комфорт;301310;https://prom.ua/Identifikatory;"V, Vmin, noindex";;Вага;г;;Тип устройства;;Картки і брелоки;;
283;"https://viatec.ua/catalog/parking-systems/0:0;89:899";site;;"0,9";"1,19";152481192;Системы парковки;135605;https://prom.ua/Shlagbaumy;V;;Вага;кг;;Тип устройства;;Шлагбауми;;
284;"https://viatec.ua/catalog/parking-systems/0:0;89:899";prom;prom_;1;"1,3";140905382;Безопасность и комфорт;135605;https://prom.ua/Shlagbaumy;"V, Vmin, noindex";;Вага;кг;;Тип устройства;;Шлагбауми;;
285;"https://viatec.ua/catalog/parking-systems/0:0;89:barier-parkuvalnii,blok-miscia";site;;"0,9";"1,19";152481192;Системы парковки;301501;https://prom.ua/Dorozhnye-ograzhdeniya;V;;Вага;кг;;Тип устройства;;Блокувальник паркувального місця;;
286;"https://viatec.ua/catalog/parking-systems/0:0;89:barier-parkuvalnii,blok-miscia";prom;prom_;1;"1,3";140905382;Безопасность и комфорт;301501;https://prom.ua/Dorozhnye-ograzhdeniya;"V, Vmin, noindex";;Вага;кг;;Тип устройства;;Блокувальник паркувального місця;;
287;"https://viatec.ua/catalog/parking-systems/0:0;89:338,898,900,1299,komplekt-sharnir,komplekt-pruzhin,signalna-lampa,fotoelement,radar-vhid";site;;"0,9";"1,19";152481192;Системы парковки;13560901;https://prom.ua/Aksessuary-dlya-vorot-i-shagbaumov;V;;Вага;кг;;Тип устройства;;Комплектуючі до шлагбаумів;;
288;"https://viatec.ua/catalog/parking-systems/0:0;89:338,898,900,1299,komplekt-sharnir,komplekt-pruzhin,signalna-lampa,fotoelement,radar-vhid";prom;prom_;1;"1,3";140905382;Безопасность и комфорт;13560901;https://prom.ua/Aksessuary-dlya-vorot-i-shagbaumov;"V, Vmin, noindex";;Вага;кг;;Тип устройства;;Комплектуючі до шлагбаумів;;
289;https://viatec.ua/catalog/boksi-montazhni/0:0;site;;"0,9";"1,19";17012456;Серверные шкафы;70306;https://prom.ua/Shkafy-servernye;V;;Вага;кг;;Тип устройства;;Бокси монтажні;;
290;https://viatec.ua/catalog/boksi-montazhni/0:0;prom;prom_;"0,95";"1,3";140905382;Безопасность и комфорт;70306;https://prom.ua/Shkafy-servernye;"V, Vmin, noindex";;Вага;кг;;Тип устройства;;Бокси монтажні;;
291;https://viatec.ua/catalog/shkafi/0:0;site;;"0,9";"1,19";17012456;Серверные шкафы;70306;https://prom.ua/Shkafy-servernye;V;;Вага;кг;;Тип устройства;;Серверні шафи;;
292;https://viatec.ua/catalog/shkafi/0:0;prom;prom_;"0,95";"1,3";140905382;Безопасность и комфорт;70306;https://prom.ua/Shkafy-servernye;"V, Vmin, noindex";;Вага;кг;;Тип устройства;;Серверні шафи;;
293;"https://viatec.ua/catalog/equipment-cable/0:0;80:849";site;;"0,85";"1,19";17012111;Кабель;7190605;https://prom.ua/Kabel-telefonnyj;V;;Вага;кг;;Тип устройства;;Мережевий;;
294;"https://viatec.ua/catalog/equipment-cable/0:0;80:849";prom;prom_;1;"1,3";140905382;Безопасность и комфорт;7190605;https://prom.ua/Kabel-telefonnyj;"V, Vmin, noindex";;Вага;кг;;Тип устройства;;Мережевий;;
295;"https://viatec.ua/catalog/equipment-cable/0:0;80:307";site;;"0,85";"1,19";17012111;Кабель;7190605;https://prom.ua/Kabel-telefonnyj;V;;Вага;кг;;Тип устройства;;Сигнальний;;
296;"https://viatec.ua/catalog/equipment-cable/0:0;80:307";prom;prom_;"0,95";"1,3";140905382;Безопасность и комфорт;7190605;https://prom.ua/Kabel-telefonnyj;"V, Vmin, noindex";;Вага;кг;;Тип устройства;;Сигнальний;;
297;"https://viatec.ua/catalog/equipment-cable/0:0;80:308";site;;"0,85";"1,19";17012111;Кабель;14190408;https://prom.ua/ua/Silovoj-kabel;V;;Вага;кг;;Тип устройства;;Силовий;;
298;"https://viatec.ua/catalog/equipment-cable/0:0;80:308";prom;prom_;"0,95";"1,3";140905382;Безопасность и комфорт;14190408;https://prom.ua/ua/Silovoj-kabel;"V, Vmin, noindex";;Вага;кг;;Тип устройства;;Силовий;;
299;"https://viatec.ua/catalog/equipment-cable/0:0;80:306";site;;"0,85";"1,19";17012111;Кабель;7190605;https://prom.ua/Kabel-telefonnyj;V;;Вага;кг;;Тип устройства;;Коаксіальний;;
300;"https://viatec.ua/catalog/equipment-cable/0:0;80:306";prom;prom_;"0,95";"1,3";140905382;Безопасность и комфорт;7190605;https://prom.ua/Kabel-telefonnyj;"V, Vmin, noindex";;Вага;кг;;Тип устройства;;Коаксіальний;;
301;"https://viatec.ua/catalog/equipment-cable/0:0;80:845";site;;"0,85";"1,19";17012111;Кабель;7190605;https://prom.ua/Kabel-telefonnyj;V;;Вага;кг;;Тип устройства;;Комбінований;;
302;"https://viatec.ua/catalog/equipment-cable/0:0;80:845";prom;prom_;"0,95";"1,3";140905382;Безопасность и комфорт;7190605;https://prom.ua/Kabel-telefonnyj;"V, Vmin, noindex";;Вага;кг;;Тип устройства;;Комбінований;;
303;"https://viatec.ua/catalog/equipment-cable/0:0;80:111";site;;"0,85";"1,19";17012111;Кабель;7190605;https://prom.ua/Kabel-telefonnyj;V;;Вага;кг;;Тип устройства;;Оптичний;;
304;"https://viatec.ua/catalog/equipment-cable/0:0;80:111";prom;prom_;"0,95";"1,3";140905382;Безопасность и комфорт;7190605;https://prom.ua/Kabel-telefonnyj;"V, Vmin, noindex";;Вага;кг;;Тип устройства;;Оптичний;;
305;"https://viatec.ua/catalog/equipment-cable/0:0;80:777787";site;;"0,85";"1,19";17012111;Кабель;7190604;https://prom.ua/Patch-kordy;V;;Вага;кг;;Тип устройства;;Патч-корд оптичний;;
306;"https://viatec.ua/catalog/equipment-cable/0:0;80:777787";prom;prom_;"0,95";"1,3";140905382;Безопасность и комфорт;7190604;https://prom.ua/Patch-kordy;"V, Vmin, noindex";;Вага;кг;;Тип устройства;;Патч-корд оптичний;;
307;"https://viatec.ua/catalog/equipment-cable/0:0;80:pigteil-opt";site;;"0,85";"1,19";17012111;Кабель;7190604;https://prom.ua/Patch-kordy;V;;Вага;кг;;Тип устройства;;Пігтейл оптичний;;
308;"https://viatec.ua/catalog/equipment-cable/0:0;80:pigteil-opt";prom;prom_;"0,95";"1,3";140905382;Безопасность и комфорт;7190604;https://prom.ua/Patch-kordy;"V, Vmin, noindex";;Вага;кг;;Тип устройства;;Пігтейл оптичний;;
309;"https://viatec.ua/catalog/equipment-cable/0:0;80:821";site;;"0,85";"1,19";17012111;Кабель;63719;https://prom.ua/ua/Audio-video-kabeli-perehodniki-razemy;V;;Вага;кг;;Тип устройства;;HDMI;;
310;"https://viatec.ua/catalog/equipment-cable/0:0;80:821";prom;prom_;"0,95";"1,3";140905382;Безопасность и комфорт;63719;https://prom.ua/ua/Audio-video-kabeli-perehodniki-razemy;"V, Vmin, noindex";;Вага;кг;;Тип устройства;;HDMI;;
311;"https://viatec.ua/catalog/equipment-cable/0:0;80:hdmi-dvi-d";site;;"0,85";"1,19";17012111;Кабель;63719;https://prom.ua/ua/Audio-video-kabeli-perehodniki-razemy;V;;Вага;кг;;Тип устройства;;HDMI-DVI-D;;
312;"https://viatec.ua/catalog/equipment-cable/0:0;80:hdmi-dvi-d";prom;prom_;"0,95";"1,3";140905382;Безопасность и комфорт;63719;https://prom.ua/ua/Audio-video-kabeli-perehodniki-razemy;"V, Vmin, noindex";;Вага;кг;;Тип устройства;;HDMI-DVI-D;;
313;"https://viatec.ua/catalog/equipment-cable/0:0;80:displayport-hdmi";site;;"0,85";"1,19";17012111;Кабель;63719;https://prom.ua/ua/Audio-video-kabeli-perehodniki-razemy;V;;Вага;кг;;Тип устройства;;DisplayPort-HDMI;;
314;"https://viatec.ua/catalog/equipment-cable/0:0;80:displayport-hdmi";prom;prom_;"0,95";"1,3";140905382;Безопасность и комфорт;63719;https://prom.ua/ua/Audio-video-kabeli-perehodniki-razemy;"V, Vmin, noindex";;Вага;кг;;Тип устройства;;DisplayPort-HDMI;;
315;"https://viatec.ua/catalog/equipment-cable/0:0;80:sata";site;;"0,85";"1,19";17012111;Кабель;63719;https://prom.ua/ua/Audio-video-kabeli-perehodniki-razemy;V;;Вага;кг;;Тип устройства;;SATA;;
316;"https://viatec.ua/catalog/equipment-cable/0:0;80:sata";prom;prom_;"0,95";"1,3";140905382;Безопасность и комфорт;63719;https://prom.ua/ua/Audio-video-kabeli-perehodniki-razemy;"V, Vmin, noindex";;Вага;кг;;Тип устройства;;SATA;;
317;https://viatec.ua/catalog/switches/0:0;site;;"0,85";"1,19";23295147;Коммутаторы;71903;https://prom.ua/Kommutatory;V;;Вага;г;;;;;;
318;https://viatec.ua/catalog/switches/0:0;prom;prom_;"0,95";"1,3";140905382;Безопасность и комфорт;71903;https://prom.ua/Kommutatory;"V, Vmin, noindex";;Вага;г;;;;;;
319;https://viatec.ua/catalog/network-routers/0:0;site;;"0,9";"1,19";90997677;Маршрутизаторы;71902;https://prom.ua/Routeryi;V;;Вага;г;;;;;;
320;https://viatec.ua/catalog/network-routers/0:0;prom;prom_;"0,95";"1,3";140905382;Безопасность и комфорт;71902;https://prom.ua/Routeryi;"V, Vmin, noindex";;Вага;г;;;;;;
321;https://viatec.ua/catalog/network-ap/0:0;site;;"0,9";"1,19";90997694;Точки доступа;7190603;https://prom.ua/Setevye-kontsentratory;V;;Вага;г;;;;;;
322;https://viatec.ua/catalog/network-ap/0:0;prom;prom_;"0,95";"1,3";140905382;Безопасность и комфорт;7190603;https://prom.ua/Setevye-kontsentratory;"V, Vmin, noindex";;Вага;г;;;;;;
323;"https://viatec.ua/catalog/network-injectors/0:0;104:376";site;;"0,85";"1,19";152090354;"Инжекторы, медиаконверторы";50928;https://prom.ua/ua/Oborudovanie-dlya-pitaniya-po-ethernet;V;;Вага;г;;Тип устройства;;Інжектор;;
324;"https://viatec.ua/catalog/network-injectors/0:0;104:376";prom;prom_;"0,95";"1,3";140905382;Безопасность и комфорт;50928;https://prom.ua/ua/Oborudovanie-dlya-pitaniya-po-ethernet;"V, Vmin, noindex";;Вага;г;;Тип устройства;;Інжектор;;
325;"https://viatec.ua/catalog/network-injectors/0:0;104:377";site;;"0,85";"1,19";152090354;"Инжекторы, медиаконверторы";5092006;https://prom.ua/ua/Opticheskij-konverter;V;;Вага;г;;Тип устройства;;Медіаконвертер;;
326;"https://viatec.ua/catalog/network-injectors/0:0;104:377";prom;prom_;"0,95";"1,3";140905382;Безопасность и комфорт;5092006;https://prom.ua/ua/Opticheskij-konverter;"V, Vmin, noindex";;Вага;г;;Тип устройства;;Медіаконвертер;;
327;"https://viatec.ua/catalog/network-injectors/0:0;104:531";site;;"0,85";"1,19";152090354;"Инжекторы, медиаконверторы";50928;https://prom.ua/ua/Oborudovanie-dlya-pitaniya-po-ethernet;V;;Вага;г;;Тип устройства;;PoE розгалужувач;;
328;"https://viatec.ua/catalog/network-injectors/0:0;104:531";prom;prom_;"0,95";"1,3";140905382;Безопасность и комфорт;50928;https://prom.ua/ua/Oborudovanie-dlya-pitaniya-po-ethernet;"V, Vmin, noindex";;Вага;г;;Тип устройства;;PoE розгалужувач;;
329;"https://viatec.ua/catalog/network-injectors/0:0;104:rozshiruvach";site;;"0,9";"1,19";152090354;"Инжекторы, медиаконверторы";50928;https://prom.ua/ua/Oborudovanie-dlya-pitaniya-po-ethernet;V;;Вага;г;;Тип устройства;;PoE розширювач;;
330;"https://viatec.ua/catalog/network-injectors/0:0;104:rozshiruvach";prom;prom_;"0,95";"1,3";140905382;Безопасность и комфорт;50928;https://prom.ua/ua/Oborudovanie-dlya-pitaniya-po-ethernet;"V, Vmin, noindex";;Вага;г;;Тип устройства;;PoE розширювач;;
331;https://viatec.ua/catalog/wi-fi-mosti/0:0;site;;"0,9";"1,19";152090439;Wi-Fi мосты;5090506;https://prom.ua/Mosty-shlyuzy-besprovodnyh-setej;V;;Вага;г;;;;;;
332;https://viatec.ua/catalog/wi-fi-mosti/0:0;prom;prom_;"0,95";"1,3";140905382;Безопасность и комфорт;5090506;https://prom.ua/Mosty-shlyuzy-besprovodnyh-setej;"V, Vmin, noindex";;Вага;г;;;;;;
333;"https://viatec.ua/catalog/network-EoC/0:0;124:537";site;;"0,9";"1,19";152090654;"Конвертеры, SFP модули";5092006;https://prom.ua/Opticheskij-konverter;V;;Вага;г;;Тип устройства;;конвертер;;
334;"https://viatec.ua/catalog/network-EoC/0:0;124:537";prom;prom_;"0,95";"1,3";140905382;Безопасность и комфорт;5092006;https://prom.ua/Opticheskij-konverter;"V, Vmin, noindex";;Вага;г;;Тип устройства;;конвертер;;
335;"https://viatec.ua/catalog/network-EoC/0:0;124:538";site;;"0,9";"1,19";152090654;"Конвертеры, SFP модули";5092007;https://prom.ua/Moduli-gbic-i-sfp;V;;Вага;г;;Тип устройства;;SFP модуль;;
336;"https://viatec.ua/catalog/network-EoC/0:0;124:538";prom;prom_;"0,95";"1,3";140905382;Безопасность и комфорт;5092007;https://prom.ua/Moduli-gbic-i-sfp;"V, Vmin, noindex";;Вага;г;;Тип устройства;;SFP модуль;;
337;"https://viatec.ua/catalog/network-EoC/0:0;124:aoc-kabel";site;;"0,9";"1,19";152090654;"Конвертеры, SFP модули";5092007;https://prom.ua/Moduli-gbic-i-sfp;V;;Вага;г;;Тип устройства;;Активний кабель (AOC);;
338;"https://viatec.ua/catalog/network-EoC/0:0;124:aoc-kabel";prom;prom_;"0,95";"1,3";140905382;Безопасность и комфорт;5092007;https://prom.ua/Moduli-gbic-i-sfp;"V, Vmin, noindex";;Вага;г;;Тип устройства;;Активний кабель (AOC);;
339;"https://viatec.ua/catalog/network-EoC/0:0;124:dac-kabel";site;;"0,9";"1,19";152090654;"Конвертеры, SFP модули";5092007;https://prom.ua/Moduli-gbic-i-sfp;V;;Вага;г;;Тип устройства;;Пасивний кабель (DAC);;
340;"https://viatec.ua/catalog/network-EoC/0:0;124:dac-kabel";prom;prom_;"0,95";"1,3";140905382;Безопасность и комфорт;5092007;https://prom.ua/Moduli-gbic-i-sfp;"V, Vmin, noindex";;Вага;г;;Тип устройства;;Пасивний кабель (DAC);;
341;https://viatec.ua/catalog/network-storage/0:0;site;;"0,9";"1,19";152481294;Сетевые хранилища;70807;https://prom.ua/Setevye-nakopiteli;V;;Вага;г;;;;;;
342;https://viatec.ua/catalog/network-storage/0:0;prom;prom_;1;"1,3";140905382;Безопасность и комфорт;70807;https://prom.ua/Setevye-nakopiteli;"V, Vmin, noindex";;Вага;г;;;;;;
343;"https://viatec.ua/catalog/setevie-aksessuari/0:0;tip-setevih-acc:patch-panel";site;;"0,85";"1,19";152090742;Комплектующие для сетевого оборудования;5092902;https://prom.ua/Patch-paneli;V;;Вага;г;;Тип устройства;;Патч-панелі;;
344;"https://viatec.ua/catalog/setevie-aksessuari/0:0;tip-setevih-acc:patch-panel";prom;prom_;"0,95";"1,3";140905382;Безопасность и комфорт;5092902;https://prom.ua/Patch-paneli;"V, Vmin, noindex";;Вага;г;;Тип устройства;;Патч-панелі;;
345;"https://viatec.ua/catalog/mounting-kit/0:0;montazh-vitoi-pari:zednuvach,konektor";site;;"0,85";"1,19";152090742;Комплектующие для сетевого оборудования;14190406;https://prom.ua/Razemy-i-konnektory;V;;Вага;г;;Тип устройства;;Конектори і з'єднувачі для крученої пари;;
346;"https://viatec.ua/catalog/mounting-kit/0:0;montazh-vitoi-pari:zednuvach,konektor";prom;prom_;"0,95";"1,3";140905382;Безопасность и комфорт;14190406;https://prom.ua/Razemy-i-konnektory;"V, Vmin, noindex";;Вага;г;;Тип устройства;;Конектори і з'єднувачі для крученої пари;;
347;"https://viatec.ua/catalog/setevie-aksessuari/0:0;tip-setevih-acc:3320";site;;"0,85";"1,19";152090742;Комплектующие для сетевого оборудования;70308;https://prom.ua/Aksessuary-i-komplektuyuschie-dlya-servernogo-oborudovaniya;V;;Вага;г;;Тип устройства;;Полиця;;
348;"https://viatec.ua/catalog/setevie-aksessuari/0:0;tip-setevih-acc:3320";prom;prom_;"0,95";"1,3";140905382;Безопасность и комфорт;70308;https://prom.ua/Aksessuary-i-komplektuyuschie-dlya-servernogo-oborudovaniya;"V, Vmin, noindex";;Вага;г;;Тип устройства;;Полиця;;
349;"https://viatec.ua/catalog/setevie-aksessuari/0:0;tip-setevih-acc:silovii-blok";site;;"0,85";"1,19";152090742;Комплектующие для сетевого оборудования;70308;https://prom.ua/Aksessuary-i-komplektuyuschie-dlya-servernogo-oborudovaniya;V;;Вага;г;;Тип устройства;;Силовий блок;;
350;"https://viatec.ua/catalog/setevie-aksessuari/0:0;tip-setevih-acc:silovii-blok";prom;prom_;"0,95";"1,3";140905382;Безопасность и комфорт;70308;https://prom.ua/Aksessuary-i-komplektuyuschie-dlya-servernogo-oborudovaniya;"V, Vmin, noindex";;Вага;г;;Тип устройства;;Силовий блок;;
351;"https://viatec.ua/catalog/setevie-aksessuari/0:0;tip-setevih-acc:444848,55585,shnur-zhivlennia,897797,44064,ventiliatornii-blok,termostat,element-vent-bloku,reiki,shitkovii-vid,kronshtein,zaglushka,rek,nizhka,opora-dlia-stiiki,stik-kub,nabir-gayok,kolesa-kub,gvint,ruchka-kub,panel-kub,rozshir1,din-panel,zamok,blok-ventil";site;;"0,85";"1,19";152090742;Комплектующие для сетевого оборудования;70308;https://prom.ua/Aksessuary-i-komplektuyuschie-dlya-servernogo-oborudovaniya;V;;Вага;г;;Тип устройства;;Інше обладнання для шаф;;
352;"https://viatec.ua/catalog/setevie-aksessuari/0:0;tip-setevih-acc:444848,55585,shnur-zhivlennia,897797,44064,ventiliatornii-blok,termostat,element-vent-bloku,reiki,shitkovii-vid,kronshtein,zaglushka,rek,nizhka,opora-dlia-stiiki,stik-kub,nabir-gayok,kolesa-kub,gvint,ruchka-kub,panel-kub,rozshir1,din-panel,zamok,blok-ventil";prom;prom_;"0,95";"1,3";140905382;Безопасность и комфорт;70308;https://prom.ua/Aksessuary-i-komplektuyuschie-dlya-servernogo-oborudovaniya;"V, Vmin, noindex";;Вага;г;;Тип устройства;;Інше обладнання для шаф;;
353;https://viatec.ua/catalog/patch-kordi-45/0:0;site;;"0,85";"1,19";152090742;Комплектующие для сетевого оборудования;7190604;https://prom.ua/Patch-kordy;V;;Вага;г;;Тип устройства;;Патч-корд;;
354;https://viatec.ua/catalog/patch-kordi-45/0:0;prom;prom_;"0,95";"1,3";140905382;Безопасность и комфорт;7190604;https://prom.ua/Patch-kordy;"V, Vmin, noindex";;Вага;г;;Тип устройства;;Патч-корд;;
355;https://viatec.ua/catalog/istochniki-bespereboinogo-pitania-12-24v/0:0;site;;"0,85";"1,19";127351912;Источники бесперебойного питания 12-24В;14191106;https://prom.ua/Istochnik-besperebojnogo-pitaniya-ibp;V;;Вага;кг;;Тип устройства;;Джерела безперебійного живлення 12-24В;;
356;https://viatec.ua/catalog/istochniki-bespereboinogo-pitania-12-24v/0:0;prom;prom_;"0,95";"1,3";140905382;Безопасность и комфорт;14191106;https://prom.ua/Istochnik-besperebojnogo-pitaniya-ibp;"V, Vmin, noindex";;Вага;кг;;Тип устройства;;Джерела безперебійного живлення 12-24В;;
357;"https://viatec.ua/catalog/istochniki-bespereboinogo-pitania-220v/0:0;tip:0011,6699,33559,batareia-dbzh";site;;"0,85";"1,19";127351948;"ИБП, инверторы, стабилизаторы 220В";14191106;https://prom.ua/Istochnik-besperebojnogo-pitaniya-ibp;V;;Вага;кг;;Тип устройства;;ДБЖ;;
358;"https://viatec.ua/catalog/istochniki-bespereboinogo-pitania-220v/0:0;tip:0011,6699,33559,batareia-dbzh";prom;prom_;"0,95";"1,3";140905382;Безопасность и комфорт;14191106;https://prom.ua/Istochnik-besperebojnogo-pitaniya-ibp;"V, Vmin, noindex";;Вага;кг;;Тип устройства;;ДБЖ;;
359;"https://viatec.ua/catalog/istochniki-bespereboinogo-pitania-220v/0:0;tip:stabilizator";site;;"0,85";"1,19";127351948;"ИБП, инверторы, стабилизаторы 220В";14191107;https://prom.ua/Stabilizatoryregulyatory-napryazheniya;V;;Вага;кг;;Тип устройства;;Стабілізатори 220В;;
360;"https://viatec.ua/catalog/istochniki-bespereboinogo-pitania-220v/0:0;tip:stabilizator";prom;prom_;"0,95";"1,3";140905382;Безопасность и комфорт;14191107;https://prom.ua/Stabilizatoryregulyatory-napryazheniya;"V, Vmin, noindex";;Вага;кг;;Тип устройства;;Стабілізатори 220В;;
361;https://viatec.ua/catalog/equipment-power-supply/0:0;site;;"0,85";"1,19";127351950;Блоки питания;14191103;https://prom.ua/Promyshlennye-istochniki-pitaniya;V;;Вага;кг;;Тип устройства;;Блок живлення;;
362;https://viatec.ua/catalog/equipment-power-supply/0:0;prom;prom_;"0,95";"1,3";140905382;Безопасность и комфорт;14191103;https://prom.ua/Promyshlennye-istochniki-pitaniya;"V, Vmin, noindex";;Вага;кг;;Тип устройства;;Блок живлення;;
363;https://viatec.ua/catalog/equipment-batteries/0:0;site;;"0,85";"1,19";127351973;Свинцовые аккумуляторы;5280501;https://prom.ua/Akkumulyatornye-bloki;V;;Вага;кг;;Тип устройства;;Свинцеві акумулятори;;
364;https://viatec.ua/catalog/equipment-batteries/0:0;prom;prom_;"0,95";"1,3";140905382;Безопасность и комфорт;5280501;https://prom.ua/Akkumulyatornye-bloki;"V, Vmin, noindex";;Вага;кг;;Тип устройства;;Свинцеві акумулятори;;
365;https://viatec.ua/catalog/litievi-akumuliatori/0:0;site;;"0,85";"1,19";144038788;Литивые аккумуляторы;5280501;https://prom.ua/Akkumulyatornye-bloki;V;;Вага;кг;;Тип устройства;;Акумулятори літієві;;
366;https://viatec.ua/catalog/litievi-akumuliatori/0:0;prom;prom_;"0,95";"1,3";140905382;Безопасность и комфорт;5280501;https://prom.ua/Akkumulyatornye-bloki;"V, Vmin, noindex";;Вага;кг;;Тип устройства;;Акумулятори літієві;;
367;https://viatec.ua/catalog/invertori/0:0;site;;"0,9";"1,19";144038804;Инверторы;5140401;https://prom.ua/Invertory;V;;Вага;кг;;;;;;
368;https://viatec.ua/catalog/invertori/0:0;prom;prom_;1;"1,3";140905382;Безопасность и комфорт;5140401;https://prom.ua/Invertory;"V, Vmin, noindex";;Вага;кг;;;;;;
369;https://viatec.ua/catalog/sistemi-nakopichennia-energii/0:0;site;;"0,9";"1,19";144038790;Системы накопления энергии BESS;14191106;https://prom.ua/Istochnik-besperebojnogo-pitaniya-ibp;V;;Вага;кг;;Тип устройства;;Системи накопичення енергії BESS;;
370;https://viatec.ua/catalog/sistemi-nakopichennia-energii/0:0;prom;prom_;1;"1,3";140905382;Безопасность и комфорт;14191106;https://prom.ua/Istochnik-besperebojnogo-pitaniya-ibp;"V, Vmin, noindex";;Вага;кг;;Тип устройства;;Системи накопичення енергії BESS;;
371;https://viatec.ua/catalog/avtonomni-sistemi-zhivlennia/0:0;site;;"0,9";"1,19";144038805;Автономные системы питания;14191106;https://prom.ua/Istochnik-besperebojnogo-pitaniya-ibp;V;;Вага;кг;;Тип устройства;;Автономні системи живлення;;
372;https://viatec.ua/catalog/avtonomni-sistemi-zhivlennia/0:0;prom;prom_;1;"1,3";140905382;Безопасность и комфорт;14191106;https://prom.ua/Istochnik-besperebojnogo-pitaniya-ibp;"V, Vmin, noindex";;Вага;кг;;Тип устройства;;Автономні системи живлення;;
373;https://viatec.ua/catalog/zariadnie-ustroistva/0:0;site;;"0,9";"1,19";151114178;Зарядные станции;500901;https://prom.ua/Zaryadnye-stantsii;V;;Вага;кг;;;;;;
374;https://viatec.ua/catalog/zariadnie-ustroistva/0:0;prom;prom_;1;"1,3";140905382;Безопасность и комфорт;500901;https://prom.ua/Zaryadnye-stantsii;"V, Vmin, noindex";;Вага;кг;;;;;;
375;https://viatec.ua/catalog/soniachni-paneli/0:0;site;;"0,9";"1,19";152084397;Солнечные панели;52806;https://prom.ua/Fotoelementy-i-solnechnye-paneli;V;;Вага;кг;;;;;;
376;https://viatec.ua/catalog/soniachni-paneli/0:0;prom;prom_;1;"1,3";140905382;Безопасность и комфорт;52806;https://prom.ua/Fotoelementy-i-solnechnye-paneli;"V, Vmin, noindex";;Вага;кг;;;;;;
377;https://viatec.ua/catalog/kontroleri/0:0;site;;"0,9";"1,19";152084437;Контроллеры заряда для солнечных панелей;100703;https://prom.ua/Solnechnye-kontrollery;V;;Вага;кг;;;;;;
378;https://viatec.ua/catalog/kontroleri/0:0;prom;prom_;1;"1,3";140905382;Безопасность и комфорт;100703;https://prom.ua/Solnechnye-kontrollery;"V, Vmin, noindex";;Вага;кг;;;;;;
379;https://viatec.ua/catalog/soniachni-aksesuari/0:0;site;;"0,9";"1,19";152084460;Комплектующие для солнечных панелей;101003;https://prom.ua/Komplektuyuschie-dlya-alternativnyh-istochnikov-energii;V;;Вага;г;;Тип устройства;;Комплектуючі для сонячних панелей;;
380;https://viatec.ua/catalog/soniachni-aksesuari/0:0;prom;prom_;1;"1,3";140905382;Безопасность и комфорт;101003;https://prom.ua/Komplektuyuschie-dlya-alternativnyh-istochnikov-energii;"V, Vmin, noindex";;Вага;г;;Тип устройства;;Комплектуючі для сонячних панелей;;
381;https://viatec.ua/catalog/kriplennia-soniachnih-panelei/0:0;site;;"0,9";"1,19";152084460;Комплектующие для солнечных панелей;101003;https://prom.ua/Komplektuyuschie-dlya-alternativnyh-istochnikov-energii;V;;Вага;г;;Тип устройства;;Кріплення для сонячних панелей;;
382;https://viatec.ua/catalog/kriplennia-soniachnih-panelei/0:0;prom;prom_;1;"1,3";140905382;Безопасность и комфорт;101003;https://prom.ua/Komplektuyuschie-dlya-alternativnyh-istochnikov-energii;"V, Vmin, noindex";;Вага;г;;Тип устройства;;Кріплення для сонячних панелей;;
383;https://viatec.ua/catalog/soniachnii-kabel/0:0;site;;"0,9";"1,19";152084594;Кабель для солнечных панелей;14190408;https://prom.ua/ua/Silovoj-kabel;V;;Вага;г;;Тип устройства;;Кабель для сонячних панелей;;
384;https://viatec.ua/catalog/soniachnii-kabel/0:0;prom;prom_;1;"1,3";140905382;Безопасность и комфорт;14190408;https://prom.ua/ua/Silovoj-kabel;"V, Vmin, noindex";;Вага;г;;Тип устройства;;Кабель для сонячних панелей;;
385;https://viatec.ua/catalog/generatori/0:0;site;;"0,9";"1,19";152084669;Генераторы;410402;https://prom.ua/Dizel-generatory;V;;Вага;кг;;;;;;
386;https://viatec.ua/catalog/generatori/0:0;prom;prom_;1;"1,3";140905382;Безопасность и комфорт;410402;https://prom.ua/Dizel-generatory;"V, Vmin, noindex";;Вага;кг;;;;;;
387;https://viatec.ua/catalog/batareiki-ta-akumuliatori/0:0;site;;"0,9";"1,19";152084678;Батарейки;1507;https://prom.ua/Batarejki;V;;Вага;кг;;;;;;
388;https://viatec.ua/catalog/batareiki-ta-akumuliatori/0:0;prom;prom_;"0,95";"1,3";140905382;Безопасность и комфорт;1507;https://prom.ua/Batarejki;"V, Vmin, noindex";;Вага;кг;;;;;;
389;"https://viatec.ua/catalog/poverbanki/0:0;rozemi-adapteriv:usba,usbc";site;;"0,9";"1,19";152084703;"Повербанки, адаптеры питания";5090319;https://prom.ua/ua/Zariadnye-ustroistva-dlia-smartfonov-y-planshetov;V;;Вага;г;;Тип устройства;;Адаптери для телефонів і планшетів;;
390;"https://viatec.ua/catalog/poverbanki/0:0;rozemi-adapteriv:usba,usbc";prom;prom_;"0,95";"1,3";140905382;Безопасность и комфорт;5090319;https://prom.ua/ua/Zariadnye-ustroistva-dlia-smartfonov-y-planshetov;"V, Vmin, noindex";;Вага;г;;Тип устройства;;Адаптери для телефонів і планшетів;;
391;"https://viatec.ua/catalog/poverbanki/0:0;emkost-paverbank:109,203,8000,3000,50000,40000,24000";site;;"0,9";"1,19";152084703;"Повербанки, адаптеры питания";71109;https://prom.ua/Vneshnie-akkumulyatory-dlya-tsifrovoj-tehniki;V;;Вага;г;;Тип устройства;;Повербанки;;
392;"https://viatec.ua/catalog/poverbanki/0:0;emkost-paverbank:109,203,8000,3000,50000,40000,24000";prom;prom_;"0,95";"1,3";140905382;Безопасность и комфорт;71109;https://prom.ua/Vneshnie-akkumulyatory-dlya-tsifrovoj-tehniki;"V, Vmin, noindex";;Вага;г;;Тип устройства;;Повербанки;;
393;"https://viatec.ua/catalog/poverbanki/0:0;rozemi-kabeliv:lightning-usba,usbc-usba,microusb-usba,usbc-lightning,usbc-usbc,micro-c,usb-a-c-lmc,usb-a-a";site;;"0,9";"1,19";152084703;"Повербанки, адаптеры питания";63719;https://prom.ua/Audio-video-kabeli-perehodniki-razemy;V;;Вага;г;;Тип устройства;;Кабелі для гаджетів;;
394;"https://viatec.ua/catalog/poverbanki/0:0;rozemi-kabeliv:lightning-usba,usbc-usba,microusb-usba,usbc-lightning,usbc-usbc,micro-c,usb-a-c-lmc,usb-a-a";prom;prom_;"0,95";"1,3";140905382;Безопасность и комфорт;63719;https://prom.ua/Audio-video-kabeli-perehodniki-razemy;"V, Vmin, noindex";;Вага;г;;Тип устройства;;Кабелі для гаджетів;;
395;"https://viatec.ua/catalog/zariadni-pristroi-dlia-akumuliatoriv/0:0;tip-batareiok:peremichka";site;;"0,9";"1,19";152086699;Зарядные устройства и аксессуары для аккумуляторов;14190408;https://prom.ua/ua/Silovoj-kabel;V;;Вага;кг;;Тип устройства;;Кабель для з'єднання АКБ;;
396;"https://viatec.ua/catalog/zariadni-pristroi-dlia-akumuliatoriv/0:0;tip-batareiok:peremichka";prom;prom_;"0,95";"1,3";140905382;Безопасность и комфорт;14190408;https://prom.ua/ua/Silovoj-kabel;"V, Vmin, noindex";;Вага;кг;;Тип устройства;;Кабель для з'єднання АКБ;;
397;"https://viatec.ua/catalog/zariadni-pristroi-dlia-akumuliatoriv/0:0;tip-batareiok:awg-can";site;;"0,9";"1,19";152086699;Зарядные устройства и аксессуары для аккумуляторов;14190408;https://prom.ua/ua/Silovoj-kabel;V;;Вага;кг;;Тип устройства;;Комплект кабелей AWG+CAN;;
398;"https://viatec.ua/catalog/zariadni-pristroi-dlia-akumuliatoriv/0:0;tip-batareiok:awg-can";prom;prom_;"0,95";"1,3";140905382;Безопасность и комфорт;14190408;https://prom.ua/ua/Silovoj-kabel;"V, Vmin, noindex";;Вага;кг;;Тип устройства;;Комплект кабелей AWG+CAN;;
399;"https://viatec.ua/catalog/zariadni-pristroi-dlia-akumuliatoriv/0:0;tip-batareiok:balancir";site;;"0,9";"1,19";152086699;Зарядные устройства и аксессуары для аккумуляторов;5280501;https://prom.ua/ua/Akkumulyatornye-bloki;V;;Вага;кг;;Тип устройства;;Акумуляторний балансир;;
400;"https://viatec.ua/catalog/zariadni-pristroi-dlia-akumuliatoriv/0:0;tip-batareiok:balancir";prom;prom_;"0,95";"1,3";140905382;Безопасность и комфорт;5280501;https://prom.ua/ua/Akkumulyatornye-bloki;"V, Vmin, noindex";;Вага;кг;;Тип устройства;;Акумуляторний балансир;;
401;"https://viatec.ua/catalog/zariadni-pristroi-dlia-akumuliatoriv/0:0;tip-batareiok:tester";site;;"0,9";"1,19";152086699;Зарядные устройства и аксессуары для аккумуляторов;52802;https://prom.ua/ua/Testery-dlya-akkumulyatorov;V;;Вага;кг;;Тип устройства;;Тестер акумуляторний;;
402;"https://viatec.ua/catalog/zariadni-pristroi-dlia-akumuliatoriv/0:0;tip-batareiok:tester";prom;prom_;"0,95";"1,3";140905382;Безопасность и комфорт;52802;https://prom.ua/ua/Testery-dlya-akkumulyatorov;"V, Vmin, noindex";;Вага;кг;;Тип устройства;;Тестер акумуляторний;;
403;"https://viatec.ua/catalog/zariadni-pristroi-dlia-akumuliatoriv/0:0;tip-batareiok:pusko-zaridne";site;;"0,9";"1,19";152086699;Зарядные устройства и аксессуары для аккумуляторов;410202;https://prom.ua/ua/Avtomobilnye-zaryadnye-ustrojstva;V;;Вага;кг;;Тип устройства;;Пуско-зарядний пристрій;;
404;"https://viatec.ua/catalog/zariadni-pristroi-dlia-akumuliatoriv/0:0;tip-batareiok:pusko-zaridne";prom;prom_;"0,95";"1,3";140905382;Безопасность и комфорт;410202;https://prom.ua/ua/Avtomobilnye-zaryadnye-ustrojstva;"V, Vmin, noindex";;Вага;кг;;Тип устройства;;Пуско-зарядний пристрій;;
405;"https://viatec.ua/catalog/zariadni-pristroi-dlia-akumuliatoriv/0:0;tip-batareiok:analizator-batarei";site;;"0,9";"1,19";152086699;Зарядные устройства и аксессуары для аккумуляторов;52802;https://prom.ua/ua/Testery-dlya-akkumulyatorov;V;;Вага;кг;;Тип устройства;;Аналізатор батарей;;
406;"https://viatec.ua/catalog/zariadni-pristroi-dlia-akumuliatoriv/0:0;tip-batareiok:analizator-batarei";prom;prom_;"0,95";"1,3";140905382;Безопасность и комфорт;52802;https://prom.ua/ua/Testery-dlya-akkumulyatorov;"V, Vmin, noindex";;Вага;кг;;Тип устройства;;Аналізатор батарей;;
407;"https://viatec.ua/catalog/zariadni-pristroi-dlia-akumuliatoriv/0:0;tip-batareiok:zariadne-dlia-akumuliatoriv";site;;"0,9";"1,19";152086699;Зарядные устройства и аксессуары для аккумуляторов;410201;https://prom.ua/ua/Zaryadnye-ustrojstva-dlya-akkumulyatorov;V;;Вага;кг;;Тип устройства;;Зарядне для акумуляторів;;
408;"https://viatec.ua/catalog/zariadni-pristroi-dlia-akumuliatoriv/0:0;tip-batareiok:zariadne-dlia-akumuliatoriv";prom;prom_;"0,95";"1,3";140905382;Безопасность и комфорт;410201;https://prom.ua/ua/Zaryadnye-ustrojstva-dlya-akkumulyatorov;"V, Vmin, noindex";;Вага;кг;;Тип устройства;;Зарядне для акумуляторів;;
409;"https://viatec.ua/catalog/zariadni-pristroi-dlia-akumuliatoriv/0:0;tip-batareiok:3";site;;"0,9";"1,19";152086699;Зарядные устройства и аксессуары для аккумуляторов;410201;https://prom.ua/ua/Zaryadnye-ustrojstva-dlya-akkumulyatorov;V;;Вага;кг;;Тип устройства;;Зарядне для батарейок;;
410;"https://viatec.ua/catalog/zariadni-pristroi-dlia-akumuliatoriv/0:0;tip-batareiok:3";prom;prom_;"0,95";"1,3";140905382;Безопасность и комфорт;410201;https://prom.ua/ua/Zaryadnye-ustrojstva-dlya-akkumulyatorov;"V, Vmin, noindex";;Вага;кг;;Тип устройства;;Зарядне для батарейок;;
411;"https://viatec.ua/catalog/zariadni-pristroi-dlia-akumuliatoriv/0:0;tip-batareiok:bms";site;;"0,9";"1,19";152086699;Зарядные устройства и аксессуары для аккумуляторов;5280501;https://prom.ua/ua/Akkumulyatornye-bloki;V;;Вага;кг;;Тип устройства;;Система керування акумулятора;;
412;"https://viatec.ua/catalog/zariadni-pristroi-dlia-akumuliatoriv/0:0;tip-batareiok:bms";prom;prom_;"0,95";"1,3";140905382;Безопасность и комфорт;5280501;https://prom.ua/ua/Akkumulyatornye-bloki;"V, Vmin, noindex";;Вага;кг;;Тип устройства;;Система керування акумулятора;;
413;"https://viatec.ua/catalog/zariadni-pristroi-dlia-akumuliatoriv/0:0;tip-batareiok:keis-dlia-zariadnogo";site;;"0,9";"1,19";152086699;Зарядные устройства и аксессуары для аккумуляторов;142007;https://prom.ua/ua/Sumki-dlya-instrumenta;V;;Вага;кг;;Тип устройства;;Кейс для зарядного;;
414;"https://viatec.ua/catalog/zariadni-pristroi-dlia-akumuliatoriv/0:0;tip-batareiok:keis-dlia-zariadnogo";prom;prom_;"0,95";"1,3";140905382;Безопасность и комфорт;142007;https://prom.ua/ua/Sumki-dlya-instrumenta;"V, Vmin, noindex";;Вага;кг;;Тип устройства;;Кейс для зарядного;;
415;"https://viatec.ua/catalog/zariadni-pristroi-dlia-akumuliatoriv/0:0;tip-batareiok:boks-dlia-batarei";site;;"0,9";"1,19";152086699;Зарядные устройства и аксессуары для аккумуляторов;52810;https://prom.ua/ua/Batarejnye-akkumulyatornye-otseki;V;;Вага;кг;;Тип устройства;;Бокс для батарей;;
416;"https://viatec.ua/catalog/zariadni-pristroi-dlia-akumuliatoriv/0:0;tip-batareiok:boks-dlia-batarei";prom;prom_;"0,95";"1,3";140905382;Безопасность и комфорт;52810;https://prom.ua/ua/Batarejnye-akkumulyatornye-otseki;"V, Vmin, noindex";;Вага;кг;;Тип устройства;;Бокс для батарей;;
417;"https://viatec.ua/catalog/zariadni-pristroi-dlia-akumuliatoriv/0:0;tip-batareiok:m6-dbzh";site;;"0,9";"1,19";152086699;Зарядные устройства и аксессуары для аккумуляторов;14190408;https://prom.ua/ua/Silovoj-kabel;V;;Вага;кг;;Тип устройства;;Перехідник М6-ДБЖ;;
418;"https://viatec.ua/catalog/zariadni-pristroi-dlia-akumuliatoriv/0:0;tip-batareiok:m6-dbzh";prom;prom_;"0,95";"1,3";140905382;Безопасность и комфорт;14190408;https://prom.ua/ua/Silovoj-kabel;"V, Vmin, noindex";;Вага;кг;;Тип устройства;;Перехідник М6-ДБЖ;;
419;"https://viatec.ua/catalog/zariadni-pristroi-dlia-akumuliatoriv/0:0;tip-batareiok:pidstavka";site;;"0,9";"1,19";152086699;Зарядные устройства и аксессуары для аккумуляторов;12020309;https://prom.ua/ua/Poddony-dlya-akkumulyatorov;V;;Вага;кг;;Тип устройства;;Підставка для батареї;;
420;"https://viatec.ua/catalog/zariadni-pristroi-dlia-akumuliatoriv/0:0;tip-batareiok:pidstavka";prom;prom_;"0,95";"1,3";140905382;Безопасность и комфорт;12020309;https://prom.ua/ua/Poddony-dlya-akkumulyatorov;"V, Vmin, noindex";;Вага;кг;;Тип устройства;;Підставка для батареї;;
421;"https://viatec.ua/catalog/zariadni-pristroi-dlia-akumuliatoriv/0:0;tip-batareiok:antena";site;;"0,9";"1,19";152086699;Зарядные устройства и аксессуары для аккумуляторов;5090211;https://prom.ua/ua/Antenny-dlya-mobilnyh-telefonov;V;;Вага;кг;;Тип устройства;;Антена Victron Energy;;
422;"https://viatec.ua/catalog/zariadni-pristroi-dlia-akumuliatoriv/0:0;tip-batareiok:antena";prom;prom_;"0,95";"1,3";140905382;Безопасность и комфорт;5090211;https://prom.ua/ua/Antenny-dlya-mobilnyh-telefonov;"V, Vmin, noindex";;Вага;кг;;Тип устройства;;Антена Victron Energy;;
423;"https://viatec.ua/catalog/elektroinstrumenti/0:0;drili:shurupokrut";site;;"0,9";"1,19";152104243;Електроінструменти;141711;https://prom.ua/ua/Shurupoverty;V;;Вага;кг;;Тип устройства;;Шурупокрут;;
424;"https://viatec.ua/catalog/elektroinstrumenti/0:0;drili:shurupokrut";prom;prom_;"0,95";"1,3";140905382;Безопасность и комфорт;141711;https://prom.ua/ua/Shurupoverty;"V, Vmin, noindex";;Вага;кг;;Тип устройства;;Шурупокрут;;
425;"https://viatec.ua/catalog/elektroinstrumenti/0:0;drili:dril";site;;"0,9";"1,19";152104243;Електроінструменти;141711;https://prom.ua/ua/Shurupoverty;V;;Вага;кг;;Тип устройства;;Електродриль;;
426;"https://viatec.ua/catalog/elektroinstrumenti/0:0;drili:dril";prom;prom_;"0,95";"1,3";140905382;Безопасность и комфорт;141711;https://prom.ua/ua/Shurupoverty;"V, Vmin, noindex";;Вага;кг;;Тип устройства;;Електродриль;;
427;"https://viatec.ua/catalog/elektroinstrumenti/0:0;drili:gaikokrut";site;;"0,9";"1,19";152104243;Електроінструменти;141714;https://prom.ua/ua/Gajkoverty-elektricheskie;V;;Вага;кг;;Тип устройства;;Гайкокрут;;
428;"https://viatec.ua/catalog/elektroinstrumenti/0:0;drili:gaikokrut";prom;prom_;"0,95";"1,3";140905382;Безопасность и комфорт;141714;https://prom.ua/ua/Gajkoverty-elektricheskie;"V, Vmin, noindex";;Вага;кг;;Тип устройства;;Гайкокрут;;
429;"https://viatec.ua/catalog/elektroinstrumenti/0:0;drili:perforator";site;;"0,9";"1,19";152104243;Електроінструменти;141725;https://prom.ua/ua/Perforatory;V;;Вага;кг;;Тип устройства;;Перфоратор;;
430;"https://viatec.ua/catalog/elektroinstrumenti/0:0;drili:perforator";prom;prom_;"0,95";"1,3";140905382;Безопасность и комфорт;141725;https://prom.ua/ua/Perforatory;"V, Vmin, noindex";;Вага;кг;;Тип устройства;;Перфоратор;;
431;"https://viatec.ua/catalog/elektroinstrumenti/0:0;drili:vidbii-molotok";site;;"0,9";"1,19";152104243;Електроінструменти;14200513;https://prom.ua/ua/Pnevmaticheskie-otbojnye-molotki;V;;Вага;кг;;Тип устройства;;Відбійний молоток;;
432;"https://viatec.ua/catalog/elektroinstrumenti/0:0;drili:vidbii-molotok";prom;prom_;"0,95";"1,3";140905382;Безопасность и комфорт;14200513;https://prom.ua/ua/Pnevmaticheskie-otbojnye-molotki;"V, Vmin, noindex";;Вага;кг;;Тип устройства;;Відбійний молоток;;
433;"https://viatec.ua/catalog/elektroinstrumenti/0:0;pilki:diskova";site;;"0,9";"1,19";152104243;Електроінструменти;14172701;https://prom.ua/ua/Pily-diskovye-ruchnye;V;;Вага;кг;;Тип устройства;;Дискові пили;;
434;"https://viatec.ua/catalog/elektroinstrumenti/0:0;pilki:diskova";prom;prom_;"0,95";"1,3";140905382;Безопасность и комфорт;14172701;https://prom.ua/ua/Pily-diskovye-ruchnye;"V, Vmin, noindex";;Вага;кг;;Тип устройства;;Дискові пили;;
435;"https://viatec.ua/catalog/elektroinstrumenti/0:0;pilki:lancugova";site;;"0,9";"1,19";152104243;Електроінструменти;14200914;https://prom.ua/ua/Gidravlicheskie-tsepnye-pily;V;;Вага;кг;;Тип устройства;;Ланцюгові пили;;
436;"https://viatec.ua/catalog/elektroinstrumenti/0:0;pilki:lancugova";prom;prom_;"0,95";"1,3";140905382;Безопасность и комфорт;14200914;https://prom.ua/ua/Gidravlicheskie-tsepnye-pily;"V, Vmin, noindex";;Вага;кг;;Тип устройства;;Ланцюгові пили;;
437;"https://viatec.ua/catalog/elektroinstrumenti/0:0;pilki:shabelna";site;;"0,9";"1,19";152104243;Електроінструменти;141720;https://prom.ua/ua/Elektronozhovki;V;;Вага;кг;;Тип устройства;;Шабельні пили;;
438;"https://viatec.ua/catalog/elektroinstrumenti/0:0;pilki:shabelna";prom;prom_;"0,95";"1,3";140905382;Безопасность и комфорт;141720;https://prom.ua/ua/Elektronozhovki;"V, Vmin, noindex";;Вага;кг;;Тип устройства;;Шабельні пили;;
439;"https://viatec.ua/catalog/elektroinstrumenti/0:0;pilki:torcuvalna";site;;"0,9";"1,19";152104243;Електроінструменти;14172702;https://prom.ua/ua/Pily-tortsovochnye-ruchnye;V;;Вага;кг;;Тип устройства;;Торцювальні пили;;
440;"https://viatec.ua/catalog/elektroinstrumenti/0:0;pilki:torcuvalna";prom;prom_;"0,95";"1,3";140905382;Безопасность и комфорт;14172702;https://prom.ua/ua/Pily-tortsovochnye-ruchnye;"V, Vmin, noindex";;Вага;кг;;Тип устройства;;Торцювальні пили;;
441;"https://viatec.ua/catalog/elektroinstrumenti/0:0;detektori:nivelir";site;;"0,9";"1,19";152104243;Електроінструменти;190402;https://prom.ua/ua/Lazernye-niveliry;V;;Вага;кг;;Тип устройства;;Нівелір;;
442;"https://viatec.ua/catalog/elektroinstrumenti/0:0;detektori:nivelir";prom;prom_;"0,95";"1,3";140905382;Безопасность и комфорт;190402;https://prom.ua/ua/Lazernye-niveliry;"V, Vmin, noindex";;Вага;кг;;Тип устройства;;Нівелір;;
443;"https://viatec.ua/catalog/elektroinstrumenti/0:0;detektori:dalnomir";site;;"0,9";"1,19";152104243;Електроінструменти;190403;https://prom.ua/Lazernye-dalnomery;V;;Вага;кг;;Тип устройства;;Далекомір;;
444;"https://viatec.ua/catalog/elektroinstrumenti/0:0;detektori:dalnomir";prom;prom_;"0,95";"1,3";140905382;Безопасность и комфорт;190403;https://prom.ua/Lazernye-dalnomery;"V, Vmin, noindex";;Вага;кг;;Тип устройства;;Далекомір;;
445;"https://viatec.ua/catalog/elektroinstrumenti/0:0;detektori:detektor-provodki";site;;"0,9";"1,19";152104243;Електроінструменти;15370320;https://prom.ua/ua/Detektory-skrytoj-provodki;V;;Вага;кг;;Тип устройства;;Детектор прихованої проводки;;
446;"https://viatec.ua/catalog/elektroinstrumenti/0:0;detektori:detektor-provodki";prom;prom_;"0,95";"1,3";140905382;Безопасность и комфорт;15370320;https://prom.ua/ua/Detektory-skrytoj-provodki;"V, Vmin, noindex";;Вага;кг;;Тип устройства;;Детектор прихованої проводки;;
447;"https://viatec.ua/catalog/elektroinstrumenti/0:0;detektori:teplovizor";site;;"0,9";"1,19";152104243;Електроінструменти;153709;https://prom.ua/ua/Termometry-pirometry-teplovizory;V;;Вага;кг;;Тип устройства;;Тепловізор;;
448;"https://viatec.ua/catalog/elektroinstrumenti/0:0;detektori:teplovizor";prom;prom_;"0,95";"1,3";140905382;Безопасность и комфорт;153709;https://prom.ua/ua/Termometry-pirometry-teplovizory;"V, Vmin, noindex";;Вага;кг;;Тип устройства;;Тепловізор;;
449;"https://viatec.ua/catalog/elektroinstrumenti/0:0;detektori:pirometr";site;;"0,9";"1,19";152104243;Електроінструменти;153709;https://prom.ua/ua/Termometry-pirometry-teplovizory;V;;Вага;кг;;Тип устройства;;Пірометр;;
450;"https://viatec.ua/catalog/elektroinstrumenti/0:0;detektori:pirometr";prom;prom_;"0,95";"1,3";140905382;Безопасность и комфорт;153709;https://prom.ua/ua/Termometry-pirometry-teplovizory;"V, Vmin, noindex";;Вага;кг;;Тип устройства;;Пірометр;;
451;"https://viatec.ua/catalog/elektroinstrumenti/0:0;tip-instrumentu-elektro:kutova-shlifmashina";site;;"0,9";"1,19";152104243;Електроінструменти;141717;https://prom.ua/ua/Shlifovalnye-mashiny;V;;Вага;кг;;Тип устройства;;Кутова шліфмашина;;
452;"https://viatec.ua/catalog/elektroinstrumenti/0:0;tip-instrumentu-elektro:kutova-shlifmashina";prom;prom_;"0,95";"1,3";140905382;Безопасность и комфорт;141717;https://prom.ua/ua/Shlifovalnye-mashiny;"V, Vmin, noindex";;Вага;кг;;Тип устройства;;Кутова шліфмашина;;
453;"https://viatec.ua/catalog/elektroinstrumenti/0:0;tip-instrumentu-elektro:vibroplita";site;;"0,9";"1,19";152104243;Електроінструменти;132611;https://prom.ua/ua/Trambovochnye-mashiny;V;;Вага;кг;;Тип устройства;;Віброплита;;
454;"https://viatec.ua/catalog/elektroinstrumenti/0:0;tip-instrumentu-elektro:vibroplita";prom;prom_;"0,95";"1,3";140905382;Безопасность и комфорт;132611;https://prom.ua/ua/Trambovochnye-mashiny;"V, Vmin, noindex";;Вага;кг;;Тип устройства;;Віброплита;;
455;"https://viatec.ua/catalog/elektroinstrumenti/0:0;tip-instrumentu-elektro:nabir";site;;"0,9";"1,19";152104243;Електроінструменти;142004;https://prom.ua/ua/Nabory-instrumentov;V;;Вага;кг;;Тип устройства;;Набір електроінструментів;;
456;"https://viatec.ua/catalog/elektroinstrumenti/0:0;tip-instrumentu-elektro:nabir";prom;prom_;"0,95";"1,3";140905382;Безопасность и комфорт;142004;https://prom.ua/ua/Nabory-instrumentov;"V, Vmin, noindex";;Вага;кг;;Тип устройства;;Набір електроінструментів;;
457;"https://viatec.ua/catalog/elektroinstrumenti/0:0;tip-instrumentu-elektro:vibro-shlifmachina";site;;"0,9";"1,19";152104243;Електроінструменти;14200502;https://prom.ua/ua/Shlifovalnye-mashiny;V;;Вага;кг;;Тип устройства;;Вібраційна шліфувальна машина;;
458;"https://viatec.ua/catalog/elektroinstrumenti/0:0;tip-instrumentu-elektro:vibro-shlifmachina";prom;prom_;"0,95";"1,3";140905382;Безопасность и комфорт;14200502;https://prom.ua/ua/Shlifovalnye-mashiny;"V, Vmin, noindex";;Вага;кг;;Тип устройства;;Вібраційна шліфувальна машина;;
459;"https://viatec.ua/catalog/elektroinstrumenti/0:0;tip-instrumentu-elektro:bagatofunk-instrument";site;;"0,9";"1,19";152104243;Електроінструменти;141735;https://prom.ua/ua/Mnogofunktsionalnye-instrumenty;V;;Вага;кг;;Тип устройства;;Багатофункціональний інструмент;;
460;"https://viatec.ua/catalog/elektroinstrumenti/0:0;tip-instrumentu-elektro:bagatofunk-instrument";prom;prom_;"0,95";"1,3";140905382;Безопасность и комфорт;141735;https://prom.ua/ua/Mnogofunktsionalnye-instrumenty;"V, Vmin, noindex";;Вага;кг;;Тип устройства;;Багатофункціональний інструмент;;
461;"https://viatec.ua/catalog/elektroinstrumenti/0:0;tip-instrumentu-elektro:gazova-lampa";site;;"0,9";"1,19";152104243;Електроінструменти;14400804;https://prom.ua/ua/Payalnye-lampy;V;;Вага;кг;;Тип устройства;;Газова паяльна лампа;;
462;"https://viatec.ua/catalog/elektroinstrumenti/0:0;tip-instrumentu-elektro:gazova-lampa";prom;prom_;"0,95";"1,3";140905382;Безопасность и комфорт;14400804;https://prom.ua/ua/Payalnye-lampy;"V, Vmin, noindex";;Вага;кг;;Тип устройства;;Газова паяльна лампа;;
463;"https://viatec.ua/catalog/elektroinstrumenti/0:0;tip-instrumentu-elektro:frezer";site;;"0,9";"1,19";152104243;Електроінструменти;141703;https://prom.ua/ua/Frezernye-mashiny;V;;Вага;кг;;Тип устройства;;Фрезер;;
464;"https://viatec.ua/catalog/elektroinstrumenti/0:0;tip-instrumentu-elektro:frezer";prom;prom_;"0,95";"1,3";140905382;Безопасность и комфорт;141703;https://prom.ua/ua/Frezernye-mashiny;"V, Vmin, noindex";;Вага;кг;;Тип устройства;;Фрезер;;
465;"https://viatec.ua/catalog/elektroinstrumenti/0:0;tip-instrumentu-elektro:lobzik";site;;"0,9";"1,19";152104243;Електроінструменти;141713;https://prom.ua/ua/Elektrolobziki;V;;Вага;кг;;Тип устройства;;Електролобзик;;
466;"https://viatec.ua/catalog/elektroinstrumenti/0:0;tip-instrumentu-elektro:lobzik";prom;prom_;"0,95";"1,3";140905382;Безопасность и комфорт;141713;https://prom.ua/ua/Elektrolobziki;"V, Vmin, noindex";;Вага;кг;;Тип устройства;;Електролобзик;;
467;"https://viatec.ua/catalog/elektroinstrumenti/0:0;tip-instrumentu-elektro:verstat-sverlilnii";site;;"0,9";"1,19";152104243;Електроінструменти;14209803;https://prom.ua/ua/Sverlilnye-stanki;V;;Вага;кг;;Тип устройства;;Свердлильний верстат;;
468;"https://viatec.ua/catalog/elektroinstrumenti/0:0;tip-instrumentu-elektro:verstat-sverlilnii";prom;prom_;"0,95";"1,3";140905382;Безопасность и комфорт;14209803;https://prom.ua/ua/Sverlilnye-stanki;"V, Vmin, noindex";;Вага;кг;;Тип устройства;;Свердлильний верстат;;
469;"https://viatec.ua/catalog/elektroinstrumenti/0:0;tip-instrumentu-elektro:shtroboriz";site;;"0,9";"1,19";152104243;Електроінструменти;141718;https://prom.ua/ua/Shtroborezy;V;;Вага;кг;;Тип устройства;;Штроборіз;;
470;"https://viatec.ua/catalog/elektroinstrumenti/0:0;tip-instrumentu-elektro:shtroboriz";prom;prom_;"0,95";"1,3";140905382;Безопасность и комфорт;141718;https://prom.ua/ua/Shtroborezy;"V, Vmin, noindex";;Вага;кг;;Тип устройства;;Штроборіз;;
471;"https://viatec.ua/catalog/elektroinstrumenti/0:0;tip-instrumentu-elektro:mishalka";site;;"0,9";"1,19";152104243;Електроінструменти;141723;https://prom.ua/Miksery-stroitelnye-elektricheskie;V;;Вага;кг;;Тип устройства;;Будівельний міксер;;
472;"https://viatec.ua/catalog/elektroinstrumenti/0:0;tip-instrumentu-elektro:mishalka";prom;prom_;"0,95";"1,3";140905382;Безопасность и комфорт;141723;https://prom.ua/Miksery-stroitelnye-elektricheskie;"V, Vmin, noindex";;Вага;кг;;Тип устройства;;Будівельний міксер;;
473;"https://viatec.ua/catalog/elektroinstrumenti/0:0;tip-instrumentu-elektro:fen";site;;"0,9";"1,19";152104243;Електроінструменти;141706;https://prom.ua/ua/Feny-tehnicheskie;V;;Вага;кг;;Тип устройства;;Промисловий фен;;
474;"https://viatec.ua/catalog/elektroinstrumenti/0:0;tip-instrumentu-elektro:fen";prom;prom_;"0,95";"1,3";140905382;Безопасность и комфорт;141706;https://prom.ua/ua/Feny-tehnicheskie;"V, Vmin, noindex";;Вага;кг;;Тип устройства;;Промисловий фен;;
475;"https://viatec.ua/catalog/elektroinstrumenti/0:0;tip-instrumentu-elektro:kraskopult";site;;"0,9";"1,19";152104243;Електроінструменти;14201612;https://prom.ua/ua/Kraskopulty-elektricheskie;V;;Вага;кг;;Тип устройства;;Фарбопульт;;
476;"https://viatec.ua/catalog/elektroinstrumenti/0:0;tip-instrumentu-elektro:kraskopult";prom;prom_;"0,95";"1,3";140905382;Безопасность и комфорт;14201612;https://prom.ua/ua/Kraskopulty-elektricheskie;"V, Vmin, noindex";;Вага;кг;;Тип устройства;;Фарбопульт;;
477;"https://viatec.ua/catalog/elektroinstrumenti/0:0;tip-instrumentu-elektro:kompresor";site;;"0,9";"1,19";152104243;Електроінструменти;141002;https://prom.ua/ua/Kompressory-porshnevye;V;;Вага;кг;;Тип устройства;;Компресор;;
478;"https://viatec.ua/catalog/elektroinstrumenti/0:0;tip-instrumentu-elektro:kompresor";prom;prom_;"0,95";"1,3";140905382;Безопасность и комфорт;141002;https://prom.ua/ua/Kompressory-porshnevye;"V, Vmin, noindex";;Вага;кг;;Тип устройства;;Компресор;;
479;"https://viatec.ua/catalog/elektroinstrumenti/0:0;tip-instrumentu-elektro:kleiovii-pistolet";site;;"0,9";"1,19";152104243;Електроінструменти;141726;https://prom.ua/ua/Kleevye-pistolety-elektricheskie;V;;Вага;кг;;Тип устройства;;Клейовий пістолет;;
480;"https://viatec.ua/catalog/elektroinstrumenti/0:0;tip-instrumentu-elektro:kleiovii-pistolet";prom;prom_;"0,95";"1,3";140905382;Безопасность и комфорт;141726;https://prom.ua/ua/Kleevye-pistolety-elektricheskie;"V, Vmin, noindex";;Вага;кг;;Тип устройства;;Клейовий пістолет;;
481;"https://viatec.ua/catalog/elektroinstrumenti/0:0;tip-instrumentu-elektro:porohotiag";site;;"0,9";"1,19";152104243;Електроінструменти;147002;https://prom.ua/ua/Professionalnye-pylesosy;V;;Вага;кг;;Тип устройства;;Порохотяг;;
482;"https://viatec.ua/catalog/elektroinstrumenti/0:0;tip-instrumentu-elektro:porohotiag";prom;prom_;"0,95";"1,3";140905382;Безопасность и комфорт;147002;https://prom.ua/ua/Professionalnye-pylesosy;"V, Vmin, noindex";;Вага;кг;;Тип устройства;;Порохотяг;;
483;"https://viatec.ua/catalog/elektroinstrumenti/0:0;tip-instrumentu-elektro:verstat";site;;"0,9";"1,19";152104243;Електроінструменти;12110103;https://prom.ua/ua/Stanki-dlya-rihtovki-diskov;V;;Вага;кг;;Тип устройства;;Верстат;;
484;"https://viatec.ua/catalog/elektroinstrumenti/0:0;tip-instrumentu-elektro:verstat";prom;prom_;"0,95";"1,3";140905382;Безопасность и комфорт;12110103;https://prom.ua/ua/Stanki-dlya-rihtovki-diskov;"V, Vmin, noindex";;Вага;кг;;Тип устройства;;Верстат;;
485;"https://viatec.ua/catalog/elektroinstrumenti/0:0;tip-instrumentu-elektro:reismus";site;;"0,9";"1,19";152104243;Електроінструменти;4305;https://prom.ua/ua/Fugovalno-rejsmusovye-stanki;V;;Вага;кг;;Тип устройства;;Рейсмус;;
486;"https://viatec.ua/catalog/elektroinstrumenti/0:0;tip-instrumentu-elektro:reismus";prom;prom_;"0,95";"1,3";140905382;Безопасность и комфорт;4305;https://prom.ua/ua/Fugovalno-rejsmusovye-stanki;"V, Vmin, noindex";;Вага;кг;;Тип устройства;;Рейсмус;;
487;"https://viatec.ua/catalog/elektroinstrumenti/0:0;tip-instrumentu-elektro:shlifmashina-po-gipcu";site;;"0,9";"1,19";152104243;Електроінструменти;14200502;https://prom.ua/ua/Shlifovalnye-mashiny;V;;Вага;кг;;Тип устройства;;Шліфмашина по гіпсокартону;;
488;"https://viatec.ua/catalog/elektroinstrumenti/0:0;tip-instrumentu-elektro:shlifmashina-po-gipcu";prom;prom_;"0,95";"1,3";140905382;Безопасность и комфорт;14200502;https://prom.ua/ua/Shlifovalnye-mashiny;"V, Vmin, noindex";;Вага;кг;;Тип устройства;;Шліфмашина по гіпсокартону;;
489;"https://viatec.ua/catalog/elektroinstrumenti/0:0;tip-instrumentu-elektro:lihtarik";site;;"0,9";"1,19";152104243;Електроінструменти;150410;https://prom.ua/ua/Fonariki-;V;;Вага;кг;;Тип устройства;;Ліхтарик;;
490;"https://viatec.ua/catalog/elektroinstrumenti/0:0;tip-instrumentu-elektro:lihtarik";prom;prom_;"0,95";"1,3";140905382;Безопасность и комфорт;150410;https://prom.ua/ua/Fonariki-;"V, Vmin, noindex";;Вага;кг;;Тип устройства;;Ліхтарик;;
491;"https://viatec.ua/catalog/elektroinstrumenti/0:0;tip-instrumentu-elektro:prozhektor";site;;"0,9";"1,19";152104243;Електроінструменти;150405;https://prom.ua/ua/Promyshlennoe-osveschenie;V;;Вага;кг;;Тип устройства;;Будівельний прожектор;;
492;"https://viatec.ua/catalog/elektroinstrumenti/0:0;tip-instrumentu-elektro:prozhektor";prom;prom_;"0,95";"1,3";140905382;Безопасность и комфорт;150405;https://prom.ua/ua/Promyshlennoe-osveschenie;"V, Vmin, noindex";;Вага;кг;;Тип устройства;;Будівельний прожектор;;
493;"https://viatec.ua/catalog/elektroinstrumenti/0:0;tip-instrumentu-elektro:radio";site;;"0,9";"1,19";152104243;Електроінструменти;632;https://prom.ua/ua/Radiopriemniki;V;;Вага;кг;;Тип устройства;;Радіоприймач;;
494;"https://viatec.ua/catalog/elektroinstrumenti/0:0;tip-instrumentu-elektro:radio";prom;prom_;"0,95";"1,3";140905382;Безопасность и комфорт;632;https://prom.ua/ua/Radiopriemniki;"V, Vmin, noindex";;Вага;кг;;Тип устройства;;Радіоприймач;;
495;"https://viatec.ua/catalog/elektroinstrumenti/0:0;tip-instrumentu-elektro:tochilnii-stanok";site;;"0,9";"1,19";152104243;Електроінструменти;143109;https://prom.ua/ua/Zatochnoe-oborudovanie;V;;Вага;кг;;Тип устройства;;Точильний станок;;
496;"https://viatec.ua/catalog/elektroinstrumenti/0:0;tip-instrumentu-elektro:tochilnii-stanok";prom;prom_;"0,95";"1,3";140905382;Безопасность и комфорт;143109;https://prom.ua/ua/Zatochnoe-oborudovanie;"V, Vmin, noindex";;Вага;кг;;Тип устройства;;Точильний станок;;
497;"https://viatec.ua/catalog/elektroinstrumenti/0:0;tip-instrumentu-elektro:nasos-pompa";site;;"0,9";"1,19";152104243;Електроінструменти;12110205;https://prom.ua/ua/Avtomobilnye-nasosy-kompressory;V;;Вага;кг;;Тип устройства;;Насос стисненого повітря;;
498;"https://viatec.ua/catalog/elektroinstrumenti/0:0;tip-instrumentu-elektro:nasos-pompa";prom;prom_;"0,95";"1,3";140905382;Безопасность и комфорт;12110205;https://prom.ua/ua/Avtomobilnye-nasosy-kompressory;"V, Vmin, noindex";;Вага;кг;;Тип устройства;;Насос стисненого повітря;;
499;"https://viatec.ua/catalog/elektroinstrumenti/0:0;tip-instrumentu-elektro:unvers-shitka";site;;"0,9";"1,19";152104243;Електроінструменти;151405;https://prom.ua/ua/Schetki-dlya-chistki;V;;Вага;кг;;Тип устройства;;Універсальна електрощітка;;
500;"https://viatec.ua/catalog/elektroinstrumenti/0:0;tip-instrumentu-elektro:unvers-shitka";prom;prom_;"0,95";"1,3";140905382;Безопасность и комфорт;151405;https://prom.ua/ua/Schetki-dlya-chistki;"V, Vmin, noindex";;Вага;кг;;Тип устройства;;Універсальна електрощітка;;
501;"https://viatec.ua/catalog/elektroinstrumenti/0:0;tip-instrumentu-elektro:pnevmoinstrument";site;;"0,9";"1,19";152104243;Електроінструменти;142004;https://prom.ua/ua/Nabory-instrumentov;V;;Вага;кг;;Тип устройства;;Пневмоінструмент;;
502;"https://viatec.ua/catalog/elektroinstrumenti/0:0;tip-instrumentu-elektro:pnevmoinstrument";prom;prom_;"0,95";"1,3";140905382;Безопасность и комфорт;142004;https://prom.ua/ua/Nabory-instrumentov;"V, Vmin, noindex";;Вага;кг;;Тип устройства;;Пневмоінструмент;;
503;"https://viatec.ua/catalog/elektroinstrumenti/0:0;tip-instrumentu-elektro:paroochisnik";site;;"0,9";"1,19";152104243;Електроінструменти;63022;https://prom.ua/ua/Paroochistitel;V;;Вага;кг;;Тип устройства;;Пароочисник;;
504;"https://viatec.ua/catalog/elektroinstrumenti/0:0;tip-instrumentu-elektro:paroochisnik";prom;prom_;"0,95";"1,3";140905382;Безопасность и комфорт;63022;https://prom.ua/ua/Paroochistitel;"V, Vmin, noindex";;Вага;кг;;Тип устройства;;Пароочисник;;
505;"https://viatec.ua/catalog/elektroinstrumenti/0:0;tip-instrumentu-elektro:shtativ";site;;"0,9";"1,19";152104243;Електроінструменти;13040909;https://prom.ua/ua/Vehi-i-rejki-nivelirnye;V;;Вага;кг;;Тип устройства;;Штатив для нівелірів;;
506;"https://viatec.ua/catalog/elektroinstrumenti/0:0;tip-instrumentu-elektro:shtativ";prom;prom_;"0,95";"1,3";140905382;Безопасность и комфорт;13040909;https://prom.ua/ua/Vehi-i-rejki-nivelirnye;"V, Vmin, noindex";;Вага;кг;;Тип устройства;;Штатив для нівелірів;;
507;"https://viatec.ua/catalog/elektroinstrumenti/0:0;tip-instrumentu-elektro:holodilnik";site;;"0,9";"1,19";152104243;Електроінструменти;602;https://prom.ua/ua/Holodilniki;V;;Вага;кг;;Тип устройства;;Акумуляторний холодильник;;
508;"https://viatec.ua/catalog/elektroinstrumenti/0:0;tip-instrumentu-elektro:holodilnik";prom;prom_;"0,95";"1,3";140905382;Безопасность и комфорт;602;https://prom.ua/ua/Holodilniki;"V, Vmin, noindex";;Вага;кг;;Тип устройства;;Акумуляторний холодильник;;
509;"https://viatec.ua/catalog/elektroinstrumenti/0:0;tip-instrumentu-elektro:vikonnii-pilosos";site;;"0,9";"1,19";152104243;Електроінструменти;608;https://prom.ua/ua/Pylesosy;V;;Вага;кг;;Тип устройства;;Віконний пилосос;;
510;"https://viatec.ua/catalog/elektroinstrumenti/0:0;tip-instrumentu-elektro:vikonnii-pilosos";prom;prom_;"0,95";"1,3";140905382;Безопасность и комфорт;608;https://prom.ua/ua/Pylesosy;"V, Vmin, noindex";;Вага;кг;;Тип устройства;;Віконний пилосос;;
511;"https://viatec.ua/catalog/elektroinstrumenti/0:0;tip-instrumentu-elektro:elektroshvabra";site;;"0,9";"1,19";152104243;Електроінструменти;151408;https://prom.ua/ua/Shvabry;V;;Вага;кг;;Тип устройства;;Електрошвабра;;
512;"https://viatec.ua/catalog/elektroinstrumenti/0:0;tip-instrumentu-elektro:elektroshvabra";prom;prom_;"0,95";"1,3";140905382;Безопасность и комфорт;151408;https://prom.ua/ua/Shvabry;"V, Vmin, noindex";;Вага;кг;;Тип устройства;;Електрошвабра;;
513;"https://viatec.ua/catalog/elektroinstrumenti/0:0;elektro-aks:acumuliator";site;;"0,9";"1,19";152104243;Електроінструменти;5280501;https://prom.ua/ua/Akkumulyatornye-bloki;V;;Вага;кг;;Тип устройства;;Акумулятор;;
514;"https://viatec.ua/catalog/elektroinstrumenti/0:0;elektro-aks:acumuliator";prom;prom_;"0,95";"1,3";140905382;Безопасность и комфорт;5280501;https://prom.ua/ua/Akkumulyatornye-bloki;"V, Vmin, noindex";;Вага;кг;;Тип устройства;;Акумулятор;;
515;"https://viatec.ua/catalog/elektroinstrumenti/0:0;elektro-aks:zariadne";site;;"0,9";"1,19";152104243;Електроінструменти;410201;https://prom.ua/ua/Zaryadnye-ustrojstva-dlya-akkumulyatorov;V;;Вага;кг;;Тип устройства;;Зарядний пристрій;;
516;"https://viatec.ua/catalog/elektroinstrumenti/0:0;elektro-aks:zariadne";prom;prom_;"0,95";"1,3";140905382;Безопасность и комфорт;410201;https://prom.ua/ua/Zaryadnye-ustrojstva-dlya-akkumulyatorov;"V, Vmin, noindex";;Вага;кг;;Тип устройства;;Зарядний пристрій;;
517;"https://viatec.ua/catalog/elektroinstrumenti/0:0;elektro-aks:zariadne-akum";site;;"0,9";"1,19";152104243;Електроінструменти;410201;https://prom.ua/ua/Zaryadnye-ustrojstva-dlya-akkumulyatorov;V;;Вага;кг;;Тип устройства;;Зарядний пристрій+акумулятор;;
518;"https://viatec.ua/catalog/elektroinstrumenti/0:0;elektro-aks:zariadne-akum";prom;prom_;"0,95";"1,3";140905382;Безопасность и комфорт;410201;https://prom.ua/ua/Zaryadnye-ustrojstva-dlya-akkumulyatorov;"V, Vmin, noindex";;Вага;кг;;Тип устройства;;Зарядний пристрій+акумулятор;;
519;"https://viatec.ua/catalog/elektroinstrumenti/0:0;elektro-aks:polotna-dlia-lobzika";site;;"0,9";"1,19";152104243;Електроінструменти;14201506;https://prom.ua/ua/Pilki-dlya-lobzikov;V;;Вага;кг;;Тип устройства;;Полотна для лобзика;;
520;"https://viatec.ua/catalog/elektroinstrumenti/0:0;elektro-aks:polotna-dlia-lobzika";prom;prom_;"0,95";"1,3";140905382;Безопасность и комфорт;14201506;https://prom.ua/ua/Pilki-dlya-lobzikov;"V, Vmin, noindex";;Вага;кг;;Тип устройства;;Полотна для лобзика;;
521;"https://viatec.ua/catalog/elektroinstrumenti/0:0;elektro-aks:krug-metal";site;;"0,9";"1,19";152104243;Електроінструменти;14201509;https://prom.ua/ua/Diski-pilnye-po-derevu;V;;Вага;кг;;Тип устройства;;Відрізне коло сталь;;
522;"https://viatec.ua/catalog/elektroinstrumenti/0:0;elektro-aks:krug-metal";prom;prom_;"0,95";"1,3";140905382;Безопасность и комфорт;14201509;https://prom.ua/ua/Diski-pilnye-po-derevu;"V, Vmin, noindex";;Вага;кг;;Тип устройства;;Відрізне коло сталь;;
523;"https://viatec.ua/catalog/elektroinstrumenti/0:0;elektro-aks:shlifkrug";site;;"0,9";"1,19";152104243;Електроінструменти;14201509;https://prom.ua/ua/Diski-pilnye-po-derevu;V;;Вага;кг;;Тип устройства;;Шліфкруг;;
524;"https://viatec.ua/catalog/elektroinstrumenti/0:0;elektro-aks:shlifkrug";prom;prom_;"0,95";"1,3";140905382;Безопасность и комфорт;14201509;https://prom.ua/ua/Diski-pilnye-po-derevu;"V, Vmin, noindex";;Вага;кг;;Тип устройства;;Шліфкруг;;
525;"https://viatec.ua/catalog/elektroinstrumenti/0:0;elektro-aks:obdir-stal";site;;"0,9";"1,19";152104243;Електроінструменти;14201509;https://prom.ua/ua/Diski-pilnye-po-derevu;V;;Вага;кг;;Тип устройства;;Обдирний круг сталь;;
526;"https://viatec.ua/catalog/elektroinstrumenti/0:0;elektro-aks:obdir-stal";prom;prom_;"0,95";"1,3";140905382;Безопасность и комфорт;14201509;https://prom.ua/ua/Diski-pilnye-po-derevu;"V, Vmin, noindex";;Вага;кг;;Тип устройства;;Обдирний круг сталь;;
527;"https://viatec.ua/catalog/elektroinstrumenti/0:0;elektro-aks:vidriz-beton";site;;"0,9";"1,19";152104243;Електроінструменти;14201509;https://prom.ua/ua/Diski-pilnye-po-derevu;V;;Вага;кг;;Тип устройства;;Відрізне коло бетон;;
528;"https://viatec.ua/catalog/elektroinstrumenti/0:0;elektro-aks:vidriz-beton";prom;prom_;"0,95";"1,3";140905382;Безопасность и комфорт;14201509;https://prom.ua/ua/Diski-pilnye-po-derevu;"V, Vmin, noindex";;Вага;кг;;Тип устройства;;Відрізне коло бетон;;
529;"https://viatec.ua/catalog/elektroinstrumenti/0:0;elektro-aks:vidriz-nerzhaviika";site;;"0,9";"1,19";152104243;Електроінструменти;14201509;https://prom.ua/ua/Diski-pilnye-po-derevu;V;;Вага;кг;;Тип устройства;;Відрізний круг кольорові метали;;
530;"https://viatec.ua/catalog/elektroinstrumenti/0:0;elektro-aks:vidriz-nerzhaviika";prom;prom_;"0,95";"1,3";140905382;Безопасность и комфорт;14201509;https://prom.ua/ua/Diski-pilnye-po-derevu;"V, Vmin, noindex";;Вага;кг;;Тип устройства;;Відрізний круг кольорові метали;;
531;"https://viatec.ua/catalog/elektroinstrumenti/0:0;elektro-aks:nabir-sverdl-po-metalu";site;;"0,9";"1,19";152104243;Електроінструменти;14201607;https://prom.ua/ua/Sverla;V;;Вага;кг;;Тип устройства;;Свердла по металу;;
532;"https://viatec.ua/catalog/elektroinstrumenti/0:0;elektro-aks:nabir-sverdl-po-metalu";prom;prom_;"0,95";"1,3";140905382;Безопасность и комфорт;14201607;https://prom.ua/ua/Sverla;"V, Vmin, noindex";;Вага;кг;;Тип устройства;;Свердла по металу;;
533;"https://viatec.ua/catalog/elektroinstrumenti/0:0;elektro-aks:sverdla-keramika";site;;"0,9";"1,19";152104243;Електроінструменти;14201607;https://prom.ua/ua/Sverla;V;;Вага;кг;;Тип устройства;;Свердла по кераміці;;
534;"https://viatec.ua/catalog/elektroinstrumenti/0:0;elektro-aks:sverdla-keramika";prom;prom_;"0,95";"1,3";140905382;Безопасность и комфорт;14201607;https://prom.ua/ua/Sverla;"V, Vmin, noindex";;Вага;кг;;Тип устройства;;Свердла по кераміці;;
535;"https://viatec.ua/catalog/elektroinstrumenti/0:0;elektro-aks:sverdla-po-derevu";site;;"0,9";"1,19";152104243;Електроінструменти;14201607;https://prom.ua/ua/Sverla;V;;Вага;кг;;Тип устройства;;Свердла по дереву;;
536;"https://viatec.ua/catalog/elektroinstrumenti/0:0;elektro-aks:sverdla-po-derevu";prom;prom_;"0,95";"1,3";140905382;Безопасность и комфорт;14201607;https://prom.ua/ua/Sverla;"V, Vmin, noindex";;Вага;кг;;Тип устройства;;Свердла по дереву;;
537;"https://viatec.ua/catalog/elektroinstrumenti/0:0;elektro-aks:sverdla-kombinovani";site;;"0,9";"1,19";152104243;Електроінструменти;14201607;https://prom.ua/ua/Sverla;V;;Вага;кг;;Тип устройства;;Свердла комбінований набір;;
538;"https://viatec.ua/catalog/elektroinstrumenti/0:0;elektro-aks:sverdla-kombinovani";prom;prom_;"0,95";"1,3";140905382;Безопасность и комфорт;14201607;https://prom.ua/ua/Sverla;"V, Vmin, noindex";;Вага;кг;;Тип устройства;;Свердла комбінований набір;;
539;"https://viatec.ua/catalog/elektroinstrumenti/0:0;elektro-aks:nabir-koronok";site;;"0,9";"1,19";152104243;Електроінструменти;14201508;https://prom.ua/ua/Koltsevye-pily;V;;Вага;кг;;Тип устройства;;Набір коронок;;
540;"https://viatec.ua/catalog/elektroinstrumenti/0:0;elektro-aks:nabir-koronok";prom;prom_;"0,95";"1,3";140905382;Безопасность и комфорт;14201508;https://prom.ua/ua/Koltsevye-pily;"V, Vmin, noindex";;Вага;кг;;Тип устройства;;Набір коронок;;
541;"https://viatec.ua/catalog/elektroinstrumenti/0:0;elektro-aks:cviahi";site;;"0,9";"1,19";152104243;Електроінструменти;420503;https://prom.ua/ua/Gvoizdi;V;;Вага;кг;;Тип устройства;;Цвяхи;;
542;"https://viatec.ua/catalog/elektroinstrumenti/0:0;elektro-aks:cviahi";prom;prom_;"0,95";"1,3";140905382;Безопасность и комфорт;420503;https://prom.ua/ua/Gvoizdi;"V, Vmin, noindex";;Вага;кг;;Тип устройства;;Цвяхи;;
543;"https://viatec.ua/catalog/elektroinstrumenti/0:0;elektro-aks:disk-torcuvalnii";site;;"0,9";"1,19";152104243;Електроінструменти;14201509;https://prom.ua/ua/Diski-pilnye-po-derevu;V;;Вага;кг;;Тип устройства;;Диск для торцювальної пили;;
544;"https://viatec.ua/catalog/elektroinstrumenti/0:0;elektro-aks:disk-torcuvalnii";prom;prom_;"0,95";"1,3";140905382;Безопасность и комфорт;14201509;https://prom.ua/ua/Diski-pilnye-po-derevu;"V, Vmin, noindex";;Вага;кг;;Тип устройства;;Диск для торцювальної пили;;
545;"https://viatec.ua/catalog/elektroinstrumenti/0:0;elektro-aks:nabir-sverdl-po-betonu";site;;"0,9";"1,19";152104243;Електроінструменти;14201607;https://prom.ua/ua/Sverla;V;;Вага;кг;;Тип устройства;;Бури по бетону;;
546;"https://viatec.ua/catalog/elektroinstrumenti/0:0;elektro-aks:nabir-sverdl-po-betonu";prom;prom_;"0,95";"1,3";140905382;Безопасность и комфорт;14201607;https://prom.ua/ua/Sverla;"V, Vmin, noindex";;Вага;кг;;Тип устройства;;Бури по бетону;;
547;"https://viatec.ua/catalog/elektroinstrumenti/0:0;elektro-aks:nabir-sverdl-i-bit";site;;"0,9";"1,19";152104243;Електроінструменти;14201607;https://prom.ua/ua/Sverla;V;;Вага;кг;;Тип устройства;;Набір біт і свердел;;
548;"https://viatec.ua/catalog/elektroinstrumenti/0:0;elektro-aks:nabir-sverdl-i-bit";prom;prom_;"0,95";"1,3";140905382;Безопасность и комфорт;14201607;https://prom.ua/ua/Sverla;"V, Vmin, noindex";;Вага;кг;;Тип устройства;;Набір біт і свердел;;
549;"https://viatec.ua/catalog/elektroinstrumenti/0:0;elektro-aks:slusarne-zubilo";site;;"0,9";"1,19";152104243;Електроінструменти;14201512;https://prom.ua/ua/Zubila-doloto-dlya-perforatora;V;;Вага;кг;;Тип устройства;;Слюсарне зубило/долото;;
550;"https://viatec.ua/catalog/elektroinstrumenti/0:0;elektro-aks:slusarne-zubilo";prom;prom_;"0,95";"1,3";140905382;Безопасность и комфорт;14201512;https://prom.ua/ua/Zubila-doloto-dlya-perforatora;"V, Vmin, noindex";;Вага;кг;;Тип устройства;;Слюсарне зубило/долото;;
551;"https://viatec.ua/catalog/elektroinstrumenti/0:0;elektro-aks:kutovii-perehidnik";site;;"0,9";"1,19";152104243;Електроінструменти;142001;https://prom.ua/ua/Komplektuyuschie-dlya-instrumenta;V;;Вага;кг;;Тип устройства;;Кутовий перехідник;;
552;"https://viatec.ua/catalog/elektroinstrumenti/0:0;elektro-aks:kutovii-perehidnik";prom;prom_;"0,95";"1,3";140905382;Безопасность и комфорт;142001;https://prom.ua/ua/Komplektuyuschie-dlya-instrumenta;"V, Vmin, noindex";;Вага;кг;;Тип устройства;;Кутовий перехідник;;
553;"https://viatec.ua/catalog/elektroinstrumenti/0:0;elektro-aks:ekscentr-nasadka";site;;"0,9";"1,19";152104243;Електроінструменти;142001;https://prom.ua/ua/Komplektuyuschie-dlya-instrumenta;V;;Вага;кг;;Тип устройства;;Ексцентрикова насадка;;
554;"https://viatec.ua/catalog/elektroinstrumenti/0:0;elektro-aks:ekscentr-nasadka";prom;prom_;"0,95";"1,3";140905382;Безопасность и комфорт;142001;https://prom.ua/ua/Komplektuyuschie-dlya-instrumenta;"V, Vmin, noindex";;Вага;кг;;Тип устройства;;Ексцентрикова насадка;;
555;"https://viatec.ua/catalog/elektroinstrumenti/0:0;elektro-aks:shvidkozmin-trimach";site;;"0,9";"1,19";152104243;Електроінструменти;142001;https://prom.ua/ua/Komplektuyuschie-dlya-instrumenta;V;;Вага;кг;;Тип устройства;;Швидкозмінний тримач;;
556;"https://viatec.ua/catalog/elektroinstrumenti/0:0;elektro-aks:shvidkozmin-trimach";prom;prom_;"0,95";"1,3";140905382;Безопасность и комфорт;142001;https://prom.ua/ua/Komplektuyuschie-dlya-instrumenta;"V, Vmin, noindex";;Вага;кг;;Тип устройства;;Швидкозмінний тримач;;
557;"https://viatec.ua/catalog/elektroinstrumenti/0:0;elektro-aks:shvidkozmin-patron";site;;"0,9";"1,19";152104243;Електроінструменти;142001;https://prom.ua/ua/Komplektuyuschie-dlya-instrumenta;V;;Вага;кг;;Тип устройства;;Швидкозмінний патрон;;
558;"https://viatec.ua/catalog/elektroinstrumenti/0:0;elektro-aks:shvidkozmin-patron";prom;prom_;"0,95";"1,3";140905382;Безопасность и комфорт;142001;https://prom.ua/ua/Komplektuyuschie-dlya-instrumenta;"V, Vmin, noindex";;Вага;кг;;Тип устройства;;Швидкозмінний патрон;;
559;"https://viatec.ua/catalog/elektroinstrumenti/0:0;elektro-aks:sumka";site;;"0,9";"1,19";152104243;Електроінструменти;142007;https://prom.ua/ua/Sumki-dlya-instrumenta;V;;Вага;кг;;Тип устройства;;Сумка для інструментів;;
560;"https://viatec.ua/catalog/elektroinstrumenti/0:0;elektro-aks:sumka";prom;prom_;"0,95";"1,3";140905382;Безопасность и комфорт;142007;https://prom.ua/ua/Sumki-dlya-instrumenta;"V, Vmin, noindex";;Вага;кг;;Тип устройства;;Сумка для інструментів;;
561;"https://viatec.ua/catalog/elektroinstrumenti/0:0;elektro-aks:poiasna-sumka";site;;"0,9";"1,19";152104243;Електроінструменти;142007;https://prom.ua/ua/Sumki-dlya-instrumenta;V;;Вага;кг;;Тип устройства;;Поясна сумка для інструментів;;
562;"https://viatec.ua/catalog/elektroinstrumenti/0:0;elektro-aks:poiasna-sumka";prom;prom_;"0,95";"1,3";140905382;Безопасность и комфорт;142007;https://prom.ua/ua/Sumki-dlya-instrumenta;"V, Vmin, noindex";;Вага;кг;;Тип устройства;;Поясна сумка для інструментів;;
563;"https://viatec.ua/catalog/elektroinstrumenti/0:0;elektro-aks:keis";site;;"0,9";"1,19";152104243;Електроінструменти;142007;https://prom.ua/ua/Sumki-dlya-instrumenta;V;;Вага;кг;;Тип устройства;;Кейс для інструментів;;
564;"https://viatec.ua/catalog/elektroinstrumenti/0:0;elektro-aks:keis";prom;prom_;"0,95";"1,3";140905382;Безопасность и комфорт;142007;https://prom.ua/ua/Sumki-dlya-instrumenta;"V, Vmin, noindex";;Вага;кг;;Тип устройства;;Кейс для інструментів;;
565;"https://viatec.ua/catalog/elektroinstrumenti/0:0;elektro-aks:mastilo-hvostovik";site;;"0,9";"1,19";152104243;Електроінструменти;14201516;https://prom.ua/ua/Masla-dlya-instrumenta;V;;Вага;кг;;Тип устройства;;Мастило для хвостовиків;;
566;"https://viatec.ua/catalog/elektroinstrumenti/0:0;elektro-aks:mastilo-hvostovik";prom;prom_;"0,95";"1,3";140905382;Безопасность и комфорт;14201516;https://prom.ua/ua/Masla-dlya-instrumenta;"V, Vmin, noindex";;Вага;кг;;Тип устройства;;Мастило для хвостовиків;;
567;"https://viatec.ua/catalog/elektroinstrumenti/0:0;elektro-aks:zatiskna-gaika";site;;"0,9";"1,19";152104243;Електроінструменти;420504;https://prom.ua/ua/Gajki;V;;Вага;кг;;Тип устройства;;Затискна гайка для кругів;;
568;"https://viatec.ua/catalog/elektroinstrumenti/0:0;elektro-aks:zatiskna-gaika";prom;prom_;"0,95";"1,3";140905382;Безопасность и комфорт;420504;https://prom.ua/ua/Gajki;"V, Vmin, noindex";;Вага;кг;;Тип устройства;;Затискна гайка для кругів;;
569;"https://viatec.ua/catalog/elektroinstrumenti/0:0;elektro-aks:lancug-pilka";site;;"0,9";"1,19";152104243;Електроінструменти;14201505;https://prom.ua/ua/Tsepi-dlya-pil;V;;Вага;кг;;Тип устройства;;Ланцюг для пилки;;
570;"https://viatec.ua/catalog/elektroinstrumenti/0:0;elektro-aks:lancug-pilka";prom;prom_;"0,95";"1,3";140905382;Безопасность и комфорт;14201505;https://prom.ua/ua/Tsepi-dlya-pil;"V, Vmin, noindex";;Вага;кг;;Тип устройства;;Ланцюг для пилки;;
571;"https://viatec.ua/catalog/elektroinstrumenti/0:0;elektro-aks:nasadka-parochisnika";site;;"0,9";"1,19";152104243;Електроінструменти;64404;https://prom.ua/ua/Zapchasti-i-prinadlezhnosti-dlya-pylesosov;V;;Вага;кг;;Тип устройства;;Насадка пароочисника;;
572;"https://viatec.ua/catalog/elektroinstrumenti/0:0;elektro-aks:nasadka-parochisnika";prom;prom_;"0,95";"1,3";140905382;Безопасность и комфорт;64404;https://prom.ua/ua/Zapchasti-i-prinadlezhnosti-dlya-pylesosov;"V, Vmin, noindex";;Вага;кг;;Тип устройства;;Насадка пароочисника;;
573;"https://viatec.ua/catalog/elektroinstrumenti/0:0;elektro-aks:polotna-renovator";site;;"0,9";"1,19";152104243;Електроінструменти;14201502;https://prom.ua/ua/Polotna-nozhovochnye;V;;Вага;кг;;Тип устройства;;Полотна для реноватора;;
574;"https://viatec.ua/catalog/elektroinstrumenti/0:0;elektro-aks:polotna-renovator";prom;prom_;"0,95";"1,3";140905382;Безопасность и комфорт;14201502;https://prom.ua/ua/Polotna-nozhovochnye;"V, Vmin, noindex";;Вага;кг;;Тип устройства;;Полотна для реноватора;;
575;"https://viatec.ua/catalog/elektroinstrumenti/0:0;elektro-aks:mishok-pilesos";site;;"0,9";"1,19";152104243;Електроінструменти;64404;https://prom.ua/ua/Zapchasti-i-prinadlezhnosti-dlya-pylesosov;V;;Вага;кг;;Тип устройства;;Мішок для пилососу;;
576;"https://viatec.ua/catalog/elektroinstrumenti/0:0;elektro-aks:mishok-pilesos";prom;prom_;"0,95";"1,3";140905382;Безопасность и комфорт;64404;https://prom.ua/ua/Zapchasti-i-prinadlezhnosti-dlya-pylesosov;"V, Vmin, noindex";;Вага;кг;;Тип устройства;;Мішок для пилососу;;
577;"https://viatec.ua/catalog/elektroinstrumenti/0:0;elektro-aks:nasadka-kut-graver";site;;"0,9";"1,19";152104243;Електроінструменти;14201514;https://prom.ua/ua/Osnastka-dlya-mnogofunktsionalnyh-shlifmashin;V;;Вага;кг;;Тип устройства;;Кутова насадка гравера;;
578;"https://viatec.ua/catalog/elektroinstrumenti/0:0;elektro-aks:nasadka-kut-graver";prom;prom_;"0,95";"1,3";140905382;Безопасность и комфорт;14201514;https://prom.ua/ua/Osnastka-dlya-mnogofunktsionalnyh-shlifmashin;"V, Vmin, noindex";;Вага;кг;;Тип устройства;;Кутова насадка гравера;;
579;"https://viatec.ua/catalog/elektroinstrumenti/0:0;elektro-aks:gnuchkii-val-graver";site;;"0,9";"1,19";152104243;Електроінструменти;14201514;https://prom.ua/ua/Osnastka-dlya-mnogofunktsionalnyh-shlifmashin;V;;Вага;кг;;Тип устройства;;Гнучкий вал гравера;;
580;"https://viatec.ua/catalog/elektroinstrumenti/0:0;elektro-aks:gnuchkii-val-graver";prom;prom_;"0,95";"1,3";140905382;Безопасность и комфорт;14201514;https://prom.ua/ua/Osnastka-dlya-mnogofunktsionalnyh-shlifmashin;"V, Vmin, noindex";;Вага;кг;;Тип устройства;;Гнучкий вал гравера;;
581;"https://viatec.ua/catalog/elektroinstrumenti/0:0;elektro-aks:shtativ-graver";site;;"0,9";"1,19";152104243;Електроінструменти;14201514;https://prom.ua/ua/Osnastka-dlya-mnogofunktsionalnyh-shlifmashin;V;;Вага;кг;;Тип устройства;;Штатив гравера;;
582;"https://viatec.ua/catalog/elektroinstrumenti/0:0;elektro-aks:shtativ-graver";prom;prom_;"0,95";"1,3";140905382;Безопасность и комфорт;14201514;https://prom.ua/ua/Osnastka-dlya-mnogofunktsionalnyh-shlifmashin;"V, Vmin, noindex";;Вага;кг;;Тип устройства;;Штатив гравера;;
583;"https://viatec.ua/catalog/elektroinstrumenti/0:0;elektro-aks:stiika-sverdlinnia";site;;"0,9";"1,19";152104243;Електроінструменти;14209803;https://prom.ua/ua/Sverlilnye-stanki;V;;Вага;кг;;Тип устройства;;Стійка для свердління;;
584;"https://viatec.ua/catalog/elektroinstrumenti/0:0;elektro-aks:stiika-sverdlinnia";prom;prom_;"0,95";"1,3";140905382;Безопасность и комфорт;14209803;https://prom.ua/ua/Sverlilnye-stanki;"V, Vmin, noindex";;Вага;кг;;Тип устройства;;Стійка для свердління;;
585;"https://viatec.ua/catalog/elektroinstrumenti/0:0;elektro-aks:klei-strizhen";site;;"0,9";"1,19";152104243;Електроінструменти;14201523;https://prom.ua/ua/Kleevye-sterzhni;V;;Вага;кг;;Тип устройства;;Клейові стрижні;;
586;"https://viatec.ua/catalog/elektroinstrumenti/0:0;elektro-aks:klei-strizhen";prom;prom_;"0,95";"1,3";140905382;Безопасность и комфорт;14201523;https://prom.ua/ua/Kleevye-sterzhni;"V, Vmin, noindex";;Вага;кг;;Тип устройства;;Клейові стрижні;;
587;"https://viatec.ua/catalog/elektroinstrumenti/0:0;elektro-aks:nasadka-paialnik";site;;"0,9";"1,19";152104243;Електроінструменти;142711;https://prom.ua/ua/Nasadki-i-zhala-dlya-payalnikov;V;;Вага;кг;;Тип устройства;;Насадка для газового паяльника;;
588;"https://viatec.ua/catalog/elektroinstrumenti/0:0;elektro-aks:nasadka-paialnik";prom;prom_;"0,95";"1,3";140905382;Безопасность и комфорт;142711;https://prom.ua/ua/Nasadki-i-zhala-dlya-payalnikov;"V, Vmin, noindex";;Вага;кг;;Тип устройства;;Насадка для газового паяльника;;
589;"https://viatec.ua/catalog/elektroinstrumenti/0:0;elektro-aks:kozhuh-shlifuv";site;;"0,9";"1,19";152104243;Електроінструменти;14201514;https://prom.ua/ua/Osnastka-dlya-mnogofunktsionalnyh-shlifmashin;V;;Вага;кг;;Тип устройства;;Захисний кожух для шліфувальної машини;;
590;"https://viatec.ua/catalog/elektroinstrumenti/0:0;elektro-aks:kozhuh-shlifuv";prom;prom_;"0,95";"1,3";140905382;Безопасность и комфорт;14201514;https://prom.ua/ua/Osnastka-dlya-mnogofunktsionalnyh-shlifmashin;"V, Vmin, noindex";;Вага;кг;;Тип устройства;;Захисний кожух для шліфувальної машини;;
591;"https://viatec.ua/catalog/elektroinstrumenti/0:0;elektro-aks:pilevidalennia";site;;"0,9";"1,19";152104243;Електроінструменти;64404;https://prom.ua/ua/Zapchasti-i-prinadlezhnosti-dlya-pylesosov;V;;Вага;кг;;Тип устройства;;Насадка для пилевидалення;;
592;"https://viatec.ua/catalog/elektroinstrumenti/0:0;elektro-aks:pilevidalennia";prom;prom_;"0,95";"1,3";140905382;Безопасность и комфорт;64404;https://prom.ua/ua/Zapchasti-i-prinadlezhnosti-dlya-pylesosov;"V, Vmin, noindex";;Вага;кг;;Тип устройства;;Насадка для пилевидалення;;
593;"https://viatec.ua/catalog/elektroinstrumenti/0:0;elektro-aks:torc-shina";site;;"0,9";"1,19";152104243;Електроінструменти;142001;https://prom.ua/ua/Komplektuyuschie-dlya-instrumenta;V;;Вага;кг;;Тип устройства;;Торцювальна шина;;
594;"https://viatec.ua/catalog/elektroinstrumenti/0:0;elektro-aks:torc-shina";prom;prom_;"0,95";"1,3";140905382;Безопасность и комфорт;142001;https://prom.ua/ua/Komplektuyuschie-dlya-instrumenta;"V, Vmin, noindex";;Вага;кг;;Тип устройства;;Торцювальна шина;;
595;"https://viatec.ua/catalog/mounting-equipment/0:0;162:444";site;;"0,9";"1,19";152208132;Инструмент для работы с кабелем;15370306;https://prom.ua/ua/Multimetry;V;;Вага;кг;;Тип устройства;;Мультиметр;;
596;"https://viatec.ua/catalog/mounting-equipment/0:0;162:444";prom;prom_;"0,95";"1,3";140905382;Безопасность и комфорт;15370306;https://prom.ua/ua/Multimetry;"V, Vmin, noindex";;Вага;кг;;Тип устройства;;Мультиметр;;
597;"https://viatec.ua/catalog/mounting-equipment/0:0;162:tester";site;;"0,9";"1,19";152208132;Инструмент для работы с кабелем;50918;https://prom.ua/ua/Kabelnyj-tester;V;;Вага;кг;;Тип устройства;;Тестер кабелю;;
598;"https://viatec.ua/catalog/mounting-equipment/0:0;162:tester";prom;prom_;"0,95";"1,3";140905382;Безопасность и комфорт;50918;https://prom.ua/ua/Kabelnyj-tester;"V, Vmin, noindex";;Вага;кг;;Тип устройства;;Тестер кабелю;;
599;"https://viatec.ua/catalog/mounting-equipment/0:0;162:shupi-testera";site;;"0,9";"1,19";152208132;Инструмент для работы с кабелем;153713;https://prom.ua/ua/Komplektuyuschie-izmeritelnyh-priborov;V;;Вага;кг;;Тип устройства;;Щупи для тестера;;
600;"https://viatec.ua/catalog/mounting-equipment/0:0;162:shupi-testera";prom;prom_;"0,95";"1,3";140905382;Безопасность и комфорт;153713;https://prom.ua/ua/Komplektuyuschie-izmeritelnyh-priborov;"V, Vmin, noindex";;Вага;кг;;Тип устройства;;Щупи для тестера;;
601;"https://viatec.ua/catalog/mounting-equipment/0:0;162:klemi-nakonechniki";site;;"0,9";"1,19";152208132;Инструмент для работы с кабелем;5092905;https://prom.ua/ua/Krepezhnye-materialy;V;;Вага;кг;;Тип устройства;;Клеми/наконечники;;
602;"https://viatec.ua/catalog/mounting-equipment/0:0;162:klemi-nakonechniki";prom;prom_;"0,95";"1,3";140905382;Безопасность и комфорт;5092905;https://prom.ua/ua/Krepezhnye-materialy;"V, Vmin, noindex";;Вага;кг;;Тип устройства;;Клеми/наконечники;;
603;"https://viatec.ua/catalog/mounting-equipment/0:0;162:vimir-zazemlennia";site;;"0,9";"1,19";152208132;Инструмент для работы с кабелем;15370309;https://prom.ua/ua/Ommetry;V;;Вага;кг;;Тип устройства;;Вимірювач заземлення;;
604;"https://viatec.ua/catalog/mounting-equipment/0:0;162:vimir-zazemlennia";prom;prom_;"0,95";"1,3";140905382;Безопасность и комфорт;15370309;https://prom.ua/ua/Ommetry;"V, Vmin, noindex";;Вага;кг;;Тип устройства;;Вимірювач заземлення;;
605;"https://viatec.ua/catalog/mounting-equipment/0:0;162:strumizmir";site;;"0,9";"1,19";152208132;Инструмент для работы с кабелем;15370306;https://prom.ua/ua/Multimetry;V;;Вага;кг;;Тип устройства;;Струмовимірювач;;
606;"https://viatec.ua/catalog/mounting-equipment/0:0;162:strumizmir";prom;prom_;"0,95";"1,3";140905382;Безопасность и комфорт;15370306;https://prom.ua/ua/Multimetry;"V, Vmin, noindex";;Вага;кг;;Тип устройства;;Струмовимірювач;;
607;"https://viatec.ua/catalog/mounting-equipment/0:0;162:instrument-dlia-zachishennia";site;;"0,9";"1,19";152208132;Инструмент для работы с кабелем;14200355;https://prom.ua/ua/Semniki-izolyatsii;V;;Вага;кг;;Тип устройства;;Інструмент для зачищення/обрізання;;
608;"https://viatec.ua/catalog/mounting-equipment/0:0;162:instrument-dlia-zachishennia";prom;prom_;"0,95";"1,3";140905382;Безопасность и комфорт;14200355;https://prom.ua/ua/Semniki-izolyatsii;"V, Vmin, noindex";;Вага;кг;;Тип устройства;;Інструмент для зачищення/обрізання;;
609;"https://viatec.ua/catalog/mounting-equipment/0:0;162:instrument-dlia-obtiskannia";site;;"0,9";"1,19";152208132;Инструмент для работы с кабелем;14200358;https://prom.ua/ua/Instrumenty-obzhimnye-ruchnye;V;;Вага;кг;;Тип устройства;;Інструмент для обтискання;;
610;"https://viatec.ua/catalog/mounting-equipment/0:0;162:instrument-dlia-obtiskannia";prom;prom_;"0,95";"1,3";140905382;Безопасность и комфорт;14200358;https://prom.ua/ua/Instrumenty-obzhimnye-ruchnye;"V, Vmin, noindex";;Вага;кг;;Тип устройства;;Інструмент для обтискання;;
611;"https://viatec.ua/catalog/mounting-equipment/0:0;162:dlia-zabivannia-kontaktiv";site;;"0,9";"1,19";152208132;Инструмент для работы с кабелем;5093501;https://prom.ua/ua/Instrument-dlya-zadelki-kabelya;V;;Вага;кг;;Тип устройства;;Для забивання контактів;;
612;"https://viatec.ua/catalog/mounting-equipment/0:0;162:dlia-zabivannia-kontaktiv";prom;prom_;"0,95";"1,3";140905382;Безопасность и комфорт;5093501;https://prom.ua/ua/Instrument-dlya-zadelki-kabelya;"V, Vmin, noindex";;Вага;кг;;Тип устройства;;Для забивання контактів;;
613;"https://viatec.ua/catalog/mounting-equipment/0:0;162:protiazhka-kabelu";site;;"0,9";"1,19";152208132;Инструмент для работы с кабелем;5092905;https://prom.ua/ua/Krepezhnye-materialy;V;;Вага;кг;;Тип устройства;;Протяжка кабелю;;
614;"https://viatec.ua/catalog/mounting-equipment/0:0;162:protiazhka-kabelu";prom;prom_;"0,95";"1,3";140905382;Безопасность и комфорт;5092905;https://prom.ua/ua/Krepezhnye-materialy;"V, Vmin, noindex";;Вага;кг;;Тип устройства;;Протяжка кабелю;;
615;"https://viatec.ua/catalog/mounting-equipment/0:0;162:rozpusk-kabelu";site;;"0,9";"1,19";152208132;Инструмент для работы с кабелем;14200355;https://prom.ua/ua/Semniki-izolyatsii;V;;Вага;кг;;Тип устройства;;Розпуск кабелю;;
616;"https://viatec.ua/catalog/mounting-equipment/0:0;162:rozpusk-kabelu";prom;prom_;"0,95";"1,3";140905382;Безопасность и комфорт;14200355;https://prom.ua/ua/Semniki-izolyatsii;"V, Vmin, noindex";;Вага;кг;;Тип устройства;;Розпуск кабелю;;
617;"https://viatec.ua/catalog/mounting-equipment/0:0;162:montazh-rozemiv";site;;"0,9";"1,19";152208132;Инструмент для работы с кабелем;14200358;https://prom.ua/ua/Instrumenty-obzhimnye-ruchnye;V;;Вага;кг;;Тип устройства;;Монтаж роз'ємів;;
618;"https://viatec.ua/catalog/mounting-equipment/0:0;162:montazh-rozemiv";prom;prom_;"0,95";"1,3";140905382;Безопасность и комфорт;14200358;https://prom.ua/ua/Instrumenty-obzhimnye-ruchnye;"V, Vmin, noindex";;Вага;кг;;Тип устройства;;Монтаж роз'ємів;;
619;"https://viatec.ua/catalog/mounting-equipment/0:0;162:954";site;;"0,9";"1,19";152208132;Инструмент для работы с кабелем;14190303;https://prom.ua/ua/Elektroizolyatsionnaya-lenta;V;;Вага;кг;;Тип устройства;;Ізострічка;;
620;"https://viatec.ua/catalog/mounting-equipment/0:0;162:954";prom;prom_;"0,95";"1,3";140905382;Безопасность и комфорт;14190303;https://prom.ua/ua/Elektroizolyatsionnaya-lenta;"V, Vmin, noindex";;Вага;кг;;Тип устройства;;Ізострічка;;
621;"https://viatec.ua/catalog/mounting-equipment/0:0;162:izo-viskoza";site;;"0,9";"1,19";152208132;Инструмент для работы с кабелем;14190303;https://prom.ua/ua/Elektroizolyatsionnaya-lenta;V;;Вага;кг;;Тип устройства;;Ізострічка віскзона;;
622;"https://viatec.ua/catalog/mounting-equipment/0:0;162:izo-viskoza";prom;prom_;"0,95";"1,3";140905382;Безопасность и комфорт;14190303;https://prom.ua/ua/Elektroizolyatsionnaya-lenta;"V, Vmin, noindex";;Вага;кг;;Тип устройства;;Ізострічка віскзона;;
623;"https://viatec.ua/catalog/mounting-equipment/0:0;162:izo-vulkan";site;;"0,9";"1,19";152208132;Инструмент для работы с кабелем;14190303;https://prom.ua/ua/Elektroizolyatsionnaya-lenta;V;;Вага;кг;;Тип устройства;;Ізострічка вулканізуюча;;
624;"https://viatec.ua/catalog/mounting-equipment/0:0;162:izo-vulkan";prom;prom_;"0,95";"1,3";140905382;Безопасность и комфорт;14190303;https://prom.ua/ua/Elektroizolyatsionnaya-lenta;"V, Vmin, noindex";;Вага;кг;;Тип устройства;;Ізострічка вулканізуюча;;
625;"https://viatec.ua/catalog/mounting-equipment/0:0;162:dzgutuv";site;;"0,9";"1,19";152208132;Инструмент для работы с кабелем;14190303;https://prom.ua/ua/Elektroizolyatsionnaya-lenta;V;;Вага;кг;;Тип устройства;;Стрічка для жгутування та захисту кабелів;;
626;"https://viatec.ua/catalog/mounting-equipment/0:0;162:dzgutuv";prom;prom_;"0,95";"1,3";140905382;Безопасность и комфорт;14190303;https://prom.ua/ua/Elektroizolyatsionnaya-lenta;"V, Vmin, noindex";;Вага;кг;;Тип устройства;;Стрічка для жгутування та захисту кабелів;;
627;"https://viatec.ua/catalog/mounting-equipment/0:0;162:1177";site;;"0,9";"1,19";152208132;Инструмент для работы с кабелем;142703;https://prom.ua/ua/Flyusy-pripoj;V;;Вага;кг;;Тип устройства;;Припій;;
628;"https://viatec.ua/catalog/mounting-equipment/0:0;162:1177";prom;prom_;"0,95";"1,3";140905382;Безопасность и комфорт;142703;https://prom.ua/ua/Flyusy-pripoj;"V, Vmin, noindex";;Вага;кг;;Тип устройства;;Припій;;
629;"https://viatec.ua/catalog/mounting-equipment/0:0;162:paialnik";site;;"0,9";"1,19";152208132;Инструмент для работы с кабелем;14400803;https://prom.ua/ua/Payalniki;V;;Вага;кг;;Тип устройства;;Паяльник;;
630;"https://viatec.ua/catalog/mounting-equipment/0:0;162:paialnik";prom;prom_;"0,95";"1,3";140905382;Безопасность и комфорт;14400803;https://prom.ua/ua/Payalniki;"V, Vmin, noindex";;Вага;кг;;Тип устройства;;Паяльник;;
631;"https://viatec.ua/catalog/mounting-equipment/0:0;162:vsmoktucha-strichka";site;;"0,9";"1,19";152208132;Инструмент для работы с кабелем;230620;https://prom.ua/ua/Klejkaya-upakovochnaya-lenta;V;;Вага;кг;;Тип устройства;;Всмоктуюча стрічка;;
632;"https://viatec.ua/catalog/mounting-equipment/0:0;162:vsmoktucha-strichka";prom;prom_;"0,95";"1,3";140905382;Безопасность и комфорт;230620;https://prom.ua/ua/Klejkaya-upakovochnaya-lenta;"V, Vmin, noindex";;Вага;кг;;Тип устройства;;Всмоктуюча стрічка;;
633;"https://viatec.ua/catalog/mounting-equipment/0:0;162:nabir";site;;"0,9";"1,19";152208132;Инструмент для работы с кабелем;14200328;https://prom.ua/ua/Klyuchi-dlya-patrona;V;;Вага;кг;;Тип устройства;;Набір інструментів для кабелю;;
634;"https://viatec.ua/catalog/mounting-equipment/0:0;162:nabir";prom;prom_;"0,95";"1,3";140905382;Безопасность и комфорт;14200328;https://prom.ua/ua/Klyuchi-dlya-patrona;"V, Vmin, noindex";;Вага;кг;;Тип устройства;;Набір інструментів для кабелю;;
635;"https://viatec.ua/catalog/mounting-equipment/0:0;161:obzhim-vtulk";site;;"0,9";"1,19";152208132;Инструмент для работы с кабелем;14200358;https://prom.ua/ua/Instrumenty-obzhimnye-ruchnye;V;;Вага;кг;;Тип устройства;;обтиск втулкових наконечників;;
636;"https://viatec.ua/catalog/mounting-equipment/0:0;161:obzhim-vtulk";prom;prom_;"0,95";"1,3";140905382;Безопасность и комфорт;14200358;https://prom.ua/ua/Instrumenty-obzhimnye-ruchnye;"V, Vmin, noindex";;Вага;кг;;Тип устройства;;обтиск втулкових наконечників;;
637;"https://viatec.ua/catalog/mounting-equipment/0:0;161:948";site;;"0,9";"1,19";152208132;Инструмент для работы с кабелем;14200358;https://prom.ua/ua/Instrumenty-obzhimnye-ruchnye;V;;Вага;кг;;Тип устройства;;обтискання RJ-45 (8P8C);;
638;"https://viatec.ua/catalog/mounting-equipment/0:0;161:948";prom;prom_;"0,95";"1,3";140905382;Безопасность и комфорт;14200358;https://prom.ua/ua/Instrumenty-obzhimnye-ruchnye;"V, Vmin, noindex";;Вага;кг;;Тип устройства;;обтискання RJ-45 (8P8C);;
639;"https://viatec.ua/catalog/mounting-equipment/0:0;161:949";site;;"0,9";"1,19";152208132;Инструмент для работы с кабелем;14200358;https://prom.ua/ua/Instrumenty-obzhimnye-ruchnye;V;;Вага;кг;;Тип устройства;;обтискання RJ-12/11 (6P6C);;
640;"https://viatec.ua/catalog/mounting-equipment/0:0;161:949";prom;prom_;"0,95";"1,3";140905382;Безопасность и комфорт;14200358;https://prom.ua/ua/Instrumenty-obzhimnye-ruchnye;"V, Vmin, noindex";;Вага;кг;;Тип устройства;;обтискання RJ-12/11 (6P6C);;
641;"https://viatec.ua/catalog/mounting-equipment/0:0;161:mc4-solar";site;;"0,9";"1,19";152208132;Инструмент для работы с кабелем;14200358;https://prom.ua/ua/Instrumenty-obzhimnye-ruchnye;V;;Вага;кг;;Тип устройства;;обтискання Solar-конекторів типу MC 4;;
642;"https://viatec.ua/catalog/mounting-equipment/0:0;161:mc4-solar";prom;prom_;"0,95";"1,3";140905382;Безопасность и комфорт;14200358;https://prom.ua/ua/Instrumenty-obzhimnye-ruchnye;"V, Vmin, noindex";;Вага;кг;;Тип устройства;;обтискання Solar-конекторів типу MC 4;;
643;"https://viatec.ua/catalog/mounting-equipment/0:0;161:scotchlock";site;;"0,9";"1,19";152208132;Инструмент для работы с кабелем;14200358;https://prom.ua/ua/Instrumenty-obzhimnye-ruchnye;V;;Вага;кг;;Тип устройства;;обтискання ScotchLok;;
644;"https://viatec.ua/catalog/mounting-equipment/0:0;161:scotchlock";prom;prom_;"0,95";"1,3";140905382;Безопасность и комфорт;14200358;https://prom.ua/ua/Instrumenty-obzhimnye-ruchnye;"V, Vmin, noindex";;Вага;кг;;Тип устройства;;обтискання ScotchLok;;
645;"https://viatec.ua/catalog/mounting-equipment/0:0;161:obtiskanna-4p-6p";site;;"0,9";"1,19";152208132;Инструмент для работы с кабелем;14200358;https://prom.ua/ua/Instrumenty-obzhimnye-ruchnye;V;;Вага;кг;;Тип устройства;;обтискання 4P/6P/8P/10P;;
646;"https://viatec.ua/catalog/mounting-equipment/0:0;161:obtiskanna-4p-6p";prom;prom_;"0,95";"1,3";140905382;Безопасность и комфорт;14200358;https://prom.ua/ua/Instrumenty-obzhimnye-ruchnye;"V, Vmin, noindex";;Вага;кг;;Тип устройства;;обтискання 4P/6P/8P/10P;;
647;"https://viatec.ua/catalog/mounting-equipment/0:0;161:obtiskannia-awg";site;;"0,9";"1,19";152208132;Инструмент для работы с кабелем;14200358;https://prom.ua/ua/Instrumenty-obzhimnye-ruchnye;V;;Вага;кг;;Тип устройства;;обтискання болтів/контактів AWG;;
648;"https://viatec.ua/catalog/mounting-equipment/0:0;161:obtiskannia-awg";prom;prom_;"0,95";"1,3";140905382;Безопасность и комфорт;14200358;https://prom.ua/ua/Instrumenty-obzhimnye-ruchnye;"V, Vmin, noindex";;Вага;кг;;Тип устройства;;обтискання болтів/контактів AWG;;
649;"https://viatec.ua/catalog/mounting-equipment/0:0;161:idc";site;;"0,9";"1,19";152208132;Инструмент для работы с кабелем;14200358;https://prom.ua/ua/Instrumenty-obzhimnye-ruchnye;V;;Вага;кг;;Тип устройства;;обтискання IDC- роз'ємів;;
650;"https://viatec.ua/catalog/mounting-equipment/0:0;161:idc";prom;prom_;"0,95";"1,3";140905382;Безопасность и комфорт;14200358;https://prom.ua/ua/Instrumenty-obzhimnye-ruchnye;"V, Vmin, noindex";;Вага;кг;;Тип устройства;;обтискання IDC- роз'ємів;;
651;"https://viatec.ua/catalog/mounting-equipment/0:0;161:1031";site;;"0,9";"1,19";152208132;Инструмент для работы с кабелем;5093501;https://prom.ua/ua/Instrument-dlya-zadelki-kabelya;V;;Вага;кг;;Тип устройства;;"закладення тип 110, тип Krone, IDC (Dual)";;
652;"https://viatec.ua/catalog/mounting-equipment/0:0;161:1031";prom;prom_;"0,95";"1,3";140905382;Безопасность и комфорт;5093501;https://prom.ua/ua/Instrument-dlya-zadelki-kabelya;"V, Vmin, noindex";;Вага;кг;;Тип устройства;;"закладення тип 110, тип Krone, IDC (Dual)";;
653;"https://viatec.ua/catalog/mounting-equipment/0:0;161:1032";site;;"0,9";"1,19";152208132;Инструмент для работы с кабелем;50918;https://prom.ua/ua/Kabelnyj-tester;V;;Вага;кг;;Тип устройства;;"тестер мережі RJ-45, RJ-12";;
654;"https://viatec.ua/catalog/mounting-equipment/0:0;161:1032";prom;prom_;"0,95";"1,3";140905382;Безопасность и комфорт;50918;https://prom.ua/ua/Kabelnyj-tester;"V, Vmin, noindex";;Вага;кг;;Тип устройства;;"тестер мережі RJ-45, RJ-12";;
655;"https://viatec.ua/catalog/mounting-equipment/0:0;161:1033";site;;"0,9";"1,19";152208132;Инструмент для работы с кабелем;14200355;https://prom.ua/ua/Semniki-izolyatsii;V;;Вага;кг;;Тип устройства;;зачищення ізоляції;;
656;"https://viatec.ua/catalog/mounting-equipment/0:0;161:1033";prom;prom_;"0,95";"1,3";140905382;Безопасность и комфорт;14200355;https://prom.ua/ua/Semniki-izolyatsii;"V, Vmin, noindex";;Вага;кг;;Тип устройства;;зачищення ізоляції;;
657;"https://viatec.ua/catalog/mounting-equipment/0:0;161:99998";site;;"0,9";"1,19";152208132;Инструмент для работы с кабелем;14200340;https://prom.ua/ua/Bokorezy;V;;Вага;кг;;Тип устройства;;розрізання дроту;;
658;"https://viatec.ua/catalog/mounting-equipment/0:0;161:99998";prom;prom_;"0,95";"1,3";140905382;Безопасность и комфорт;14200340;https://prom.ua/ua/Bokorezy;"V, Vmin, noindex";;Вага;кг;;Тип устройства;;розрізання дроту;;
659;"https://viatec.ua/catalog/mounting-equipment/0:0;kolir-strichki:nabir";site;;"0,9";"1,19";152208132;Инструмент для работы с кабелем;14190303;https://prom.ua/ua/Elektroizolyatsionnaya-lenta;V;;Вага;кг;;Тип устройства;;Набір ізоленти;;
660;"https://viatec.ua/catalog/mounting-equipment/0:0;kolir-strichki:nabir";prom;prom_;"0,95";"1,3";140905382;Безопасность и комфорт;14190303;https://prom.ua/ua/Elektroizolyatsionnaya-lenta;"V, Vmin, noindex";;Вага;кг;;Тип устройства;;Набір ізоленти;;
661;"https://viatec.ua/catalog/mounting-equipment/0:0;zhivlennia:merezha";site;;"0,9";"1,19";152208132;Инструмент для работы с кабелем;14400803;https://prom.ua/ua/Payalniki;V;;Вага;кг;;Тип устройства;;Газовий паяльник;;
662;"https://viatec.ua/catalog/mounting-equipment/0:0;zhivlennia:merezha";prom;prom_;"0,95";"1,3";140905382;Безопасность и комфорт;14400803;https://prom.ua/ua/Payalniki;"V, Vmin, noindex";;Вага;кг;;Тип устройства;;Газовий паяльник;;
663;"https://viatec.ua/catalog/ruchnii-instrument/0:0;tip-instrumentu:shtangencrkul";site;;"0,9";"1,19";152133169;Ручной инструмент;14200605;https://prom.ua/ua/Shtangentsirkuli;V;;Вага;кг;;Тип устройства;;Штангенциркуль;;
664;"https://viatec.ua/catalog/ruchnii-instrument/0:0;tip-instrumentu:shtangencrkul";prom;prom_;"0,95";"1,3";140905382;Безопасность и комфорт;14200605;https://prom.ua/ua/Shtangentsirkuli;"V, Vmin, noindex";;Вага;кг;;Тип устройства;;Штангенциркуль;;
665;"https://viatec.ua/catalog/ruchnii-instrument/0:0;tip-instrumentu:bokorizi";site;;"0,9";"1,19";152133169;Ручной инструмент;14200340;https://prom.ua/ua/Bokorezy;V;;Вага;кг;;Тип устройства;;Бокорізи;;
666;"https://viatec.ua/catalog/ruchnii-instrument/0:0;tip-instrumentu:bokorizi";prom;prom_;"0,95";"1,3";140905382;Безопасность и комфорт;14200340;https://prom.ua/ua/Bokorezy;"V, Vmin, noindex";;Вага;кг;;Тип устройства;;Бокорізи;;
667;"https://viatec.ua/catalog/ruchnii-instrument/0:0;tip-instrumentu:ploskogubci";site;;"0,9";"1,19";152133169;Ручной инструмент;14200341;https://prom.ua/ua/Passatizhi;V;;Вага;кг;;Тип устройства;;Плоскогубці;;
668;"https://viatec.ua/catalog/ruchnii-instrument/0:0;tip-instrumentu:ploskogubci";prom;prom_;"0,95";"1,3";140905382;Безопасность и комфорт;14200341;https://prom.ua/ua/Passatizhi;"V, Vmin, noindex";;Вага;кг;;Тип устройства;;Плоскогубці;;
669;"https://viatec.ua/catalog/ruchnii-instrument/0:0;tip-instrumentu:kruglogubci";site;;"0,9";"1,19";152133169;Ручной инструмент;14200341;https://prom.ua/ua/Passatizhi;V;;Вага;кг;;Тип устройства;;Круглогубці;;
670;"https://viatec.ua/catalog/ruchnii-instrument/0:0;tip-instrumentu:kruglogubci";prom;prom_;"0,95";"1,3";140905382;Безопасность и комфорт;14200341;https://prom.ua/ua/Passatizhi;"V, Vmin, noindex";;Вага;кг;;Тип устройства;;Круглогубці;;
671;"https://viatec.ua/catalog/ruchnii-instrument/0:0;tip-instrumentu:dovgogubci";site;;"0,9";"1,19";152133169;Ручной инструмент;14200341;https://prom.ua/ua/Passatizhi;V;;Вага;кг;;Тип устройства;;Довгогубці;;
672;"https://viatec.ua/catalog/ruchnii-instrument/0:0;tip-instrumentu:dovgogubci";prom;prom_;"0,95";"1,3";140905382;Безопасность и комфорт;14200341;https://prom.ua/ua/Passatizhi;"V, Vmin, noindex";;Вага;кг;;Тип устройства;;Довгогубці;;
673;"https://viatec.ua/catalog/ruchnii-instrument/0:0;tip-instrumentu:nozhivka";site;;"0,9";"1,19";152133169;Ручной инструмент;14200308;https://prom.ua/ua/Pily-ruchnye;V;;Вага;кг;;Тип устройства;;Ножівка ручна;;
674;"https://viatec.ua/catalog/ruchnii-instrument/0:0;tip-instrumentu:nozhivka";prom;prom_;"0,95";"1,3";140905382;Безопасность и комфорт;14200308;https://prom.ua/ua/Pily-ruchnye;"V, Vmin, noindex";;Вага;кг;;Тип устройства;;Ножівка ручна;;
675;"https://viatec.ua/catalog/ruchnii-instrument/0:0;tip-instrumentu:ruletka";site;;"0,9";"1,19";152133169;Ручной инструмент;14200604;https://prom.ua/ua/Ruletki;V;;Вага;кг;;Тип устройства;;Рулетка;;
676;"https://viatec.ua/catalog/ruchnii-instrument/0:0;tip-instrumentu:ruletka";prom;prom_;"0,95";"1,3";140905382;Безопасность и комфорт;14200604;https://prom.ua/ua/Ruletki;"V, Vmin, noindex";;Вага;кг;;Тип устройства;;Рулетка;;
677;"https://viatec.ua/catalog/ruchnii-instrument/0:0;tip-instrumentu:riven";site;;"0,9";"1,19";152133169;Ручной инструмент;14201622;https://prom.ua/ua/Urovni-stroitelnye;V;;Вага;кг;;Тип устройства;;Рівень будівельний;;
678;"https://viatec.ua/catalog/ruchnii-instrument/0:0;tip-instrumentu:riven";prom;prom_;"0,95";"1,3";140905382;Безопасность и комфорт;14201622;https://prom.ua/ua/Urovni-stroitelnye;"V, Vmin, noindex";;Вага;кг;;Тип устройства;;Рівень будівельний;;
679;"https://viatec.ua/catalog/ruchnii-instrument/0:0;tip-instrumentu:klishi";site;;"0,9";"1,19";152133169;Ручной инструмент;14200347;https://prom.ua/ua/Kleschi-zazhimnye;V;;Вага;кг;;Тип устройства;;Кліщі;;
680;"https://viatec.ua/catalog/ruchnii-instrument/0:0;tip-instrumentu:klishi";prom;prom_;"0,95";"1,3";140905382;Безопасность и комфорт;14200347;https://prom.ua/ua/Kleschi-zazhimnye;"V, Vmin, noindex";;Вага;кг;;Тип устройства;;Кліщі;;
681;"https://viatec.ua/catalog/ruchnii-instrument/0:0;tip-instrumentu:klishi-santeh";site;;"0,9";"1,19";152133169;Ручной инструмент;14200348;https://prom.ua/ua/Kleschi-trubnye;V;;Вага;кг;;Тип устройства;;Кліщі сантехнічні;;
682;"https://viatec.ua/catalog/ruchnii-instrument/0:0;tip-instrumentu:klishi-santeh";prom;prom_;"0,95";"1,3";140905382;Безопасность и комфорт;14200348;https://prom.ua/ua/Kleschi-trubnye;"V, Vmin, noindex";;Вага;кг;;Тип устройства;;Кліщі сантехнічні;;
683;"https://viatec.ua/catalog/ruchnii-instrument/0:0;tip-instrumentu:klishi-kluch";site;;"0,9";"1,19";152133169;Ручной инструмент;14200348;https://prom.ua/ua/Kleschi-trubnye;V;;Вага;кг;;Тип устройства;;Кліщі переставні-гайковий ключ;;
684;"https://viatec.ua/catalog/ruchnii-instrument/0:0;tip-instrumentu:klishi-kluch";prom;prom_;"0,95";"1,3";140905382;Безопасность и комфорт;14200348;https://prom.ua/ua/Kleschi-trubnye;"V, Vmin, noindex";;Вага;кг;;Тип устройства;;Кліщі переставні-гайковий ключ;;
685;"https://viatec.ua/catalog/ruchnii-instrument/0:0;tip-instrumentu:vikrutka-ploska";site;;"0,9";"1,19";152133169;Ручной инструмент;14200310;https://prom.ua/ua/Otvertki;V;;Вага;кг;;Тип устройства;;Викрутка плоска;;
686;"https://viatec.ua/catalog/ruchnii-instrument/0:0;tip-instrumentu:vikrutka-ploska";prom;prom_;"0,95";"1,3";140905382;Безопасность и комфорт;14200310;https://prom.ua/ua/Otvertki;"V, Vmin, noindex";;Вага;кг;;Тип устройства;;Викрутка плоска;;
687;"https://viatec.ua/catalog/ruchnii-instrument/0:0;tip-instrumentu:vikrutka-hrestovidna";site;;"0,9";"1,19";152133169;Ручной инструмент;14200310;https://prom.ua/ua/Otvertki;V;;Вага;кг;;Тип устройства;;Викрутка хрестовидна;;
688;"https://viatec.ua/catalog/ruchnii-instrument/0:0;tip-instrumentu:vikrutka-hrestovidna";prom;prom_;"0,95";"1,3";140905382;Безопасность и комфорт;14200310;https://prom.ua/ua/Otvertki;"V, Vmin, noindex";;Вага;кг;;Тип устройства;;Викрутка хрестовидна;;
689;"https://viatec.ua/catalog/ruchnii-instrument/0:0;tip-instrumentu:vikrutka-torx";site;;"0,9";"1,19";152133169;Ручной инструмент;14200310;https://prom.ua/ua/Otvertki;V;;Вага;кг;;Тип устройства;;Викрутка Torx;;
690;"https://viatec.ua/catalog/ruchnii-instrument/0:0;tip-instrumentu:vikrutka-torx";prom;prom_;"0,95";"1,3";140905382;Безопасность и комфорт;14200310;https://prom.ua/ua/Otvertki;"V, Vmin, noindex";;Вага;кг;;Тип устройства;;Викрутка Torx;;
691;"https://viatec.ua/catalog/ruchnii-instrument/0:0;tip-instrumentu:nabir-vikrutok";site;;"0,9";"1,19";152133169;Ручной инструмент;14200310;https://prom.ua/ua/Otvertki;V;;Вага;кг;;Тип устройства;;Набір викруток;;
692;"https://viatec.ua/catalog/ruchnii-instrument/0:0;tip-instrumentu:nabir-vikrutok";prom;prom_;"0,95";"1,3";140905382;Безопасность и комфорт;14200310;https://prom.ua/ua/Otvertki;"V, Vmin, noindex";;Вага;кг;;Тип устройства;;Набір викруток;;
693;"https://viatec.ua/catalog/ruchnii-instrument/0:0;tip-instrumentu:nabit-bit";site;;"0,9";"1,19";152133169;Ручной инструмент;141702;https://prom.ua/ua/Otvertochnye-bity;V;;Вага;кг;;Тип устройства;;Набір біт;;
694;"https://viatec.ua/catalog/ruchnii-instrument/0:0;tip-instrumentu:nabit-bit";prom;prom_;"0,95";"1,3";140905382;Безопасность и комфорт;141702;https://prom.ua/ua/Otvertochnye-bity;"V, Vmin, noindex";;Вага;кг;;Тип устройства;;Набір біт;;
695;"https://viatec.ua/catalog/ruchnii-instrument/0:0;tip-instrumentu:utrimuvach-bit";site;;"0,9";"1,19";152133169;Ручной инструмент;141702;https://prom.ua/ua/Otvertochnye-bity;V;;Вага;кг;;Тип устройства;;Утримувач для біт;;
696;"https://viatec.ua/catalog/ruchnii-instrument/0:0;tip-instrumentu:utrimuvach-bit";prom;prom_;"0,95";"1,3";140905382;Безопасность и комфорт;141702;https://prom.ua/ua/Otvertochnye-bity;"V, Vmin, noindex";;Вага;кг;;Тип устройства;;Утримувач для біт;;
697;"https://viatec.ua/catalog/ruchnii-instrument/0:0;tip-instrumentu:nabir-shestigrannikiv";site;;"0,9";"1,19";152133169;Ручной инструмент;14200329;https://prom.ua/ua/Klyuchi-shestigrannye;V;;Вага;кг;;Тип устройства;;Набір шестигранників;;
698;"https://viatec.ua/catalog/ruchnii-instrument/0:0;tip-instrumentu:nabir-shestigrannikiv";prom;prom_;"0,95";"1,3";140905382;Безопасность и комфорт;14200329;https://prom.ua/ua/Klyuchi-shestigrannye;"V, Vmin, noindex";;Вага;кг;;Тип устройства;;Набір шестигранників;;
699;"https://viatec.ua/catalog/ruchnii-instrument/0:0;tip-instrumentu:nabir-avtomobilnii";site;;"0,9";"1,19";152133169;Ручной инструмент;14200332;https://prom.ua/ua/Golovki-tortsevye;V;;Вага;кг;;Тип устройства;;Набір торцевих змінних головок;;
700;"https://viatec.ua/catalog/ruchnii-instrument/0:0;tip-instrumentu:nabir-avtomobilnii";prom;prom_;"0,95";"1,3";140905382;Безопасность и комфорт;14200332;https://prom.ua/ua/Golovki-tortsevye;"V, Vmin, noindex";;Вага;кг;;Тип устройства;;Набір торцевих змінних головок;;
701;"https://viatec.ua/catalog/ruchnii-instrument/0:0;tip-instrumentu:nabir-universalnii";site;;"0,9";"1,19";152133169;Ручной инструмент;142004;https://prom.ua/ua/Nabory-instrumentov;V;;Вага;кг;;Тип устройства;;Набір ручних інструментів;;
702;"https://viatec.ua/catalog/ruchnii-instrument/0:0;tip-instrumentu:nabir-universalnii";prom;prom_;"0,95";"1,3";140905382;Безопасность и комфорт;142004;https://prom.ua/ua/Nabory-instrumentov;"V, Vmin, noindex";;Вага;кг;;Тип устройства;;Набір ручних інструментів;;
703;"https://viatec.ua/catalog/ruchnii-instrument/0:0;tip-instrumentu:nabir-pincetiv";site;;"0,9";"1,19";152133169;Ручной инструмент;14200390;https://prom.ua/ua/Pintsety-montazhnye;V;;Вага;кг;;Тип устройства;;Набір пінцетів технічних;;
704;"https://viatec.ua/catalog/ruchnii-instrument/0:0;tip-instrumentu:nabir-pincetiv";prom;prom_;"0,95";"1,3";140905382;Безопасность и комфорт;14200390;https://prom.ua/ua/Pintsety-montazhnye;"V, Vmin, noindex";;Вага;кг;;Тип устройства;;Набір пінцетів технічних;;
705;"https://viatec.ua/catalog/ruchnii-instrument/0:0;tip-instrumentu:nabir-paianna";site;;"0,9";"1,19";152133169;Ручной инструмент;142004;https://prom.ua/ua/Nabory-instrumentov;V;;Вага;кг;;Тип устройства;;Набір ремонт/паяння;;
706;"https://viatec.ua/catalog/ruchnii-instrument/0:0;tip-instrumentu:nabir-paianna";prom;prom_;"0,95";"1,3";140905382;Безопасность и комфорт;142004;https://prom.ua/ua/Nabory-instrumentov;"V, Vmin, noindex";;Вага;кг;;Тип устройства;;Набір ремонт/паяння;;
707;"https://viatec.ua/catalog/ruchnii-instrument/0:0;tip-instrumentu:gaechni-kluchi";site;;"0,9";"1,19";152133169;Ручной инструмент;14200378;https://prom.ua/ua/Nabory-klyuchej;V;;Вага;кг;;Тип устройства;;Набір гайкових ключів;;
708;"https://viatec.ua/catalog/ruchnii-instrument/0:0;tip-instrumentu:gaechni-kluchi";prom;prom_;"0,95";"1,3";140905382;Безопасность и комфорт;14200378;https://prom.ua/ua/Nabory-klyuchej;"V, Vmin, noindex";;Вага;кг;;Тип устройства;;Набір гайкових ключів;;
709;"https://viatec.ua/catalog/ruchnii-instrument/0:0;tip-instrumentu:nabir-torc-golovok";site;;"0,9";"1,19";152133169;Ручной инструмент;14200332;https://prom.ua/ua/Golovki-tortsevye;V;;Вага;кг;;Тип устройства;;Набір торцевих ключів/головок;;
710;"https://viatec.ua/catalog/ruchnii-instrument/0:0;tip-instrumentu:nabir-torc-golovok";prom;prom_;"0,95";"1,3";140905382;Безопасность и комфорт;14200332;https://prom.ua/ua/Golovki-tortsevye;"V, Vmin, noindex";;Вага;кг;;Тип устройства;;Набір торцевих ключів/головок;;
711;"https://viatec.ua/catalog/ruchnii-instrument/0:0;tip-instrumentu:nabir-rozmitki";site;;"0,9";"1,19";152133169;Ручной инструмент;14200374;https://prom.ua/ua/Stolyarnye-karandashi;V;;Вага;кг;;Тип устройства;;Набір для розмітки;;
712;"https://viatec.ua/catalog/ruchnii-instrument/0:0;tip-instrumentu:nabir-rozmitki";prom;prom_;"0,95";"1,3";140905382;Безопасность и комфорт;14200374;https://prom.ua/ua/Stolyarnye-karandashi;"V, Vmin, noindex";;Вага;кг;;Тип устройства;;Набір для розмітки;;
713;"https://viatec.ua/catalog/ruchnii-instrument/0:0;tip-instrumentu:nabir-sverdl";site;;"0,9";"1,19";152133169;Ручной инструмент;14201607;https://prom.ua/ua/Sverla;V;;Вага;кг;;Тип устройства;;Набір свердел;;
714;"https://viatec.ua/catalog/ruchnii-instrument/0:0;tip-instrumentu:nabir-sverdl";prom;prom_;"0,95";"1,3";140905382;Безопасность и комфорт;14201607;https://prom.ua/ua/Sverla;"V, Vmin, noindex";;Вага;кг;;Тип устройства;;Набір свердел;;
715;"https://viatec.ua/catalog/ruchnii-instrument/0:0;tip-instrumentu:kasetnicia";site;;"0,9";"1,19";152133169;Ручной инструмент;142007;https://prom.ua/ua/Sumki-dlya-instrumenta;V;;Вага;кг;;Тип устройства;;Касетниця для електродеталей;;
716;"https://viatec.ua/catalog/ruchnii-instrument/0:0;tip-instrumentu:kasetnicia";prom;prom_;"0,95";"1,3";140905382;Безопасность и комфорт;142007;https://prom.ua/ua/Sumki-dlya-instrumenta;"V, Vmin, noindex";;Вага;кг;;Тип устройства;;Касетниця для електродеталей;;
717;"https://viatec.ua/catalog/ruchnii-instrument/0:0;tip-instrumentu:nizh";site;;"0,9";"1,19";152133169;Ручной инструмент;14200306;https://prom.ua/ua/Nozhi;V;;Вага;кг;;Тип устройства;;Ніж будівельний;;
718;"https://viatec.ua/catalog/ruchnii-instrument/0:0;tip-instrumentu:nizh";prom;prom_;"0,95";"1,3";140905382;Безопасность и комфорт;14200306;https://prom.ua/ua/Nozhi;"V, Vmin, noindex";;Вага;кг;;Тип устройства;;Ніж будівельний;;
719;"https://viatec.ua/catalog/ruchnii-instrument/0:0;tip-instrumentu:rozvidnii-kluch";site;;"0,9";"1,19";152133169;Ручной инструмент;14200327;https://prom.ua/ua/Klyuchi-razvodnye;V;;Вага;кг;;Тип устройства;;Розвідний ключ;;
720;"https://viatec.ua/catalog/ruchnii-instrument/0:0;tip-instrumentu:rozvidnii-kluch";prom;prom_;"0,95";"1,3";140905382;Безопасность и комфорт;14200327;https://prom.ua/ua/Klyuchi-razvodnye;"V, Vmin, noindex";;Вага;кг;;Тип устройства;;Розвідний ключ;;
721;"https://viatec.ua/catalog/ruchnii-instrument/0:0;tip-instrumentu:nozhici";site;;"0,9";"1,19";152133169;Ручной инструмент;14201002;https://prom.ua/ua/Nozhnitsy-po-metallu;V;;Вага;кг;;Тип устройства;;Ножиці по металу;;
722;"https://viatec.ua/catalog/ruchnii-instrument/0:0;tip-instrumentu:nozhici";prom;prom_;"0,95";"1,3";140905382;Безопасность и комфорт;14201002;https://prom.ua/ua/Nozhnitsy-po-metallu;"V, Vmin, noindex";;Вага;кг;;Тип устройства;;Ножиці по металу;;
723;"https://viatec.ua/catalog/ruchnii-instrument/0:0;tip-instrumentu:sumka-dlia-instrumentiv";site;;"0,9";"1,19";152133169;Ручной инструмент;142007;https://prom.ua/ua/Sumki-dlya-instrumenta;V;;Вага;кг;;Тип устройства;;Сумка для інструментів;;
724;"https://viatec.ua/catalog/ruchnii-instrument/0:0;tip-instrumentu:sumka-dlia-instrumentiv";prom;prom_;"0,95";"1,3";140905382;Безопасность и комфорт;142007;https://prom.ua/ua/Sumki-dlya-instrumenta;"V, Vmin, noindex";;Вага;кг;;Тип устройства;;Сумка для інструментів;;
725;"https://viatec.ua/catalog/ruchnii-instrument/0:0;tip-instrumentu:lihtar";site;;"0,9";"1,19";152133169;Ручной инструмент;150410;https://prom.ua/ua/Fonariki-;V;;Вага;кг;;Тип устройства;;Ліхтарик;;
726;"https://viatec.ua/catalog/ruchnii-instrument/0:0;tip-instrumentu:lihtar";prom;prom_;"0,95";"1,3";140905382;Безопасность и комфорт;150410;https://prom.ua/ua/Fonariki-;"V, Vmin, noindex";;Вага;кг;;Тип устройства;;Ліхтарик;;
727;"https://viatec.ua/catalog/ruchnii-instrument/0:0;tip-instrumentu:trimach";site;;"0,9";"1,19";152133169;Ручной инструмент;142007;https://prom.ua/ua/Sumki-dlya-instrumenta;V;;Вага;кг;;Тип устройства;;Сумка/органайзер;;
728;"https://viatec.ua/catalog/ruchnii-instrument/0:0;tip-instrumentu:trimach";prom;prom_;"0,95";"1,3";140905382;Безопасность и комфорт;142007;https://prom.ua/ua/Sumki-dlya-instrumenta;"V, Vmin, noindex";;Вага;кг;;Тип устройства;;Сумка/органайзер;;
729;"https://viatec.ua/catalog/ruchnii-instrument/0:0;tip-instrumentu:shit-zberigannia";site;;"0,9";"1,19";152133169;Ручной инструмент;142007;https://prom.ua/ua/Sumki-dlya-instrumenta;V;;Вага;кг;;Тип устройства;;Щит/полиця для зберігання;;
730;"https://viatec.ua/catalog/ruchnii-instrument/0:0;tip-instrumentu:shit-zberigannia";prom;prom_;"0,95";"1,3";140905382;Безопасность и комфорт;142007;https://prom.ua/ua/Sumki-dlya-instrumenta;"V, Vmin, noindex";;Вага;кг;;Тип устройства;;Щит/полиця для зберігання;;
731;"https://viatec.ua/catalog/ruchnii-instrument/0:0;tip-instrumentu:okuliari";site;;"0,9";"1,19";152133169;Ручной инструмент;301908;https://prom.ua/ua/Sredstva-zaschity-glaz;V;;Вага;кг;;Тип устройства;;Окуляри захисні;;
732;"https://viatec.ua/catalog/ruchnii-instrument/0:0;tip-instrumentu:okuliari";prom;prom_;"0,95";"1,3";140905382;Безопасность и комфорт;301908;https://prom.ua/ua/Sredstva-zaschity-glaz;"V, Vmin, noindex";;Вага;кг;;Тип устройства;;Окуляри захисні;;
733;"https://viatec.ua/catalog/ruchnii-instrument/0:0;tip-instrumentu:iashik";site;;"0,9";"1,19";152133169;Ручной инструмент;142007;https://prom.ua/ua/Sumki-dlya-instrumenta;V;;Вага;кг;;Тип устройства;;Ящик для інструменту;;
734;"https://viatec.ua/catalog/ruchnii-instrument/0:0;tip-instrumentu:iashik";prom;prom_;"0,95";"1,3";140905382;Безопасность и комфорт;142007;https://prom.ua/ua/Sumki-dlya-instrumenta;"V, Vmin, noindex";;Вага;кг;;Тип устройства;;Ящик для інструменту;;
735;"https://viatec.ua/catalog/ruchnii-instrument/0:0;tip-instrumentu:vizok";site;;"0,9";"1,19";152133169;Ручной инструмент;142007;https://prom.ua/ua/Sumki-dlya-instrumenta;V;;Вага;кг;;Тип устройства;;Візок для інструменту;;
736;"https://viatec.ua/catalog/ruchnii-instrument/0:0;tip-instrumentu:vizok";prom;prom_;"0,95";"1,3";140905382;Безопасность и комфорт;142007;https://prom.ua/ua/Sumki-dlya-instrumenta;"V, Vmin, noindex";;Вага;кг;;Тип устройства;;Візок для інструменту;;
737;"https://viatec.ua/catalog/ruchnii-instrument/0:0;tip-instrumentu:molotok";site;;"0,9";"1,19";152133169;Ручной инструмент;14200305;https://prom.ua/ua/Molotki-kuvaldy-kiyanki;V;;Вага;кг;;Тип устройства;;Молоток;;
738;"https://viatec.ua/catalog/ruchnii-instrument/0:0;tip-instrumentu:molotok";prom;prom_;"0,95";"1,3";140905382;Безопасность и комфорт;14200305;https://prom.ua/ua/Molotki-kuvaldy-kiyanki;"V, Vmin, noindex";;Вага;кг;;Тип устройства;;Молоток;;
739;"https://viatec.ua/catalog/ruchnii-instrument/0:0;tip-instrumentu:kuvalda";site;;"0,9";"1,19";152133169;Ручной инструмент;14200305;https://prom.ua/ua/Molotki-kuvaldy-kiyanki;V;;Вага;кг;;Тип устройства;;Кувалда;;
740;"https://viatec.ua/catalog/ruchnii-instrument/0:0;tip-instrumentu:kuvalda";prom;prom_;"0,95";"1,3";140905382;Безопасность и комфорт;14200305;https://prom.ua/ua/Molotki-kuvaldy-kiyanki;"V, Vmin, noindex";;Вага;кг;;Тип устройства;;Кувалда;;
741;"https://viatec.ua/catalog/ruchnii-instrument/0:0;tip-instrumentu:boltoriz";site;;"0,9";"1,19";152133169;Ручной инструмент;14200345;https://prom.ua/ua/Boltorezy;V;;Вага;кг;;Тип устройства;;Болторез;;
742;"https://viatec.ua/catalog/ruchnii-instrument/0:0;tip-instrumentu:boltoriz";prom;prom_;"0,95";"1,3";140905382;Безопасность и комфорт;14200345;https://prom.ua/ua/Boltorezy;"V, Vmin, noindex";;Вага;кг;;Тип устройства;;Болторез;;
743;"https://viatec.ua/catalog/ruchnii-instrument/0:0;tip-instrumentu:lom";site;;"0,9";"1,19";152133169;Ручной инструмент;14201609;https://prom.ua/ua/Lomy-gvozdodery;V;;Вага;кг;;Тип устройства;;Лом;;
744;"https://viatec.ua/catalog/ruchnii-instrument/0:0;tip-instrumentu:lom";prom;prom_;"0,95";"1,3";140905382;Безопасность и комфорт;14201609;https://prom.ua/ua/Lomy-gvozdodery;"V, Vmin, noindex";;Вага;кг;;Тип устройства;;Лом;;
745;"https://viatec.ua/catalog/ruchnii-instrument/0:0;tip-instrumentu:pila";site;;"0,9";"1,19";152133169;Ручной инструмент;14200308;https://prom.ua/ua/Pily-ruchnye;V;;Вага;кг;;Тип устройства;;Пила ручна;;
746;"https://viatec.ua/catalog/ruchnii-instrument/0:0;tip-instrumentu:pila";prom;prom_;"0,95";"1,3";140905382;Безопасность и комфорт;14200308;https://prom.ua/ua/Pily-ruchnye;"V, Vmin, noindex";;Вага;кг;;Тип устройства;;Пила ручна;;
747;"https://viatec.ua/catalog/ruchnii-instrument/0:0;tip-instrumentu:ruk-dlia-poloten";site;;"0,9";"1,19";152133169;Ручной инструмент;14201502;https://prom.ua/ua/Polotna-nozhovochnye;V;;Вага;кг;;Тип устройства;;Рукоятка для пиляльних полотен;;
748;"https://viatec.ua/catalog/ruchnii-instrument/0:0;tip-instrumentu:ruk-dlia-poloten";prom;prom_;"0,95";"1,3";140905382;Безопасность и комфорт;14201502;https://prom.ua/ua/Polotna-nozhovochnye;"V, Vmin, noindex";;Вага;кг;;Тип устройства;;Рукоятка для пиляльних полотен;;
749;"https://viatec.ua/catalog/ruchnii-instrument/0:0;tip-instrumentu:leza-skladnogo-nozh";site;;"0,9";"1,19";152133169;Ручной инструмент;14200306;https://prom.ua/ua/Nozhi;V;;Вага;кг;;Тип устройства;;Леза для складаного ножа;;
750;"https://viatec.ua/catalog/ruchnii-instrument/0:0;tip-instrumentu:leza-skladnogo-nozh";prom;prom_;"0,95";"1,3";140905382;Безопасность и комфорт;14200306;https://prom.ua/ua/Nozhi;"V, Vmin, noindex";;Вага;кг;;Тип устройства;;Леза для складаного ножа;;
751;"https://viatec.ua/catalog/ruchnii-instrument/0:0;tip-instrumentu:vidkrivachka";site;;"0,9";"1,19";152133169;Ручной инструмент;152904;https://prom.ua/ua/Shtopory;V;;Вага;кг;;Тип устройства;;Відкривачка для пляшок;;
752;"https://viatec.ua/catalog/ruchnii-instrument/0:0;tip-instrumentu:vidkrivachka";prom;prom_;"0,95";"1,3";140905382;Безопасность и комфорт;152904;https://prom.ua/ua/Shtopory;"V, Vmin, noindex";;Вага;кг;;Тип устройства;;Відкривачка для пляшок;;
753;"https://viatec.ua/catalog/ruchnii-instrument/0:0;tip-instrumentu:strah-kriplennia";site;;"0,9";"1,19";152133169;Ручной инструмент;301916;https://prom.ua/ua/Sredstva-zaschity-ot-padenij-i-lazy;V;;Вага;кг;;Тип устройства;;Страхувальне кріплення для інструменту;;
754;"https://viatec.ua/catalog/ruchnii-instrument/0:0;tip-instrumentu:strah-kriplennia";prom;prom_;"0,95";"1,3";140905382;Безопасность и комфорт;301916;https://prom.ua/ua/Sredstva-zaschity-ot-padenij-i-lazy;"V, Vmin, noindex";;Вага;кг;;Тип устройства;;Страхувальне кріплення для інструменту;;
755;"https://viatec.ua/catalog/ruchnii-instrument/0:0;tip-instrumentu:kozli";site;;"0,9";"1,19";152133169;Ручной инструмент;142614;https://prom.ua/ua/Slesarnye-verstaki;V;;Вага;кг;;Тип устройства;;Козли будівельні;;
756;"https://viatec.ua/catalog/ruchnii-instrument/0:0;tip-instrumentu:kozli";prom;prom_;"0,95";"1,3";140905382;Безопасность и комфорт;142614;https://prom.ua/ua/Slesarnye-verstaki;"V, Vmin, noindex";;Вага;кг;;Тип устройства;;Козли будівельні;;
757;https://viatec.ua/catalog/equipment-testers/0:0;site;;"0,9";"1,19";152208469;Приборы для настройки;50504;https://prom.ua/ua/Analizatory-spektra;V;;Вага;кг;;;;;;
758;https://viatec.ua/catalog/equipment-testers/0:0;prom;prom_;"0,95";"1,3";140905382;Безопасность и комфорт;50504;https://prom.ua/ua/Analizatory-spektra;"V, Vmin, noindex";;Вага;кг;;;;;;
759;https://viatec.ua/catalog/avtomatichni-vimikachi/0:0;site;;"0,9";"1,19";152133408;Модульное оборудование;14190906;https://prom.ua/Rele-differentsialnye;V;;Вага;кг;;;;;;
760;https://viatec.ua/catalog/avtomatichni-vimikachi/0:0;prom;prom_;"0,95";"1,3";140905382;Безопасность и комфорт;14190906;https://prom.ua/Rele-differentsialnye;"V, Vmin, noindex";;Вага;кг;;;;;;
761;https://viatec.ua/catalog/rozpodilni-shitki/0:0;site;;"0,9";"1,19";152133464;Модульные электрощиты;50904;https://prom.ua/Raspredelitelnye-schity;V;;Вага;кг;;;;;;
762;https://viatec.ua/catalog/rozpodilni-shitki/0:0;prom;prom_;"0,95";"1,3";140905382;Безопасность и комфорт;50904;https://prom.ua/Raspredelitelnye-schity;"V, Vmin, noindex";;Вага;кг;;;;;;
763;"https://viatec.ua/catalog/drabini/0:0;tip-shodiv:shodi";site;;"0,9";"1,19";152133483;"Сходи, драбини";13070703;https://prom.ua/ua/Lestnitsy-stroitelnye;V;;Вага;кг;;Тип устройства;;Сходи;;
764;"https://viatec.ua/catalog/drabini/0:0;tip-shodiv:shodi";prom;prom_;"0,95";"1,3";140905382;Безопасность и комфорт;13070703;https://prom.ua/ua/Lestnitsy-stroitelnye;"V, Vmin, noindex";;Вага;кг;;Тип устройства;;Сходи;;
765;"https://viatec.ua/catalog/drabini/0:0;tip-shodiv:drabina";site;;"0,9";"1,19";152133483;"Сходи, драбини";13070701;https://prom.ua/ua/Stremyanki;V;;Вага;кг;;Тип устройства;;Драбина;;
766;"https://viatec.ua/catalog/drabini/0:0;tip-shodiv:drabina";prom;prom_;"0,95";"1,3";140905382;Безопасность и комфорт;13070701;https://prom.ua/ua/Stremyanki;"V, Vmin, noindex";;Вага;кг;;Тип устройства;;Драбина;;
767;"https://viatec.ua/catalog/drabini/0:0;tip-shodiv:chodi-drabina";site;;"0,9";"1,19";152133483;"Сходи, драбини";13070703;https://prom.ua/ua/Lestnitsy-stroitelnye;V;;Вага;кг;;Тип устройства;;Сходи-драбина;;
768;"https://viatec.ua/catalog/drabini/0:0;tip-shodiv:chodi-drabina";prom;prom_;"0,95";"1,3";140905382;Безопасность и комфорт;13070703;https://prom.ua/ua/Lestnitsy-stroitelnye;"V, Vmin, noindex";;Вага;кг;;Тип устройства;;Сходи-драбина;;
769;"https://viatec.ua/catalog/drabini/0:0;tip-shodiv:transformer";site;;"0,9";"1,19";152133483;"Сходи, драбини";13070703;https://prom.ua/ua/Lestnitsy-stroitelnye;V;;Вага;кг;;Тип устройства;;Сходи-трансформер;;
770;"https://viatec.ua/catalog/drabini/0:0;tip-shodiv:transformer";prom;prom_;"0,95";"1,3";140905382;Безопасность и комфорт;13070703;https://prom.ua/ua/Lestnitsy-stroitelnye;"V, Vmin, noindex";;Вага;кг;;Тип устройства;;Сходи-трансформер;;
771;"https://viatec.ua/catalog/drabini/0:0;tip-shodiv:pomist";site;;"0,9";"1,19";152133483;"Сходи, драбини";13070703;https://prom.ua/ua/Lestnitsy-stroitelnye;V;;Вага;кг;;Тип устройства;;Сходовий поміст;;
772;"https://viatec.ua/catalog/drabini/0:0;tip-shodiv:pomist";prom;prom_;"0,95";"1,3";140905382;Безопасность и комфорт;13070703;https://prom.ua/ua/Lestnitsy-stroitelnye;"V, Vmin, noindex";;Вага;кг;;Тип устройства;;Сходовий поміст;;
773;"https://viatec.ua/catalog/drabini/0:0;tip-shodiv:roliki";site;;"0,9";"1,19";140905382;Безопасность и комфорт;1354;https://prom.ua/ua/Komplektuyuschie-dlya-lestnits-i-stroitelnyh-lesov;V;;Вага;кг;;Тип устройства;;Комплект роликів для вишок-тур;;
774;"https://viatec.ua/catalog/drabini/0:0;tip-shodiv:roliki";prom;prom_;"0,95";"1,3";152133483;"Сходи, драбини";1354;https://prom.ua/ua/Komplektuyuschie-dlya-lestnits-i-stroitelnyh-lesov;"V, Vmin, noindex";;Вага;кг;;Тип устройства;;Комплект роликів для вишок-тур;;
775;"https://viatec.ua/catalog/drabini/0:0;tip-shodiv:poperechina-diagonal";site;;"0,9";"1,19";140905382;Безопасность и комфорт;1354;https://prom.ua/ua/Komplektuyuschie-dlya-lestnits-i-stroitelnyh-lesov;V;;Вага;кг;;Тип устройства;;Поперечина діагональна;;
776;"https://viatec.ua/catalog/drabini/0:0;tip-shodiv:poperechina-diagonal";prom;prom_;"0,95";"1,3";152133483;"Сходи, драбини";1354;https://prom.ua/ua/Komplektuyuschie-dlya-lestnits-i-stroitelnyh-lesov;"V, Vmin, noindex";;Вага;кг;;Тип устройства;;Поперечина діагональна;;
777;"https://viatec.ua/catalog/drabini/0:0;tip-shodiv:skoba-zamikaucha";site;;"0,9";"1,19";140905382;Безопасность и комфорт;1354;https://prom.ua/ua/Komplektuyuschie-dlya-lestnits-i-stroitelnyh-lesov;V;;Вага;кг;;Тип устройства;;Скоба замикаюча;;
778;"https://viatec.ua/catalog/drabini/0:0;tip-shodiv:skoba-zamikaucha";prom;prom_;"0,95";"1,3";152133483;"Сходи, драбини";1354;https://prom.ua/ua/Komplektuyuschie-dlya-lestnits-i-stroitelnyh-lesov;"V, Vmin, noindex";;Вага;кг;;Тип устройства;;Скоба замикаюча;;
779;"https://viatec.ua/catalog/drabini/0:0;tip-shodiv:poperechina-gorizont";site;;"0,9";"1,19";140905382;Безопасность и комфорт;1354;https://prom.ua/ua/Komplektuyuschie-dlya-lestnits-i-stroitelnyh-lesov;V;;Вага;кг;;Тип устройства;;Поперечина горизонтальна;;
780;"https://viatec.ua/catalog/drabini/0:0;tip-shodiv:poperechina-gorizont";prom;prom_;"0,95";"1,3";152133483;"Сходи, драбини";1354;https://prom.ua/ua/Komplektuyuschie-dlya-lestnits-i-stroitelnyh-lesov;"V, Vmin, noindex";;Вага;кг;;Тип устройства;;Поперечина горизонтальна;;
781;"https://viatec.ua/catalog/drabini/0:0;tip-shodiv:komplekt-fiksacii";site;;"0,9";"1,19";140905382;Безопасность и комфорт;1354;https://prom.ua/ua/Komplektuyuschie-dlya-lestnits-i-stroitelnyh-lesov;V;;Вага;кг;;Тип устройства;;Комплект фіксації;;
782;"https://viatec.ua/catalog/drabini/0:0;tip-shodiv:komplekt-fiksacii";prom;prom_;"0,95";"1,3";152133483;"Сходи, драбини";1354;https://prom.ua/ua/Komplektuyuschie-dlya-lestnits-i-stroitelnyh-lesov;"V, Vmin, noindex";;Вага;кг;;Тип устройства;;Комплект фіксації;;
783;"https://viatec.ua/catalog/drabini/0:0;tip-shodiv:traversa";site;;"0,9";"1,19";140905382;Безопасность и комфорт;1354;https://prom.ua/ua/Komplektuyuschie-dlya-lestnits-i-stroitelnyh-lesov;V;;Вага;кг;;Тип устройства;;Траверса для сходів;;
784;"https://viatec.ua/catalog/drabini/0:0;tip-shodiv:traversa";prom;prom_;"0,95";"1,3";152133483;"Сходи, драбини";1354;https://prom.ua/ua/Komplektuyuschie-dlya-lestnits-i-stroitelnyh-lesov;"V, Vmin, noindex";;Вага;кг;;Тип устройства;;Траверса для сходів;;
785;"https://viatec.ua/catalog/rozetki-vimikachi/proizvoditel:dahua,hikvision,ezviz,946,1030,1207,6633,223477,030309,videx,makel,schneiderelectric,hager,eti;tip-elektrika:rozetka";site;;"0,9";"1,19";152135823;"Розетки, выключатели";53004;https://prom.ua/ua/Rozetki-elektricheskie;V;;Вага;кг;;Тип устройства;;Розетка;;
786;"https://viatec.ua/catalog/rozetki-vimikachi/proizvoditel:dahua,hikvision,ezviz,946,1030,1207,6633,223477,030309,videx,makel,schneiderelectric,hager,eti;tip-elektrika:rozetka";prom;prom_;"0,95";"1,3";140905382;Безопасность и комфорт;53004;https://prom.ua/ua/Rozetki-elektricheskie;"V, Vmin, noindex";;Вага;кг;;Тип устройства;;Розетка;;
787;"https://viatec.ua/catalog/rozetki-vimikachi/proizvoditel:dahua,hikvision,ezviz,946,1030,1207,6633,223477,030309,videx,makel,schneiderelectric,hager,eti;tip-elektrika:peremikach";site;;"0,9";"1,19";152135823;"Розетки, выключатели";410612;https://prom.ua/ua/Nastennye-vyklyuchateli;V;;Вага;кг;;Тип устройства;;Перемикач;;
788;"https://viatec.ua/catalog/rozetki-vimikachi/proizvoditel:dahua,hikvision,ezviz,946,1030,1207,6633,223477,030309,videx,makel,schneiderelectric,hager,eti;tip-elektrika:peremikach";prom;prom_;"0,95";"1,3";140905382;Безопасность и комфорт;410612;https://prom.ua/ua/Nastennye-vyklyuchateli;"V, Vmin, noindex";;Вага;кг;;Тип устройства;;Перемикач;;
789;"https://viatec.ua/catalog/rozetki-vimikachi/proizvoditel:dahua,hikvision,ezviz,946,1030,1207,6633,223477,030309,videx,makel,schneiderelectric,hager,eti;tip-elektrika:vimikach";site;;"0,9";"1,19";152135823;"Розетки, выключатели";410612;https://prom.ua/ua/Nastennye-vyklyuchateli;V;;Вага;кг;;Тип устройства;;Вимикач;;
790;"https://viatec.ua/catalog/rozetki-vimikachi/proizvoditel:dahua,hikvision,ezviz,946,1030,1207,6633,223477,030309,videx,makel,schneiderelectric,hager,eti;tip-elektrika:vimikach";prom;prom_;"0,95";"1,3";140905382;Безопасность и комфорт;410612;https://prom.ua/ua/Nastennye-vyklyuchateli;"V, Vmin, noindex";;Вага;кг;;Тип устройства;;Вимикач;;
791;"https://viatec.ua/catalog/rozetki-vimikachi/proizvoditel:dahua,hikvision,ezviz,946,1030,1207,6633,223477,030309,videx,makel,schneiderelectric,hager,eti;tip-elektrika:ramka";site;;"0,9";"1,19";152135823;"Розетки, выключатели";53004;https://prom.ua/ua/Rozetki-elektricheskie;V;;Вага;кг;;Тип устройства;;Рамка;;
792;"https://viatec.ua/catalog/rozetki-vimikachi/proizvoditel:dahua,hikvision,ezviz,946,1030,1207,6633,223477,030309,videx,makel,schneiderelectric,hager,eti;tip-elektrika:ramka";prom;prom_;"0,95";"1,3";140905382;Безопасность и комфорт;53004;https://prom.ua/ua/Rozetki-elektricheskie;"V, Vmin, noindex";;Вага;кг;;Тип устройства;;Рамка;;
793;"https://viatec.ua/catalog/rozetki-vimikachi/proizvoditel:dahua,hikvision,ezviz,946,1030,1207,6633,223477,030309,videx,makel,schneiderelectric,hager,eti;tip-elektrika:knopka";site;;"0,9";"1,19";152135823;"Розетки, выключатели";5090210;https://prom.ua/ua/Knopki-i-dzhojstiki-dlya-mobilnyh-telefonov;V;;Вага;кг;;Тип устройства;;Кнопковий вимикач;;
794;"https://viatec.ua/catalog/rozetki-vimikachi/proizvoditel:dahua,hikvision,ezviz,946,1030,1207,6633,223477,030309,videx,makel,schneiderelectric,hager,eti;tip-elektrika:knopka";prom;prom_;"0,95";"1,3";140905382;Безопасность и комфорт;5090210;https://prom.ua/ua/Knopki-i-dzhojstiki-dlya-mobilnyh-telefonov;"V, Vmin, noindex";;Вага;кг;;Тип устройства;;Кнопковий вимикач;;
795;"https://viatec.ua/catalog/rozetki-vimikachi/proizvoditel:dahua,hikvision,ezviz,946,1030,1207,6633,223477,030309,videx,makel,schneiderelectric,hager,eti;tip-elektrika:rozetka-komp";site;;"0,9";"1,19";152135823;"Розетки, выключатели";5092904;https://prom.ua/ua/Kommunikatsionnaya-rozetka;V;;Вага;кг;;Тип устройства;;Розетка комп'ютерна;;
796;"https://viatec.ua/catalog/rozetki-vimikachi/proizvoditel:dahua,hikvision,ezviz,946,1030,1207,6633,223477,030309,videx,makel,schneiderelectric,hager,eti;tip-elektrika:rozetka-komp";prom;prom_;"0,95";"1,3";140905382;Безопасность и комфорт;5092904;https://prom.ua/ua/Kommunikatsionnaya-rozetka;"V, Vmin, noindex";;Вага;кг;;Тип устройства;;Розетка комп'ютерна;;
797;"https://viatec.ua/catalog/rozetki-vimikachi/proizvoditel:dahua,hikvision,ezviz,946,1030,1207,6633,223477,030309,videx,makel,schneiderelectric,hager,eti;tip-elektrika:knopka-dzvinok";site;;"0,9";"1,19";152135823;"Розетки, выключатели";1336;https://prom.ua/ua/Dvernye-zvonki;V;;Вага;кг;;Тип устройства;;Кнопка дзвінок;;
798;"https://viatec.ua/catalog/rozetki-vimikachi/proizvoditel:dahua,hikvision,ezviz,946,1030,1207,6633,223477,030309,videx,makel,schneiderelectric,hager,eti;tip-elektrika:knopka-dzvinok";prom;prom_;"0,95";"1,3";140905382;Безопасность и комфорт;1336;https://prom.ua/ua/Dvernye-zvonki;"V, Vmin, noindex";;Вага;кг;;Тип устройства;;Кнопка дзвінок;;
799;"https://viatec.ua/catalog/rozetki-vimikachi/proizvoditel:dahua,hikvision,ezviz,946,1030,1207,6633,223477,030309,videx,makel,schneiderelectric,hager,eti;tip-elektrika:rozetka-wifi";site;;"0,9";"1,19";152135823;"Розетки, выключатели";53004;https://prom.ua/ua/Rozetki-elektricheskie;V;;Вага;кг;;Тип устройства;;Розетка Wi-Fi;;
800;"https://viatec.ua/catalog/rozetki-vimikachi/proizvoditel:dahua,hikvision,ezviz,946,1030,1207,6633,223477,030309,videx,makel,schneiderelectric,hager,eti;tip-elektrika:rozetka-wifi";prom;prom_;"0,95";"1,3";140905382;Безопасность и комфорт;53004;https://prom.ua/ua/Rozetki-elektricheskie;"V, Vmin, noindex";;Вага;кг;;Тип устройства;;Розетка Wi-Fi;;
801;"https://viatec.ua/catalog/rozetki-vimikachi/proizvoditel:dahua,hikvision,ezviz,946,1030,1207,6633,223477,030309,videx,makel,schneiderelectric,hager,eti;tip-elektrika:rozetka-tv";site;;"0,9";"1,19";152135823;"Розетки, выключатели";5092904;https://prom.ua/ua/Kommunikatsionnaya-rozetka;V;;Вага;кг;;Тип устройства;;Розетка ТБ;;
802;"https://viatec.ua/catalog/rozetki-vimikachi/proizvoditel:dahua,hikvision,ezviz,946,1030,1207,6633,223477,030309,videx,makel,schneiderelectric,hager,eti;tip-elektrika:rozetka-tv";prom;prom_;"0,95";"1,3";140905382;Безопасность и комфорт;5092904;https://prom.ua/ua/Kommunikatsionnaya-rozetka;"V, Vmin, noindex";;Вага;кг;;Тип устройства;;Розетка ТБ;;
803;"https://viatec.ua/catalog/rozetki-vimikachi/proizvoditel:dahua,hikvision,ezviz,946,1030,1207,6633,223477,030309,videx,makel,schneiderelectric,hager,eti;tip-elektrika:zaglushka";site;;"0,9";"1,19";152135823;"Розетки, выключатели";150111;https://prom.ua/ua/Aksessuary-dlya-bezopasnosti-detej;V;;Вага;кг;;Тип устройства;;Заглушка;;
804;"https://viatec.ua/catalog/rozetki-vimikachi/proizvoditel:dahua,hikvision,ezviz,946,1030,1207,6633,223477,030309,videx,makel,schneiderelectric,hager,eti;tip-elektrika:zaglushka";prom;prom_;"0,95";"1,3";140905382;Безопасность и комфорт;150111;https://prom.ua/ua/Aksessuary-dlya-bezopasnosti-detej;"V, Vmin, noindex";;Вага;кг;;Тип устройства;;Заглушка;;
805;"https://viatec.ua/catalog/rozetki-vimikachi/proizvoditel:dahua,hikvision,ezviz,946,1030,1207,6633,223477,030309,videx,makel,schneiderelectric,hager,eti;tip-elektrika:suport";site;;"0,9";"1,19";152135823;"Розетки, выключатели";53004;https://prom.ua/ua/Rozetki-elektricheskie;V;;Вага;кг;;Тип устройства;;Супорт;;
806;"https://viatec.ua/catalog/rozetki-vimikachi/proizvoditel:dahua,hikvision,ezviz,946,1030,1207,6633,223477,030309,videx,makel,schneiderelectric,hager,eti;tip-elektrika:suport";prom;prom_;"0,95";"1,3";140905382;Безопасность и комфорт;53004;https://prom.ua/ua/Rozetki-elektricheskie;"V, Vmin, noindex";;Вага;кг;;Тип устройства;;Супорт;;
807;"https://viatec.ua/catalog/rozetki-vimikachi/proizvoditel:dahua,hikvision,ezviz,946,1030,1207,6633,223477,030309,videx,makel,schneiderelectric,hager,eti;tip-elektrika:korob-montazhu";site;;"0,9";"1,19";152135823;"Розетки, выключатели";5092913;https://prom.ua/ua/Korobki-montazhnye;V;;Вага;кг;;Тип устройства;;Коробка зовнішнього монтажу;;
808;"https://viatec.ua/catalog/rozetki-vimikachi/proizvoditel:dahua,hikvision,ezviz,946,1030,1207,6633,223477,030309,videx,makel,schneiderelectric,hager,eti;tip-elektrika:korob-montazhu";prom;prom_;"0,95";"1,3";140905382;Безопасность и комфорт;5092913;https://prom.ua/ua/Korobki-montazhnye;"V, Vmin, noindex";;Вага;кг;;Тип устройства;;Коробка зовнішнього монтажу;;
809;"https://viatec.ua/catalog/rozetki-vimikachi/proizvoditel:dahua,hikvision,ezviz,946,1030,1207,6633,223477,030309,videx,makel,schneiderelectric,hager,eti;tip-elektrika:mehanizm-vimikach";site;;"0,9";"1,19";152135823;"Розетки, выключатели";410612;https://prom.ua/ua/Nastennye-vyklyuchateli;V;;Вага;кг;;Тип устройства;;Механізм кнопкового вимикача;;
810;"https://viatec.ua/catalog/rozetki-vimikachi/proizvoditel:dahua,hikvision,ezviz,946,1030,1207,6633,223477,030309,videx,makel,schneiderelectric,hager,eti;tip-elektrika:mehanizm-vimikach";prom;prom_;"0,95";"1,3";140905382;Безопасность и комфорт;410612;https://prom.ua/ua/Nastennye-vyklyuchateli;"V, Vmin, noindex";;Вага;кг;;Тип устройства;;Механізм кнопкового вимикача;;
811;"https://viatec.ua/catalog/sadovii-instrument/0:0;elektro:univers-privid";site;;"0,9";"1,19";152195979;Садове приладдя;1250308;https://prom.ua/ua/Gazonokosilki;V;;Вага;кг;;Тип устройства;;Багатофункціональний привід для саду;;
812;"https://viatec.ua/catalog/sadovii-instrument/0:0;elektro:univers-privid";prom;prom_;"0,95";"1,3";140905382;Безопасность и комфорт;1250308;https://prom.ua/ua/Gazonokosilki;"V, Vmin, noindex";;Вага;кг;;Тип устройства;;Багатофункціональний привід для саду;;
813;"https://viatec.ua/catalog/sadovii-instrument/0:0;elektro:podribnuvach";site;;"0,9";"1,19";152195979;Садове приладдя;1250304;https://prom.ua/ua/Sadovye-drobilki;V;;Вага;кг;;Тип устройства;;Садовий подрібнювач гілок;;
814;"https://viatec.ua/catalog/sadovii-instrument/0:0;elektro:podribnuvach";prom;prom_;"0,95";"1,3";140905382;Безопасность и комфорт;1250304;https://prom.ua/ua/Sadovye-drobilki;"V, Vmin, noindex";;Вага;кг;;Тип устройства;;Садовий подрібнювач гілок;;
815;"https://viatec.ua/catalog/sadovii-instrument/0:0;elektro:motopompa";site;;"0,9";"1,19";152195979;Садове приладдя;140314;https://prom.ua/ua/Motopompy;V;;Вага;кг;;Тип устройства;;Мотопомпа;;
816;"https://viatec.ua/catalog/sadovii-instrument/0:0;elektro:motopompa";prom;prom_;"0,95";"1,3";140905382;Безопасность и комфорт;140314;https://prom.ua/ua/Motopompy;"V, Vmin, noindex";;Вага;кг;;Тип устройства;;Мотопомпа;;
817;"https://viatec.ua/catalog/sadovii-instrument/0:0;elektro:trimer";site;;"0,9";"1,19";152195979;Садове приладдя;1250321;https://prom.ua/Motokosy-benzinovye;V;;Вага;кг;;Тип устройства;;Газонокосарка/Тример;;
818;"https://viatec.ua/catalog/sadovii-instrument/0:0;elektro:trimer";prom;prom_;"0,95";"1,3";140905382;Безопасность и комфорт;1250321;https://prom.ua/Motokosy-benzinovye;"V, Vmin, noindex";;Вага;кг;;Тип устройства;;Газонокосарка/Тример;;
819;"https://viatec.ua/catalog/sadovii-instrument/0:0;elektro:kushoriz";site;;"0,9";"1,19";152195979;Садове приладдя;1250301;https://prom.ua/ua/Kustorezy;V;;Вага;кг;;Тип устройства;;Кущоріз;;
820;"https://viatec.ua/catalog/sadovii-instrument/0:0;elektro:kushoriz";prom;prom_;"0,95";"1,3";140905382;Безопасность и комфорт;1250301;https://prom.ua/ua/Kustorezy;"V, Vmin, noindex";;Вага;кг;;Тип устройства;;Кущоріз;;
821;"https://viatec.ua/catalog/sadovii-instrument/0:0;elektro:akum-nozhici";site;;"0,9";"1,19";152195979;Садове приладдя;1250312;https://prom.ua/ua/Sadovye-nozhnitsy;V;;Вага;кг;;Тип устройства;;Акумуляторні ножиці для трави та кущів;;
822;"https://viatec.ua/catalog/sadovii-instrument/0:0;elektro:akum-nozhici";prom;prom_;"0,95";"1,3";140905382;Безопасность и комфорт;1250312;https://prom.ua/ua/Sadovye-nozhnitsy;"V, Vmin, noindex";;Вага;кг;;Тип устройства;;Акумуляторні ножиці для трави та кущів;;
823;"https://viatec.ua/catalog/sadovii-instrument/0:0;elektro:povitroduvka";site;;"0,9";"1,19";152195979;Садове приладдя;1250309;https://prom.ua/ua/Pylesos-sadovyj;V;;Вага;кг;;Тип устройства;;Пилосос-повітродувка;;
824;"https://viatec.ua/catalog/sadovii-instrument/0:0;elektro:povitroduvka";prom;prom_;"0,95";"1,3";140905382;Безопасность и комфорт;1250309;https://prom.ua/ua/Pylesos-sadovyj;"V, Vmin, noindex";;Вага;кг;;Тип устройства;;Пилосос-повітродувка;;
825;"https://viatec.ua/catalog/sadovii-instrument/0:0;elektro:zanur-nasos";site;;"0,9";"1,19";152195979;Садове приладдя;140309;https://prom.ua/ua/Skvazhinnye-nasosy;V;;Вага;кг;;Тип устройства;;Занурювальний насос;;
826;"https://viatec.ua/catalog/sadovii-instrument/0:0;elektro:zanur-nasos";prom;prom_;"0,95";"1,3";140905382;Безопасность и комфорт;140309;https://prom.ua/ua/Skvazhinnye-nasosy;"V, Vmin, noindex";;Вага;кг;;Тип устройства;;Занурювальний насос;;
827;"https://viatec.ua/catalog/sadovii-instrument/0:0;elektro:poverh-nasos";site;;"0,9";"1,19";152195979;Садове приладдя;13241401;https://prom.ua/ua/Bytovye-skvazhinnye-nasosy;V;;Вага;кг;;Тип устройства;;Поверхневий насос;;
828;"https://viatec.ua/catalog/sadovii-instrument/0:0;elektro:poverh-nasos";prom;prom_;"0,95";"1,3";140905382;Безопасность и комфорт;13241401;https://prom.ua/ua/Bytovye-skvazhinnye-nasosy;"V, Vmin, noindex";;Вага;кг;;Тип устройства;;Поверхневий насос;;
829;"https://viatec.ua/catalog/sadovii-instrument/0:0;elektro:nasos-stancia";site;;"0,9";"1,19";152195979;Садове приладдя;140305;https://prom.ua/ua/Nasosnye-stantsii;V;;Вага;кг;;Тип устройства;;Насосна станція;;
830;"https://viatec.ua/catalog/sadovii-instrument/0:0;elektro:nasos-stancia";prom;prom_;"0,95";"1,3";140905382;Безопасность и комфорт;140305;https://prom.ua/ua/Nasosnye-stantsii;"V, Vmin, noindex";;Вага;кг;;Тип устройства;;Насосна станція;;
831;"https://viatec.ua/catalog/sadovii-instrument/0:0;elektro:drenazh-nasos";site;;"0,9";"1,19";152195979;Садове приладдя;13241401;https://prom.ua/ua/Bytovye-skvazhinnye-nasosy;V;;Вага;кг;;Тип устройства;;Дренажний насос;;
832;"https://viatec.ua/catalog/sadovii-instrument/0:0;elektro:drenazh-nasos";prom;prom_;"0,95";"1,3";140905382;Безопасность и комфорт;13241401;https://prom.ua/ua/Bytovye-skvazhinnye-nasosy;"V, Vmin, noindex";;Вага;кг;;Тип устройства;;Дренажний насос;;
833;"https://viatec.ua/catalog/sadovii-instrument/0:0;elektro:obpriskuvach";site;;"0,9";"1,19";152195979;Садове приладдя;1250317;https://prom.ua/ua/Sadovye-opryskivateli;V;;Вага;кг;;Тип устройства;;Обприскувач;;
834;"https://viatec.ua/catalog/sadovii-instrument/0:0;elektro:obpriskuvach";prom;prom_;"0,95";"1,3";140905382;Безопасность и комфорт;1250317;https://prom.ua/ua/Sadovye-opryskivateli;"V, Vmin, noindex";;Вага;кг;;Тип устройства;;Обприскувач;;
835;"https://viatec.ua/catalog/sadovii-instrument/0:0;elektro:miika-visokogo-tisku";site;;"0,9";"1,19";152195979;Садове приладдя;121105;https://prom.ua/ua/Mojki-vysokogo-davleniya;V;;Вага;кг;;Тип устройства;;Мийка високого тиску;;
836;"https://viatec.ua/catalog/sadovii-instrument/0:0;elektro:miika-visokogo-tisku";prom;prom_;"0,95";"1,3";140905382;Безопасность и комфорт;121105;https://prom.ua/ua/Mojki-vysokogo-davleniya;"V, Vmin, noindex";;Вага;кг;;Тип устройства;;Мийка високого тиску;;
837;"https://viatec.ua/catalog/sadovii-instrument/0:0;elektro:aerator";site;;"0,9";"1,19";152195979;Садове приладдя;1250341;https://prom.ua/ua/Aeratory-pochvy;V;;Вага;кг;;Тип устройства;;Аератор;;
838;"https://viatec.ua/catalog/sadovii-instrument/0:0;elektro:aerator";prom;prom_;"0,95";"1,3";140905382;Безопасность и комфорт;1250341;https://prom.ua/ua/Aeratory-pochvy;"V, Vmin, noindex";;Вага;кг;;Тип устройства;;Аератор;;
839;"https://viatec.ua/catalog/sadovii-instrument/0:0;obrizka:benzopilka";site;;"0,9";"1,19";152195979;Садове приладдя;1250302;https://prom.ua/ua/Pily-benzopily;V;;Вага;кг;;Тип устройства;;Бензопила;;
840;"https://viatec.ua/catalog/sadovii-instrument/0:0;obrizka:benzopilka";prom;prom_;"0,95";"1,3";140905382;Безопасность и комфорт;1250302;https://prom.ua/ua/Pily-benzopily;"V, Vmin, noindex";;Вага;кг;;Тип устройства;;Бензопила;;
841;"https://viatec.ua/catalog/sadovii-instrument/0:0;obrizka:gilkoriz";site;;"0,9";"1,19";152195979;Садове приладдя;1250312;https://prom.ua/ua/Sadovye-nozhnitsy;V;;Вага;кг;;Тип устройства;;Гілкоріз;;
842;"https://viatec.ua/catalog/sadovii-instrument/0:0;obrizka:gilkoriz";prom;prom_;"0,95";"1,3";140905382;Безопасность и комфорт;1250312;https://prom.ua/ua/Sadovye-nozhnitsy;"V, Vmin, noindex";;Вага;кг;;Тип устройства;;Гілкоріз;;
843;"https://viatec.ua/catalog/sadovii-instrument/0:0;obrizka:sklad-pilka";site;;"0,9";"1,19";152195979;Садове приладдя;1250311;https://prom.ua/ua/Pily-dlya-obrezki-vetvej;V;;Вага;кг;;Тип устройства;;Складана пилка;;
844;"https://viatec.ua/catalog/sadovii-instrument/0:0;obrizka:sklad-pilka";prom;prom_;"0,95";"1,3";140905382;Безопасность и комфорт;1250311;https://prom.ua/ua/Pily-dlya-obrezki-vetvej;"V, Vmin, noindex";;Вага;кг;;Тип устройства;;Складана пилка;;
845;"https://viatec.ua/catalog/sadovii-instrument/0:0;obrizka:mala-pilka";site;;"0,9";"1,19";152195979;Садове приладдя;1250311;https://prom.ua/ua/Pily-dlya-obrezki-vetvej;V;;Вага;кг;;Тип устройства;;Садова пила мала;;
846;"https://viatec.ua/catalog/sadovii-instrument/0:0;obrizka:mala-pilka";prom;prom_;"0,95";"1,3";140905382;Безопасность и комфорт;1250311;https://prom.ua/ua/Pily-dlya-obrezki-vetvej;"V, Vmin, noindex";;Вага;кг;;Тип устройства;;Садова пила мала;;
847;"https://viatec.ua/catalog/sadovii-instrument/0:0;obrizka:velika-pilka";site;;"0,9";"1,19";152195979;Садове приладдя;1250311;https://prom.ua/ua/Pily-dlya-obrezki-vetvej;V;;Вага;кг;;Тип устройства;;Садова пила велика;;
848;"https://viatec.ua/catalog/sadovii-instrument/0:0;obrizka:velika-pilka";prom;prom_;"0,95";"1,3";140905382;Безопасность и комфорт;1250311;https://prom.ua/ua/Pily-dlya-obrezki-vetvej;"V, Vmin, noindex";;Вага;кг;;Тип устройства;;Садова пила велика;;
849;"https://viatec.ua/catalog/sadovii-instrument/0:0;obrizka:ruchna-pilka";site;;"0,9";"1,19";152195979;Садове приладдя;14200308;https://prom.ua/ua/Pily-ruchnye;V;;Вага;кг;;Тип устройства;;Пила ручна;;
850;"https://viatec.ua/catalog/sadovii-instrument/0:0;obrizka:ruchna-pilka";prom;prom_;"0,95";"1,3";140905382;Безопасность и комфорт;14200308;https://prom.ua/ua/Pily-ruchnye;"V, Vmin, noindex";;Вага;кг;;Тип устройства;;Пила ручна;;
851;"https://viatec.ua/catalog/sadovii-instrument/0:0;obrizka:luchkova-pilka";site;;"0,9";"1,19";152195979;Садове приладдя;14200308;https://prom.ua/ua/Pily-ruchnye;V;;Вага;кг;;Тип устройства;;Лучкова пила;;
852;"https://viatec.ua/catalog/sadovii-instrument/0:0;obrizka:luchkova-pilka";prom;prom_;"0,95";"1,3";140905382;Безопасность и комфорт;14200308;https://prom.ua/ua/Pily-ruchnye;"V, Vmin, noindex";;Вага;кг;;Тип устройства;;Лучкова пила;;
853;"https://viatec.ua/catalog/sadovii-instrument/0:0;obrizka:univ-nizh";site;;"0,9";"1,19";152195979;Садове приладдя;15230410;https://prom.ua/ua/Kuhonnye-nozhi-i-podstavki;V;;Вага;кг;;Тип устройства;;Універсальний ніж;;
854;"https://viatec.ua/catalog/sadovii-instrument/0:0;obrizka:univ-nizh";prom;prom_;"0,95";"1,3";140905382;Безопасность и комфорт;15230410;https://prom.ua/ua/Kuhonnye-nozhi-i-podstavki;"V, Vmin, noindex";;Вага;кг;;Тип устройства;;Універсальний ніж;;
855;"https://viatec.ua/catalog/sadovii-instrument/0:0;obrizka:remis-nizh";site;;"0,9";"1,19";152195979;Садове приладдя;14200306;https://prom.ua/ua/Nozhi;V;;Вага;кг;;Тип устройства;;Ремісничий ніж;;
856;"https://viatec.ua/catalog/sadovii-instrument/0:0;obrizka:remis-nizh";prom;prom_;"0,95";"1,3";140905382;Безопасность и комфорт;14200306;https://prom.ua/ua/Nozhi;"V, Vmin, noindex";;Вага;кг;;Тип устройства;;Ремісничий ніж;;
857;"https://viatec.ua/catalog/sadovii-instrument/0:0;obrizka:plosh-niz";site;;"0,9";"1,19";152195979;Садове приладдя;1250312;https://prom.ua/ua/Sadovye-nozhnitsy;V;;Вага;кг;;Тип устройства;;Площинний секатор;;
858;"https://viatec.ua/catalog/sadovii-instrument/0:0;obrizka:plosh-niz";prom;prom_;"0,95";"1,3";140905382;Безопасность и комфорт;1250312;https://prom.ua/ua/Sadovye-nozhnitsy;"V, Vmin, noindex";;Вага;кг;;Тип устройства;;Площинний секатор;;
859;"https://viatec.ua/catalog/sadovii-instrument/0:0;obrizka:sad-sekator";site;;"0,9";"1,19";152195979;Садове приладдя;1250312;https://prom.ua/ua/Sadovye-nozhnitsy;V;;Вага;кг;;Тип устройства;;Садовий секатор;;
860;"https://viatec.ua/catalog/sadovii-instrument/0:0;obrizka:sad-sekator";prom;prom_;"0,95";"1,3";140905382;Безопасность и комфорт;1250312;https://prom.ua/ua/Sadovye-nozhnitsy;"V, Vmin, noindex";;Вага;кг;;Тип устройства;;Садовий секатор;;
861;"https://viatec.ua/catalog/sadovii-instrument/0:0;obrizka:kontakt-sekator";site;;"0,9";"1,19";152195979;Садове приладдя;1250312;https://prom.ua/ua/Sadovye-nozhnitsy;V;;Вага;кг;;Тип устройства;;Контактний секатор;;
862;"https://viatec.ua/catalog/sadovii-instrument/0:0;obrizka:kontakt-sekator";prom;prom_;"0,95";"1,3";140905382;Безопасность и комфорт;1250312;https://prom.ua/ua/Sadovye-nozhnitsy;"V, Vmin, noindex";;Вага;кг;;Тип устройства;;Контактний секатор;;
863;"https://viatec.ua/catalog/sadovii-instrument/0:0;obrizka:plosh-suchkorz";site;;"0,9";"1,19";152195979;Садове приладдя;1250312;https://prom.ua/ua/Sadovye-nozhnitsy;V;;Вага;кг;;Тип устройства;;Площинний сучкоріз;;
864;"https://viatec.ua/catalog/sadovii-instrument/0:0;obrizka:plosh-suchkorz";prom;prom_;"0,95";"1,3";140905382;Безопасность и комфорт;1250312;https://prom.ua/ua/Sadovye-nozhnitsy;"V, Vmin, noindex";;Вага;кг;;Тип устройства;;Площинний сучкоріз;;
865;"https://viatec.ua/catalog/sadovii-instrument/0:0;obrizka:nozhici-zhivoriz";site;;"0,9";"1,19";152195979;Садове приладдя;1250312;https://prom.ua/ua/Sadovye-nozhnitsy;V;;Вага;кг;;Тип устройства;;Ножиці для живої огорожі;;
866;"https://viatec.ua/catalog/sadovii-instrument/0:0;obrizka:nozhici-zhivoriz";prom;prom_;"0,95";"1,3";140905382;Безопасность и комфорт;1250312;https://prom.ua/ua/Sadovye-nozhnitsy;"V, Vmin, noindex";;Вага;кг;;Тип устройства;;Ножиці для живої огорожі;;
867;"https://viatec.ua/catalog/sadovii-instrument/0:0;obrizka:nozhici-bgtofunk";site;;"0,9";"1,19";152195979;Садове приладдя;1250312;https://prom.ua/ua/Sadovye-nozhnitsy;V;;Вага;кг;;Тип устройства;;Ножиці багатофункціональні;;
868;"https://viatec.ua/catalog/sadovii-instrument/0:0;obrizka:nozhici-bgtofunk";prom;prom_;"0,95";"1,3";140905382;Безопасность и комфорт;1250312;https://prom.ua/ua/Sadovye-nozhnitsy;"V, Vmin, noindex";;Вага;кг;;Тип устройства;;Ножиці багатофункціональні;;
869;"https://viatec.ua/catalog/sadovii-instrument/0:0;lopati-vila:shtik-krug";site;;"0,9";"1,19";152195979;Садове приладдя;14201602;https://prom.ua/ua/Lopaty;V;;Вага;кг;;Тип устройства;;Лопата штикова закруглена;;
870;"https://viatec.ua/catalog/sadovii-instrument/0:0;lopati-vila:shtik-krug";prom;prom_;"0,95";"1,3";140905382;Безопасность и комфорт;14201602;https://prom.ua/ua/Lopaty;"V, Vmin, noindex";;Вага;кг;;Тип устройства;;Лопата штикова закруглена;;
871;"https://viatec.ua/catalog/sadovii-instrument/0:0;lopati-vila:shtik-priama";site;;"0,9";"1,19";152195979;Садове приладдя;14201602;https://prom.ua/ua/Lopaty;V;;Вага;кг;;Тип устройства;;Лопата штикова пряма;;
872;"https://viatec.ua/catalog/sadovii-instrument/0:0;lopati-vila:shtik-priama";prom;prom_;"0,95";"1,3";140905382;Безопасность и комфорт;14201602;https://prom.ua/ua/Lopaty;"V, Vmin, noindex";;Вага;кг;;Тип устройства;;Лопата штикова пряма;;
873;"https://viatec.ua/catalog/sadovii-instrument/0:0;lopati-vila:shtik-dovg";site;;"0,9";"1,19";152195979;Садове приладдя;14201602;https://prom.ua/ua/Lopaty;V;;Вага;кг;;Тип устройства;;Лопата штикова подовжена;;
874;"https://viatec.ua/catalog/sadovii-instrument/0:0;lopati-vila:shtik-dovg";prom;prom_;"0,95";"1,3";140905382;Безопасность и комфорт;14201602;https://prom.ua/ua/Lopaty;"V, Vmin, noindex";;Вага;кг;;Тип устройства;;Лопата штикова подовжена;;
875;"https://viatec.ua/catalog/sadovii-instrument/0:0;lopati-vila:sovkova";site;;"0,9";"1,19";152195979;Садове приладдя;14201602;https://prom.ua/ua/Lopaty;V;;Вага;кг;;Тип устройства;;Лопата совкова;;
876;"https://viatec.ua/catalog/sadovii-instrument/0:0;lopati-vila:sovkova";prom;prom_;"0,95";"1,3";140905382;Безопасность и комфорт;14201602;https://prom.ua/ua/Lopaty;"V, Vmin, noindex";;Вага;кг;;Тип устройства;;Лопата совкова;;
877;"https://viatec.ua/catalog/sadovii-instrument/0:0;lopati-vila:drenazhna";site;;"0,9";"1,19";152195979;Садове приладдя;14201602;https://prom.ua/ua/Lopaty;V;;Вага;кг;;Тип устройства;;Дренажна лопата (саджанці);;
878;"https://viatec.ua/catalog/sadovii-instrument/0:0;lopati-vila:drenazhna";prom;prom_;"0,95";"1,3";140905382;Безопасность и комфорт;14201602;https://prom.ua/ua/Lopaty;"V, Vmin, noindex";;Вага;кг;;Тип устройства;;Дренажна лопата (саджанці);;
879;"https://viatec.ua/catalog/sadovii-instrument/0:0;lopati-vila:korotka";site;;"0,9";"1,19";152195979;Садове приладдя;14201602;https://prom.ua/ua/Lopaty;V;;Вага;кг;;Тип устройства;;Лопата коротка;;
880;"https://viatec.ua/catalog/sadovii-instrument/0:0;lopati-vila:korotka";prom;prom_;"0,95";"1,3";140905382;Безопасность и комфорт;14201602;https://prom.ua/ua/Lopaty;"V, Vmin, noindex";;Вага;кг;;Тип устройства;;Лопата коротка;;
881;"https://viatec.ua/catalog/sadovii-instrument/0:0;lopati-vila:vila-sadovi";site;;"0,9";"1,19";152195979;Садове приладдя;1250303;https://prom.ua/ua/Vily;V;;Вага;кг;;Тип устройства;;Вила садові;;
882;"https://viatec.ua/catalog/sadovii-instrument/0:0;lopati-vila:vila-sadovi";prom;prom_;"0,95";"1,3";140905382;Безопасность и комфорт;1250303;https://prom.ua/ua/Vily;"V, Vmin, noindex";;Вага;кг;;Тип устройства;;Вила садові;;
883;"https://viatec.ua/catalog/sadovii-instrument/0:0;lopati-vila:vila-kompost";site;;"0,9";"1,19";152195979;Садове приладдя;1250303;https://prom.ua/ua/Vily;V;;Вага;кг;;Тип устройства;;Вила для компосту;;
884;"https://viatec.ua/catalog/sadovii-instrument/0:0;lopati-vila:vila-kompost";prom;prom_;"0,95";"1,3";140905382;Безопасность и комфорт;1250303;https://prom.ua/ua/Vily;"V, Vmin, noindex";;Вага;кг;;Тип устройства;;Вила для компосту;;
885;"https://viatec.ua/catalog/sadovii-instrument/0:0;grabli-sapki:sapka";site;;"0,9";"1,19";152195979;Садове приладдя;1250307;https://prom.ua/ua/Motygi-tyapki;V;;Вага;кг;;Тип устройства;;Сапка;;
886;"https://viatec.ua/catalog/sadovii-instrument/0:0;grabli-sapki:sapka";prom;prom_;"0,95";"1,3";140905382;Безопасность и комфорт;1250307;https://prom.ua/ua/Motygi-tyapki;"V, Vmin, noindex";;Вага;кг;;Тип устройства;;Сапка;;
887;"https://viatec.ua/catalog/sadovii-instrument/0:0;grabli-sapki:vidalnik-brianiv";site;;"0,9";"1,19";152195979;Садове приладдя;1250307;https://prom.ua/ua/Motygi-tyapki;V;;Вага;кг;;Тип устройства;;Видальник бур'янів;;
888;"https://viatec.ua/catalog/sadovii-instrument/0:0;grabli-sapki:vidalnik-brianiv";prom;prom_;"0,95";"1,3";140905382;Безопасность и комфорт;1250307;https://prom.ua/ua/Motygi-tyapki;"V, Vmin, noindex";;Вага;кг;;Тип устройства;;Видальник бур'янів;;
889;"https://viatec.ua/catalog/sadovii-instrument/0:0;grabli-sapki:kultivator";site;;"0,9";"1,19";152195979;Садове приладдя;7081201;https://prom.ua/ua/Kultivatory-ruchnye;V;;Вага;кг;;Тип устройства;;Культиватор;;
890;"https://viatec.ua/catalog/sadovii-instrument/0:0;grabli-sapki:kultivator";prom;prom_;"0,95";"1,3";140905382;Безопасность и комфорт;7081201;https://prom.ua/ua/Kultivatory-ruchnye;"V, Vmin, noindex";;Вага;кг;;Тип устройства;;Культиватор;;
891;"https://viatec.ua/catalog/sadovii-instrument/0:0;grabli-sapki:sadovi-grabli";site;;"0,9";"1,19";152195979;Садове приладдя;370499;https://prom.ua/ua/Drugaya-sadovaya-mebel;V;;Вага;кг;;Тип устройства;;Садові граблі;;
892;"https://viatec.ua/catalog/sadovii-instrument/0:0;grabli-sapki:sadovi-grabli";prom;prom_;"0,95";"1,3";140905382;Безопасность и комфорт;370499;https://prom.ua/ua/Drugaya-sadovaya-mebel;"V, Vmin, noindex";;Вага;кг;;Тип устройства;;Садові граблі;;
893;"https://viatec.ua/catalog/sadovii-instrument/0:0;grabli-sapki:grabli-listia";site;;"0,9";"1,19";152195979;Садове приладдя;1250313;https://prom.ua/ua/Grabli;V;;Вага;кг;;Тип устройства;;Граблі для листя;;
894;"https://viatec.ua/catalog/sadovii-instrument/0:0;grabli-sapki:grabli-listia";prom;prom_;"0,95";"1,3";140905382;Безопасность и комфорт;1250313;https://prom.ua/ua/Grabli;"V, Vmin, noindex";;Вага;кг;;Тип устройства;;Граблі для листя;;
895;"https://viatec.ua/catalog/sadovii-instrument/0:0;grabli-sapki:ruchni-grabli";site;;"0,9";"1,19";152195979;Садове приладдя;1250313;https://prom.ua/ua/Grabli;V;;Вага;кг;;Тип устройства;;Ручні граблі;;
896;"https://viatec.ua/catalog/sadovii-instrument/0:0;grabli-sapki:ruchni-grabli";prom;prom_;"0,95";"1,3";140905382;Безопасность и комфорт;1250313;https://prom.ua/ua/Grabli;"V, Vmin, noindex";;Вага;кг;;Тип устройства;;Ручні граблі;;
897;"https://viatec.ua/catalog/sadovii-instrument/0:0;grabli-sapki:grunt-grabli";site;;"0,9";"1,19";152195979;Садове приладдя;1250313;https://prom.ua/ua/Grabli;V;;Вага;кг;;Тип устройства;;Граблі для грунту;;
898;"https://viatec.ua/catalog/sadovii-instrument/0:0;grabli-sapki:grunt-grabli";prom;prom_;"0,95";"1,3";140905382;Безопасность и комфорт;1250313;https://prom.ua/ua/Grabli;"V, Vmin, noindex";;Вага;кг;;Тип устройства;;Граблі для грунту;;
899;"https://viatec.ua/catalog/sadovii-instrument/0:0;grabli-sapki:ruchka";site;;"0,9";"1,19";152195979;Садове приладдя;1250319;https://prom.ua/ua/Cherenki-dlya-lopat;V;;Вага;кг;;Тип устройства;;Ручка для граблів;;
900;"https://viatec.ua/catalog/sadovii-instrument/0:0;grabli-sapki:ruchka";prom;prom_;"0,95";"1,3";140905382;Безопасность и комфорт;1250319;https://prom.ua/ua/Cherenki-dlya-lopat;"V, Vmin, noindex";;Вага;кг;;Тип устройства;;Ручка для граблів;;
901;"https://viatec.ua/catalog/sadovii-instrument/0:0;sokiri-sikachi:sokira-univers";site;;"0,9";"1,19";152195979;Садове приладдя;14200301;https://prom.ua/ua/Topory;V;;Вага;кг;;Тип устройства;;Сокира універсальна;;
902;"https://viatec.ua/catalog/sadovii-instrument/0:0;sokiri-sikachi:sokira-univers";prom;prom_;"0,95";"1,3";140905382;Безопасность и комфорт;14200301;https://prom.ua/ua/Topory;"V, Vmin, noindex";;Вага;кг;;Тип устройства;;Сокира універсальна;;
903;"https://viatec.ua/catalog/sadovii-instrument/0:0;sokiri-sikachi:sokira-kolun";site;;"0,9";"1,19";152195979;Садове приладдя;14200301;https://prom.ua/ua/Topory;V;;Вага;кг;;Тип устройства;;Сокира-колун;;
904;"https://viatec.ua/catalog/sadovii-instrument/0:0;sokiri-sikachi:sokira-kolun";prom;prom_;"0,95";"1,3";140905382;Безопасность и комфорт;14200301;https://prom.ua/ua/Topory;"V, Vmin, noindex";;Вага;кг;;Тип устройства;;Сокира-колун;;
905;"https://viatec.ua/catalog/sadovii-instrument/0:0;sokiri-sikachi:sokira-molot";site;;"0,9";"1,19";152195979;Садове приладдя;14200301;https://prom.ua/ua/Topory;V;;Вага;кг;;Тип устройства;;Сокира-молот;;
906;"https://viatec.ua/catalog/sadovii-instrument/0:0;sokiri-sikachi:sokira-molot";prom;prom_;"0,95";"1,3";140905382;Безопасность и комфорт;14200301;https://prom.ua/ua/Topory;"V, Vmin, noindex";;Вага;кг;;Тип устройства;;Сокира-молот;;
907;"https://viatec.ua/catalog/sadovii-instrument/0:0;sokiri-sikachi:sokira-machete";site;;"0,9";"1,19";152195979;Садове приладдя;14200301;https://prom.ua/ua/Topory;V;;Вага;кг;;Тип устройства;;Сокира-мачете;;
908;"https://viatec.ua/catalog/sadovii-instrument/0:0;sokiri-sikachi:sokira-machete";prom;prom_;"0,95";"1,3";140905382;Безопасность и комфорт;14200301;https://prom.ua/ua/Topory;"V, Vmin, noindex";;Вага;кг;;Тип устройства;;Сокира-мачете;;
909;"https://viatec.ua/catalog/sadovii-instrument/0:0;sokiri-sikachi:tochilo";site;;"0,9";"1,19";152195979;Садове приладдя;15230433;https://prom.ua/ua/Tochilki-dlya-nozhej;V;;Вага;кг;;Тип устройства;;Точило;;
910;"https://viatec.ua/catalog/sadovii-instrument/0:0;sokiri-sikachi:tochilo";prom;prom_;"0,95";"1,3";140905382;Безопасность и комфорт;15230433;https://prom.ua/ua/Tochilki-dlya-nozhej;"V, Vmin, noindex";;Вага;кг;;Тип устройства;;Точило;;
911;"https://viatec.ua/catalog/sadovii-instrument/0:0;posadkovii:vilka";site;;"0,9";"1,19";152195979;Садове приладдя;1250305;https://prom.ua/ua/Sadovye-sovki;V;;Вага;кг;;Тип устройства;;Посадкова вилка;;
912;"https://viatec.ua/catalog/sadovii-instrument/0:0;posadkovii:vilka";prom;prom_;"0,95";"1,3";140905382;Безопасность и комфорт;1250305;https://prom.ua/ua/Sadovye-sovki;"V, Vmin, noindex";;Вага;кг;;Тип устройства;;Посадкова вилка;;
913;"https://viatec.ua/catalog/sadovii-instrument/0:0;posadkovii:sovok";site;;"0,9";"1,19";152195979;Садове приладдя;1250305;https://prom.ua/ua/Sadovye-sovki;V;;Вага;кг;;Тип устройства;;Садовий совок;;
914;"https://viatec.ua/catalog/sadovii-instrument/0:0;posadkovii:sovok";prom;prom_;"0,95";"1,3";140905382;Безопасность и комфорт;1250305;https://prom.ua/ua/Sadovye-sovki;"V, Vmin, noindex";;Вага;кг;;Тип устройства;;Садовий совок;;
915;"https://viatec.ua/catalog/sadovii-instrument/0:0;posadkovii:lopatka-nasinnia";site;;"0,9";"1,19";152195979;Садове приладдя;14201602;https://prom.ua/ua/Lopaty;V;;Вага;кг;;Тип устройства;;Лопатка для посіву насіння;;
916;"https://viatec.ua/catalog/sadovii-instrument/0:0;posadkovii:lopatka-nasinnia";prom;prom_;"0,95";"1,3";140905382;Безопасность и комфорт;14201602;https://prom.ua/ua/Lopaty;"V, Vmin, noindex";;Вага;кг;;Тип устройства;;Лопатка для посіву насіння;;
917;"https://viatec.ua/catalog/sadovii-instrument/0:0;posadkovii:bur";site;;"0,9";"1,19";152195979;Садове приладдя;1250337;https://prom.ua/ua/Zemlebury-ruchnye;V;;Вага;кг;;Тип устройства;;Садовий бур;;
918;"https://viatec.ua/catalog/sadovii-instrument/0:0;posadkovii:bur";prom;prom_;"0,95";"1,3";140905382;Безопасность и комфорт;1250337;https://prom.ua/ua/Zemlebury-ruchnye;"V, Vmin, noindex";;Вага;кг;;Тип устройства;;Садовий бур;;
919;"https://viatec.ua/catalog/sadovii-instrument/0:0;posadkovii:leza-bur";site;;"0,9";"1,19";152195979;Садове приладдя;14201521;https://prom.ua/ua/Shneki-dlya-burov-snegouborschikov;V;;Вага;кг;;Тип устройства;;Леза для садового бура;;
920;"https://viatec.ua/catalog/sadovii-instrument/0:0;posadkovii:leza-bur";prom;prom_;"0,95";"1,3";140905382;Безопасность и комфорт;14201521;https://prom.ua/ua/Shneki-dlya-burov-snegouborschikov;"V, Vmin, noindex";;Вага;кг;;Тип устройства;;Леза для садового бура;;
921;"https://viatec.ua/catalog/sadovii-instrument/0:0;sadovi-aksesuari:nabir";site;;"0,9";"1,19";152195979;Садове приладдя;1250355;https://prom.ua/ua/Nabory-sadovyh-instrumentov;V;;Вага;кг;;Тип устройства;;Набори садових інструментів;;
922;"https://viatec.ua/catalog/sadovii-instrument/0:0;sadovi-aksesuari:nabir";prom;prom_;"0,95";"1,3";140905382;Безопасность и комфорт;1250355;https://prom.ua/ua/Nabory-sadovyh-instrumentov;"V, Vmin, noindex";;Вага;кг;;Тип устройства;;Набори садових інструментів;;
923;"https://viatec.ua/catalog/sadovii-instrument/0:0;sadovi-aksesuari:shitka";site;;"0,9";"1,19";152195979;Садове приладдя;151405;https://prom.ua/ua/Schetki-dlya-chistki;V;;Вага;кг;;Тип устройства;;Щітки та скребачки для прибирання;;
924;"https://viatec.ua/catalog/sadovii-instrument/0:0;sadovi-aksesuari:shitka";prom;prom_;"0,95";"1,3";140905382;Безопасность и комфорт;151405;https://prom.ua/ua/Schetki-dlya-chistki;"V, Vmin, noindex";;Вага;кг;;Тип устройства;;Щітки та скребачки для прибирання;;
925;"https://viatec.ua/catalog/sadovii-instrument/0:0;sadovi-aksesuari:dlia-miiki";site;;"0,9";"1,19";152195979;Садове приладдя;121111;https://prom.ua/ua/Komplektuyuschie-dlya-apparatov-vysokogo-davleniya;V;;Вага;кг;;Тип устройства;;Для мийки високого тиску;;
926;"https://viatec.ua/catalog/sadovii-instrument/0:0;sadovi-aksesuari:dlia-miiki";prom;prom_;"0,95";"1,3";140905382;Безопасность и комфорт;121111;https://prom.ua/ua/Komplektuyuschie-dlya-apparatov-vysokogo-davleniya;"V, Vmin, noindex";;Вага;кг;;Тип устройства;;Для мийки високого тиску;;
927;"https://viatec.ua/catalog/sadovii-instrument/0:0;sadovi-aksesuari:rukavichki";site;;"0,9";"1,19";152195979;Садове приладдя;151406;https://prom.ua/ua/Perchatki-hozyajstvennye;V;;Вага;кг;;Тип устройства;;Садові рукавички;;
928;"https://viatec.ua/catalog/sadovii-instrument/0:0;sadovi-aksesuari:rukavichki";prom;prom_;"0,95";"1,3";140905382;Безопасность и комфорт;151406;https://prom.ua/ua/Perchatki-hozyajstvennye;"V, Vmin, noindex";;Вага;кг;;Тип устройства;;Садові рукавички;;
929;"https://viatec.ua/catalog/sadovii-instrument/0:0;sadovi-aksesuari:nizh-vazhki-roboti";site;;"0,9";"1,19";152195979;Садове приладдя;1250312;https://prom.ua/ua/Sadovye-nozhnitsy;V;;Вага;кг;;Тип устройства;;Ніж для важких робіт;;
930;"https://viatec.ua/catalog/sadovii-instrument/0:0;sadovi-aksesuari:nizh-vazhki-roboti";prom;prom_;"0,95";"1,3";140905382;Безопасность и комфорт;1250312;https://prom.ua/ua/Sadovye-nozhnitsy;"V, Vmin, noindex";;Вага;кг;;Тип устройства;;Ніж для важких робіт;;
931;"https://viatec.ua/catalog/sadovii-instrument/0:0;sadovi-aksesuari:nasadka-dlia-privodu";site;;"0,9";"1,19";152195979;Садове приладдя;1250311;https://prom.ua/ua/Pily-dlya-obrezki-vetvej;V;;Вага;кг;;Тип устройства;;Насадка для універсального приводу;;
932;"https://viatec.ua/catalog/sadovii-instrument/0:0;sadovi-aksesuari:nasadka-dlia-privodu";prom;prom_;"0,95";"1,3";140905382;Безопасность и комфорт;1250311;https://prom.ua/ua/Pily-dlya-obrezki-vetvej;"V, Vmin, noindex";;Вага;кг;;Тип устройства;;Насадка для універсального приводу;;
933;"https://viatec.ua/catalog/sadovii-instrument/0:0;lid-snig:skrebok-lodu";site;;"0,9";"1,19";152195979;Садове приладдя;151405;https://prom.ua/ua/Schetki-dlya-chistki;V;;Вага;кг;;Тип устройства;;Скребок для льоду і щітки;;
934;"https://viatec.ua/catalog/sadovii-instrument/0:0;lid-snig:skrebok-lodu";prom;prom_;"0,95";"1,3";140905382;Безопасность и комфорт;151405;https://prom.ua/ua/Schetki-dlya-chistki;"V, Vmin, noindex";;Вага;кг;;Тип устройства;;Скребок для льоду і щітки;;
935;"https://viatec.ua/catalog/sadovii-instrument/0:0;lid-snig:ckreper-snig";site;;"0,9";"1,19";152195979;Садове приладдя;14201602;https://prom.ua/ua/Lopaty;V;;Вага;кг;;Тип устройства;;Скрепер для прибирання снігу;;
936;"https://viatec.ua/catalog/sadovii-instrument/0:0;lid-snig:ckreper-snig";prom;prom_;"0,95";"1,3";140905382;Безопасность и комфорт;14201602;https://prom.ua/ua/Lopaty;"V, Vmin, noindex";;Вага;кг;;Тип устройства;;Скрепер для прибирання снігу;;
937;"https://viatec.ua/catalog/sadovii-instrument/0:0;lid-snig:lopata-dlia-snigu";site;;"0,9";"1,19";152195979;Садове приладдя;14201602;https://prom.ua/ua/Lopaty;V;;Вага;кг;;Тип устройства;;Лопата для прибирання снігу;;
938;"https://viatec.ua/catalog/sadovii-instrument/0:0;lid-snig:lopata-dlia-snigu";prom;prom_;"0,95";"1,3";140905382;Безопасность и комфорт;14201602;https://prom.ua/ua/Lopaty;"V, Vmin, noindex";;Вага;кг;;Тип устройства;;Лопата для прибирання снігу;;
939;"https://viatec.ua/catalog/sadovii-instrument/0:0;lid-snig:avto-skrebok";site;;"0,9";"1,19";152195979;Садове приладдя;121250;https://prom.ua/ua/Avtomobilnye-schetki-i-skrebki;V;;Вага;кг;;Тип устройства;;Автомобільний скребок для льоду;;
940;"https://viatec.ua/catalog/sadovii-instrument/0:0;lid-snig:avto-skrebok";prom;prom_;"0,95";"1,3";140905382;Безопасность и комфорт;121250;https://prom.ua/ua/Avtomobilnye-schetki-i-skrebki;"V, Vmin, noindex";;Вага;кг;;Тип устройства;;Автомобільний скребок для льоду;;
941;"https://viatec.ua/catalog/sadovii-instrument/0:0;lid-snig:avto-lopata";site;;"0,9";"1,19";152195979;Садове приладдя;14201602;https://prom.ua/ua/Lopaty;V;;Вага;кг;;Тип устройства;;Автомобільна лопата;;
942;"https://viatec.ua/catalog/sadovii-instrument/0:0;lid-snig:avto-lopata";prom;prom_;"0,95";"1,3";140905382;Безопасность и комфорт;14201602;https://prom.ua/ua/Lopaty;"V, Vmin, noindex";;Вага;кг;;Тип устройства;;Автомобільна лопата;;
943;"https://viatec.ua/catalog/setevie-udleniteli/0:0;tip-elektotovaru:podovzhuvach";site;;"0,9";"1,19";152196244;"Вилки, колодки, удлинители";513;https://prom.ua/Udliniteli-elektricheskie;V;;Вага;кг;;Тип устройства;;Подовжувач;;
944;"https://viatec.ua/catalog/setevie-udleniteli/0:0;tip-elektotovaru:podovzhuvach";prom;prom_;"0,95";"1,3";140905382;Безопасность и комфорт;513;https://prom.ua/Udliniteli-elektricheskie;"V, Vmin, noindex";;Вага;кг;;Тип устройства;;Подовжувач;;
945;"https://viatec.ua/catalog/setevie-udleniteli/0:0;tip-elektotovaru:vilka";site;;"0,9";"1,19";152196244;"Вилки, колодки, удлинители";53005;https://prom.ua/ua/Vilki-elektricheskie;V;;Вага;кг;;Тип устройства;;Вилка;;
946;"https://viatec.ua/catalog/setevie-udleniteli/0:0;tip-elektotovaru:vilka";prom;prom_;"0,95";"1,3";140905382;Безопасность и комфорт;53005;https://prom.ua/ua/Vilki-elektricheskie;"V, Vmin, noindex";;Вага;кг;;Тип устройства;;Вилка;;
947;"https://viatec.ua/catalog/setevie-udleniteli/0:0;tip-elektotovaru:rozetka";site;;"0,9";"1,19";152196244;"Вилки, колодки, удлинители";53004;https://prom.ua/ua/Rozetki-elektricheskie;V;;Вага;кг;;Тип устройства;;Розетка;;
948;"https://viatec.ua/catalog/setevie-udleniteli/0:0;tip-elektotovaru:rozetka";prom;prom_;"0,95";"1,3";140905382;Безопасность и комфорт;53004;https://prom.ua/ua/Rozetki-elektricheskie;"V, Vmin, noindex";;Вага;кг;;Тип устройства;;Розетка;;
949;"https://viatec.ua/catalog/setevie-udleniteli/0:0;tip-elektotovaru:adapter";site;;"0,9";"1,19";152196244;"Вилки, колодки, удлинители";513;https://prom.ua/ua/Udliniteli-elektricheskie;V;;Вага;кг;;Тип устройства;;Трійники;;
950;"https://viatec.ua/catalog/setevie-udleniteli/0:0;tip-elektotovaru:adapter";prom;prom_;"0,95";"1,3";140905382;Безопасность и комфорт;513;https://prom.ua/ua/Udliniteli-elektricheskie;"V, Vmin, noindex";;Вага;кг;;Тип устройства;;Трійники;;
951;"https://viatec.ua/catalog/osvitlennia/0:0;tip-svitilnika:prozhektor";site;;"0,9";"1,19";152197115;Освещение;150401;https://prom.ua/ua/Naruzhnoe-osveschenie;V;;Вага;кг;;Тип устройства;;LED прожектор;;
952;"https://viatec.ua/catalog/osvitlennia/0:0;tip-svitilnika:prozhektor";prom;prom_;"0,95";"1,3";140905382;Безопасность и комфорт;150401;https://prom.ua/ua/Naruzhnoe-osveschenie;"V, Vmin, noindex";;Вага;кг;;Тип устройства;;LED прожектор;;
953;"https://viatec.ua/catalog/osvitlennia/0:0;tip-svitilnika:panel";site;;"0,9";"1,19";152197115;Освещение;15040605;https://prom.ua/ua/Potolochnye-svetilniki-1;V;;Вага;кг;;Тип устройства;;LED панель;;
954;"https://viatec.ua/catalog/osvitlennia/0:0;tip-svitilnika:panel";prom;prom_;"0,95";"1,3";140905382;Безопасность и комфорт;15040605;https://prom.ua/ua/Potolochnye-svetilniki-1;"V, Vmin, noindex";;Вага;кг;;Тип устройства;;LED панель;;
955;"https://viatec.ua/catalog/osvitlennia/0:0;tip-svitilnika:svitilnik";site;;"0,9";"1,19";152197115;Освещение;39050503;https://prom.ua/ua/Tochechnye-svetilniki-;V;;Вага;кг;;Тип устройства;;LED світильник;;
956;"https://viatec.ua/catalog/osvitlennia/0:0;tip-svitilnika:svitilnik";prom;prom_;"0,95";"1,3";140905382;Безопасность и комфорт;39050503;https://prom.ua/ua/Tochechnye-svetilniki-;"V, Vmin, noindex";;Вага;кг;;Тип устройства;;LED світильник;;
957;"https://viatec.ua/catalog/osvitlennia/0:0;tip-svitilnika:lampochka";site;;"0,9";"1,19";152197115;Освещение;150402;https://prom.ua/ua/Lampochki;V;;Вага;кг;;Тип устройства;;LED лампочка;;
958;"https://viatec.ua/catalog/osvitlennia/0:0;tip-svitilnika:lampochka";prom;prom_;"0,95";"1,3";140905382;Безопасность и комфорт;150402;https://prom.ua/ua/Lampochki;"V, Vmin, noindex";;Вага;кг;;Тип устройства;;LED лампочка;;
959;"https://viatec.ua/catalog/osvitlennia/0:0;tip-svitilnika:led-strichka";site;;"0,9";"1,19";152197115;Освещение;15040606;https://prom.ua/ua/Led-podsvetka-intererov;V;;Вага;кг;;Тип устройства;;LED стрічка;;
960;"https://viatec.ua/catalog/osvitlennia/0:0;tip-svitilnika:led-strichka";prom;prom_;"0,95";"1,3";140905382;Безопасность и комфорт;15040606;https://prom.ua/ua/Led-podsvetka-intererov;"V, Vmin, noindex";;Вага;кг;;Тип устройства;;LED стрічка;;
961;"https://viatec.ua/catalog/osvitlennia/0:0;tip-svitilnika:block-zhivlennia-led";site;;"0,9";"1,19";152197115;Освещение;14191103;https://prom.ua/ua/Promyshlennye-istochniki-pitaniya;V;;Вага;кг;;Тип устройства;;Блок живлення для LED стрічки;;
962;"https://viatec.ua/catalog/osvitlennia/0:0;tip-svitilnika:block-zhivlennia-led";prom;prom_;"0,95";"1,3";140905382;Безопасность и комфорт;14191103;https://prom.ua/ua/Promyshlennye-istochniki-pitaniya;"V, Vmin, noindex";;Вага;кг;;Тип устройства;;Блок живлення для LED стрічки;;
963;"https://viatec.ua/catalog/osvitlennia/0:0;tip-svitilnika:nabir-z-datchikom";site;;"0,9";"1,19";152197115;Освещение;150426;https://prom.ua/ua/Led-osveschenie;V;;Вага;кг;;Тип устройства;;Набір датчик+світильники;;
964;"https://viatec.ua/catalog/osvitlennia/0:0;tip-svitilnika:nabir-z-datchikom";prom;prom_;"0,95";"1,3";140905382;Безопасность и комфорт;150426;https://prom.ua/ua/Led-osveschenie;"V, Vmin, noindex";;Вага;кг;;Тип устройства;;Набір датчик+світильники;;
965;"https://viatec.ua/catalog/osvitlennia/0:0;tip-svitilnika:datchik-ruhu";site;;"0,9";"1,19";152197115;Освещение;14190910;https://prom.ua/ua/Fotorele;V;;Вага;кг;;Тип устройства;;Датчик руху/освітленості;;
966;"https://viatec.ua/catalog/osvitlennia/0:0;tip-svitilnika:datchik-ruhu";prom;prom_;"0,95";"1,3";140905382;Безопасность и комфорт;14190910;https://prom.ua/ua/Fotorele;"V, Vmin, noindex";;Вага;кг;;Тип устройства;;Датчик руху/освітленості;;
967;"https://viatec.ua/catalog/osvitlennia/0:0;tip-svitilnika:shinoprovid-trek";site;;"0,9";"1,19";152197115;Освещение;39050503;https://prom.ua/ua/Tochechnye-svetilniki-;V;;Вага;кг;;Тип устройства;;Шинопровід трекових світильників;;
968;"https://viatec.ua/catalog/osvitlennia/0:0;tip-svitilnika:shinoprovid-trek";prom;prom_;"0,95";"1,3";140905382;Безопасность и комфорт;39050503;https://prom.ua/ua/Tochechnye-svetilniki-;"V, Vmin, noindex";;Вага;кг;;Тип устройства;;Шинопровід трекових світильників;;
969;"https://viatec.ua/catalog/ziz/0:0;tip-ziz:sholom";site;;"0,9";"1,19";152197317;Средства индивидуальной защиты;301911;https://prom.ua/Kaski-zaschitnye;V;;Вага;кг;;Тип устройства;;Будівельні каски;;
970;"https://viatec.ua/catalog/ziz/0:0;tip-ziz:sholom";prom;prom_;"0,95";"1,3";140905382;Безопасность и комфорт;301911;https://prom.ua/Kaski-zaschitnye;"V, Vmin, noindex";;Вага;кг;;Тип устройства;;Будівельні каски;;
971;"https://viatec.ua/catalog/ziz/0:0;tip-ziz:rukavichki";site;;"0,9";"1,19";152197317;Средства индивидуальной защиты;30816;https://prom.ua/Sredstva-zaschity-ruk;V;;Вага;кг;;Тип устройства;;Рукавиці захисні;;
972;"https://viatec.ua/catalog/ziz/0:0;tip-ziz:rukavichki";prom;prom_;"0,95";"1,3";140905382;Безопасность и комфорт;30816;https://prom.ua/Sredstva-zaschity-ruk;"V, Vmin, noindex";;Вага;кг;;Тип устройства;;Рукавиці захисні;;
973;"https://viatec.ua/catalog/ziz/0:0;tip-ziz:respirator,maska-povna,filtr";site;;"0,9";"1,19";152197317;Средства индивидуальной защиты;301901;https://prom.ua/Sredstva-zaschity-organov-dyhaniya;V;;Вага;кг;;Тип устройства;;Маски і респіратори;;
974;"https://viatec.ua/catalog/ziz/0:0;tip-ziz:respirator,maska-povna,filtr";prom;prom_;"0,95";"1,3";140905382;Безопасность и комфорт;301901;https://prom.ua/Sredstva-zaschity-organov-dyhaniya;"V, Vmin, noindex";;Вага;кг;;Тип устройства;;Маски і респіратори;;
975;"https://viatec.ua/catalog/ziz/0:0;tip-ziz:okuliari,reminec-okuliari,chohol";site;;"0,9";"1,19";152197317;Средства индивидуальной защиты;301908;https://prom.ua/Sredstva-zaschity-glaz;V;;Вага;кг;;Тип устройства;;Окуляри захисні;;
976;"https://viatec.ua/catalog/ziz/0:0;tip-ziz:okuliari,reminec-okuliari,chohol";prom;prom_;"0,95";"1,3";140905382;Безопасность и комфорт;301908;https://prom.ua/Sredstva-zaschity-glaz;"V, Vmin, noindex";;Вага;кг;;Тип устройства;;Окуляри захисні;;
977;"https://viatec.ua/catalog/ziz/0:0;tip-ziz:kombinezon";site;;"0,9";"1,19";152197317;Средства индивидуальной защиты;3080804;https://prom.ua/Polukombinezony-rabochie;V;;Вага;кг;;Тип устройства;;Комбінезони робочі;;
978;"https://viatec.ua/catalog/ziz/0:0;tip-ziz:kombinezon";prom;prom_;"0,95";"1,3";140905382;Безопасность и комфорт;3080804;https://prom.ua/Polukombinezony-rabochie;"V, Vmin, noindex";;Вага;кг;;Тип устройства;;Комбінезони робочі;;
979;https://viatec.ua/catalog/pini-germetiki/0:0;site;;"0,9";"1,19";152197474;"Пины, герметики, аэрозоли";121246;https://prom.ua/ua/Nabory-avtomobilnye;V;;Вага;кг;;Тип устройства;;;;
980;https://viatec.ua/catalog/pini-germetiki/0:0;prom;prom_;"0,95";"1,3";140905382;Безопасность и комфорт;121246;https://prom.ua/ua/Nabory-avtomobilnye;"V, Vmin, noindex";;Вага;кг;;Тип устройства;;;;
981;"https://viatec.ua/catalog/obigrivachi/0:0;obigrivachi:maslianii";site;;"0,9";"1,19";152206635;Обогреватели;13240108;https://prom.ua/ua/Obogrevateli-maslyanye-bytovye;V;;Вага;кг;;Тип устройства;;Масляний обігрівач;;
982;"https://viatec.ua/catalog/obigrivachi/0:0;obigrivachi:maslianii";prom;prom_;"0,95";"1,3";140905382;Безопасность и комфорт;13240108;https://prom.ua/ua/Obogrevateli-maslyanye-bytovye;"V, Vmin, noindex";;Вага;кг;;Тип устройства;;Масляний обігрівач;;
983;"https://viatec.ua/catalog/obigrivachi/0:0;obigrivachi:konvektor";site;;"0,9";"1,19";152206635;Обогреватели;61601;https://prom.ua/ua/Konvektory-elektricheskie;V;;Вага;кг;;Тип устройства;;Конвектор;;
984;"https://viatec.ua/catalog/obigrivachi/0:0;obigrivachi:konvektor";prom;prom_;"0,95";"1,3";140905382;Безопасность и комфорт;61601;https://prom.ua/ua/Konvektory-elektricheskie;"V, Vmin, noindex";;Вага;кг;;Тип устройства;;Конвектор;;
985;"https://viatec.ua/catalog/obigrivachi/0:0;obigrivachi:infrachervonii";site;;"0,9";"1,19";152206635;Обогреватели;62601;https://prom.ua/ua/Obogrevateli-infrakrasnye;V;;Вага;кг;;Тип устройства;;Обігрівач інфрачервоний;;
986;"https://viatec.ua/catalog/obigrivachi/0:0;obigrivachi:infrachervonii";prom;prom_;"0,95";"1,3";140905382;Безопасность и комфорт;62601;https://prom.ua/ua/Obogrevateli-infrakrasnye;"V, Vmin, noindex";;Вага;кг;;Тип устройства;;Обігрівач інфрачервоний;;
987;"https://viatec.ua/catalog/obigrivachi/0:0;obigrivachi:teploventiliator";site;;"0,9";"1,19";152206635;Обогреватели;62611;https://prom.ua/ua/Teploventilyatory-bytovye;V;;Вага;кг;;Тип устройства;;Тепловентилятор;;
988;"https://viatec.ua/catalog/obigrivachi/0:0;obigrivachi:teploventiliator";prom;prom_;"0,95";"1,3";140905382;Безопасность и комфорт;62611;https://prom.ua/ua/Teploventilyatory-bytovye;"V, Vmin, noindex";;Вага;кг;;Тип устройства;;Тепловентилятор;;
989;"https://viatec.ua/catalog/obigrivachi/0:0;obigrivachi:nizhka-ik-obigrivach";site;;"0,9";"1,19";152206635;Обогреватели;13240125;https://prom.ua/ua/Komplektuyuschie-dlya-infrakrasnyh-obogrevatelej;V;;Вага;кг;;Тип устройства;;Ніжка телескопічна для ІЧ обігрівача;;
990;"https://viatec.ua/catalog/obigrivachi/0:0;obigrivachi:nizhka-ik-obigrivach";prom;prom_;"0,95";"1,3";140905382;Безопасность и комфорт;13240125;https://prom.ua/ua/Komplektuyuschie-dlya-infrakrasnyh-obogrevatelej;"V, Vmin, noindex";;Вага;кг;;Тип устройства;;Ніжка телескопічна для ІЧ обігрівача;;
991;https://viatec.ua/catalog/display-bracket/0:0;site;;"0,9";"1,19";152208563;Кронштейны для телевизоров и мониторов;63708;https://prom.ua/Kronshtejny-dlya-audio-video-tehniki;V;;Вага;кг;;;;;;
992;https://viatec.ua/catalog/display-bracket/0:0;prom;prom_;"0,95";"1,3";140905382;Безопасность и комфорт;63708;https://prom.ua/Kronshtejny-dlya-audio-video-tehniki;"V, Vmin, noindex";;Вага;кг;;;;;;
993;"https://viatec.ua/catalog/analogovi-guchnomovci/0:0;audiosistema:guchno-analogovi";site;;"0,9";"1,19";152208591;Системы озвучивания и оповещения;6371818;https://prom.ua/ua/Gromkogovoriteli;V;;Вага;кг;;Тип устройства;;Гучномовці аналогові;;
994;"https://viatec.ua/catalog/analogovi-guchnomovci/0:0;audiosistema:guchno-analogovi";prom;prom_;"0,95";"1,3";140905382;Безопасность и комфорт;6371818;https://prom.ua/ua/Gromkogovoriteli;"V, Vmin, noindex";;Вага;кг;;Тип устройства;;Гучномовці аналогові;;
995;"https://viatec.ua/catalog/analogovi-guchnomovci/0:0;audiosistema:pidsiluvachi";site;;"0,9";"1,19";152208591;Системы озвучивания и оповещения;63701;https://prom.ua/ua/Usiliteli;V;;Вага;кг;;Тип устройства;;Підсилювачі;;
996;"https://viatec.ua/catalog/analogovi-guchnomovci/0:0;audiosistema:pidsiluvachi";prom;prom_;"0,95";"1,3";140905382;Безопасность и комфорт;63701;https://prom.ua/ua/Usiliteli;"V, Vmin, noindex";;Вага;кг;;Тип устройства;;Підсилювачі;;
997;"https://viatec.ua/catalog/analogovi-guchnomovci/0:0;audiosistema:mikorofoni";site;;"0,9";"1,19";152208591;Системы озвучивания и оповещения;6371204;https://prom.ua/ua/Mikrofony;V;;Вага;кг;;Тип устройства;;Мікрофони;;
998;"https://viatec.ua/catalog/analogovi-guchnomovci/0:0;audiosistema:mikorofoni";prom;prom_;"0,95";"1,3";140905382;Безопасность и комфорт;6371204;https://prom.ua/ua/Mikrofony;"V, Vmin, noindex";;Вага;кг;;Тип устройства;;Мікрофони;;
999;"https://viatec.ua/catalog/analogovi-guchnomovci/0:0;audiosistema:ip-ozvhuchannia";site;;"0,9";"1,19";152208591;Системы озвучивания и оповещения;6371818;https://prom.ua/ua/Gromkogovoriteli;V;;Вага;кг;;Тип устройства;;IP cистеми озвучування;;
1000;"https://viatec.ua/catalog/analogovi-guchnomovci/0:0;audiosistema:ip-ozvhuchannia";prom;prom_;"0,95";"1,3";140905382;Безопасность и комфорт;6371818;https://prom.ua/ua/Gromkogovoriteli;"V, Vmin, noindex";;Вага;кг;;Тип устройства;;IP cистеми озвучування;;
1001;"https://viatec.ua/catalog/analogovi-guchnomovci/0:0;audiosistema:komplekt";site;;"0,9";"1,19";152208591;Системы озвучивания и оповещения;518;https://prom.ua/ua/Akusticheskie-sistemy;V;;Вага;кг;;Тип устройства;;Акустичні системи;;
1002;"https://viatec.ua/catalog/analogovi-guchnomovci/0:0;audiosistema:komplekt";prom;prom_;"0,95";"1,3";140905382;Безопасность и комфорт;518;https://prom.ua/ua/Akusticheskie-sistemy;"V, Vmin, noindex";;Вага;кг;;Тип устройства;;Акустичні системи;;
1003;https://viatec.ua/catalog/bronepliti/0:0;site;;"0,9";"1,19";152284866;Бронеплиты;300501;https://prom.ua/Bronezhilety;V;;Вага;кг;;;;;;
1004;https://viatec.ua/catalog/bronepliti/0:0;prom;prom_;"0,95";"1,3";140905382;Безопасность и комфорт;300501;https://prom.ua/Bronezhilety;"V, Vmin, noindex";;Вага;кг;;;;;;
1005;https://viatec.ua/catalog/plitonoski/0:0;site;;"0,9";"1,19";152208833;Плитоноски;3082002;https://prom.ua/Razgruzochnye-zhilety;V;;Вага;кг;;;;;;
1006;https://viatec.ua/catalog/plitonoski/0:0;prom;prom_;"0,95";"1,3";140905382;Безопасность и комфорт;3082002;https://prom.ua/Razgruzochnye-zhilety;"V, Vmin, noindex";;Вага;кг;;;;;;
1007;"https://viatec.ua/catalog/sproriadzhennia/0:0;tip-sporizdzhennia:pidsumok-ak";site;;"0,9";"1,19";152208946;Снаряжение;240455;https://prom.ua/ua/Navesnye-podsumki;V;;Вага;кг;;Тип устройства;;Навісні підсумки;;
1008;"https://viatec.ua/catalog/sproriadzhennia/0:0;tip-sporizdzhennia:pidsumok-ak";prom;prom_;"0,95";"1,3";140905382;Безопасность и комфорт;240455;https://prom.ua/ua/Navesnye-podsumki;"V, Vmin, noindex";;Вага;кг;;Тип устройства;;Навісні підсумки;;
1009;"https://viatec.ua/catalog/sproriadzhennia/0:0;tip-sporizdzhennia:termotent";site;;"0,9";"1,19";152208946;Снаряжение;180303;https://prom.ua/ua/Maskirovka-dlya-ohoty;V;;Вага;кг;;Тип устройства;;Термотент від тепловізора;;
1010;"https://viatec.ua/catalog/sproriadzhennia/0:0;tip-sporizdzhennia:termotent";prom;prom_;"0,95";"1,3";140905382;Безопасность и комфорт;180303;https://prom.ua/ua/Maskirovka-dlya-ohoty;"V, Vmin, noindex";;Вага;кг;;Тип устройства;;Термотент від тепловізора;;
1011;"https://viatec.ua/catalog/sproriadzhennia/0:0;tip-sporizdzhennia:karemat";site;;"0,9";"1,19";152208946;Снаряжение;240405;https://prom.ua/ua/Kovriki-turisticheskie;V;;Вага;кг;;Тип устройства;;Каремат;;
1012;"https://viatec.ua/catalog/sproriadzhennia/0:0;tip-sporizdzhennia:karemat";prom;prom_;"0,95";"1,3";140905382;Безопасность и комфорт;240405;https://prom.ua/ua/Kovriki-turisticheskie;"V, Vmin, noindex";;Вага;кг;;Тип устройства;;Каремат;;
1013;"https://viatec.ua/catalog/sproriadzhennia/0:0;tip-sporizdzhennia:kilimok-taktichnii";site;;"0,9";"1,19";152208946;Снаряжение;4050702;https://prom.ua/ua/Kovry-iz-sinteticheskih-materialov-;V;;Вага;кг;;Тип устройства;;Килимок тактичний;;
1014;"https://viatec.ua/catalog/sproriadzhennia/0:0;tip-sporizdzhennia:kilimok-taktichnii";prom;prom_;"0,95";"1,3";140905382;Безопасность и комфорт;4050702;https://prom.ua/ua/Kovry-iz-sinteticheskih-materialov-;"V, Vmin, noindex";;Вага;кг;;Тип устройства;;Килимок тактичний;;
1015;"https://viatec.ua/catalog/sproriadzhennia/0:0;tip-sporizdzhennia:rukzak";site;;"0,9";"1,19";152208946;Снаряжение;152401;https://prom.ua/ua/Armejskie-spetssumki-i-ryukzaki;V;;Вага;кг;;Тип устройства;;Рюкзак тактичний;;
1016;"https://viatec.ua/catalog/sproriadzhennia/0:0;tip-sporizdzhennia:rukzak";prom;prom_;"0,95";"1,3";140905382;Безопасность и комфорт;152401;https://prom.ua/ua/Armejskie-spetssumki-i-ryukzaki;"V, Vmin, noindex";;Вага;кг;;Тип устройства;;Рюкзак тактичний;;
1017;"https://viatec.ua/catalog/sproriadzhennia/0:0;tip-sporizdzhennia:doshovik";site;;"0,9";"1,19";152208946;Снаряжение;33915;https://prom.ua/ua/Dozhdeviki;V;;Вага;кг;;Тип устройства;;Дощовик камуфляж;;
1018;"https://viatec.ua/catalog/sproriadzhennia/0:0;tip-sporizdzhennia:doshovik";prom;prom_;"0,95";"1,3";140905382;Безопасность и комфорт;33915;https://prom.ua/ua/Dozhdeviki;"V, Vmin, noindex";;Вага;кг;;Тип устройства;;Дощовик камуфляж;;
1019;"https://viatec.ua/catalog/sproriadzhennia/0:0;tip-sporizdzhennia:kostum";site;;"0,9";"1,19";152208946;Снаряжение;30807;https://prom.ua/ua/Voennaya-forma;V;;Вага;кг;;Тип устройства;;Костюм камуфляж;;
1020;"https://viatec.ua/catalog/sproriadzhennia/0:0;tip-sporizdzhennia:kostum";prom;prom_;"0,95";"1,3";140905382;Безопасность и комфорт;30807;https://prom.ua/ua/Voennaya-forma;"V, Vmin, noindex";;Вага;кг;;Тип устройства;;Костюм камуфляж;;
1021;https://viatec.ua/catalog/sholomi/0:0;site;;"0,9";"1,19";152208956;Шлемы и аксессуары;300503;https://prom.ua/Shlemy-broneshlemy-i-kaski;V;;Вага;кг;;;;;;
1022;https://viatec.ua/catalog/sholomi/0:0;prom;prom_;"0,95";"1,3";140905382;Безопасность и комфорт;300503;https://prom.ua/Shlemy-broneshlemy-i-kaski;"V, Vmin, noindex";;Вага;кг;;;;;;
1023;"https://viatec.ua/catalog/zasobi-individualnogo-zahistu/0:0;tip-zasobu:navushniki,adapter,ambushuri";site;;"0,9";"1,19";152285301;Средства индивидуальной защиты;301915;https://prom.ua/Sredstva-zaschity-organov-sluha;V;;Вага;кг;;Тип устройства;;Тактичні навушники;;
1024;"https://viatec.ua/catalog/zasobi-individualnogo-zahistu/0:0;tip-zasobu:navushniki,adapter,ambushuri";prom;prom_;"0,95";"1,3";140905382;Безопасность и комфорт;301915;https://prom.ua/Sredstva-zaschity-organov-sluha;"V, Vmin, noindex";;Вага;кг;;Тип устройства;;Тактичні навушники;;
1025;"https://viatec.ua/catalog/zasobi-individualnogo-zahistu/0:0;tip-zasobu:maska,okuliari";site;;"0,9";"1,19";152285301;Средства индивидуальной защиты;181301;https://prom.ua/Ochki-takticheskie;V;;Вага;кг;;Тип устройства;;Тактичні окуляри;;
1026;"https://viatec.ua/catalog/zasobi-individualnogo-zahistu/0:0;tip-zasobu:maska,okuliari";prom;prom_;"0,95";"1,3";140905382;Безопасность и комфорт;181301;https://prom.ua/Ochki-takticheskie;"V, Vmin, noindex";;Вага;кг;;Тип устройства;;Тактичні окуляри;;
1027;"https://viatec.ua/catalog/zasobi-individualnogo-zahistu/0:0;tip-zasobu:perchatki";site;;"0,9";"1,19";152285301;Средства индивидуальной защиты;182202;https://prom.ua/Takticheskie-perchatki;V;;Вага;кг;;Тип устройства;;Тактичні рукавиці;;
1028;"https://viatec.ua/catalog/zasobi-individualnogo-zahistu/0:0;tip-zasobu:perchatki";prom;prom_;"0,95";"1,3";140905382;Безопасность и комфорт;182202;https://prom.ua/Takticheskie-perchatki;"V, Vmin, noindex";;Вага;кг;;Тип устройства;;Тактичні рукавиці;;
1029;"https://viatec.ua/catalog/zasobi-individualnogo-zahistu/0:0;tip-zasobu:chohol-na-sholom";site;;"0,9";"1,19";152285301;Средства индивидуальной защиты;300508;https://prom.ua/Aksessuary-komplektuyuschie-ekipirovke;V;;Вага;кг;;Тип устройства;;Чохол на тактичний шолом;;
1030;"https://viatec.ua/catalog/zasobi-individualnogo-zahistu/0:0;tip-zasobu:chohol-na-sholom";prom;prom_;"0,95";"1,3";140905382;Безопасность и комфорт;300508;https://prom.ua/Aksessuary-komplektuyuschie-ekipirovke;"V, Vmin, noindex";;Вага;кг;;Тип устройства;;Чохол на тактичний шолом;;
1031;https://viatec.ua/catalog/lihtari/0:0;site;;"0,9";"1,19";152209100;Фонари;150410;https://prom.ua/Fonariki-;V;;Вага;кг;;Тип устройства;;Ліхтарик;;
1032;https://viatec.ua/catalog/lihtari/0:0;prom;prom_;"0,95";"1,3";140905382;Безопасность и комфорт;150410;https://prom.ua/Fonariki-;"V, Vmin, noindex";;Вага;кг;;Тип устройства;;Ліхтарик;;
1033;https://viatec.ua/catalog/multituli/0:0;site;;"0,9";"1,19";152209550;"Мультитулы, ножи";14200394;https://prom.ua/Multituly;V;;Вага;кг;;;;;;
1034;https://viatec.ua/catalog/multituli/0:0;prom;prom_;"0,95";"1,3";140905382;Безопасность и комфорт;14200394;https://prom.ua/Multituly;"V, Vmin, noindex";;Вага;кг;;;;;;
1035;"https://viatec.ua/catalog/kemping/0:0;tip-kemping:nabir-gotuvannia";site;;"0,9";"1,19";152209750;Обустройство быта;15230303;https://prom.ua/ua/Nabory-kuhonnoj-posudy;V;;Вага;кг;;Тип устройства;;Набір для готування;;
1036;"https://viatec.ua/catalog/kemping/0:0;tip-kemping:nabir-gotuvannia";prom;prom_;"0,95";"1,3";140905382;Безопасность и комфорт;15230303;https://prom.ua/ua/Nabory-kuhonnoj-posudy;"V, Vmin, noindex";;Вага;кг;;Тип устройства;;Набір для готування;;
1037;"https://viatec.ua/catalog/kemping/0:0;tip-kemping:naduvnii-matrac";site;;"0,9";"1,19";152209750;Обустройство быта;2010;https://prom.ua/ua/Matratsy-naduvnye;V;;Вага;кг;;Тип устройства;;Надувний матрац;;
1038;"https://viatec.ua/catalog/kemping/0:0;tip-kemping:naduvnii-matrac";prom;prom_;"0,95";"1,3";140905382;Безопасность и комфорт;2010;https://prom.ua/ua/Matratsy-naduvnye;"V, Vmin, noindex";;Вага;кг;;Тип устройства;;Надувний матрац;;
1039;"https://viatec.ua/catalog/kemping/0:0;tip-kemping:termos";site;;"0,9";"1,19";152209750;Обустройство быта;1531;https://prom.ua/ua/Termosy;V;;Вага;кг;;Тип устройства;;Термос;;
1040;"https://viatec.ua/catalog/kemping/0:0;tip-kemping:termos";prom;prom_;"0,95";"1,3";140905382;Безопасность и комфорт;1531;https://prom.ua/ua/Termosy;"V, Vmin, noindex";;Вага;кг;;Тип устройства;;Термос;;
1041;"https://viatec.ua/catalog/kemping/0:0;tip-kemping:sidushka";site;;"0,9";"1,19";152209750;Обустройство быта;240405;https://prom.ua/ua/Kovriki-turisticheskie;V;;Вага;кг;;Тип устройства;;Сидушка;;
1042;"https://viatec.ua/catalog/kemping/0:0;tip-kemping:sidushka";prom;prom_;"0,95";"1,3";140905382;Безопасность и комфорт;240405;https://prom.ua/ua/Kovriki-turisticheskie;"V, Vmin, noindex";;Вага;кг;;Тип устройства;;Сидушка;;
1043;"https://viatec.ua/catalog/kemping/0:0;tip-kemping:lopata";site;;"0,9";"1,19";152209750;Обустройство быта;14201602;https://prom.ua/ua/Lopaty;V;;Вага;кг;;Тип устройства;;Лопата;;
1044;"https://viatec.ua/catalog/kemping/0:0;tip-kemping:lopata";prom;prom_;"0,95";"1,3";140905382;Безопасность и комфорт;14201602;https://prom.ua/ua/Lopaty;"V, Vmin, noindex";;Вага;кг;;Тип устройства;;Лопата;;
1045;"https://viatec.ua/catalog/kemping/0:0;tip-kemping:nabir-dlia-barbeku";site;;"0,9";"1,19";152209750;Обустройство быта;15230313;https://prom.ua/ua/Prinadlezhnosti-dlya-grilya;V;;Вага;кг;;Тип устройства;;Набір для барбекю;;
1046;"https://viatec.ua/catalog/kemping/0:0;tip-kemping:nabir-dlia-barbeku";prom;prom_;"0,95";"1,3";140905382;Безопасность и комфорт;15230313;https://prom.ua/ua/Prinadlezhnosti-dlya-grilya;"V, Vmin, noindex";;Вага;кг;;Тип устройства;;Набір для барбекю;;
1047;"https://viatec.ua/catalog/kemping/0:0;tip-kemping:holodilnik";site;;"0,9";"1,19";152209750;Обустройство быта;602;https://prom.ua/ua/Holodilniki;V;;Вага;кг;;Тип устройства;;Холодильник;;
1048;"https://viatec.ua/catalog/kemping/0:0;tip-kemping:holodilnik";prom;prom_;"0,95";"1,3";140905382;Безопасность и комфорт;602;https://prom.ua/ua/Holodilniki;"V, Vmin, noindex";;Вага;кг;;Тип устройства;;Холодильник;;
1049;"https://viatec.ua/catalog/kemping/0:0;tip-kemping:burzhuika";site;;"0,9";"1,19";152209750;Обустройство быта;13240306;https://prom.ua/ua/Pechi;V;;Вага;кг;;Тип устройства;;Буржуйка;;
1050;"https://viatec.ua/catalog/kemping/0:0;tip-kemping:burzhuika";prom;prom_;"0,95";"1,3";140905382;Безопасность и комфорт;13240306;https://prom.ua/ua/Pechi;"V, Vmin, noindex";;Вага;кг;;Тип устройства;;Буржуйка;;
1051;https://viatec.ua/catalog/metalodotektor/0:0;site;;"0,9";"1,19";152209799;Металодетекторы;50505;https://prom.ua/Metallodetektory;V;;Вага;кг;;;;;;
1052;https://viatec.ua/catalog/metalodotektor/0:0;prom;prom_;"0,95";"1,3";140905382;Безопасность и комфорт;50505;https://prom.ua/Metallodetektory;"V, Vmin, noindex";;Вага;кг;;;;;;
1053;https://viatec.ua/catalog/ochishuvachi-dlia-vodi/0:0;site;;"0,9";"1,19";152209839;Очистители воды;13240415;https://prom.ua/Bytovye-filtry-kompleksnoj-ochistki-vody;V;;Вага;кг;;;;;;
1054;https://viatec.ua/catalog/ochishuvachi-dlia-vodi/0:0;prom;prom_;"0,95";"1,3";140905382;Безопасность и комфорт;13240415;https://prom.ua/Bytovye-filtry-kompleksnoj-ochistki-vody;"V, Vmin, noindex";;Вага;кг;;;;;;
